7fffc0000
7fffc0000
7fffc0000
7fffc0000
7fffc0000
7fffc0000
7fffc0000
7fffc0000
7641cc3ef
5a8296a0a
30fbdd907
1ffff
cf045d907
a57d96a0a
89be4c3ef
7fffc0000
7d8a463e3
7641cc3ef
6a6d91c74
5a8296a0a
471d1a9b6
30fbdd907
18f8df629
7fffc0000
6a6d91c74
30fbdd907
e7075f629
a57d96a0a
8275c63e3
89be73c11
b8e32564a
7fffc0000
7f624322f
7d8a463e3
7a7d094a0
7641cc3ef
70e2cf15b
6a6d91c74
62f2144cf
7fffc0000
70e2cf15b
471d1a9b6
c8bdfd89
cf045d907
9d0e144cf
8275c63e3
858336b60
7fffc0000
7a7d094a0
6a6d91c74
5133d8bc8
30fbdd907
c8bdfd89
e7075f629
c3a95c38b
7fffc0000
62f2144cf
18f8df629
c3a95c38b
89be4c3ef
858336b60
b8e32564a
c8be0277
7fffc0000
7fd88191f
7f624322f
7e9d44b20
7d8a463e3
7c2a07c68
7a7d094a0
78848ac7d
7641cc3ef
73b60dae9
70e2cf15b
6dca10738
6a6d91c74
66cf930ff
62f2144cf
5ed7957d7
5a8296a0a
55f5d7b5e
5133d8bc8
4c3fd9b3e
471d1a9b6
41ce1b728
3c56dc38b
36ba5ced8
30fbdd907
2b1f5e212
25281e9f4
1f1a1f0a8
18f8df629
12c81fa75
c8bdfd89
647dff62
1ffff
f9b85ff62
f3745fd89
ed381fa75
e7075f629
e0e61f0a8
dad81e9f4
d4e0de212
cf045d907
c945dced8
c3a95c38b
be321b728
b8e31a9b6
b3c059b3e
aecc58bc8
aa0a57b5e
a57d96a0a
a128957d7
9d0e144cf
9930930ff
959291c74
923610738
8f1d4f15b
8c4a0dae9
89be4c3ef
877b8ac7d
8583094a0
83d607c68
8275c63e3
8162c4b20
809dc322f
80278191f
7fffc0000
7ff640c91
7fd88191f
7fa7425aa
7f624322f
7f0983ead
7e9d44b20
7e1d85788
7d8a463e3
7ce3c702e
7c2a07c68
7b5d0888f
7a7d094a0
798a4a09b
78848ac7d
776c4b844
7641cc3ef
7504ccf7c
73b60dae9
72554e633
70e2cf15b
6f5f0fc5d
6dca10738
6c24511eb
6a6d91c74
68a6926d0
66cf930ff
64e893b00
62f2144cf
60ec54e6d
5ed7957d7
5cb45610b
5a8296a0a
5842d72d1
55f5d7b5e
539b583b1
5133d8bc8
4ec0193a2
4c3fd9b3e
49b41a29a
471d1a9b6
447adb091
41ce1b728
3f175bd7c
3c56dc38b
398cdc955
36ba5ced8
33df1d413
30fbdd907
2e111ddb1
2b1f5e212
2826de629
25281e9f4
2223ded74
1f1a1f0a8
1c0b9f38f
18f8df629
15e21f876
12c81fa75
fab5fc26
c8bdfd89
96a9fe9d
647dff62
3245ffd9
7fffc0000
7fa7425aa
7e9d44b20
7ce3c702e
7a7d094a0
776c4b844
73b60dae9
6f5f0fc5d
6a6d91c74
64e893b00
5ed7957d7
5842d72d1
5133d8bc8
49b41a29a
41ce1b728
398cdc955
30fbdd907
2826de629
1f1a1f0a8
15e21f876
c8bdfd89
3245ffd9
f9b85ff62
f054dfc26
e7075f629
dddc5ed74
d4e0de212
cc211d413
c3a95c38b
bb855b091
b3c059b3e
ac64d83b1
a57d96a0a
9f13d4e6d
9930930ff
93dbd11eb
8f1d4f15b
8afb4cf7c
877b8ac7d
84a30888f
8275c63e3
80f683ead
80278191f
8009ff36f
809dfcdd1
81e2ba878
83d638398
8675f5f65
89be73c11
8daaf19cd
92362f8c8
9759ad930
9d0e2bb31
a34be9ef5
aa0a684a2
b14026c5e
b8e32564a
c0e8e4284
c945e3128
d1ef2224f
dad82160c
e3f4a0c71
ed382058b
f695a0163
7fffc0000
7ffd80648
7ff640c91
7fe9c12d8
7fd88191f
7fc241f65
7fa7425aa
7f8742bee
7f624322f
7f384386f
7f0983ead
7ed6044e8
7e9d44b20
7e6005156
7e1d85788
7dd685db7
7d8a463e3
7d3986a0b
7ce3c702e
7c894764d
7c2a07c68
7bc60827e
7b5d0888f
7aef88e9a
7a7d094a0
7a0609aa1
798a4a09b
7909ca68f
78848ac7d
77facb264
776c4b844
76d94be1d
7641cc3ef
75a58c9b9
7504ccf7c
745f8d536
73b60dae9
7307ce092
72554e633
719e4ebcc
70e2cf15b
70230f6e1
6f5f0fc5d
6e96d01d0
6dca10738
6cf950c97
6c24511eb
6b4b11735
6a6d91c74
698c521a8
68a6926d0
67bd12bee
66cf930ff
65de13606
64e893b00
63ef53fee
62f2144cf
61f1149a4
60ec54e6d
5fe3d5328
5ed7957d7
5dc795c78
5cb45610b
5b9d16592
7fffc0000
7fc241f65
7f0983ead
7dd685db7
7c2a07c68
7a0609aa1
776c4b844
745f8d536
70e2cf15b
6cf950c97
68a6926d0
63ef53fee
5ed7957d7
596496e74
539b583b1
4d8199778
471d1a9b6
40741ba5b
398cdc955
326e5d696
2b1f5e212
23a69ebbe
1c0b9f38f
14559f980
c8bdfd89
4b61ffa7
fcdbdffd9
f5049fe1d
ed381fa75
e57d5f4e6
dddc5ed74
d65c5e427
cf045d907
c7db9cc1f
c0e8dbd7c
ba32dad2c
b3c059b3e
ad97187c4
a7bd572d1
a23895c78
9d0e144cf
984312bee
93dbd11eb
8fdd0f6e1
8c4a0dae9
8926cbe1d
8675ca09b
843a0827e
8275c63e3
812a044e8
8058c25aa
800280648
8027be6e1
80c7fc791
81e2ba878
8376f89b3
858336b60
880574d9c
8afb73084
8e61f1434
92362f8c8
9673ede58
9b17ac500
a01c6acd8
7fffc0000
7fe9c12d8
7fa7425aa
7f384386f
7e9d44b20
7dd685db7
7ce3c702e
7bc60827e
7a7d094a0
7909ca68f
776c4b844
75a58c9b9
73b60dae9
719e4ebcc
6f5f0fc5d
6cf950c97
6a6d91c74
67bd12bee
64e893b00
61f1149a4
5ed7957d7
5b9d16592
5842d72d1
54ca17f8f
5133d8bc8
4d8199778
49b41a29a
45cd5ad2c
41ce1b728
3db85c08c
398cdc955
354d9d17e
30fbdd907
2c991dfeb
2826de629
23a69ebbe
1f1a1f0a8
1a82df4e6
15e21f876
113a1fb58
c8bdfd89
7d95ff09
3245ffd9
fe6e1fff6
f9b85ff62
f5049fe1d
f054dfc26
ebaa9f980
e7075f629
e26cdf225
dddc5ed74
d957de818
d4e0de212
d078ddb65
cc211d413
c7db9cc1f
c3a95c38b
bf8c1ba5b
bb855b091
b7961a631
b3c059b3e
b00498fbd
ac64d83b1
a8e21771e
7fffc0000
7f8742bee
7e1d85788
7bc60827e
78848ac7d
745f8d536
6f5f0fc5d
698c521a8
62f2144cf
5b9d16592
539b583b1
4afb99ef4
41ce1b728
38249cc1f
2e111ddb1
23a69ebbe
18f8df629
e1bdfce1
3245ffd9
f826dff09
ed381fa75
e26cdf225
d7d95e629
cd91dd696
c3a95c38b
ba32dad2c
b140193a2
a8e21771e
a128957d7
9a2213606
93dbd11eb
8e61cebcc
89be4c3ef
85fa09aa1
831c4702e
812a044e8
80278191f
80167ed28
80f6bc153
82c6b95f5
858336b60
8926f41e3
8daaf19cd
9306ef369
9930acf01
a01c6acd8
a7bd68d2f
b004a7043
b8e32564a
c247e3f74
cc2122bed
d65c61bd9
e0e620f58
ebaaa0680
f695a0163
1922000a
c8be0277
176de08a6
2223e128c
2c9922015
36ba63128
4074245a5
49b425d66
52692783c
7fffc0000
7fff80324
7ffd80648
7ffa8096d
7ff640c91
7ff080fb5
7fe9c12d8
7fe1c15fc
7fd88191f
7fce01c43
7fc241f65
7fb582288
7fa7425aa
7f97c28cc
7f8742bee
7f7542f0f
7f624322f
7f4e0354f
7f384386f
7f2183b8e
7f0983ead
7ef0441cb
7ed6044e8
7eba44804
7e9d44b20
7e7f44e3b
7e6005156
7e3f4546f
7e1d85788
7dfa85aa0
7dd685db7
7db1060ce
7d8a463e3
7d62866f7
7d3986a0b
7d0f46d1d
7ce3c702e
7cb74733e
7c894764d
7c5a4795b
7c2a07c68
7bf887f73
7bc60827e
7b9208587
7b5d0888f
7b26c8b95
7aef88e9a
7ab6c919e
7a7d094a0
7a42097a1
7a0609aa1
79c889d9e
798a4a09b
794a8a396
7909ca68f
78c7ca987
78848ac7d
78404af71
77facb264
77b40b555
776c4b844
77234bb32
76d94be1d
768e0c107
7641cc3ef
75f44c6d5
75a58c9b9
7555ccc9c
7504ccf7c
74b2cd25a
745f8d536
740b4d810
73b60dae9
735f8ddbe
7307ce092
72af0e364
72554e633
71fa4e901
719e4ebcc
71410ee94
70e2cf15b
70838f41f
70230f6e1
6fc18f9a0
6f5f0fc5d
6efb4ff18
6e96d01d0
6e3110485
6dca10738
6d62509e9
6cf950c97
6c8f50f42
6c24511eb
6bb811491
6b4b11735
6adcd19d6
6a6d91c74
69fd91f0f
698c521a8
691a1243d
68a6926d0
683252960
67bd12bee
6746d2e78
66cf930ff
665753384
65de13606
6563d3884
64e893b00
646c53d78
63ef53fee
637114260
62f2144cf
62721473b
61f1149a4
616f14c0a
60ec54e6d
6068950cc
5fe3d5328
5f5e15581
5ed7957d7
5e5015a29
5dc795c78
5d3e55ec3
5cb45610b
5c2916350
5b9d16592
5b10567cf
5a8296a0a
59f3d6c41
596496e74
58d4170a4
5842d72d1
57b0d74f9
571e1771e
568a57940
55f5d7b5e
556057d78
54ca17f8f
5433181a2
539b583b1
5302985bc
5269187c4
51ced89c8
5133d8bc8
509818dc4
4ffb98fbd
4f5e191b1
4ec0193a2
4e211958f
4d8199778
4ce11995d
4c3fd9b3e
4b9e19d1b
4afb99ef4
4a581a0c9
49b41a29a
490f5a468
486a1a631
47c3da7f6
471d1a9b6
46759ab73
45cd5ad2c
45245aee0
447adb091
43d09b23d
4325db3e5
427a5b589
41ce1b728
41215b8c4
40741ba5b
3fc61bbed
3f175bd7c
3e681bf06
3db85c08c
3d07dc20e
3c56dc38b
3ba51c504
3af31c679
3a405c7e9
398cdc955
38d91cabc
38249cc1f
376f9cd7e
36ba5ced8
36041d02d
354d9d17e
34969d2cb
33df1d413
33271d557
326e5d696
31b55d7d1
30fbdd907
3041dda38
2f875db65
2ecc9dc8d
2e111ddb1
2d555ded0
2c991dfeb
2bdc5e101
2b1f5e212
2a61de31f
29a3de427
28e59e52a
2826de629
27679e722
26a85e818
25e85e908
25281e9f4
24679eadb
23a69ebbe
22e55ec9b
2223ded74
2161dee48
209f9ef18
1fdcdefe2
1f1a1f0a8
1e56df169
1d935f225
1ccf9f2dd
1c0b9f38f
1b475f43d
1a82df4e6
19bddf58a
18f8df629
18339f6c4
176ddf75a
16a81f7ea
15e21f876
151bdf8fd
14559f980
138edf9fd
12c81fa75
12011fae9
113a1fb58
1072dfbc1
fab5fc26
ee39fc86
e1bdfce1
d53dfd38
c8bdfd89
bc3dfdd5
afb9fe1d
a331fe5f
96a9fe9d
8a21fed6
7d95ff09
710dff38
647dff62
57f1ff87
4b61ffa7
3ed5ffc2
3245ffd9
25b5ffea
1921fff6
c91fffe
1ffff
ff371fffe
fe6e1fff6
fda4dffea
fcdbdffd9
fc12dffc2
fb4a1ffa7
fa811ff87
f9b85ff62
f8ef5ff38
f826dff09
f75e1fed6
f6959fe9d
f5cd1fe5f
f5049fe1d
f43c5fdd5
f3745fd89
f2ac5fd38
f1e45fce1
f11c9fc86
f054dfc26
ef8d5fbc1
eec61fb58
edff1fae9
ed381fa75
ec715f9fd
ebaa9f980
eae45f8fd
ea1e1f876
e9581f7ea
e8925f75a
e7cc9f6c4
e7075f629
e6425f58a
e57d5f4e6
e4b8df43d
e3f49f38f
e3309f2dd
e26cdf225
e1a95f169
e0e61f0a8
e0235efe2
df609ef18
de9e5ee48
dddc5ed74
dd1adec9b
dc599ebbe
db989eadb
dad81e9f4
da17de908
d957de818
d8989e722
d7d95e629
d71a9e52a
d65c5e427
d59e5e31f
d4e0de212
d423de101
d3671dfeb
d2aadded0
d1ef1ddb1
d1339dc8d
d078ddb65
cfbe5da38
cf045d907
ce4add7d1
cd91dd696
ccd91d557
cc211d413
cb699d2cb
cab29d17e
c9fc1d02d
c945dced8
c8909cd7e
c7db9cc1f
c7271cabc
c6735c955
c5bfdc7e9
c50d1c679
c45b1c504
c3a95c38b
c2f85c20e
c247dc08c
c1981bf06
c0e8dbd7c
c03a1bbed
bf8c1ba5b
bededb8c4
be321b728
bd85db589
bcda5b3e5
bc2f9b23d
bb855b091
badbdaee0
ba32dad2c
b98a9ab73
b8e31a9b6
b83c5a7f6
b7961a631
b6f0da468
b64c1a29a
b5a81a0c9
b50499ef4
b46219d1b
b3c059b3e
b31f1995d
b27e99778
b1df1958f
b140193a2
b0a2191b1
b00498fbd
af6818dc4
aecc58bc8
ae31589c8
ad97187c4
acfd985bc
ac64d83b1
abcd181a2
ab3617f8f
aa9fd7d78
aa0a57b5e
a975d7940
a8e21771e
a84f574f9
a7bd572d1
a72c170a4
a69b96e74
a60c56c41
a57d96a0a
a4efd67cf
a46316592
a3d716350
a34bd610b
a2c1d5ec3
a23895c78
a1b015a29
a128957d7
a0a215581
a01c55328
9f97950cc
9f13d4e6d
9e9114c0a
9e0f149a4
9d8e1473b
9d0e144cf
9c8f14260
9c10d3fee
9b93d3d78
9b1793b00
9a9c53884
9a2213606
99a8d3384
9930930ff
98b952e78
984312bee
97cdd2960
9759926d0
96e61243d
9673d21a8
960291f0f
959291c74
9523519d6
94b511735
944811491
93dbd11eb
9370d0f42
9306d0c97
929dd09e9
923610738
91cf10485
9169501d0
9104cff18
90a10fc5d
903e8f9a0
8fdd0f6e1
8f7c8f41f
8f1d4f15b
8ebf0ee94
8e61cebcc
8e05ce901
8daace633
8d510e364
8cf84e092
8ca08ddbe
8c4a0dae9
8bf4cd810
8ba08d536
8b4d4d25a
8afb4cf7c
8aaa4cc9c
8a5a8c9b9
8a0bcc6d5
89be4c3ef
89720c107
8926cbe1d
88dccbb32
8893cb844
884c0b555
88054b264
87bfcaf71
877b8ac7d
87384a987
86f64a68f
86b58a396
8675ca09b
863789d9e
85fa09aa1
85be097a1
8583094a0
85494919e
851088e9a
84d948b95
84a30888f
846e08587
843a0827e
840787f73
83d607c68
83a5c795b
8376c764d
8348c733e
831c4702e
82f0c6d1d
82c686a0b
829d866f7
8275c63e3
824f060ce
822985db7
820585aa0
81e285788
81c0c546f
81a005156
8180c4e3b
8162c4b20
8145c4804
812a044e8
810fc41cb
80f683ead
80de83b8e
80c7c386f
80b20354f
809dc322f
808ac2f0f
8078c2bee
8068428cc
8058c25aa
804a82288
803dc1f65
803201c43
80278191f
801e415fc
8016412d8
800f80fb5
8009c0c91
80058096d
800280648
800080324
7fffc0000
7fffc0192
7fff80324
7ffe804b6
7ffd80648
7ffc407db
7ffa8096d
7ff880aff
7ff640c91
7ff380e23
7ff080fb5
7fed41147
7fe9c12d8
7fe60146a
7fe1c15fc
7fdd4178e
7fd88191f
7fd381ab1
7fce01c43
7fc841dd4
7fc241f65
7fbc020f7
7fb582288
7fae82419
7fa7425aa
7f9fc273b
7f97c28cc
7f8fc2a5d
7f8742bee
7f7e82d7e
7f7542f0f
7f6c0309f
7f624322f
7f58433bf
7f4e0354f
7f43436df
7f384386f
7f2d039ff
7f2183b8e
7f15c3d1d
7f0983ead
7efd0403c
7ef0441cb
7ee344359
7ed6044e8
7ec844676
7eba44804
7eac04992
7e9d44b20
7e8e84cae
7e7f44e3b
7e6fc4fc9
7e6005156
7e4fc52e3
7e3f4546f
7e2e855fc
7e1d85788
7e0c45914
7dfa85aa0
7de8c5c2c
7dd685db7
7dc3c5f43
7db1060ce
7d9dc6258
7d8a463e3
7d768656d
7d62866f7
7d4e46881
7d3986a0b
7d2486b94
7d0f46d1d
7cf9c6ea6
7ce3c702e
7ccdc71b6
7cb74733e
7ca0474c6
7c894764d
7c72077d4
7c5a4795b
7c4247ae2
7c2a07c68
7c1187dee
7bf887f73
7bdf480f9
7bc60827e
7bac08402
7b9208587
7b77c870b
7b5d0888f
7b4208a12
7b26c8b95
7b0b48d18
7aef88e9a
7ad34901c
7ab6c919e
7a9a0931f
7a7d094a0
7a5fc9621
7a42097a1
7a2449921
7a0609aa1
79e789c20
79c889d9e
79a989f1d
798a4a09b
796a8a219
794a8a396
792a4a513
7909ca68f
78e8ca80b
78c7ca987
78a64ab02
78848ac7d
78628adf7
78404af71
781d8b0eb
77facb264
77d78b3dd
77b40b555
77904b6cd
776c4b844
77480b9bb
77234bb32
76fe8bca8
76d94be1d
76b3cbf92
768e0c107
76680c27b
7641cc3ef
761b0c562
75f44c6d5
75cd0c847
75a58c9b9
757dccb2b
7555ccc9c
752d8ce0c
7504ccf7c
74dc0d0eb
74b2cd25a
74894d3c8
745f8d536
74358d6a4
740b4d810
73e0cd97d
73b60dae9
738acdc54
735f8ddbe
7333cdf29
7307ce092
72db8e1fb
72af0e364
72824e4cc
72554e633
7227ce79a
71fa4e901
71cc4ea67
719e4ebcc
716fced30
71410ee94
71120eff8
70e2cf15b
70b34f2bd
70838f41f
70538f580
70230f6e1
6ff28f841
6fc18f9a0
6f908faff
6f5f0fc5d
6f2d4fdbb
6efb4ff18
6ec950074
6e96d01d0
6e641032b
6e3110485
6dfd905df
6dca10738
6d9650891
6d62509e9
6d2dd0b40
6cf950c97
6cc450ded
6c8f50f42
6c59d1097
6c24511eb
6bee5133f
6bb811491
6b81d15e3
6b4b11735
6b1411886
6adcd19d6
6aa551b25
6a6d91c74
6a3591dc2
69fd91f0f
69c51205c
698c521a8
6953522f3
691a1243d
68e092587
68a6926d0
686c92819
683252960
67f7d2aa7
67bd12bee
678212d33
6746d2e78
670b52fbc
66cf930ff
669393242
665753384
661ad34c5
65de13606
65a113745
6563d3884
6526539c2
64e893b00
64aa93c3c
646c53d78
642e13eb3
63ef53fee
63b054127
637114260
6331d4398
62f2144cf
62b214606
62721473b
623194870
61f1149a4
61b054ad8
616f14c0a
612dd4d3c
60ec54e6d
60aa94f9d
6068950cc
6026551fb
5fe3d5328
5fa115455
5f5e15581
5f1b156ac
5ed7957d7
5e93d5900
5e5015a29
5e0c15b51
5dc795c78
5d8315d9e
5d3e55ec3
5cf955fe8
5cb45610b
5c6ed622e
5c2916350
5be356471
5b9d16592
5b56d66b1
5b10567cf
5ac9968ed
5a8296a0a
5a3b56b26
59f3d6c41
59ac56d5b
596496e74
591c56f8d
58d4170a4
588b971bb
5842d72d1
57fa173e5
57b0d74f9
57679760c
571e1771e
56d457830
568a57940
564017a4f
55f5d7b5e
55ab17c6c
556057d78
551557e84
54ca17f8f
547ed8099
5433181a2
53e7582aa
539b583b1
534f184b7
5302985bc
52b6186c1
5269187c4
521c188c6
51ced89c8
518198ac8
5133d8bc8
50e618cc7
509818dc4
5049d8ec1
4ffb98fbd
4facd90b8
4f5e191b1
4f0f192aa
4ec0193a2
4e7099499
4e211958f
4dd159684
4d8199778
4d315986b
4ce11995d
4c9099a4e
4c3fd9b3e
4bef19c2d
4b9e19d1b
4b4cd9e08
4afb99ef4
4aa9d9fdf
4a581a0c9
4a065a1b2
49b41a29a
4961da382
490f5a468
48bcda54d
486a1a631
48171a714
47c3da7f6
47709a8d6
471d1a9b6
46c95aa95
46759ab73
46219ac50
45cd5ad2c
4578dae07
45245aee0
44cfdafb9
447adb091
4425db167
43d09b23d
437b5b311
4325db3e5
42d01b4b7
427a5b589
42245b659
41ce1b728
4177db7f6
41215b8c4
40cadb990
40741ba5b
401d1bb25
3fc61bbed
3f6edbcb5
3f175bd7c
3ebfdbe42
3e681bf06
3e105bfca
3db85c08c
3d601c14e
3d07dc20e
3caf5c2cd
3c56dc38b
3bfe1c448
3ba51c504
3b4c1c5bf
3af31c679
3a99dc731
3a405c7e9
39e69c89f
398cdc955
39331ca09
38d91cabc
387edcb6e
38249cc1f
37ca5cccf
376f9cd7e
37151ce2b
36ba5ced8
365f5cf83
36041d02d
35a91d0d6
354d9d17e
34f21d225
34969d2cb
343add370
33df1d413
33831d4b6
33271d557
32cadd5f7
326e5d696
3211dd734
31b55d7d1
31589d86c
30fbdd907
309edd9a0
3041dda38
2fe49dacf
2f875db65
2f2a1dbfa
2ecc9dc8d
2e6eddd20
2e111ddb1
2db35de41
2d555ded0
2cf75df5e
2c991dfeb
2c3ade076
2bdc5e101
2b7dde18a
2b1f5e212
2ac09e299
2a61de31f
2a02de3a3
29a3de427
2944de4a9
28e59e52a
28865e5aa
2826de629
27c75e6a6
27679e722
27081e79e
26a85e818
26485e891
25e85e908
25885e97f
25281e9f4
24c7dea68
24679eadb
24071eb4d
23a69ebbe
23461ec2d
22e55ec9b
22849ed08
2223ded74
21c2deddf
2161dee48
21009eeb0
209f9ef18
203e5ef7d
1fdcdefe2
1f7b9f046
1f1a1f0a8
1eb89f109
1e56df169
1df51f1c8
1d935f225
1d319f281
1ccf9f2dd
1c6d9f337
1c0b9f38f
1ba99f3e7
1b475f43d
1ae51f492
1a82df4e6
1a205f539
19bddf58a
195b5f5da
18f8df629
18961f677
18339f6c4
17d0df70f
176ddf75a
170b1f7a3
16a81f7ea
16451f831
15e21f876
157f1f8ba
151bdf8fd
14b8df93f
14559f980
13f25f9bf
138edf9fd
132b9fa3a
12c81fa75
12649fab0
12011fae9
119d9fb21
113a1fb58
10d65fb8d
1072dfbc1
100f1fbf4
fab5fc26
f475fc57
ee39fc86
e7fdfcb4
e1bdfce1
db7dfd0d
d53dfd38
cefdfd61
c8bdfd89
c27dfdb0
bc3dfdd5
b5f9fdfa
afb9fe1d
a975fe3f
a331fe5f
9cedfe7f
96a9fe9d
9065feba
8a21fed6
83ddfef0
7d95ff09
7751ff21
710dff38
6ac5ff4e
647dff62
5e39ff75
57f1ff87
51a9ff98
4b61ffa7
451dffb5
3ed5ffc2
388dffce
3245ffd9
2bfdffe2
25b5ffea
1f6dfff1
1921fff6
12d9fffa
c91fffe
649ffff
7fffc0000
7ffe804b6
7ffa8096d
7ff380e23
7fe9c12d8
7fdd4178e
7fce01c43
7fbc020f7
7fa7425aa
7f8fc2a5d
7f7542f0f
7f58433bf
7f384386f
7f15c3d1d
7ef0441cb
7ec844676
7e9d44b20
7e6fc4fc9
7e3f4546f
7e0c45914
7dd685db7
7d9dc6258
7d62866f7
7d2486b94
7ce3c702e
7ca0474c6
7c5a4795b
7c1187dee
7bc60827e
7b77c870b
7b26c8b95
7ad34901c
7a7d094a0
7a2449921
79c889d9e
796a8a219
7909ca68f
78a64ab02
78404af71
77d78b3dd
776c4b844
76fe8bca8
768e0c107
761b0c562
75a58c9b9
752d8ce0c
74b2cd25a
74358d6a4
73b60dae9
7333cdf29
72af0e364
7227ce79a
719e4ebcc
71120eff8
70838f41f
6ff28f841
6f5f0fc5d
6ec950074
6e3110485
6d9650891
6cf950c97
6c59d1097
6bb811491
6b1411886
6a6d91c74
69c51205c
691a1243d
686c92819
67bd12bee
670b52fbc
665753384
65a113745
64e893b00
642e13eb3
637114260
62b214606
61f1149a4
612dd4d3c
6068950cc
5fa115455
5ed7957d7
5e0c15b51
5d3e55ec3
5c6ed622e
5b9d16592
5ac9968ed
59f3d6c41
591c56f8d
5842d72d1
57679760c
568a57940
55ab17c6c
54ca17f8f
53e7582aa
5302985bc
521c188c6
5133d8bc8
5049d8ec1
4f5e191b1
4e7099499
4d8199778
4c9099a4e
4b9e19d1b
4aa9d9fdf
49b41a29a
48bcda54d
47c3da7f6
46c95aa95
45cd5ad2c
44cfdafb9
43d09b23d
42d01b4b7
41ce1b728
40cadb990
3fc61bbed
3ebfdbe42
3db85c08c
3caf5c2cd
3ba51c504
3a99dc731
398cdc955
387edcb6e
376f9cd7e
365f5cf83
354d9d17e
343add370
33271d557
3211dd734
30fbdd907
2fe49dacf
2ecc9dc8d
2db35de41
2c991dfeb
2b7dde18a
2a61de31f
2944de4a9
2826de629
27081e79e
25e85e908
24c7dea68
23a69ebbe
22849ed08
2161dee48
203e5ef7d
1f1a1f0a8
1df51f1c8
1ccf9f2dd
1ba99f3e7
1a82df4e6
195b5f5da
18339f6c4
170b1f7a3
15e21f876
14b8df93f
138edf9fd
12649fab0
113a1fb58
100f1fbf4
ee39fc86
db7dfd0d
c8bdfd89
b5f9fdfa
a331fe5f
9065feba
7d95ff09
6ac5ff4e
57f1ff87
451dffb5
3245ffd9
1f6dfff1
c91fffe
ff9b9ffff
fe6e1fff6
fd405ffe2
fc12dffc2
fae59ff98
f9b85ff62
f88b1ff21
f75e1fed6
f6315fe7f
f5049fe1d
f3d85fdb0
f2ac5fd38
f1805fcb4
f054dfc26
ef29dfb8d
edff1fae9
ecd49fa3a
ebaa9f980
ea811f8ba
e9581f7ea
e82f5f70f
e7075f629
e5dfdf539
e4b8df43d
e3929f337
e26cdf225
e1479f109
e0235efe2
deff9eeb0
dddc5ed74
dcba1ec2d
db989eadb
da77de97f
d957de818
d838de6a6
d71a9e52a
d5fd5e3a3
d4e0de212
d3c55e076
d2aadded0
d1915dd20
d078ddb65
cf615d9a0
ce4add7d1
cd355d5f7
cc211d413
cb0e1d225
c9fc1d02d
c8eb1ce2b
c7db9cc1f
c6cd1ca09
c5bfdc7e9
c4b41c5bf
c3a95c38b
c2a01c14e
c1981bf06
c0915bcb5
bf8c1ba5b
be885b7f6
bd85db589
bc84db311
bb855b091
ba875ae07
b98a9ab73
b88f9a8d6
b7961a631
b69e5a382
b5a81a0c9
b4b359e08
b3c059b3e
b2ced986b
b1df1958f
b0f1192aa
b00498fbd
af1a18cc7
ae31589c8
ad4a186c1
ac64d83b1
ab8158099
aa9fd7d78
a9c017a4f
a8e21771e
a806173e5
a72c170a4
a653d6d5b
a57d96a0a
a4a9566b1
a3d716350
a306d5fe8
a23895c78
a16c55900
a0a215581
9fd9d51fb
9f13d4e6d
9e4fd4ad8
9d8e1473b
9cce54398
9c10d3fee
9b5593c3c
9a9c53884
99e5534c5
9930930ff
987e12d33
97cdd2960
971f92587
9673d21a8
95ca91dc2
9523519d6
947e515e3
93dbd11eb
933bd0ded
929dd09e9
9202905df
9169501d0
90d2cfdbb
903e8f9a0
8fac8f580
8f1d4f15b
8e904ed30
8e05ce901
8d7dce4cc
8cf84e092
8c754dc54
8bf4cd810
8b76cd3c8
8afb4cf7c
8a824cb2b
8a0bcc6d5
89980c27b
8926cbe1d
88b80b9bb
884c0b555
87e28b0eb
877b8ac7d
87174a80b
86b58a396
865689f1d
85fa09aa1
85a049621
85494919e
84f4c8d18
84a30888f
845408402
840787f73
83bdc7ae2
8376c764d
8332471b6
82f0c6d1d
82b1c6881
8275c63e3
823c45f43
820585aa0
81d1855fc
81a005156
817184cae
8145c4804
811cc4359
80f683ead
80d3039ff
80b20354f
80940309f
8078c2bee
80604273b
804a82288
8037c1dd4
80278191f
801a0146a
800f80fb5
800780aff
800280648
800040192
8000bfcdc
8003ff825
8009ff36f
8012feeb9
801e7ea04
802cbe54f
803dfe09b
8051bdbe7
80687d734
8081bd282
809dfcdd1
80bcfc921
80debc472
81033bfc4
812a3bb18
81543b66e
8180fb1c5
81b07ad1d
81e2ba878
82177a3d4
824f39f32
8289b9a93
82c6b95f5
83067915a
8348f8cc2
838e3882c
83d638398
8420f7f07
846e37a79
84be375ee
8510b7166
856636ce1
85be3685f
8618b63e0
8675f5f65
86d5f5aed
873875679
879db5209
880574d9c
886ff4933
88dcf44ce
894c7406e
89be73c11
8a33337b9
8aaa73364
8b2432f15
8ba0b2aca
8c1f72683
8ca0b2242
8d24b1e05
8daaf19cd
8e33f1599
8ebf3116c
8f4cf0d43
8fdd3091f
906fb0501
9104f00e8
919c2fcd5
92362f8c8
92d26f4c0
9370ef0be
9411eecc1
94b52e8cb
955aee4db
9602ae0f1
96acedd0d
9759ad930
98086d559
98b96d188
996cacdbe
9a222c9fa
9ad9ec63e
9b93ec288
9c4febed9
9d0e2bb31
9dceab790
9e912b3f6
9f55ab063
a01c6acd8
a0e52a954
a1b02a5d7
a27d2a262
a34be9ef5
a41ce9b8f
a4efe9831
a5c4e94da
a69ba918c
a774a8e45
a84f68b07
a92be87d0
aa0a684a2
aaeae817c
abcd27e5e
acb127b49
ad972783c
ae7ea7538
af682723c
b05366f48
b14026c5e
b22ee697c
b31f266a3
b411263d3
b504a610c
b5f9e5e4e
b6f0e5b98
b7e9258ec
b8e32564a
b9dea53b0
badbe5120
bbda64e99
bcda64c1b
bddbe49a7
bedee473c
bfe3244db
c0e8e4284
c1efe4036
c2f863df2
c40223bb8
c50d23987
c619a3761
c72723544
c835e3331
c945e3128
ca5722f2a
cb69a2d35
cc7d22b4a
cd91e296a
cea7a2794
cfbe625c8
d0d622406
d1ef2224f
d308e20a2
d423e1eff
d53fa1d67
d65c61bd9
d779e1a56
d898a18de
d9b7e176f
dad82160c
dbf9214b3
dd1ae1365
de3d61221
df60a10e8
e084a0fba
e1a960e97
e2cea0d7f
e3f4a0c71
e51b20b6e
e64260a76
e76a20989
e892608a6
e9bb207cf
eae460703
ec0de0641
ed382058b
ee62a04df
ef8d6043f
f0b8e03a9
f1e46031f
f3106029f
f43c6022b
f568e01c1
f695a0163
f7c260110
f8ef600c8
fa1ca008b
fb4a20059
fc7760032
fda4e0016
fed2a0006
7fffc0000
7fffc00c9
7fffc0192
7fffc025b
7fff80324
7fff003ed
7ffe804b6
7ffe0057f
7ffd80648
7ffd00711
7ffc407db
7ffb408a4
7ffa8096d
7ff980a36
7ff880aff
7ff740bc8
7ff640c91
7ff4c0d5a
7ff380e23
7ff200eec
7ff080fb5
7fef0107e
7fed41147
7feb8120f
7fe9c12d8
7fe8013a1
7fe60146a
7fe401533
7fe1c15fc
7fdf816c5
7fdd4178e
7fdb01857
7fd88191f
7fd6019e8
7fd381ab1
7fd0c1b7a
7fce01c43
7fcb41d0b
7fc841dd4
7fc581e9d
7fc241f65
7fbf4202e
7fbc020f7
7fb8c21bf
7fb582288
7fb202351
7fae82419
7faac24e2
7fa7425aa
7fa382673
7f9fc273b
7f9bc2804
7f97c28cc
7f93c2995
7f8fc2a5d
7f8b82b25
7f8742bee
7f82c2cb6
7f7e82d7e
7f7a02e46
7f7542f0f
7f70c2fd7
7f6c0309f
7f6703167
7f624322f
7f5d432f7
7f58433bf
7f5303487
7f4e0354f
7f4883617
7f43436df
7f3dc37a7
7f384386f
7f32c3937
7f2d039ff
7f2783ac6
7f2183b8e
7f1bc3c56
7f15c3d1d
7f0fc3de5
7f0983ead
7f0383f74
7efd0403c
7ef6c4103
7ef0441cb
7ee9c4292
7ee344359
7edc84421
7ed6044e8
7ecf045af
7ec844676
7ec14473d
7eba44804
7eb3048cb
7eac04992
7ea4c4a59
7e9d44b20
7e9604be7
7e8e84cae
7e86c4d75
7e7f44e3b
7e7784f02
7e6fc4fc9
7e67c508f
7e6005156
7e57c521c
7e4fc52e3
7e47853a9
7e3f4546f
7e3705536
7e2e855fc
7e26456c2
7e1d85788
7e150584e
7e0c45914
7e03859da
7dfa85aa0
7df1c5b66
7de8c5c2c
7ddf85cf2
7dd685db7
7dcd45e7d
7dc3c5f43
7dba86008
7db1060ce
7da786193
7d9dc6258
7d944631e
7d8a463e3
7d80864a8
7d768656d
7d6c86632
7d62866f7
7d58867bc
7d4e46881
7d4406946
7d3986a0b
7d2f06acf
7d2486b94
7d1a06c58
7d0f46d1d
7d0486de1
7cf9c6ea6
7ceec6f6a
7ce3c702e
7cd8c70f2
7ccdc71b6
7cc28727a
7cb74733e
7cabc7402
7ca0474c6
7c94c758a
7c894764d
7c7dc7711
7c72077d4
7c6607898
7c5a4795b
7c4e47a1e
7c4247ae2
7c3647ba5
7c2a07c68
7c1dc7d2b
7c1187dee
7c0507eb1
7bf887f73
7bec08036
7bdf480f9
7bd2c81bb
7bc60827e
7bb908340
7bac08402
7b9f084c5
7b9208587
7b8508649
7b77c870b
7b6a887cd
7b5d0888f
7b4f88950
7b4208a12
7b3488ad4
7b26c8b95
7b1908c56
7b0b48d18
7afd48dd9
7aef88e9a
7ae148f5b
7ad34901c
7ac5090dd
7ab6c919e
7aa88925f
7a9a0931f
7a8b893e0
7a7d094a0
7a6e89561
7a5fc9621
7a51096e1
7a42097a1
7a3349861
7a2449921
7a15099e1
7a0609aa1
79f6c9b60
79e789c20
79d809cdf
79c889d9e
79b909e5e
79a989f1d
7999c9fdc
798a4a09b
797a4a15a
796a8a219
795a8a2d7
794a8a396
793a8a454
792a4a513
791a0a5d1
7909ca68f
78f94a74d
78e8ca80b
78d84a8c9
78c7ca987
78b70aa44
78a64ab02
78958abbf
78848ac7d
78738ad3a
78628adf7
78518aeb4
78404af71
782f0b02e
781d8b0eb
780c4b1a7
77facb264
77e94b320
77d78b3dd
77c5cb499
77b40b555
77a24b611
77904b6cd
777e4b789
776c4b844
775a4b900
77480b9bb
7735cba76
77234bb32
77110bbed
76fe8bca8
76ec0bd63
76d94be1d
76c68bed8
76b3cbf92
76a10c04d
768e0c107
767b0c1c1
76680c27b
76550c335
7641cc3ef
762e8c4a9
761b0c562
7607cc61c
75f44c6d5
75e08c78e
75cd0c847
75b94c900
75a58c9b9
7591cca72
757dccb2b
7569ccbe3
7555ccc9c
75418cd54
752d8ce0c
75194cec4
7504ccf7c
74f08d034
74dc0d0eb
74c78d1a3
74b2cd25a
749e0d311
74894d3c8
74748d47f
745f8d536
744acd5ed
74358d6a4
74208d75a
740b4d810
73f60d8c7
73e0cd97d
73cb8da33
73b60dae9
73a08db9e
738acdc54
73754dd09
735f8ddbe
73498de74
7333cdf29
731dcdfde
7307ce092
72f1ce147
72db8e1fb
72c54e2b0
72af0e364
7298ce418
72824e4cc
726bce580
72554e633
723e8e6e7
7227ce79a
72110e84e
71fa4e901
71e34e9b4
71cc4ea67
71b54eb19
719e4ebcc
71870ec7e
716fced30
71588ede3
71410ee94
71298ef46
71120eff8
70fa8f0aa
70e2cf15b
70cb0f20c
70b34f2bd
709b8f36e
70838f41f
706b8f4d0
70538f580
703b4f631
70230f6e1
700acf791
6ff28f841
6fda0f8f1
6fc18f9a0
6fa90fa50
6f908faff
6f77cfbae
6f5f0fc5d
6f464fd0c
6f2d4fdbb
6f148fe69
6efb4ff18
6ee24ffc6
6ec950074
6eb010122
6e96d01d0
6e7d5027d
6e641032b
6e4a903d8
6e3110485
6e1750532
6dfd905df
6de3d068c
6dca10738
6db0507e5
6d9650891
6d7c5093d
6d62509e9
6d4810a95
6d2dd0b40
6d1390bec
6cf950c97
6cded0d42
6cc450ded
6ca9d0e98
6c8f50f42
6c7490fed
6c59d1097
6c3f11141
6c24511eb
6c0951295
6bee5133f
6bd3513e8
6bb811491
6b9d1153a
6b81d15e3
6b665168c
6b4b11735
6b2f917dd
6b1411886
6af89192e
6adcd19d6
6ac111a7d
6aa551b25
6a8991bcc
6a6d91c74
6a51d1d1b
6a3591dc2
6a1991e68
69fd91f0f
69e151fb5
69c51205c
69a892102
698c521a8
696fd224d
6953522f3
693692398
691a1243d
68fd524e2
68e092587
68c39262c
68a6926d0
6889d2775
686c92819
684f928bd
683252960
681512a04
67f7d2aa7
67da92b4b
67bd12bee
679f92c91
678212d33
676492dd6
6746d2e78
672912f1a
670b52fbc
66ed9305e
66cf930ff
66b1931a1
669393242
6675932e3
665753384
663913425
661ad34c5
65fc93565
65de13606
65bf936a5
65a113745
6582937e5
6563d3884
654513923
6526539c2
650793a61
64e893b00
64c993b9e
64aa93c3c
648b93cda
646c53d78
644d53e16
642e13eb3
640e93f51
63ef53fee
63cfd408a
63b054127
6390d41c4
637114260
6351942fc
6331d4398
6311d4434
62f2144cf
62d21456b
62b214606
6292146a1
62721473b
6251d47d6
623194870
62115490a
61f1149a4
61d094a3e
61b054ad8
618fd4b71
616f14c0a
614e94ca3
612dd4d3c
610d14dd4
60ec54e6d
60cb54f05
60aa94f9d
608995035
6068950cc
604755163
6026551fb
600515291
5fe3d5328
5fc2953bf
5fa115455
5f7f954eb
5f5e15581
5f3c95617
5f1b156ac
5ef955741
5ed7957d7
5eb5d586b
5e93d5900
5e7215995
5e5015a29
5e2e15abd
5e0c15b51
5de9d5be4
5dc795c78
5da595d0b
5d8315d9e
5d60d5e31
5d3e55ec3
5d1bd5f56
5cf955fe8
5cd6d607a
5cb45610b
5c919619d
5c6ed622e
5c4c162bf
5c2916350
5c06563e1
5be356471
5bc056502
5b9d16592
5b7a16621
5b56d66b1
5b3396740
5b10567cf
5aecd685e
5ac9968ed
5aa61697c
7fffc0000
7fff003ed
7ffc407db
7ff740bc8
7ff080fb5
7fe8013a1
7fdd4178e
7fd0c1b7a
7fc241f65
7fb202351
7f9fc273b
7f8b82b25
7f7542f0f
7f5d432f7
7f43436df
7f2783ac6
7f0983ead
7ee9c4292
7ec844676
7ea4c4a59
7e7f44e3b
7e57c521c
7e2e855fc
7e03859da
7dd685db7
7da786193
7d768656d
7d4406946
7d0f46d1d
7cd8c70f2
7ca0474c6
7c6607898
7c2a07c68
7bec08036
7bac08402
7b6a887cd
7b26c8b95
7ae148f5b
7a9a0931f
7a51096e1
7a0609aa1
79b909e5e
796a8a219
791a0a5d1
78c7ca987
78738ad3a
781d8b0eb
77c5cb499
776c4b844
77110bbed
76b3cbf92
76550c335
75f44c6d5
7591cca72
752d8ce0c
74c78d1a3
745f8d536
73f60d8c7
738acdc54
731dcdfde
72af0e364
723e8e6e7
71cc4ea67
71588ede3
70e2cf15b
706b8f4d0
6ff28f841
6f77cfbae
6efb4ff18
6e7d5027d
6dfd905df
6d7c5093d
6cf950c97
6c7490fed
6bee5133f
6b665168c
6adcd19d6
6a51d1d1b
69c51205c
693692398
68a6926d0
681512a04
678212d33
66ed9305e
665753384
65bf936a5
6526539c2
648b93cda
63ef53fee
6351942fc
62b214606
62115490a
616f14c0a
60cb54f05
6026551fb
5f7f954eb
5ed7957d7
5e2e15abd
5d8315d9e
5cd6d607a
5c2916350
5b7a16621
5ac9968ed
5a1796bb3
596496e74
58afd7130
57fa173e5
5742d7696
568a57940
55d057be5
551557e84
5458d811d
539b583b1
52dc5863f
521c188c6
515ad8b48
509818dc4
4fd45903a
4f0f192aa
4e48d9514
4d8199778
4cb8d99d6
4bef19c2d
4b2459e7e
4a581a0c9
498b1a30e
48bcda54d
47ed5a785
471d1a9b6
464b9abe2
4578dae07
44a55b025
43d09b23d
42fb1b44e
42245b659
414c9b85d
40741ba5b
3f9a5bc52
3ebfdbe42
3de45c02b
3d07dc20e
3c2a9c3ea
3b4c1c5bf
3a6d1c78d
398cdc955
38ac1cb15
37ca5cccf
36e79ce82
36041d02d
351fdd1d2
343add370
33551d506
326e5d696
31871d81f
309edd9a0
2fb61db1a
2ecc9dc8d
2de25ddf9
2cf75df5e
2c0b9e0bc
2b1f5e212
2a325e361
2944de4a9
28569e5e9
27679e722
26785e854
25885e97f
2497deaa2
23a69ebbe
22b51ecd2
21c2deddf
20d01eee4
1fdcdefe2
1ee95f0d9
1df51f1c8
1d009f2af
1c0b9f38f
1b161f468
1a205f539
192a1f602
18339f6c4
173c9f77e
16451f831
154d9f8dc
14559f980
135d5fa1b
12649fab0
116bdfb3c
1072dfbc1
f795fc3f
e7fdfcb4
d85dfd22
c8bdfd89
b919fde8
a975fe3f
99cdfe8e
8a21fed6
7a75ff16
6ac5ff4e
5b15ff7e
4b61ffa7
3bb1ffc8
2bfdffe2
1c45fff4
c91fffe
ffcddffff
fed29fffa
fdd71ffed
fcdbdffd9
fbe09ffbc
fae59ff98
f9ea5ff6c
f8ef5ff38
f7f49fefd
f6f9dfeba
f5ff1fe6f
f5049fe1d
f40a5fdc3
f3105fd61
f2165fcf7
f11c9fc86
f0231fc0e
ef29dfb8d
ee30dfb05
ed381fa75
ec3f9f9de
eb475f93f
ea4f9f899
e9581f7ea
e860df735
e76a1f677
e6739f5b2
e57d5f4e6
e487df412
e3929f337
e29d9f253
e1a95f169
e0b55f077
dfc1def7d
decedee7c
dddc5ed74
dcea9ec64
dbf91eb4d
db081ea2e
da17de908
d9281e7db
d838de6a6
d74a5e56a
d65c5e427
d56f1e2dc
d4825e18a
d3965e031
d2aadded0
d1c01dd69
d0d61dbfa
cfecdda84
cf045d907
ce1c9d782
cd355d5f7
cc4f1d465
cb699d2cb
ca84dd12b
c9a0dcf83
c8bddcdd5
c7db9cc1f
c6fa1ca63
c6199c89f
c539dc6d5
c45b1c504
c37d1c32c
c2a01c14e
c1c3dbf68
c0e8dbd7c
c00e9bb89
bf355b990
be5d1b78f
bd85db589
bcaf9b37b
bbda5b167
bb061af4d
ba32dad2c
b960dab04
b88f9a8d6
b7bf9a6a2
b6f0da468
b622da227
b55659fdf
b48a99d92
b3c059b3e
b2f6d98e4
b22ed9684
b167d941e
b0a2191b1
afdd98f3f
af1a18cc7
ae57d8a48
ad97187c4
acd75853a
ac18d82aa
ab5bd8014
aa9fd7d78
a9e557ad7
a92bd7830
a873d7583
a7bd572d1
a707d7019
a653d6d5b
a5a116a98
a4efd67cf
a43fd6502
a3915622e
a2e455f56
a23895c78
a18e15995
a0e5156ac
a03d953bf
9f97950cc
9ef314dd4
9e4fd4ad8
9dae547d6
9d0e144cf
9c6f541c4
9bd213eb3
9b3693b9e
9a9c53884
9a0393565
996c93242
98d712f1a
984312bee
97b0928bd
971f92587
96905224d
960291f0f
957691bcc
94ec11886
94631153a
93dbd11eb
935650e98
92d250b40
924fd07e5
91cf10485
915010122
90d2cfdbb
90570fa50
8fdd0f6e1
8f648f36e
8eee0eff8
8e790ec7e
8e05ce901
8d944e580
8d248e1fb
8cb68de74
8c4a0dae9
8bdf8d75a
8b76cd3c8
8b0f8d034
8aaa4cc9c
8a46cc900
89e50c562
89850c1c1
8926cbe1d
88ca4ba76
886fcb6cd
8816cb320
87bfcaf71
876a8abbf
87174a80b
86c58a454
8675ca09b
862809cdf
85dbc9921
859189561
85494919e
8502c8dd9
84be08a12
847b08649
843a0827e
83fb07eb1
83bdc7ae2
838247711
8348c733e
831146f6a
82db86b94
82a7867bc
8275c63e3
824586008
821745c2c
81eb0584e
81c0c546f
81984508f
817184cae
814d048cb
812a044e8
810944103
80ea43d1d
80cd43937
80b20354f
809903167
808182d7e
806c42995
8058c25aa
8047421bf
8037c1dd4
802a019e8
801e415fc
80148120f
800c80e23
800680a36
800280648
80004025b
80007fe6e
80023fa81
8005bf693
800b7f2a6
8012feeb9
801c3eacd
8027be6e1
8034fe2f5
80443df09
80557db1e
80687d734
807d7d34a
80943cf61
80ad3cb79
80c7fc791
80e47c3aa
81033bfc4
8123bbbdf
8145fb7fc
816a3b419
81907b037
81b8bac57
81e2ba878
820e7a49a
823c7a0bd
826bf9ce2
829db9909
82d139531
83067915a
833db8d86
8376f89b3
83b1f85e2
83eeb8212
842d77e45
846e37a79
84b0b76b0
84f4f72e8
853b36f23
858336b60
85ccf679f
8618b63e0
866676024
86b5b5c6a
8706f58b3
8759f54fe
87aeb514c
880574d9c
885df49ef
88b834645
89143429d
897233ef9
89d1b3b57
8a33337b9
8a967341d
8afb73084
8b6232cef
8bcab295c
8c34b25cd
8ca0b2242
8d0e71eb9
8d7df1b34
8def317b2
8e61f1434
8ed6b10ba
8f4cf0d43
8fc4f09cf
903eb0660
90b9f02f4
9136eff8c
91b5afc28
92362f8c8
92b82f56b
933bef213
93c12eebf
94482eb6f
94d0ae823
955aee4db
95e6ae198
9673ede58
9702edb1e
9793ad7e7
9825ad4b5
98b96d188
994eace5f
99e56cb3b
9a7dac81b
9b17ac500
9bb2ec1ea
9c4febed9
9cee6bbcc
9d8e2b8c5
9e2fab5c2
9ed26b2c4
9f76aafcb
a01c6acd8
a0c3aa9e9
a16c6a700
a2166a41c
a2c1ea13d
a36ea9e63
a41ce9b8f
a4cca98c0
7fffc0000
7fffc025b
7ffe804b6
7ffd00711
7ffa8096d
7ff740bc8
7ff380e23
7fef0107e
7fe9c12d8
7fe401533
7fdd4178e
7fd6019e8
7fce01c43
7fc581e9d
7fbc020f7
7fb202351
7fa7425aa
7f9bc2804
7f8fc2a5d
7f82c2cb6
7f7542f0f
7f6703167
7f58433bf
7f4883617
7f384386f
7f2783ac6
7f15c3d1d
7f0383f74
7ef0441cb
7edc84421
7ec844676
7eb3048cb
7e9d44b20
7e86c4d75
7e6fc4fc9
7e57c521c
7e3f4546f
7e26456c2
7e0c45914
7df1c5b66
7dd685db7
7dba86008
7d9dc6258
7d80864a8
7d62866f7
7d4406946
7d2486b94
7d0486de1
7ce3c702e
7cc28727a
7ca0474c6
7c7dc7711
7c5a4795b
7c3647ba5
7c1187dee
7bec08036
7bc60827e
7b9f084c5
7b77c870b
7b4f88950
7b26c8b95
7afd48dd9
7ad34901c
7aa88925f
7a7d094a0
7a51096e1
7a2449921
79f6c9b60
79c889d9e
7999c9fdc
796a8a219
793a8a454
7909ca68f
78d84a8c9
78a64ab02
78738ad3a
78404af71
780c4b1a7
77d78b3dd
77a24b611
776c4b844
7735cba76
76fe8bca8
76c68bed8
768e0c107
76550c335
761b0c562
75e08c78e
75a58c9b9
7569ccbe3
752d8ce0c
74f08d034
74b2cd25a
74748d47f
74358d6a4
73f60d8c7
73b60dae9
73754dd09
7333cdf29
72f1ce147
72af0e364
726bce580
7227ce79a
71e34e9b4
719e4ebcc
71588ede3
71120eff8
70cb0f20c
70838f41f
703b4f631
6ff28f841
6fa90fa50
6f5f0fc5d
6f148fe69
6ec950074
6e7d5027d
6e3110485
6de3d068c
6d9650891
6d4810a95
6cf950c97
6ca9d0e98
6c59d1097
6c0951295
6bb811491
6b665168c
6b1411886
6ac111a7d
6a6d91c74
6a1991e68
69c51205c
696fd224d
691a1243d
68c39262c
686c92819
681512a04
67bd12bee
676492dd6
670b52fbc
66b1931a1
665753384
65fc93565
65a113745
654513923
64e893b00
648b93cda
642e13eb3
63cfd408a
637114260
6311d4434
62b214606
6251d47d6
61f1149a4
618fd4b71
612dd4d3c
60cb54f05
6068950cc
600515291
5fa115455
5f3c95617
5ed7957d7
5e7215995
5e0c15b51
5da595d0b
5d3e55ec3
5cd6d607a
5c6ed622e
5c06563e1
5b9d16592
5b3396740
5ac9968ed
5a5f16a98
59f3d6c41
598856de8
591c56f8d
58afd7130
5842d72d1
57d59746f
57679760c
56f9177a7
568a57940
561ad7ad7
55ab17c6c
553ad7dfe
54ca17f8f
5458d811d
53e7582aa
537518434
5302985bc
528f98742
521c188c6
51a858a48
5133d8bc8
50bf18d46
5049d8ec1
4fd45903a
4f5e191b1
4ee799326
4e7099499
4df95960a
4d8199778
4d09598e4
4c9099a4e
4c1799bb6
4b9e19d1b
4b2459e7e
4aa9d9fdf
4a2f5a13e
49b41a29a
49389a3f5
48bcda54d
48409a6a2
47c3da7f6
4746da947
46c95aa95
464b9abe2
45cd5ad2c
454e9ae74
44cfdafb9
44505b0fc
43d09b23d
43509b37b
42d01b4b7
424f5b5f1
41ce1b728
414c9b85d
40cadb990
40489bac0
3fc61bbed
3f431bd19
3ebfdbe42
3e3c5bf68
3db85c08c
3d341c1ae
3caf5c2cd
3c2a9c3ea
3ba51c504
3b1f9c61c
3a99dc731
3a139c844
398cdc955
39061ca63
387edcb6e
37f79cc77
376f9cd7e
36e79ce82
365f5cf83
35d69d082
354d9d17e
34c45d278
343add370
33b11d465
33271d557
329c9d647
3211dd734
31871d81f
30fbdd907
30705d9ec
2fe49dacf
2f58ddbb0
2ecc9dc8d
2e401dd69
2db35de41
2d265df17
2c991dfeb
2c0b9e0bc
2b7dde18a
2aefde256
2a61de31f
29d35e3e5
2944de4a9
28b5de56a
2826de629
27979e6e4
27081e79e
26785e854
25e85e908
25585e9ba
24c7dea68
24375eb14
23a69ebbe
23159ec64
22849ed08
21f35edaa
2161dee48
20d01eee4
203e5ef7d
1fac5f014
1f1a1f0a8
1e879f139
1df51f1c8
1d629f253
1ccf9f2dd
1c3c9f363
1ba99f3e7
1b161f468
1a82df4e6
19ef1f562
195b5f5da
18c79f651
18339f6c4
179f5f735
170b1f7a3
16769f80e
15e21f876
154d9f8dc
14b8df93f
1423df99f
138edf9fd
12f9dfa58
12649fab0
11cf5fb05
113a1fb58
10a49fba7
100f1fbf4
f795fc3f
ee39fc86
e4ddfccb
db7dfd0d
d21dfd4c
c8bdfd89
bf5dfdc3
b5f9fdfa
ac95fe2e
a331fe5f
99cdfe8e
9065feba
86fdfee3
7d95ff09
742dff2d
6ac5ff4e
615dff6c
57f1ff87
4e85ffa0
451dffb5
3bb1ffc8
3245ffd9
28d9ffe6
1f6dfff1
15fdfff8
c91fffe
325ffff
ff9b9ffff
ff04dfffc
fe6e1fff6
fdd71ffed
fd405ffe2
fca99ffd3
fc12dffc2
fb7c5ffae
fae59ff98
fa4edff7e
f9b85ff62
f9219ff43
f88b1ff21
f7f49fefd
f75e1fed6
f6c79feab
f6315fe7f
f59adfe4f
f5049fe1d
f46e9fde8
f3d85fdb0
f3425fd75
f2ac5fd38
f2165fcf7
f1805fcb4
f0ea9fc6f
f054dfc26
efbf5fbdb
ef29dfb8d
ee945fb3c
edff1fae9
ed69dfa93
ecd49fa3a
ec3f9f9de
ebaa9f980
eb15df91e
ea811f8ba
e9ec9f854
e9581f7ea
e8c39f77e
e82f5f70f
e79b5f69e
e7075f629
e6739f5b2
e5dfdf539
e54c5f4bc
e4b8df43d
e4259f3bb
e3929f337
e2ff9f2af
e26cdf225
e1da1f198
e1479f109
e0b55f077
e0235efe2
df915ef4b
deff9eeb0
de6ddee14
dddc5ed74
dd4b1ecd2
dcba1ec2d
dc295eb85
db989eadb
db081ea2e
da77de97f
d9e7de8cd
d957de818
d8c85e760
d838de6a6
d7a99e5e9
d71a9e52a
d68bde468
d5fd5e3a3
d56f1e2dc
d4e0de212
d4531e146
d3c55e076
d3381dfa5
d2aadded0
d21ddddf9
d1915dd20
d104ddc44
d078ddb65
cfecdda84
cf615d9a0
ced5dd8ba
ce4add7d1
cdc01d6e5
cd355d5f7
ccab1d506
cc211d413
cb975d31e
cb0e1d225
ca84dd12b
c9fc1d02d
c9735cf2e
c8eb1ce2b
c8631cd26
c7db9cc1f
c7541cb15
c6cd1ca09
c6465c8fa
c5bfdc7e9
c539dc6d5
c4b41c5bf
c42e9c4a6
c3a95c38b
c3249c26e
c2a01c14e
c21bdc02b
c1981bf06
c1149bddf
c0915bcb5
c00e9bb89
bf8c1ba5b
bf0a1b92a
be885b7f6
be06db6c1
bd85db589
bd051b44e
bc84db311
bc04db1d2
bb855b091
bb061af4d
ba875ae07
ba08dacbe
b98a9ab73
b90d1aa26
b88f9a8d6
b812da785
b7961a631
b71a1a4da
b69e5a382
b622da227
b5a81a0c9
b52d59f6a
b4b359e08
b43999ca4
b3c059b3e
b347599d6
b2ced986b
b256d96fe
b1df1958f
b167d941e
b0f1192aa
b07a99135
b00498fbd
af8f18e43
af1a18cc7
aea558b48
ae31589c8
adbd98845
ad4a186c1
acd75853a
ac64d83b1
abf2d8226
ab8158099
ab1057f0a
aa9fd7d78
aa2fd7be5
a9c017a4f
a950d78b8
a8e21771e
a873d7583
a806173e5
a798d7246
a72c170a4
a6bf96f01
a653d6d5b
a5e896bb3
7fffc0000
7ffe0057f
7ff880aff
7fef0107e
7fe1c15fc
7fd0c1b7a
7fbc020f7
7fa382673
7f8742bee
7f6703167
7f43436df
7f1bc3c56
7ef0441cb
7ec14473d
7e8e84cae
7e57c521c
7e1d85788
7ddf85cf2
7d9dc6258
7d58867bc
7d0f46d1d
7cc28727a
7c72077d4
7c1dc7d2b
7bc60827e
7b6a887cd
7b0b48d18
7aa88925f
7a42097a1
79d809cdf
796a8a219
78f94a74d
78848ac7d
780c4b1a7
77904b6cd
77110bbed
768e0c107
7607cc61c
757dccb2b
74f08d034
745f8d536
73cb8da33
7333cdf29
7298ce418
71fa4e901
71588ede3
70b34f2bd
700acf791
6f5f0fc5d
6eb010122
6dfd905df
6d4810a95
6c8f50f42
6bd3513e8
6b1411886
6a51d1d1b
698c521a8
68c39262c
67f7d2aa7
672912f1a
665753384
6582937e5
64aa93c3c
63cfd408a
62f2144cf
62115490a
612dd4d3c
604755163
5f5e15581
5e7215995
5d8315d9e
5c919619d
5b9d16592
5aa61697c
59ac56d5b
58afd7130
57b0d74f9
56af578b8
55ab17c6c
54a458014
539b583b1
528f98742
518198ac8
507118e43
4f5e191b1
4e48d9514
4d315986b
4c1799bb6
4afb99ef4
49dd5a227
48bcda54d
479a1a866
46759ab73
454e9ae74
4425db167
42fb1b44e
41ce1b728
409f5b9f5
3f6edbcb5
3e3c5bf68
3d07dc20e
3bd19c4a6
3a99dc731
39601c9af
38249cc1f
36e79ce82
35a91d0d6
3468dd31e
33271d557
31e39d782
309edd9a0
2f58ddbb0
2e111ddb1
2cc81dfa5
2b7dde18a
2a325e361
28e59e52a
27979e6e4
26485e891
24f81ea2e
23a69ebbe
22541ed3e
21009eeb0
1fac5f014
1e56df169
1d009f2af
1ba99f3e7
1a519f510
18f8df629
179f5f735
16451f831
14ea5f91e
138edf9fd
1232dfacc
10d65fb8d
f795fc3f
e1bdfce1
cbddfd75
b5f9fdfa
a011fe6f
8a21fed6
742dff2d
5e39ff75
483dffae
3245ffd9
1c45fff4
649ffff
ff04dfffc
fda4dffea
fc451ffc8
fae59ff98
f9861ff58
f826dff09
f6c79feab
f568dfe3f
f40a5fdc3
f2ac5fd38
f14e9fc9e
eff11fbf4
ee945fb3c
ed381fa75
ebdc5f99f
ea811f8ba
e9269f7c7
e7cc9f6c4
e6739f5b2
e51b1f492
e3c39f363
e26cdf225
e116df0d9
dfc1def7d
de6ddee14
dd1adec9b
dbc8deb14
da77de97f
d9281e7db
d7d95e629
d68bde468
d53f9e299
d3f49e0bc
d2aadded0
d1629dcd7
d01b9dacf
ced5dd8ba
cd91dd696
cc4f1d465
cb0e1d225
c9ce5cfd8
c8909cd7e
c7541cb15
c6199c89f
c4e09c61c
c3a95c38b
c273dc0ed
c1405be42
c00e9bb89
bededb8c4
bdb0db5f1
bc84db311
bb5adb025
ba32dad2c
b90d1aa26
b7e91a714
b6c79a3f5
b5a81a0c9
b48a99d92
b36f99a4e
b256d96fe
b140193a2
b02bd903a
af1a18cc7
ae0a98947
acfd985bc
abf2d8226
aaead7e84
a9e557ad7
a8e21771e
a7e19735b
a6e3d6f8d
a5e896bb3
a4efd67cf
a3f9d63e1
a306d5fe8
a21655be4
a128957d7
a03d953bf
9f5594f9d
9e7054b71
9d8e1473b
9cae942fc
9bd213eb3
9af893a61
9a2213606
994e931a1
987e12d33
97b0928bd
96e61243d
961ed1fb5
955ad1b25
9499d168c
93dbd11eb
932150d42
9269d0891
91b5903d8
9104cff18
90570fa50
8fac8f580
8f058f0aa
8e61cebcc
8dc18e6e7
8d248e1fb
8c8acdd09
8bf4cd810
8b620d311
8ad28ce0c
8a46cc900
89be4c3ef
89398bed8
88b80b9bb
883a4b499
87bfcaf71
87490aa44
86d5ca513
866649fdc
85fa09aa1
859189561
852cc901c
84cb88ad4
846e08587
841408036
83bdc7ae2
836b4758a
831c4702e
82d106acf
82898656d
824586008
820585aa0
81c905536
819044fc9
815b44a59
812a044e8
80fc83f74
80d3039ff
80ad03487
808ac2f0f
806c42995
805182419
803a81e9d
80278191f
8018013a1
800c80e23
8004c08a4
800080324
80007fda5
8003ff825
800b7f2a6
80167ed28
80253e7a9
8037fe22c
804e3dcaf
80687d734
80863d1ba
80a7fcc41
80cd7c6c9
80f6bc153
8123bbbdf
81543b66e
8188bb0fe
81c0fab91
81fcba626
823c7a0bd
827fb9b58
82c6b95f5
831179096
835ff8b3a
83b1f85e2
8407b808d
846137b3b
84be375ee
851ef70a5
858336b60
85eb3661f
8656b60e3
86c5b5bac
873875679
87aeb514c
8828b4c23
88a5f4700
8926f41e3
89ab33ccb
8a33337b9
8abeb32ac
8b4d72da6
8bdfb28a6
8c75723ac
8d0e71eb9
8daaf19cd
8e4af14e7
8eee31008
8f94b0b30
903eb0660
90ebb0197
919c2fcd5
924fef81b
9306ef369
93c12eebf
947e6ea1d
953f2e583
9602ae0f1
96c9adc68
9793ad7e7
9860ad36f
9930acf01
9a03aca9b
9ad9ec63e
9bb2ec1ea
9c8f2bda0
9d6e2b95f
9e4feb528
9f34eb0fb
a01c6acd8
a106ea8bf
a1f42a4af
a2e46a0aa
a3d729cb0
a4cca98c0
a5c4e94da
a6bfa90ff
a7bd68d2f
a8bd6896a
a9c0285b1
aac568202
abcd27e5e
acd767ac6
ade42773a
aef3273b9
b004a7043
b118a6cda
b22ee697c
b3476662a
b462262e5
b57f25fac
b69e65c7e
b7bfa595e
b8e32564a
ba08e5342
bb3065047
bc5a24d59
bd85e4a77
beb3a47a3
bfe3244db
c114a4221
c247e3f74
c37d23cd4
c4b423a41
c5eca37bc
c72723544
c863232da
c9a0e307d
cae062e2e
cc2122bed
cd63a29b9
cea7a2794
cfece257c
d133a2373
d27be2177
d3c561f8a
d51061daa
d65c61bd9
d7a9a1a17
d8f821862
da47e16bc
db98a1525
dceaa139c
de3d61221
df91610b5
e0e620f58
e23be0e09
e392a0cc9
e4ea20b98
e64260a76
e79b60962
e8f52085d
ea4fa0767
ebaaa0680
ed06605a8
ee62a04df
efbf60425
f11ca037a
f27a602de
f3d860250
f536e01d2
f695a0163
f7f4a0103
f953e00b2
fab360070
fc12e003e
fd72a001a
fed2a0006
3260001
1922000a
2f220023
451e004b
5b160082
710e00c8
86fe011d
9cee0181
b2da01f5
c8be0277
de9e0309
f47603a9
10a4a0459
120120517
135d605e5
14b8e06c1
1613a07ac
176de08a6
18c7a09af
1a2060ac7
1b7860bee
1ccfa0d23
1e2620e68
1f7ba0fba
20d02111c
2223e128c
23766140b
24c7e1598
261861733
2767a18de
28b5e1a96
2a02e1c5d
2b4ea1e32
2c9922015
2de262207
2f2a22406
307062614
31b56282f
32f8e2a59
343ae2c90
357b62ed5
36ba63128
37f7a3389
3933235f7
3a6d23873
3ba523afc
3cdba3d92
3e1064036
3f43242e7
4074245a5
41a324871
42d024b49
43fb64e2e
452465120
464ba541e
4770a572a
489365a41
49b425d66
4ad2e6096
4bef263d3
4d096671c
4e2126a71
4f36a6dd2
5049e713f
515ae74b8
52692783c
537527bcc
547ee7f67
5585e830e
568a686c0
578c68a7d
588ba8e45
598869218
7fffc0000
7fffc0065
7fffc00c9
7fffc012e
7fffc0192
7fffc01f7
7fffc025b
7fff802c0
7fff80324
7fff40389
7fff003ed
7ffec0452
7ffe804b6
7ffe4051b
7ffe0057f
7ffdc05e4
7ffd80648
7ffd406ad
7ffd00711
7ffc80776
7ffc407db
7ffbc083f
7ffb408a4
7ffb00908
7ffa8096d
7ffa009d1
7ff980a36
7ff900a9a
7ff880aff
7ff800b63
7ff740bc8
7ff6c0c2c
7ff640c91
7ff580cf5
7ff4c0d5a
7ff440dbe
7ff380e23
7ff2c0e87
7ff200eec
7ff140f50
7ff080fb5
7fefc1019
7fef0107e
7fee410e2
7fed41147
7fec811ab
7feb8120f
7feac1274
7fe9c12d8
7fe8c133d
7fe8013a1
7fe701406
7fe60146a
7fe5014cf
7fe401533
7fe2c1598
7fe1c15fc
7fe0c1660
7fdf816c5
7fde81729
7fdd4178e
7fdc417f2
7fdb01857
7fd9c18bb
7fd88191f
7fd741984
7fd6019e8
7fd4c1a4d
7fd381ab1
7fd201b15
7fd0c1b7a
7fcf81bde
7fce01c43
7fccc1ca7
7fcb41d0b
7fc9c1d70
7fc841dd4
7fc6c1e38
7fc581e9d
7fc3c1f01
7fc241f65
7fc0c1fca
7fbf4202e
7fbd82092
7fbc020f7
7fba8215b
7fb8c21bf
7fb702224
7fb582288
7fb3c22ec
7fb202351
7fb0423b5
7fae82419
7facc247d
7faac24e2
7fa902546
7fa7425aa
7fa54260f
7fa382673
7fa1826d7
7f9fc273b
7f9dc279f
7f9bc2804
7f99c2868
7f97c28cc
7f95c2930
7f93c2995
7f91c29f9
7f8fc2a5d
7f8d82ac1
7f8b82b25
7f8942b89
7f8742bee
7f8502c52
7f82c2cb6
7f8082d1a
7f7e82d7e
7f7c42de2
7f7a02e46
7f7782eab
7f7542f0f
7f7302f73
7f70c2fd7
7f6e4303b
7f6c0309f
7f6983103
7f6703167
7f64c31cb
7f624322f
7f5fc3293
7f5d432f7
7f5ac335b
7f58433bf
7f55c3423
7f5303487
7f50834eb
7f4e0354f
7f4b435b3
7f4883617
7f460367b
7f43436df
7f4083743
7f3dc37a7
7f3b0380b
7f384386f
7f35838d3
7f32c3937
7f300399b
7f2d039ff
7f2a43a63
7f2783ac6
7f2483b2a
7f2183b8e
7f1ec3bf2
7f1bc3c56
7f18c3cba
7f15c3d1d
7f12c3d81
7f0fc3de5
7f0cc3e49
7f0983ead
7f0683f10
7f0383f74
7f0043fd8
7efd0403c
7efa0409f
7ef6c4103
7ef384167
7ef0441cb
7eed0422e
7ee9c4292
7ee6842f6
7ee344359
7ee0043bd
7edc84421
7ed944484
7ed6044e8
7ed28454b
7ecf045af
7ecbc4613
7ec844676
7ec4c46da
7ec14473d
7ebdc47a1
7eba44804
7eb6c4868
7eb3048cb
7eaf8492f
7eac04992
7ea8449f6
7ea4c4a59
7ea104abd
7e9d44b20
7e99c4b84
7e9604be7
7e9244c4b
7e8e84cae
7e8ac4d11
7e86c4d75
7e8304dd8
7e7f44e3b
7e7b44e9f
7e7784f02
7e7384f65
7e6fc4fc9
7e6bc502c
7e67c508f
7e64050f3
7e6005156
7e5c051b9
7e57c521c
7e53c5280
7e4fc52e3
7e4bc5346
7e47853a9
7e438540c
7e3f4546f
7e3b454d3
7e3705536
7e32c5599
7e2e855fc
7e2a8565f
7e26456c2
7e21c5725
7e1d85788
7e19457eb
7e150584e
7e10858b1
7e0c45914
7e07c5977
7e03859da
7dff05a3d
7dfa85aa0
7df645b03
7df1c5b66
7ded45bc9
7de8c5c2c
7de405c8f
7ddf85cf2
7ddb05d55
7dd685db7
7dd1c5e1a
7dcd45e7d
7dc885ee0
7dc3c5f43
7dbf45fa5
7dba86008
7db5c606b
7db1060ce
7dac46130
7da786193
7da2c61f6
7d9dc6258
7d99062bb
7d944631e
7d8f46380
7d8a463e3
7d8586445
7d80864a8
7d7b8650b
7d768656d
7d71865d0
7d6c86632
7d6786695
7d62866f7
7d5d8675a
7d58867bc
7d534681f
7d4e46881
7d49068e3
7d4406946
7d3ec69a8
7d3986a0b
7d3446a6d
7d2f06acf
7d29c6b31
7d2486b94
7d1f46bf6
7d1a06c58
7d1486cbb
7d0f46d1d
7d0a06d7f
7d0486de1
7cff06e43
7cf9c6ea6
7cf446f08
7ceec6f6a
7ce946fcc
7ce3c702e
7cde47090
7cd8c70f2
7cd347154
7ccdc71b6
7cc807218
7cc28727a
7cbcc72dc
7cb74733e
7cb1873a0
7cabc7402
7ca607464
7ca0474c6
7c9ac7528
7c94c758a
7c8f075eb
7c894764d
7c83876af
7c7dc7711
7c77c7773
7c72077d4
7c6c07836
7c6607898
7c60478f9
7c5a4795b
7c54479bd
7c4e47a1e
7c4847a80
7c4247ae2
7c3c47b43
7c3647ba5
7c3007c06
7c2a07c68
7c23c7cc9
7c1dc7d2b
7c1787d8c
7c1187dee
7c0b47e4f
7c0507eb1
7bfec7f12
7bf887f73
7bf247fd5
7bec08036
7be5c8097
7bdf480f9
7bd90815a
7bd2c81bb
7bcc4821d
7bc60827e
7bbf882df
7bb908340
7bb2883a1
7bac08402
7ba588464
7b9f084c5
7b9888526
7b9208587
7b8b885e8
7b8508649
7b7e486aa
7b77c870b
7b710876c
7b6a887cd
7b63c882e
7b5d0888f
7b56488ef
7b4f88950
7b48c89b1
7b4208a12
7b3b48a73
7b3488ad4
7b2dc8b34
7b26c8b95
7b2008bf6
7b1908c56
7b1248cb7
7b0b48d18
7b0448d78
7afd48dd9
7af688e3a
7aef88e9a
7ae888efb
7ae148f5b
7ada48fbc
7ad34901c
7acc4907d
7ac5090dd
7abe0913d
7ab6c919e
7aafc91fe
7aa88925f
7aa1492bf
7a9a0931f
7a92c937f
7a8b893e0
7a8449440
7a7d094a0
7a75c9500
7a6e89561
7a67095c1
7a5fc9621
7a5849681
7a51096e1
7a4989741
7a42097a1
7a3a89801
7a3349861
7a2bc98c1
7a2449921
7a1c89981
7a15099e1
7a0d89a41
7a0609aa1
79fe49b00
79f6c9b60
79ef09bc0
79e789c20
79dfc9c7f
79d809cdf
79d049d3f
79c889d9e
79c109dfe
79b909e5e
79b149ebd
79a989f1d
79a1c9f7c
7999c9fdc
79920a03b
798a4a09b
79824a0fa
797a4a15a
79728a1b9
796a8a219
79628a278
795a8a2d7
79528a336
794a8a396
79428a3f5
793a8a454
79324a4b3
792a4a513
79220a572
791a0a5d1
7911ca630
7909ca68f
79018a6ee
78f94a74d
78f10a7ac
78e8ca80b
78e08a86a
78d84a8c9
78d00a928
78c7ca987
78bf4a9e6
78b70aa44
78ae8aaa3
78a64ab02
789dcab61
78958abbf
788d0ac1e
78848ac7d
787c0acdb
78738ad3a
786b0ad99
78628adf7
785a0ae56
78518aeb4
7848caf13
78404af71
78378afd0
782f0b02e
78264b08c
781d8b0eb
78150b149
780c4b1a7
78038b206
77facb264
77f20b2c2
77e94b320
77e04b37f
77d78b3dd
77cecb43b
77c5cb499
77bd0b4f7
77b40b555
77ab4b5b3
77a24b611
77994b66f
77904b6cd
77874b72b
777e4b789
77754b7e6
776c4b844
77634b8a2
775a4b900
77510b95d
77480b9bb
773ecba19
7735cba76
772c8bad4
77234bb32
771a4bb8f
77110bbed
7707cbc4a
76fe8bca8
76f54bd05
76ec0bd63
76e28bdc0
76d94be1d
76d00be7b
76c68bed8
76bd4bf35
76b3cbf92
76aa8bff0
76a10c04d
76978c0aa
768e0c107
76848c164
767b0c1c1
76718c21e
76680c27b
765e8c2d8
76550c335
764b4c392
7641cc3ef
76380c44c
762e8c4a9
7624cc506
761b0c562
76114c5bf
7607cc61c
75fe0c679
75f44c6d5
75ea8c732
75e08c78e
75d6cc7eb
75cd0c847
75c34c8a4
75b94c900
75af8c95d
75a58c9b9
759b8ca16
7591cca72
7587ccace
757dccb2b
7573ccb87
7569ccbe3
755fccc3f
7555ccc9c
754bcccf8
75418cd54
75378cdb0
752d8ce0c
75234ce68
75194cec4
750f0cf20
7504ccf7c
74faccfd8
74f08d034
74e64d08f
74dc0d0eb
74d1cd147
74c78d1a3
74bd0d1fe
74b2cd25a
74a88d2b6
749e0d311
7493cd36d
74894d3c8
747f0d424
74748d47f
746a0d4db
745f8d536
74554d592
744acd5ed
74404d648
74358d6a4
742b0d6ff
74208d75a
74160d7b5
740b4d810
7400cd86c
73f60d8c7
73eb8d922
73e0cd97d
73d60d9d8
73cb8da33
73c0cda8e
73b60dae9
73ab4db43
73a08db9e
73958dbf9
738acdc54
73800dcae
73754dd09
736a4dd64
735f8ddbe
73548de19
73498de74
733ecdece
7333cdf29
7328cdf83
731dcdfde
7312ce038
7307ce092
72fcce0ed
72f1ce147
72e68e1a1
72db8e1fb
72d08e256
72c54e2b0
72ba4e30a
72af0e364
72a3ce3be
7298ce418
728d8e472
72824e4cc
72770e526
726bce580
72608e5da
72554e633
7249ce68d
723e8e6e7
72334e741
7227ce79a
721c8e7f4
72110e84e
7205ce8a7
71fa4e901
71eece95a
71e34e9b4
71d7cea0d
71cc4ea67
71c0ceac0
71b54eb19
71a9ceb72
719e4ebcc
71928ec25
71870ec7e
717b4ecd7
716fced30
71640ed89
71588ede3
714ccee3c
71410ee94
71354eeed
71298ef46
711dcef9f
71120eff8
71064f051
70fa8f0aa
70eecf102
70e2cf15b
70d70f1b4
70cb0f20c
70bf4f265
70b34f2bd
70a74f316
709b8f36e
708f8f3c7
70838f41f
70778f477
706b8f4d0
705f8f528
70538f580
70474f5d8
703b4f631
702f4f689
70230f6e1
70170f739
700acf791
6ffecf7e9
6ff28f841
6fe64f899
6fda0f8f1
6fcdcf948
6fc18f9a0
6fb54f9f8
6fa90fa50
6f9ccfaa7
6f908faff
6f840fb57
6f77cfbae
6f6b8fc06
6f5f0fc5d
6f528fcb5
6f464fd0c
6f39cfd63
6f2d4fdbb
6f20cfe12
6f148fe69
6f080fec1
6efb4ff18
6eeecff6f
6ee24ffc6
6ed5d001d
6ec950074
6ebc900cb
6eb010122
6ea350179
6e96d01d0
6e8a10227
6e7d5027d
6e70902d4
6e641032b
6e5750382
6e4a903d8
6e3dd042f
6e3110485
6e24104dc
6e1750532
6e0a90589
6dfd905df
6df0d0636
6de3d068c
6dd7106e2
6dca10738
6dbd1078f
6db0507e5
6da35083b
6d9650891
6d89508e7
6d7c5093d
6d6f50993
6d62509e9
6d5510a3f
6d4810a95
6d3b10aeb
6d2dd0b40
6d20d0b96
6d1390bec
6d0690c41
6cf950c97
6cec10ced
6cded0d42
6cd190d98
6cc450ded
6cb710e42
6ca9d0e98
6c9c90eed
6c8f50f42
6c8210f98
6c7490fed
6c6751042
6c59d1097
6c4c910ec
6c3f11141
6c3191196
6c24511eb
6c16d1240
6c0951295
6bfbd12ea
6bee5133f
6be0d1393
6bd3513e8
6bc5d143d
6bb811491
6baa914e6
6b9d1153a
6b8f5158f
6b81d15e3
6b7411638
6b665168c
6b58d16e1
6b4b11735
6b3d51789
6b2f917dd
6b21d1831
6b1411886
6b06518da
6af89192e
6aea91982
6adcd19d6
6acf11a2a
6ac111a7d
6ab351ad1
6aa551b25
6a9791b79
6a8991bcc
6a7b91c20
6a6d91c74
6a5fd1cc7
6a51d1d1b
6a43d1d6e
6a3591dc2
6a2791e15
6a1991e68
6a0b91ebc
69fd91f0f
69ef51f62
69e151fb5
69d312009
69c51205c
69b6d20af
69a892102
699a52155
698c521a8
697e121fa
696fd224d
6961922a0
6953522f3
6944d2346
693692398
6928523eb
691a1243d
690b92490
68fd524e2
68eed2535
68e092587
68d2125da
68c39262c
68b51267e
68a6926d0
689852723
6889d2775
687b527c7
686c92819
685e1286b
684f928bd
68411290f
683252960
6823d29b2
681512a04
680692a56
67f7d2aa7
67e952af9
67da92b4b
67cbd2b9c
67bd12bee
67ae52c3f
679f92c91
6790d2ce2
678212d33
677352d85
676492dd6
675592e27
6746d2e78
673812ec9
672912f1a
671a52f6b
670b52fbc
66fc5300d
66ed9305e
66de930af
66cf930ff
66c093150
66b1931a1
66a2931f2
669393242
668493293
6675932e3
666653334
665753384
6648533d4
663913425
662a13475
661ad34c5
660b93515
65fc93565
65ed535b6
65de13606
65ced3656
65bf936a5
65b0536f5
65a113745
6591d3795
6582937e5
657313834
6563d3884
6554938d4
654513923
6535d3973
6526539c2
6516d3a12
650793a61
64f813ab0
64e893b00
64d913b4f
64c993b9e
64ba13bed
64aa93c3c
649b13c8b
648b93cda
647c13d29
646c53d78
645cd3dc7
644d53e16
643d93e65
642e13eb3
641e53f02
640e93f51
63ff13f9f
63ef53fee
63df9403c
63cfd408a
63c0140d9
63b054127
63a094175
6390d41c4
638114212
637114260
6361542ae
6351942fc
63419434a
6331d4398
6321d43e6
6311d4434
630214481
62f2144cf
62e21451d
62d21456b
62c2145b8
62b214606
62a214653
6292146a1
6282146ee
62721473b
626214789
6251d47d6
6241d4823
623194870
6221948bd
62115490a
620154957
61f1149a4
61e0d49f1
61d094a3e
61c094a8b
61b054ad8
61a014b24
618fd4b71
617f54bbe
616f14c0a
615ed4c57
614e94ca3
613e14cef
612dd4d3c
611d94d88
610d14dd4
60fcd4e21
60ec54e6d
60dbd4eb9
60cb54f05
60bb14f51
60aa94f9d
609a14fe9
608995035
607915080
6068950cc
605815118
604755163
6036d51af
6026551fb
601595246
600515291
5ff4552dd
5fe3d5328
5fd315373
5fc2953bf
5fb1d540a
5fa115455
5f90554a0
5f7f954eb
5f6ed5536
5f5e15581
5f4d555cc
5f3c95617
5f2bd5661
5f1b156ac
5f0a156f7
5ef955741
5ee85578c
5ed7957d7
5ec695821
5eb5d586b
5ea4d58b6
5e93d5900
5e831594a
5e7215995
5e61159df
5e5015a29
5e3f15a73
5e2e15abd
5e1d15b07
5e0c15b51
5dfad5b9b
5de9d5be4
5dd8d5c2e
5dc795c78
5db695cc1
5da595d0b
5d9455d54
5d8315d9e
5d7215de7
5d60d5e31
5d4f95e7a
5d3e55ec3
5d2d15f0c
5d1bd5f56
5d0a95f9f
5cf955fe8
5ce816031
5cd6d607a
5cc5960c3
5cb45610b
5ca2d6154
5c919619d
5c80161e6
5c6ed622e
5c5d56277
5c4c162bf
5c3a96308
5c2916350
5c1796399
5c06563e1
5bf4d6429
5be356471
5bd1d64b9
5bc056502
5bae9654a
5b9d16592
5b8b965d9
5b7a16621
5b6856669
5b56d66b1
5b45566f9
5b3396740
5b21d6788
5b10567cf
5afe96817
5aecd685e
5adb568a6
5ac9968ed
5ab7d6934
5aa61697c
5a94569c3
5a8296a0a
5a70d6a51
5a5f16a98
5a4d16adf
5a3b56b26
5a2996b6d
5a1796bb3
5a05d6bfa
59f3d6c41
59e216c87
59d016cce
59be56d15
59ac56d5b
599a56da1
598856de8
597656e2e
596496e74
595296eba
594096f01
592e56f47
591c56f8d
590a56fd3
58f857019
58e65705e
58d4170a4
58c2170ea
58afd7130
589dd7175
588b971bb
587997200
586757246
58551728b
5842d72d1
5830d7316
581e9735b
580c573a0
57fa173e5
57e7d742a
57d59746f
57c3174b4
57b0d74f9
579e9753e
578c57583
5779d75c8
57679760c
575517651
5742d7696
5730576da
571e1771e
570b97763
56f9177a7
56e6d77eb
56d457830
56c1d7874
56af578b8
569cd78fc
568a57940
5677d7984
5665579c8
565297a0c
564017a4f
562d97a93
561ad7ad7
560857b1a
55f5d7b5e
55e317ba1
55d057be5
55bdd7c28
55ab17c6c
559857caf
5585d7cf2
557317d35
556057d78
554d97dbb
553ad7dfe
552817e41
551557e84
550297ec7
54efd7f0a
54dcd7f4c
54ca17f8f
54b757fd1
54a458014
549198056
547ed8099
546bd80db
5458d811d
544618160
5433181a2
5420181e4
540d58226
53fa58268
53e7582aa
53d4582ec
53c15832d
53ae5836f
539b583b1
5388583f3
537518434
536218476
534f184b7
533bd84f8
5328d853a
5315d857b
5302985bc
52ef985fd
52dc5863f
52c918680
52b6186c1
52a2d8702
528f98742
527c58783
5269187c4
5255d8805
524298845
522f58886
521c188c6
5208d8907
51f598947
51e258988
51ced89c8
51bb98a08
51a858a48
5194d8a88
518198ac8
516e18b08
515ad8b48
514758b88
5133d8bc8
512058c08
510d18c47
50f998c87
50e618cc7
50d298d06
50bf18d46
50ab98d85
509818dc4
508498e04
507118e43
505d58e82
5049d8ec1
503658f00
502298f3f
500f18f7e
4ffb98fbd
4fe7d8ffc
4fd45903a
4fc099079
4facd90b8
4f99590f6
4f8599135
4f71d9173
4f5e191b1
4f4a591f0
4f369922e
4f22d926c
4f0f192aa
4efb592e8
4ee799326
4ed3d9364
4ec0193a2
4eac193e0
4e985941e
4e849945b
4e7099499
4e5cd94d7
4e48d9514
4e3519552
4e211958f
4e0d195cc
4df95960a
4de559647
4dd159684
4dbd596c1
4da9596fe
4d959973b
4d8199778
4d6d997b5
4d59597f2
4d455982e
4d315986b
4d1d598a8
4d09598e4
4cf519921
4ce11995d
4ccd19999
4cb8d99d6
4ca4d9a12
4c9099a4e
4c7c99a8a
4c6859ac6
4c5419b02
4c3fd9b3e
4c2bd9b7a
4c1799bb6
4c0359bf1
4bef19c2d
4bdad9c69
4bc699ca4
4bb259ce0
4b9e19d1b
4b89d9d56
4b7599d92
4b6159dcd
4b4cd9e08
4b3899e43
4b2459e7e
4b0fd9eb9
4afb99ef4
4ae719f2f
4ad2d9f6a
4abe59fa5
4aa9d9fdf
4a959a01a
4a811a054
4a6c9a08f
4a581a0c9
4a43da104
4a2f5a13e
4a1ada178
4a065a1b2
49f1da1ed
49dd5a227
49c8da261
49b41a29a
499f9a2d4
498b1a30e
49769a348
4961da382
494d5a3bb
49389a3f5
49241a42e
490f5a468
48fada4a1
48e61a4da
48d19a513
48bcda54d
48a81a586
48935a5bf
487e9a5f8
486a1a631
48555a669
48409a6a2
482bda6db
48171a714
48025a74c
47ed5a785
47d89a7bd
47c3da7f6
47af1a82e
479a1a866
47855a89e
47709a8d6
475b9a90f
4746da947
4731da97f
471d1a9b6
47081a9ee
46f31aa26
46de5aa5e
46c95aa95
46b45aacd
469f5ab04
468a9ab3c
46759ab73
46609abaa
464b9abe2
46369ac19
46219ac50
460c5ac87
45f75acbe
45e25acf5
45cd5ad2c
45b85ad63
45a31ad99
458e1add0
4578dae07
4563dae3d
454e9ae74
45399aeaa
45245aee0
450f5af17
44fa1af4d
44e4daf83
44cfdafb9
44ba9afef
44a55b025
44901b05b
447adb091
44659b0c6
44505b0fc
443b1b132
4425db167
44109b19d
43fb5b1d2
43e61b208
43d09b23d
43bb5b272
43a61b2a7
43909b2dc
437b5b311
43661b346
43509b37b
433b5b3b0
4325db3e5
43105b41a
42fb1b44e
42e59b483
42d01b4b7
42badb4ec
42a55b520
428fdb554
427a5b589
4264db5bd
424f5b5f1
4239db625
42245b659
420edb68d
41f95b6c1
41e3db6f4
41ce1b728
41b89b75c
41a31b78f
418d9b7c3
4177db7f6
41625b82a
414c9b85d
41371b890
41215b8c4
410bdb8f7
40f61b92a
40e09b95d
40cadb990
40b51b9c2
409f5b9f5
4089dba28
40741ba5b
405e5ba8d
40489bac0
4032dbaf2
401d1bb25
40075bb57
3ff19bb89
3fdbdbbbb
3fc61bbed
3fb05bc20
3f9a5bc52
3f849bc83
3f6edbcb5
3f58dbce7
3f431bd19
3f2d5bd4a
3f175bd7c
3f019bdae
3eeb9bddf
3ed5dbe10
3ebfdbe42
3ea9dbe73
3e941bea4
3e7e1bed5
3e681bf06
3e521bf37
3e3c5bf68
3e265bf99
3e105bfca
3dfa5bffb
3de45c02b
3dce5c05c
3db85c08c
3da25c0bd
3d8c5c0ed
3d761c11d
3d601c14e
3d4a1c17e
3d341c1ae
3d1ddc1de
3d07dc20e
3cf1dc23e
3cdb9c26e
3cc59c29d
3caf5c2cd
3c995c2fd
3c831c32c
3c6d1c35c
3c56dc38b
3c409c3bb
3c2a9c3ea
3c145c419
3bfe1c448
3be7dc477
3bd19c4a6
3bbb5c4d5
3ba51c504
3b8f1c533
3b78dc562
3b625c590
3b4c1c5bf
3b35dc5ed
3b1f9c61c
3b095c64a
3af31c679
3adc9c6a7
3ac65c6d5
3ab01c703
3a99dc731
3a835c75f
3a6d1c78d
3a569c7bb
3a405c7e9
3a29dc817
3a139c844
39fd1c872
39e69c89f
39d05c8cd
39b9dc8fa
39a35c927
398cdc955
39769c982
39601c9af
39499c9dc
39331ca09
391c9ca36
39061ca63
38ef9ca8f
38d91cabc
38c29cae9
38ac1cb15
38959cb42
387edcb6e
38685cb9a
3851dcbc7
383b5cbf3
38249cc1f
380e1cc4b
37f79cc77
37e0dcca3
37ca5cccf
37b39ccfb
379d1cd26
37865cd52
376f9cd7e
37591cda9
37425cdd5
372b9ce00
37151ce2b
36fe5ce56
36e79ce82
36d0dcead
36ba5ced8
36a39cf03
368cdcf2e
36761cf58
365f5cf83
36489cfae
3631dcfd8
361b1d003
36041d02d
35ed5d058
35d69d082
35bfdd0ac
35a91d0d6
35921d101
357b5d12b
35649d155
354d9d17e
3536dd1a8
351fdd1d2
35091d1fc
34f21d225
34db5d24f
34c45d278
34ad9d2a2
34969d2cb
347f9d2f4
3468dd31e
3451dd347
343add370
3423dd399
340d1d3c2
33f61d3eb
33df1d413
33c81d43c
33b11d465
339a1d48d
33831d4b6
336c1d4de
33551d506
333e1d52f
33271d557
330fdd57f
32f8dd5a7
32e1dd5cf
32cadd5f7
32b39d61f
329c9d647
32859d66e
326e5d696
32575d6be
32401d6e5
32291d70d
3211dd734
31fadd75b
31e39d782
31cc9d7aa
31b55d7d1
319e5d7f8
31871d81f
316fdd845
31589d86c
31419d893
312a5d8ba
31131d8e0
30fbdd907
30e49d92d
30cd5d954
30b61d97a
309edd9a0
30879d9c6
30705d9ec
30591da12
3041dda38
302a9da5e
30135da84
2ffc1daaa
2fe49dacf
2fcd5daf5
2fb61db1a
2f9eddb40
2f875db65
2f701db8a
2f58ddbb0
2f415dbd5
2f2a1dbfa
2f129dc1f
2efb5dc44
2ee3ddc69
2ecc9dc8d
2eb51dcb2
2e9d9dcd7
2e865dcfb
2e6eddd20
2e575dd44
2e401dd69
2e289dd8d
2e111ddb1
2df99ddd5
2de25ddf9
2dcadde1d
2db35de41
2d9bdde65
2d845de89
2d6cddead
2d555ded0
2d3dddef4
2d265df17
2d0eddf3b
2cf75df5e
2cdfddf81
2cc81dfa5
2cb09dfc8
2c991dfeb
2c819e00e
2c69de031
2c525e054
2c3ade076
2c231e099
2c0b9e0bc
2bf41e0de
2bdc5e101
2bc4de123
2bad1e146
2b959e168
2b7dde18a
2b665e1ac
2b4e9e1ce
2b36de1f0
2b1f5e212
2b079e234
2aefde256
2ad85e277
2ac09e299
2aa8de2ba
2a911e2dc
2a799e2fd
2a61de31f
2a4a1e340
2a325e361
2a1a9e382
2a02de3a3
29eb1e3c4
29d35e3e5
29bb9e406
29a3de427
298c1e447
29745e468
295c9e488
2944de4a9
292cde4c9
29151e4ea
28fd5e50a
28e59e52a
28cd9e54a
28b5de56a
289e1e58a
28865e5aa
286e5e5ca
28569e5e9
283e9e609
2826de629
280ede648
27f71e667
27df1e687
27c75e6a6
27af5e6c5
27979e6e4
277f9e704
27679e722
274fde741
2737de760
271fde77f
27081e79e
26f01e7bc
26d81e7db
26c01e7f9
26a85e818
26905e836
26785e854
26605e872
26485e891
26305e8af
26185e8cd
26005e8ea
25e85e908
25d05e926
25b85e944
25a05e961
25885e97f
25705e99c
25585e9ba
25401e9d7
25281e9f4
25101ea11
24f81ea2e
24dfdea4b
24c7dea68
24afdea85
2497deaa2
247f9eabf
24679eadb
244f5eaf8
24375eb14
241f5eb31
24071eb4d
23ef1eb69
23d6deb85
23bedeba2
23a69ebbe
238e9ebda
23765ebf5
235e1ec11
23461ec2d
232ddec49
23159ec64
22fd9ec80
22e55ec9b
22cd1ecb7
22b51ecd2
229cdeced
22849ed08
226c5ed23
22541ed3e
223bded59
2223ded74
220b9ed8f
21f35edaa
21db1edc4
21c2deddf
21aa9edf9
21925ee14
217a1ee2e
2161dee48
21499ee62
21315ee7c
21191ee96
21009eeb0
20e85eeca
20d01eee4
20b7deefe
209f9ef18
20875ef31
206edef4b
20569ef64
203e5ef7d
2025def97
200d9efb0
1ff55efc9
1fdcdefe2
1fc49effb
1fac5f014
1f93df02d
1f7b9f046
1f631f05e
1f4adf077
1f325f08f
1f1a1f0a8
1f019f0c0
1ee95f0d9
1ed0df0f1
1eb89f109
1ea01f121
1e879f139
1e6f5f151
1e56df169
1e3e5f181
1e261f198
1e0d9f1b0
1df51f1c8
1ddcdf1df
1dc45f1f7
1dabdf20e
1d935f225
1d7adf23c
1d629f253
1d4a1f26b
1d319f281
1d191f298
1d009f2af
1ce81f2c6
1ccf9f2dd
1cb71f2f3
1c9e9f30a
1c861f320
1c6d9f337
1c551f34d
1c3c9f363
1c241f379
1c0b9f38f
1bf31f3a5
1bda9f3bb
1bc21f3d1
1ba99f3e7
1b90df3fc
1b785f412
1b5fdf428
1b475f43d
1b2edf452
1b161f468
1afd9f47d
1ae51f492
1acc5f4a7
1ab3df4bc
1a9b5f4d1
1a82df4e6
1a6a1f4fb
1a519f510
1a38df524
1a205f539
1a07df54d
19ef1f562
19d69f576
19bddf58a
19a55f59e
198c9f5b2
19741f5c6
195b5f5da
1942df5ee
192a1f602
19115f616
18f8df629
18e01f63d
18c79f651
18aedf664
18961f677
187d9f68b
1864df69e
184c1f6b1
18339f6c4
181adf6d7
18021f6ea
17e95f6fd
17d0df70f
17b81f722
179f5f735
17869f747
176ddf75a
17555f76c
173c9f77e
1723df790
170b1f7a3
16f25f7b5
16d99f7c7
16c0df7d9
16a81f7ea
168f5f7fc
16769f80e
165ddf81f
16451f831
162c5f842
16139f854
15fadf865
15e21f876
15c95f887
15b09f899
1597df8aa
157f1f8ba
15665f8cb
154d9f8dc
1534df8ed
151bdf8fd
15031f90e
14ea5f91e
14d19f92f
14b8df93f
14a01f94f
14871f95f
146e5f970
14559f980
143cdf990
1423df99f
140b1f9af
13f25f9bf
13d95f9ce
13c09f9de
13a7df9ed
138edf9fd
13761fa0c
135d5fa1b
13445fa2b
132b9fa3a
1312dfa49
12f9dfa58
12e11fa67
12c81fa75
12af5fa84
12965fa93
127d9faa1
12649fab0
124bdfabe
1232dfacc
121a1fadb
12011fae9
11e85faf7
11cf5fb05
11b69fb13
119d9fb21
1184dfb2f
116bdfb3c
1152dfb4a
113a1fb58
11211fb65
11085fb72
10ef5fb80
10d65fb8d
10bd9fb9a
10a49fba7
108b9fbb4
1072dfbc1
1059dfbce
1040dfbdb
1027dfbe8
100f1fbf4
ff61fc01
fdd1fc0e
fc41fc1a
fab5fc26
f925fc33
f795fc3f
f605fc4b
f475fc57
f2e9fc63
f159fc6f
efc9fc7b
ee39fc86
eca9fc92
eb19fc9e
e98dfca9
e7fdfcb4
e66dfcc0
e4ddfccb
e34dfcd6
e1bdfce1
e02dfcec
de9dfcf7
dd0dfd02
db7dfd0d
d9edfd18
d85dfd22
d6cdfd2d
d53dfd38
d3adfd42
d21dfd4c
d08dfd57
cefdfd61
cd6dfd6b
cbddfd75
ca4dfd7f
c8bdfd89
c72dfd93
c59dfd9c
c40dfda6
c27dfdb0
c0edfdb9
bf5dfdc3
bdcdfdcc
bc3dfdd5
baadfdde
b919fde8
b789fdf1
b5f9fdfa
b469fe02
b2d9fe0b
b149fe14
afb9fe1d
ae25fe25
ac95fe2e
ab05fe36
a975fe3f
a7e5fe47
a655fe4f
a4c1fe57
a331fe5f
a1a1fe67
a011fe6f
9e7dfe77
9cedfe7f
9b5dfe86
99cdfe8e
983dfe95
96a9fe9d
9519fea4
9389feab
91f5feb3
9065feba
8ed5fec1
8d45fec8
8bb1fecf
8a21fed6
8891fedc
86fdfee3
856dfeea
83ddfef0
8249fef6
80b9fefd
7f29ff03
7d95ff09
7c05ff0f
7a75ff16
78e1ff1b
7751ff21
75c1ff27
742dff2d
729dff33
710dff38
6f79ff3e
6de9ff43
6c55ff48
6ac5ff4e
6935ff53
67a1ff58
6611ff5d
647dff62
62edff67
615dff6c
5fc9ff71
5e39ff75
5ca5ff7a
5b15ff7e
5981ff83
57f1ff87
5661ff8b
54cdff90
533dff94
51a9ff98
5019ff9c
4e85ffa0
4cf5ffa3
4b61ffa7
49d1ffab
483dffae
46adffb2
451dffb5
4389ffb9
41f9ffbc
4065ffbf
3ed5ffc2
3d41ffc5
3bb1ffc8
3a1dffcb
388dffce
36f9ffd1
3569ffd3
33d5ffd6
3245ffd9
30b1ffdb
2f21ffdd
2d8dffe0
2bfdffe2
2a69ffe4
28d9ffe6
2745ffe8
25b5ffea
2421ffec
2291ffed
20fdffef
1f6dfff1
1dd9fff2
1c45fff4
1ab5fff5
1921fff6
1791fff7
15fdfff8
146dfff9
12d9fffa
1149fffb
fb5fffc
e25fffd
c91fffe
b01fffe
96dffff
7ddffff
649ffff
4b9ffff
325ffff
195ffff
1ffff
ffe6dffff
ffcddffff
ffb49ffff
ff9b9ffff
ff825ffff
ff695ffff
ff501fffe
ff371fffe
ff1ddfffd
ff04dfffc
feeb9fffb
fed29fffa
feb95fff9
fea05fff8
fe871fff7
fe6e1fff6
fe54dfff5
fe3bdfff4
fe229fff2
fe095fff1
fdf05ffef
fdd71ffed
fdbe1ffec
fda4dffea
fd8bdffe8
fd729ffe6
fd599ffe4
fd405ffe2
fd275ffe0
fd0e1ffdd
fcf51ffdb
fcdbdffd9
fcc2dffd6
fca99ffd3
fc909ffd1
fc775ffce
fc5e5ffcb
fc451ffc8
fc2c1ffc5
fc12dffc2
fbf9dffbf
fbe09ffbc
fbc79ffb9
fbae5ffb5
fb955ffb2
fb7c5ffae
fb631ffab
fb4a1ffa7
fb30dffa3
fb17dffa0
fafe9ff9c
fae59ff98
facc5ff94
fab35ff90
fa9a1ff8b
fa811ff87
fa681ff83
fa4edff7e
fa35dff7a
fa1c9ff75
fa039ff71
f9ea5ff6c
f9d15ff67
f9b85ff62
f99f1ff5d
f9861ff58
f96cdff53
f953dff4e
f93adff48
f9219ff43
f9089ff3e
f8ef5ff38
f8d65ff33
f8bd5ff2d
f8a41ff27
f88b1ff21
f8721ff1b
f858dff16
f83fdff0f
f826dff09
f80d9ff03
f7f49fefd
f7db9fef6
f7c25fef0
f7a95feea
f7905fee3
f7771fedc
f75e1fed6
f7451fecf
f72bdfec8
f712dfec1
f6f9dfeba
f6e0dfeb3
f6c79feab
f6ae9fea4
f6959fe9d
f67c5fe95
f6635fe8e
f64a5fe86
f6315fe7f
f6185fe77
f5ff1fe6f
f5e61fe67
f5cd1fe5f
f5b41fe57
f59adfe4f
f581dfe47
f568dfe3f
f54fdfe36
f536dfe2e
f51ddfe25
f5049fe1d
f4eb9fe14
f4d29fe0b
f4b99fe02
f4a09fdfa
f4879fdf1
f46e9fde8
f4555fdde
f43c5fdd5
f4235fdcc
f40a5fdc3
f3f15fdb9
f3d85fdb0
f3bf5fda6
f3a65fd9c
f38d5fd93
f3745fd89
f35b5fd7f
f3425fd75
f3295fd6b
f3105fd61
f2f75fd57
f2de5fd4c
f2c55fd42
f2ac5fd38
f2935fd2d
f27a5fd22
f2615fd18
f2485fd0d
f22f5fd02
f2165fcf7
f1fd5fcec
f1e45fce1
f1cb5fcd6
f1b25fccb
f1995fcc0
f1805fcb4
f1675fca9
f14e9fc9e
f1359fc92
f11c9fc86
f1039fc7b
f0ea9fc6f
f0d19fc63
f0b8dfc57
f09fdfc4b
f086dfc3f
f06ddfc33
f054dfc26
f03c1fc1a
f0231fc0e
f00a1fc01
eff11fbf4
efd85fbe8
efbf5fbdb
efa65fbce
ef8d5fbc1
ef749fbb4
ef5b9fba7
ef429fb9a
ef29dfb8d
ef10dfb80
eef7dfb72
eedf1fb65
eec61fb58
eead5fb4a
ee945fb3c
ee7b5fb2f
ee629fb21
ee499fb13
ee30dfb05
ee17dfaf7
edff1fae9
ede61fadb
edcd5facc
edb45fabe
ed9b9fab0
ed829faa1
ed69dfa93
ed50dfa84
ed381fa75
ed1f1fa67
ed065fa58
eced5fa49
ecd49fa3a
ecbbdfa2b
eca2dfa1b
ec8a1fa0c
ec715f9fd
ec585f9ed
ec3f9f9de
ec26df9ce
ec0ddf9bf
ebf51f9af
ebdc5f99f
ebc35f990
ebaa9f980
eb91df970
eb791f95f
eb601f94f
eb475f93f
eb2e9f92f
eb15df91e
eafd1f90e
eae45f8fd
eacb5f8ed
eab29f8dc
ea99df8cb
ea811f8ba
ea685f8aa
ea4f9f899
ea36df887
ea1e1f876
ea055f865
e9ec9f854
e9d3df842
e9bb1f831
e9a25f81f
e9899f80e
e970df7fc
e9581f7ea
e93f5f7d9
e9269f7c7
e90ddf7b5
e8f51f7a3
e8dc5f790
e8c39f77e
e8aadf76c
e8925f75a
e8799f747
e860df735
e8481f722
e82f5f70f
e816df6fd
e7fe1f6ea
e7e55f6d7
e7cc9f6c4
e7b41f6b1
e79b5f69e
e7829f68b
e76a1f677
e7515f664
e7389f651
e7201f63d
e7075f629
e6eedf616
e6d61f602
e6bd5f5ee
e6a4df5da
e68c1f5c6
e6739f5b2
e65adf59e
e6425f58a
e6299f576
e6111f562
e5f85f54d
e5dfdf539
e5c75f524
e5ae9f510
e5961f4fb
e57d5f4e6
e564df4d1
e54c5f4bc
e533df4a7
e51b1f492
e5029f47d
e4ea1f468
e4d15f452
e4b8df43d
e4a05f428
e487df412
e46f5f3fc
e4569f3e7
e43e1f3d1
e4259f3bb
e40d1f3a5
e3f49f38f
e3dc1f379
e3c39f363
e3ab1f34d
e3929f337
e37a1f320
e3619f30a
e3491f2f3
e3309f2dd
e3181f2c6
e2ff9f2af
e2e71f298
e2ce9f281
e2b61f26b
e29d9f253
e2855f23c
e26cdf225
e2545f20e
e23bdf1f7
e2235f1df
e20b1f1c8
e1f29f1b0
e1da1f198
e1c1df181
e1a95f169
e190df151
e1789f139
e1601f121
e1479f109
e12f5f0f1
e116df0d9
e0fe9f0c0
e0e61f0a8
e0cddf08f
e0b55f077
e09d1f05e
e0849f046
e06c5f02d
e053df014
e03b9effb
e0235efe2
e00adefc9
dff29efb0
dfda5ef97
dfc1def7d
dfa99ef64
df915ef4b
df78def31
df609ef18
df485eefe
df301eee4
df17deeca
deff9eeb0
dee71ee96
decedee7c
deb69ee62
de9e5ee48
de861ee2e
de6ddee14
de559edf9
de3d5eddf
de251edc4
de0cdedaa
ddf49ed8f
dddc5ed74
ddc45ed59
ddac1ed3e
dd93ded23
dd7b9ed08
dd635eced
dd4b1ecd2
dd331ecb7
dd1adec9b
dd029ec80
dcea9ec64
dcd25ec49
dcba1ec2d
dca21ec11
dc89debf5
dc719ebda
dc599ebbe
dc415eba2
dc295eb85
dc111eb69
dbf91eb4d
dbe0deb31
dbc8deb14
dbb0deaf8
db989eadb
db809eabf
db685eaa2
db505ea85
db385ea68
db205ea4b
db081ea2e
daf01ea11
dad81e9f4
dac01e9d7
daa7de9ba
da8fde99c
da77de97f
da5fde961
da47de944
da2fde926
da17de908
d9ffde8ea
d9e7de8cd
d9cfde8af
d9b7de891
d99fde872
d987de854
d96fde836
d957de818
d9401e7f9
d9281e7db
d9101e7bc
d8f81e79e
d8e05e77f
d8c85e760
d8b05e741
d8989e722
d8809e704
d8689e6e4
d850de6c5
d838de6a6
d8211e687
d8091e667
d7f15e648
d7d95e629
d7c19e609
d7a99e5e9
d791de5ca
d779de5aa
d7621e58a
d74a5e56a
d7329e54a
d71a9e52a
d702de50a
d6eb1e4ea
d6d35e4c9
d6bb5e4a9
d6a39e488
d68bde468
d6741e447
d65c5e427
d6449e406
d62cde3e5
d6151e3c4
d5fd5e3a3
d5e59e382
d5cdde361
d5b61e340
d59e5e31f
d5869e2fd
d56f1e2dc
d5575e2ba
d53f9e299
d527de277
d5105e256
d4f89e234
d4e0de212
d4c95e1f0
d4b19e1ce
d499de1ac
d4825e18a
d46a9e168
d4531e146
d43b5e123
d423de101
d40c1e0de
d3f49e0bc
d3dd1e099
d3c55e076
d3adde054
d3965e031
d37e9e00e
d3671dfeb
d34f9dfc8
d3381dfa5
d3205df81
d308ddf5e
d2f15df3b
d2d9ddf17
d2c25def4
d2aadded0
d2935dead
d27bdde89
d2645de65
d24cdde41
d2355de1d
d21ddddf9
d2069ddd5
d1ef1ddb1
d1d79dd8d
d1c01dd69
d1a8ddd44
d1915dd20
d179ddcfb
d1629dcd7
d14b1dcb2
d1339dc8d
d11c5dc69
d104ddc44
d0ed9dc1f
d0d61dbfa
d0beddbd5
d0a75dbb0
d0901db8a
d078ddb65
d0615db40
d04a1db1a
d032ddaf5
d01b9dacf
d0041daaa
cfecdda84
cfd59da5e
cfbe5da38
cfa71da12
cf8fdd9ec
cf789d9c6
cf615d9a0
cf4a1d97a
cf32dd954
cf1b9d92d
cf045d907
ceed1d8e0
ced5dd8ba
cebe9d893
cea79d86c
ce905d845
ce791d81f
ce61dd7f8
ce4add7d1
ce339d7aa
ce1c9d782
ce055d75b
cdee5d734
cdd71d70d
cdc01d6e5
cda8dd6be
cd91dd696
cd7a9d66e
cd639d647
cd4c9d61f
cd355d5f7
cd1e5d5cf
cd075d5a7
ccf05d57f
ccd91d557
ccc21d52f
ccab1d506
cc941d4de
cc7d1d4b6
cc661d48d
cc4f1d465
cc381d43c
cc211d413
cc0a1d3eb
cbf31d3c2
cbdc5d399
cbc55d370
cbae5d347
cb975d31e
cb809d2f4
cb699d2cb
cb529d2a2
cb3bdd278
cb24dd24f
cb0e1d225
caf71d1fc
cae05d1d2
cac95d1a8
cab29d17e
ca9b9d155
ca84dd12b
ca6e1d101
ca571d0d6
ca405d0ac
ca299d082
ca12dd058
c9fc1d02d
c9e51d003
c9ce5cfd8
c9b79cfae
c9a0dcf83
c98a1cf58
c9735cf2e
c95c9cf03
c945dced8
c92f5cead
c9189ce82
c901dce56
c8eb1ce2b
c8d49ce00
c8bddcdd5
c8a71cda9
c8909cd7e
c879dcd52
c8631cd26
c84c9ccfb
c835dcccf
c81f5cca3
c8089cc77
c7f21cc4b
c7db9cc1f
c7c4dcbf3
c7ae5cbc7
c797dcb9a
c7815cb6e
c76a9cb42
c7541cb15
c73d9cae9
c7271cabc
c7109ca8f
c6fa1ca63
c6e39ca36
c6cd1ca09
c6b69c9dc
c6a01c9af
c6899c982
c6735c955
c65cdc927
c6465c8fa
c62fdc8cd
c6199c89f
c6031c872
c5ec9c844
c5d65c817
c5bfdc7e9
c5a99c7bb
c5931c78d
c57cdc75f
c5665c731
c5501c703
c539dc6d5
c5239c6a7
c50d1c679
c4f6dc64a
c4e09c61c
c4ca5c5ed
c4b41c5bf
c49ddc590
c4875c562
c4711c533
c45b1c504
c444dc4d5
c42e9c4a6
c4185c477
c4021c448
c3ebdc419
c3d59c3ea
c3bf9c3bb
c3a95c38b
c3931c35c
c37d1c32c
c366dc2fd
c350dc2cd
c33a9c29d
c3249c26e
c30e5c23e
c2f85c20e
c2e25c1de
c2cc1c1ae
c2b61c17e
c2a01c14e
c28a1c11d
c273dc0ed
c25ddc0bd
c247dc08c
c231dc05c
c21bdc02b
c205dbffb
c1efdbfca
c1d9dbf99
c1c3dbf68
c1ae1bf37
c1981bf06
c1821bed5
c16c1bea4
c1565be73
c1405be42
c12a5be10
c1149bddf
c0fe9bdae
c0e8dbd7c
c0d2dbd4a
c0bd1bd19
c0a75bce7
c0915bcb5
c07b9bc83
c065dbc52
c04fdbc20
c03a1bbed
c0245bbbb
c00e9bb89
bff8dbb57
bfe31bb25
bfcd5baf2
bfb79bac0
bfa1dba8d
bf8c1ba5b
bf765ba28
bf60db9f5
bf4b1b9c2
bf355b990
bf1f9b95d
bf0a1b92a
bef45b8f7
bededb8c4
bec91b890
beb39b85d
be9ddb82a
be885b7f6
be729b7c3
be5d1b78f
be479b75c
be321b728
be1c5b6f4
be06db6c1
bdf15b68d
bddbdb659
bdc65b625
bdb0db5f1
bd9b5b5bd
bd85db589
bd705b554
bd5adb520
bd455b4ec
bd301b4b7
bd1a9b483
bd051b44e
bcefdb41a
bcda5b3e5
bcc4db3b0
bcaf9b37b
bc9a1b346
bc84db311
bc6f9b2dc
bc5a1b2a7
bc44db272
bc2f9b23d
bc1a1b208
bc04db1d2
bbef9b19d
bbda5b167
bbc51b132
bbafdb0fc
bb9a9b0c6
bb855b091
bb701b05b
bb5adb025
bb459afef
bb305afb9
bb1b5af83
bb061af4d
baf0daf17
badbdaee0
bac69aeaa
bab19ae74
ba9c5ae3d
ba875ae07
ba721add0
ba5d1ad99
ba47dad63
ba32dad2c
ba1ddacf5
ba08dacbe
b9f3dac87
b9de9ac50
b9c99ac19
b9b49abe2
b99f9abaa
b98a9ab73
b9759ab3c
b960dab04
b94bdaacd
b936daa95
b921daa5e
b90d1aa26
b8f81a9ee
b8e31a9b6
b8ce5a97f
b8b95a947
b8a49a90f
b88f9a8d6
b87ada89e
b8661a866
b8511a82e
b83c5a7f6
b8279a7bd
b812da785
b7fdda74c
b7e91a714
b7d45a6db
b7bf9a6a2
b7aada669
b7961a631
b7819a5f8
b76cda5bf
b7581a586
b7435a54d
b72e9a513
b71a1a4da
b7055a4a1
b6f0da468
b6dc1a42e
b6c79a3f5
b6b2da3bb
b69e5a382
b6899a348
b6751a30e
b6609a2d4
b64c1a29a
b6375a261
b622da227
b60e5a1ed
b5f9da1b2
b5e55a178
b5d0da13e
b5bc5a104
b5a81a0c9
b5939a08f
b57f1a054
b56a9a01a
b55659fdf
b541d9fa5
b52d59f6a
b51919f2f
b50499ef4
b4f059eb9
b4dbd9e7e
b4c799e43
b4b359e08
b49ed9dcd
b48a99d92
b47659d56
b46219d1b
b44dd9ce0
b43999ca4
b42559c69
b41119c2d
b3fcd9bf1
b3e899bb6
b3d459b7a
b3c059b3e
b3ac19b02
b397d9ac6
b38399a8a
b36f99a4e
b35b59a12
b347599d6
b33319999
b31f1995d
b30b19921
b2f6d98e4
b2e2d98a8
b2ced986b
b2bad982e
b2a6d97f2
b292997b5
b27e99778
b26a9973b
b256d96fe
b242d96c1
b22ed9684
b21ad9647
b206d960a
b1f3195cc
b1df1958f
b1cb19552
b1b759514
b1a3594d7
b18f99499
b17b9945b
b167d941e
b154193e0
b140193a2
b12c59364
b11899326
b104d92e8
b0f1192aa
b0dd5926c
b0c99922e
b0b5d91f0
b0a2191b1
b08e59173
b07a99135
b066d90f6
b053590b8
b03f99079
b02bd903a
b01858ffc
b00498fbd
aff118f7e
afdd98f3f
afc9d8f00
afb658ec1
afa2d8e82
af8f18e43
af7b98e04
af6818dc4
af5498d85
af4118d46
af2d98d06
af1a18cc7
af0698c87
aef318c47
aedfd8c08
aecc58bc8
aeb8d8b88
aea558b48
ae9218b08
ae7e98ac8
ae6b58a88
ae57d8a48
ae4498a08
ae31589c8
ae1dd8988
ae0a98947
adf758907
ade4188c6
add0d8886
adbd98845
adaa58805
ad97187c4
ad83d8783
ad7098742
ad5d58702
ad4a186c1
ad3718680
ad23d863f
ad10985fd
acfd985bc
acea5857b
acd75853a
acc4584f8
acb1184b7
ac9e18476
ac8b18434
ac77d83f3
ac64d83b1
ac51d836f
ac3ed832d
ac2bd82ec
ac18d82aa
ac05d8268
abf2d8226
abe0181e4
abcd181a2
abba18160
aba75811d
ab94580db
ab8158099
ab6e98056
ab5bd8014
ab48d7fd1
ab3617f8f
ab2357f4c
ab1057f0a
aafd97ec7
aaead7e84
aad817e41
aac557dfe
aab297dbb
aa9fd7d78
aa8d17d35
aa7a57cf2
aa67d7caf
aa5517c6c
aa4257c28
aa2fd7be5
aa1d17ba1
aa0a57b5e
a9f7d7b1a
a9e557ad7
a9d297a93
a9c017a4f
a9ad97a0c
a99ad79c8
a98857984
a975d7940
a963578fc
a950d78b8
a93e57874
a92bd7830
a919577eb
a907177a7
a8f497763
a8e21771e
a8cfd76da
a8bd57696
a8ab17651
a8989760c
a886575c8
a873d7583
a8619753e
a84f574f9
a83d174b4
a82a9746f
a8185742a
a806173e5
a7f3d73a0
a7e19735b
a7cf57316
a7bd572d1
a7ab1728b
a798d7246
a78697200
a774971bb
a76257175
a75057130
a73e170ea
a72c170a4
a719d705e
a707d7019
a6f5d6fd3
a6e3d6f8d
a6d1d6f47
a6bf96f01
a6ad96eba
a69b96e74
a689d6e2e
a677d6de8
a665d6da1
a653d6d5b
a641d6d15
a63016cce
a61e16c87
a60c56c41
a5fa56bfa
a5e896bb3
a5d696b6d
a5c4d6b26
a5b316adf
a5a116a98
a58f56a51
a57d96a0a
a56bd69c3
a55a1697c
a54856934
a536968ed
a524d68a6
a5135685e
a50196817
a4efd67cf
a4de56788
a4cc96740
a4bad66f9
a4a9566b1
a497d6669
a48616621
a474965d9
a46316592
a4519654a
a43fd6502
a42e564b9
a41cd6471
a40b56429
a3f9d63e1
a3e896399
a3d716350
a3c596308
a3b4162bf
a3a2d6277
a3915622e
a380161e6
a36e9619d
a35d56154
a34bd610b
a33a960c3
a3295607a
a31816031
a306d5fe8
a2f595f9f
a2e455f56
a2d315f0c
a2c1d5ec3
a2b095e7a
a29f55e31
a28e15de7
a27d15d9e
a26bd5d54
a25a95d0b
a24995cc1
a23895c78
a22755c2e
a21655be4
a20555b9b
a1f415b51
a1e315b07
a1d215abd
a1c115a73
a1b015a29
a19f159df
a18e15995
a17d1594a
a16c55900
a15b558b6
a14a5586b
a13995821
a128957d7
a117d578c
a106d5741
a0f6156f7
a0e5156ac
a0d455661
a0c395617
a0b2d55cc
a0a215581
a09155536
a080954eb
a06fd54a0
a05f15455
a04e5540a
a03d953bf
a02d15373
a01c55328
a00bd52dd
9ffb15291
9fea95246
9fd9d51fb
9fc9551af
9fb8d5163
9fa815118
9f97950cc
9f8715080
9f7695035
9f6614fe9
9f5594f9d
9f4514f51
9f34d4f05
9f2454eb9
9f13d4e6d
9f0354e21
9ef314dd4
9ee294d88
9ed254d3c
9ec214cef
9eb194ca3
9ea154c57
9e9114c0a
9e80d4bbe
9e7054b71
9e6014b24
9e4fd4ad8
9e3f94a8b
9e2f94a3e
9e1f549f1
9e0f149a4
9dfed4957
9deed490a
9dde948bd
9dce94870
9dbe54823
9dae547d6
9d9e14789
9d8e1473b
9d7e146ee
9d6e146a1
9d5e14653
9d4e14606
9d3e145b8
9d2e1456b
9d1e1451d
9d0e144cf
9cfe14481
9cee54434
9cde543e6
9cce54398
9cbe9434a
9cae942fc
9c9ed42ae
9c8f14260
9c7f14212
9c6f541c4
9c5f94175
9c4fd4127
9c40140d9
9c305408a
9c209403c
9c10d3fee
9c0113f9f
9bf193f51
9be1d3f02
9bd213eb3
9bc293e65
9bb2d3e16
9ba353dc7
9b93d3d78
9b8413d29
9b7493cda
9b6513c8b
9b5593c3c
9b4613bed
9b3693b9e
9b2713b4f
9b1793b00
9b0813ab0
9af893a61
9ae953a12
9ad9d39c2
9aca53973
9abb13923
9aab938d4
9a9c53884
9a8d13834
9a7d937e5
9a6e53795
9a5f13745
9a4fd36f5
9a40936a5
9a3153656
9a2213606
9a12d35b6
9a0393565
99f493515
99e5534c5
99d613475
99c713425
99b7d33d4
99a8d3384
9999d3334
998a932e3
997b93293
996c93242
995d931f2
994e931a1
993f93150
9930930ff
9921930af
99129305e
9903d300d
98f4d2fbc
98e5d2f6b
98d712f1a
98c812ec9
98b952e78
98aa92e27
989b92dd6
988cd2d85
987e12d33
986f52ce2
986092c91
9851d2c3f
984312bee
983452b9c
982592b4b
9816d2af9
980852aa7
97f992a56
97eb12a04
97dc529b2
97cdd2960
97bf1290f
97b0928bd
97a21286b
979392819
9784d27c7
977652775
9767d2723
9759926d0
974b1267e
973c9262c
972e125da
971f92587
971152535
9702d24e2
96f492490
96e61243d
96d7d23eb
96c992398
96bb52346
96acd22f3
969e922a0
96905224d
9682121fa
9673d21a8
9665d2155
965792102
9649520af
963b1205c
962d12009
961ed1fb5
9610d1f62
960291f0f
95f491ebc
95e691e68
95d891e15
95ca91dc2
95bc51d6e
95ae51d1b
95a051cc7
959291c74
958491c20
957691bcc
956891b79
955ad1b25
954cd1ad1
953f11a7d
953111a2a
9523519d6
951591982
95079192e
94f9d18da
94ec11886
94de51831
94d0917dd
94c2d1789
94b511735
94a7516e1
9499d168c
948c11638
947e515e3
9470d158f
94631153a
9455914e6
944811491
943a5143d
942cd13e8
941f51393
9411d133f
9404512ea
93f6d1295
93e951240
93dbd11eb
93ce91196
93c111141
93b3910ec
93a651097
9398d1042
938b90fed
937e10f98
9370d0f42
936390eed
935650e98
934910e42
933bd0ded
932e90d98
932150d42
931410ced
9306d0c97
92f990c41
92ec90bec
92df50b96
92d250b40
92c510aeb
92b810a95
92ab10a3f
929dd09e9
9290d0993
9283d093d
9276d08e7
9269d0891
925cd083b
924fd07e5
92431078f
923610738
9229106e2
921c5068c
920f50636
9202905df
91f590589
91e8d0532
91dc104dc
91cf10485
91c25042f
91b5903d8
91a8d0382
919c1032b
918f902d4
9182d027d
917610227
9169501d0
915cd0179
915010122
9143900cb
9136d0074
912a5001d
911dcffc6
91114ff6f
9104cff18
90f80fec1
90eb8fe69
90df4fe12
90d2cfdbb
90c64fd63
90b9cfd0c
90ad8fcb5
90a10fc5d
90948fc06
90884fbae
907c0fb57
906f8faff
90634faa7
90570fa50
904acf9f8
903e8f9a0
90324f948
90260f8f1
9019cf899
900d8f841
90014f7e9
8ff54f791
8fe90f739
8fdd0f6e1
8fd0cf689
8fc4cf631
8fb8cf5d8
8fac8f580
8fa08f528
8f948f4d0
8f888f477
8f7c8f41f
8f708f3c7
8f648f36e
8f58cf316
8f4ccf2bd
8f40cf265
8f350f20c
8f290f1b4
8f1d4f15b
8f114f102
8f058f0aa
8ef9cf051
8eee0eff8
8ee24ef9f
8ed68ef46
8ecaceeed
8ebf0ee94
8eb34ee3c
8ea78ede3
8e9c0ed89
8e904ed30
8e84cecd7
8e790ec7e
8e6d8ec25
8e61cebcc
8e564eb72
8e4aceb19
8e3f4eac0
8e33cea67
8e284ea0d
8e1cce9b4
8e114e95a
8e05ce901
8dfa4e8a7
8def0e84e
8de38e7f4
8dd84e79a
8dccce741
8dc18e6e7
8db64e68d
8daace633
8d9f8e5da
8d944e580
8d890e526
8d7dce4cc
8d728e472
8d674e418
8d5c4e3be
8d510e364
8d45ce30a
8d3ace2b0
8d2f8e256
8d248e1fb
8d198e1a1
8d0e4e147
8d034e0ed
8cf84e092
8ced4e038
8ce24dfde
8cd74df83
8ccc4df29
8cc14dece
8cb68de74
8cab8de19
8ca08ddbe
8c95cdd64
8c8acdd09
8c800dcae
8c754dc54
8c6a8dbf9
8c5f8db9e
8c54cdb43
8c4a0dae9
8c3f4da8e
8c348da33
8c2a0d9d8
8c1f4d97d
8c148d922
8c0a0d8c7
8bff4d86c
8bf4cd810
8bea0d7b5
8bdf8d75a
8bd50d6ff
8bca8d6a4
8bbfcd648
8bb54d5ed
8baacd592
8ba08d536
8b960d4db
8b8b8d47f
8b810d424
8b76cd3c8
8b6c4d36d
8b620d311
8b578d2b6
8b4d4d25a
8b430d1fe
8b388d1a3
8b2e4d147
8b240d0eb
8b19cd08f
8b0f8d034
8b054cfd8
8afb4cf7c
8af10cf20
8ae6ccec4
8adccce68
8ad28ce0c
8ac88cdb0
8abe8cd54
8ab44ccf8
8aaa4cc9c
8aa04cc3f
8a964cbe3
8a8c4cb87
8a824cb2b
8a784cace
8a6e4ca72
8a648ca16
8a5a8c9b9
8a508c95d
8a46cc900
8a3ccc8a4
8a330c847
8a294c7eb
8a1f8c78e
8a158c732
8a0bcc6d5
8a020c679
89f84c61c
89eecc5bf
89e50c562
89db4c506
89d18c4a9
89c80c44c
89be4c3ef
89b4cc392
89ab0c335
89a18c2d8
89980c27b
898e8c21e
89850c1c1
897b8c164
89720c107
89688c0aa
895f0c04d
89558bff0
894c4bf92
8942cbf35
89398bed8
89300be7b
8926cbe1d
891d8bdc0
89140bd63
890acbd05
89018bca8
88f84bc4a
88ef0bbed
88e5cbb8f
88dccbb32
88d38bad4
88ca4ba76
88c14ba19
88b80b9bb
88af0b95d
88a5cb900
889ccb8a2
8893cb844
888acb7e6
8881cb789
8878cb72b
886fcb6cd
8866cb66f
885dcb611
8854cb5b3
884c0b555
88430b4f7
883a4b499
88314b43b
88288b3dd
881fcb37f
8816cb320
880e0b2c2
88054b264
87fc8b206
87f3cb1a7
87eb0b149
87e28b0eb
87d9cb08c
87d10b02e
87c88afd0
87bfcaf71
87b74af13
87ae8aeb4
87a60ae56
879d8adf7
87950ad99
878c8ad3a
87840acdb
877b8ac7d
87730ac1e
876a8abbf
87624ab61
8759cab02
87518aaa3
87490aa44
8740ca9e6
87384a987
87300a928
8727ca8c9
871f8a86a
87174a80b
870f0a7ac
8706ca74d
86fe8a6ee
86f64a68f
86ee4a630
86e60a5d1
86de0a572
86d5ca513
86cdca4b3
86c58a454
86bd8a3f5
86b58a396
86ad8a336
86a58a2d7
869d8a278
86958a219
868d8a1b9
8685ca15a
867dca0fa
8675ca09b
866e0a03b
866649fdc
865e49f7c
865689f1d
864ec9ebd
864709e5e
863f09dfe
863789d9e
862fc9d3f
862809cdf
862049c7f
861889c20
861109bc0
860949b60
8601c9b00
85fa09aa1
85f289a41
85eb099e1
85e389981
85dbc9921
85d4498c1
85ccc9861
85c589801
85be097a1
85b689741
85af096e1
85a7c9681
85a049621
8599095c1
859189561
858a49500
8583094a0
857bc9440
8574893e0
856d4937f
85660931f
855ec92bf
85578925f
8550491fe
85494919e
85420913d
853b090dd
8533c907d
852cc901c
8525c8fbc
851ec8f5b
851788efb
851088e9a
850988e3a
8502c8dd9
84fbc8d78
84f4c8d18
84edc8cb7
84e708c56
84e008bf6
84d948b95
84d248b34
84cb88ad4
84c4c8a73
84be08a12
84b7489b1
84b088950
84a9c88ef
84a30888f
849c4882e
8495887cd
848f0876c
84884870b
8481c86aa
847b08649
8474885e8
846e08587
846788526
8461084c5
845a88464
845408402
844d883a1
844708340
8440882df
843a0827e
8433c821d
842d481bb
84270815a
8420c80f9
841a48097
841408036
840dc7fd5
840787f73
840147f12
83fb07eb1
83f4c7e4f
83ee87dee
83e887d8c
83e247d2b
83dc47cc9
83d607c68
83d007c06
83c9c7ba5
83c3c7b43
83bdc7ae2
83b7c7a80
83b1c7a1e
83abc79bd
83a5c795b
839fc78f9
839a07898
839407836
838e077d4
838847773
838247711
837c876af
8376c764d
8371075eb
836b4758a
836547528
835fc74c6
835a07464
835447402
834e873a0
8348c733e
8343472dc
833d8727a
833807218
8332471b6
832cc7154
8327470f2
8321c7090
831c4702e
8316c6fcc
831146f6a
830bc6f08
830646ea6
830106e43
82fb86de1
82f606d7f
82f0c6d1d
82eb86cbb
82e606c58
82e0c6bf6
82db86b94
82d646b31
82d106acf
82cbc6a6d
82c686a0b
82c1469a8
82bc06946
82b7068e3
82b1c6881
82acc681f
82a7867bc
82a28675a
829d866f7
829886695
829386632
828e865d0
82898656d
82848650b
827f864a8
827a86445
8275c63e3
8270c6380
826bc631e
8267062bb
826246258
825d461f6
825886193
8253c6130
824f060ce
824a4606b
824586008
8240c5fa5
823c45f43
823785ee0
8232c5e7d
822e45e1a
822985db7
822505d55
822085cf2
821c05c8f
821745c2c
8212c5bc9
820e45b66
8209c5b03
820585aa0
820105a3d
81fc859da
81f845977
81f3c5914
81ef858b1
81eb0584e
81e6c57eb
81e285788
81de45725
81d9c56c2
81d58565f
81d1855fc
81cd45599
81c905536
81c4c54d3
81c0c546f
81bc8540c
81b8853a9
81b445346
81b0452e3
81ac45280
81a84521c
81a4051b9
81a005156
819c050f3
81984508f
81944502c
819044fc9
818c84f65
818884f02
8184c4e9f
8180c4e3b
817d04dd8
817944d75
817544d11
817184cae
816dc4c4b
816a04be7
816644b84
8162c4b20
815f04abd
815b44a59
8157c49f6
815404992
81508492f
814d048cb
814944868
8145c4804
8142447a1
813ec473d
813b446da
8137c4676
813444613
8131045af
812d8454b
812a044e8
8126c4484
812384421
8120043bd
811cc4359
8119842f6
811644292
81130422e
810fc41cb
810c84167
810944103
81060409f
81030403c
80ffc3fd8
80fc83f74
80f983f10
80f683ead
80f343e49
80f043de5
80ed43d81
80ea43d1d
80e743cba
80e443c56
80e143bf2
80de83b8e
80db83b2a
80d883ac6
80d5c3a63
80d3039ff
80d00399b
80cd43937
80ca838d3
80c7c386f
80c50380b
80c2437a7
80bf83743
80bcc36df
80ba0367b
80b783617
80b4c35b3
80b20354f
80af834eb
80ad03487
80aa43423
80a7c33bf
80a54335b
80a2c32f7
80a043293
809dc322f
809b431cb
809903167
809683103
80940309f
8091c303b
808f42fd7
808d02f73
808ac2f0f
808882eab
808602e46
8083c2de2
808182d7e
807f82d1a
807d42cb6
807b02c52
8078c2bee
8076c2b89
807482b25
807282ac1
807042a5d
806e429f9
806c42995
806a42930
8068428cc
806642868
806442804
80624279f
80604273b
805e826d7
805c82673
805ac260f
8058c25aa
805702546
8055424e2
80534247d
805182419
804fc23b5
804e02351
804c422ec
804a82288
804902224
8047421bf
80458215b
8044020f7
804282092
8040c202e
803f41fca
803dc1f65
803c41f01
803a81e9d
803941e38
8037c1dd4
803641d70
8034c1d0b
803341ca7
803201c43
803081bde
802f41b7a
802e01b15
802c81ab1
802b41a4d
802a019e8
8028c1984
80278191f
8026418bb
802501857
8023c17f2
8022c178e
802181729
8020816c5
801f41660
801e415fc
801d41598
801c01533
801b014cf
801a0146a
801901406
8018013a1
80174133d
8016412d8
801541274
80148120f
8013811ab
8012c1147
8011c10e2
80110107e
801041019
800f80fb5
800ec0f50
800e00eec
800d40e87
800c80e23
800bc0dbe
800b40d5a
800a80cf5
8009c0c91
800940c2c
8008c0bc8
800800b63
800780aff
800700a9a
800680a36
8006009d1
80058096d
800500908
8004c08a4
80044083f
8003c07db
800380776
800300711
8002c06ad
800280648
8002405e4
80020057f
8001c051b
8001804b6
800140452
8001003ed
8000c0389
800080324
8000802c0
80004025b
8000401f7
800040192
80004012e
8000400c9
800040065
7fffc0000
7fffc0032
7fffc0065
7fffc0097
7fffc00c9
7fffc00fb
7fffc012e
7fffc0160
7fffc0192
7fffc01c4
7fffc01f7
7fffc0229
7fffc025b
7fff8028d
7fff802c0
7fff802f2
7fff80324
7fff40357
7fff40389
7fff403bb
7fff003ed
7fff00420
7ffec0452
7ffec0484
7ffe804b6
7ffe804e9
7ffe4051b
7ffe4054d
7ffe0057f
7ffe005b2
7ffdc05e4
7ffdc0616
7ffd80648
7ffd8067b
7ffd406ad
7ffd006df
7ffd00711
7ffcc0744
7ffc80776
7ffc407a8
7ffc407db
7ffc0080d
7ffbc083f
7ffb80871
7ffb408a4
7ffb008d6
7ffb00908
7ffac093a
7ffa8096d
7ffa4099f
7ffa009d1
7ff9c0a03
7ff980a36
7ff940a68
7ff900a9a
7ff8c0acc
7ff880aff
7ff840b31
7ff800b63
7ff780b95
7ff740bc8
7ff700bfa
7ff6c0c2c
7ff680c5e
7ff640c91
7ff5c0cc3
7ff580cf5
7ff540d27
7ff4c0d5a
7ff480d8c
7ff440dbe
7ff3c0df0
7ff380e23
7ff340e55
7ff2c0e87
7ff280eb9
7ff200eec
7ff1c0f1e
7ff140f50
7ff100f82
7ff080fb5
7ff040fe7
7fefc1019
7fef8104b
7fef0107e
7fee810b0
7fee410e2
7fedc1114
7fed41147
7fed01179
7fec811ab
7fec011dd
7feb8120f
7feb41242
7feac1274
7fea412a6
7fe9c12d8
7fe94130b
7fe8c133d
7fe88136f
7fe8013a1
7fe7813d4
7fe701406
7fe681438
7fe60146a
7fe58149c
7fe5014cf
7fe481501
7fe401533
7fe381565
7fe2c1598
7fe2415ca
7fe1c15fc
7fe14162e
7fe0c1660
7fe041693
7fdf816c5
7fdf016f7
7fde81729
7fde0175c
7fdd4178e
7fdcc17c0
7fdc417f2
7fdb81824
7fdb01857
7fda41889
7fd9c18bb
7fd9418ed
7fd88191f
7fd801952
7fd741984
7fd6c19b6
7fd6019e8
7fd581a1a
7fd4c1a4d
7fd401a7f
7fd381ab1
7fd2c1ae3
7fd201b15
7fd181b48
7fd0c1b7a
7fd001bac
7fcf81bde
7fcec1c10
7fce01c43
7fcd41c75
7fccc1ca7
7fcc01cd9
7fcb41d0b
7fca81d3d
7fc9c1d70
7fc901da2
7fc841dd4
7fc781e06
7fc6c1e38
7fc641e6b
7fc581e9d
7fc481ecf
7fc3c1f01
7fc301f33
7fc241f65
7fc181f98
7fc0c1fca
7fc001ffc
7fbf4202e
7fbe82060
7fbd82092
7fbcc20c5
7fbc020f7
7fbb42129
7fba8215b
7fb98218d
7fb8c21bf
7fb8021f2
7fb702224
7fb642256
7fb582288
7fb4822ba
7fb3c22ec
7fb2c231e
7fb202351
7fb102383
7fb0423b5
7faf423e7
7fae82419
7fad8244b
7facc247d
7fabc24b0
7faac24e2
7faa02514
7fa902546
7fa842578
7fa7425aa
7fa6425dc
7fa54260f
7fa482641
7fa382673
7fa2826a5
7fa1826d7
7fa082709
7f9fc273b
7f9ec276d
7f9dc279f
7f9cc27d2
7f9bc2804
7f9ac2836
7f99c2868
7f98c289a
7f97c28cc
7f96c28fe
7f95c2930
7f94c2962
7f93c2995
7f92c29c7
7f91c29f9
7f90c2a2b
7f8fc2a5d
7f8e82a8f
7f8d82ac1
7f8c82af3
7f8b82b25
7f8a82b57
7f8942b89
7f8842bbc
7f8742bee
7f8602c20
7f8502c52
7f8402c84
7f82c2cb6
7f81c2ce8
7f8082d1a
7f7f82d4c
7f7e82d7e
7f7d42db0
7f7c42de2
7f7b02e14
7f7a02e46
7f78c2e79
7f7782eab
7f7682edd
7f7542f0f
7f7442f41
7f7302f73
7f71c2fa5
7f70c2fd7
7f6f83009
7f6e4303b
7f6d0306d
7f6c0309f
7f6ac30d1
7f6983103
7f6843135
7f6703167
7f6603199
7f64c31cb
7f63831fd
7f624322f
7f6103261
7f5fc3293
7f5e832c5
7f5d432f7
7f5c03329
7f5ac335b
7f598338d
7f58433bf
7f57033f1
7f55c3423
7f5443455
7f5303487
7f51c34b9
7f50834eb
7f4f4351d
7f4e0354f
7f4c83581
7f4b435b3
7f4a035e5
7f4883617
7f4743649
7f460367b
7f44836ad
7f43436df
7f4203711
7f4083743
7f3f43775
7f3dc37a7
7f3c837d9
7f3b0380b
7f39c383d
7f384386f
7f37038a1
7f35838d3
7f3443905
7f32c3937
7f3143969
7f300399b
7f2e839cd
7f2d039ff
7f2bc3a31
7f2a43a63
7f28c3a94
7f2783ac6
7f2603af8
7f2483b2a
7f2303b5c
7f2183b8e
7f2003bc0
7f1ec3bf2
7f1d43c24
7f1bc3c56
7f1a43c88
7f18c3cba
7f1743cec
7f15c3d1d
7f1443d4f
7f12c3d81
7f1143db3
7f0fc3de5
7f0e43e17
7f0cc3e49
7f0b03e7b
7f0983ead
7f0803ede
7f0683f10
7f0503f42
7f0383f74
7f01c3fa6
7f0043fd8
7efec400a
7efd0403c
7efb8406e
7efa0409f
7ef8440d1
7ef6c4103
7ef544135
7ef384167
7ef204199
7ef0441cb
7eeec41fc
7eed0422e
7eeb84260
7ee9c4292
7ee8442c4
7ee6842f6
7ee504327
7ee344359
7ee18438b
7ee0043bd
7ede443ef
7edc84421
7edb04452
7ed944484
7ed7844b6
7ed6044e8
7ed44451a
7ed28454b
7ed0c457d
7ecf045af
7ecd845e1
7ecbc4613
7eca04644
7ec844676
7ec6846a8
7ec4c46da
7ec30470b
7ec14473d
7ebf8476f
7ebdc47a1
7ebc047d3
7eba44804
7eb884836
7eb6c4868
7eb50489a
7eb3048cb
7eb1448fd
7eaf8492f
7eadc4961
7eac04992
7eaa449c4
7ea8449f6
7ea684a28
7ea4c4a59
7ea2c4a8b
7ea104abd
7e9f44aef
7e9d44b20
7e9b84b52
7e99c4b84
7e97c4bb5
7e9604be7
7e9404c19
7e9244c4b
7e9044c7c
7e8e84cae
7e8c84ce0
7e8ac4d11
7e88c4d43
7e86c4d75
7e8504da6
7e8304dd8
7e8144e0a
7e7f44e3b
7e7d44e6d
7e7b44e9f
7e7984ed0
7e7784f02
7e7584f34
7e7384f65
7e71c4f97
7e6fc4fc9
7e6dc4ffa
7e6bc502c
7e69c505e
7e67c508f
7e65c50c1
7e64050f3
7e6205124
7e6005156
7e5e05187
7e5c051b9
7e5a051eb
7e57c521c
7e55c524e
7e53c5280
7e51c52b1
7e4fc52e3
7e4dc5314
7e4bc5346
7e49c5378
7e47853a9
7e45853db
7e438540c
7e418543e
7e3f4546f
7e3d454a1
7e3b454d3
7e3905504
7e3705536
7e3505567
7e32c5599
7e30c55ca
7e2e855fc
7e2c8562e
7e2a8565f
7e2845691
7e26456c2
7e24056f4
7e21c5725
7e1fc5757
7e1d85788
7e1b857ba
7e19457eb
7e170581d
7e150584e
7e12c5880
7e10858b1
7e0e858e3
7e0c45914
7e0a05946
7e07c5977
7e05c59a9
7e03859da
7e0145a0c
7dff05a3d
7dfcc5a6f
7dfa85aa0
7df845ad2
7df645b03
7df405b35
7df1c5b66
7def85b98
7ded45bc9
7deb05bfb
7de8c5c2c
7de685c5d
7de405c8f
7de1c5cc0
7ddf85cf2
7ddd45d23
7ddb05d55
7dd8c5d86
7dd685db7
7dd405de9
7dd1c5e1a
7dcf85e4c
7dcd45e7d
7dcac5eae
7dc885ee0
7dc645f11
7dc3c5f43
7dc185f74
7dbf45fa5
7dbcc5fd7
7dba86008
7db80603a
7db5c606b
7db34609c
7db1060ce
7dae860ff
7dac46130
7da9c6162
7da786193
7da5061c4
7da2c61f6
7da046227
7d9dc6258
7d9b8628a
7d99062bb
7d96862ec
7d944631e
7d91c634f
7d8f46380
7d8cc63b2
7d8a463e3
7d8806414
7d8586445
7d8306477
7d80864a8
7d7e064d9
7d7b8650b
7d790653c
7d768656d
7d740659e
7d71865d0
7d6f06601
7d6c86632
7d6a06663
7d6786695
7d65066c6
7d62866f7
7d6006728
7d5d8675a
7d5b0678b
7d58867bc
7d55c67ed
7d534681f
7d50c6850
7d4e46881
7d4b868b2
7d49068e3
7d4686915
7d4406946
7d4146977
7d3ec69a8
7d3c069d9
7d3986a0b
7d3706a3c
7d3446a6d
7d31c6a9e
7d2f06acf
7d2c86b00
7d29c6b31
7d2746b63
7d2486b94
7d2206bc5
7d1f46bf6
7d1c86c27
7d1a06c58
7d1746c89
7d1486cbb
7d1206cec
7d0f46d1d
7d0c86d4e
7d0a06d7f
7d0746db0
7d0486de1
7d01c6e12
7cff06e43
7cfc86e74
7cf9c6ea6
7cf706ed7
7cf446f08
7cf186f39
7ceec6f6a
7cec06f9b
7ce946fcc
7ce686ffd
7ce3c702e
7ce10705f
7cde47090
7cdb870c1
7cd8c70f2
7cd607123
7cd347154
7cd087185
7ccdc71b6
7ccac71e7
7cc807218
7cc547249
7cc28727a
7cbf872ab
7cbcc72dc
7cba0730d
7cb74733e
7cb44736f
7cb1873a0
7caec73d1
7cabc7402
7ca907433
7ca607464
7ca347495
7ca0474c6
7c9d874f7
7c9ac7528
7c97c7559
7c94c758a
7c92075bb
7c8f075eb
7c8c4761c
7c894764d
7c868767e
7c83876af
7c80876e0
7c7dc7711
7c7ac7742
7c77c7773
7c74c77a3
7c72077d4
7c6f07805
7c6c07836
7c6907867
7c6607898
7c63478c9
7c60478f9
7c5d4792a
7c5a4795b
7c574798c
7c54479bd
7c51479ee
7c4e47a1e
7c4b47a4f
7c4847a80
7c4547ab1
7c4247ae2
7c3f47b12
7c3c47b43
7c3947b74
7c3647ba5
7c3307bd6
7c3007c06
7c2d07c37
7c2a07c68
7c2707c99
7c23c7cc9
7c20c7cfa
7c1dc7d2b
7c1ac7d5c
7c1787d8c
7c1487dbd
7c1187dee
7c0e47e1f
7c0b47e4f
7c0807e80
7c0507eb1
7c0207ee1
7bfec7f12
7bfbc7f43
7bf887f73
7bf587fa4
7bf247fd5
7bef48005
7bec08036
7be8c8067
7be5c8097
7be2880c8
7bdf480f9
7bdc48129
7bd90815a
7bd5c818b
7bd2c81bb
7bcf881ec
7bcc4821d
7bc90824d
7bc60827e
7bc2c82ae
7bbf882df
7bbc48310
7bb908340
7bb5c8371
7bb2883a1
7baf483d2
7bac08402
7ba8c8433
7ba588464
7ba248494
7b9f084c5
7b9bc84f5
7b9888526
7b9548556
7b9208587
7b8ec85b7
7b8b885e8
7b8848618
7b8508649
7b8188679
7b7e486aa
7b7b086da
7b77c870b
7b744873b
7b710876c
7b6dc879c
7b6a887cd
7b67087fd
7b63c882e
7b604885e
7b5d0888f
7b59c88bf
7b56488ef
7b5308920
7b4f88950
7b4c48981
7b48c89b1
7b45889e2
7b4208a12
7b3ec8a42
7b3b48a73
7b37c8aa3
7b3488ad4
7b3108b04
7b2dc8b34
7b2a48b65
7b26c8b95
7b2348bc5
7b2008bf6
7b1c88c26
7b1908c56
7b1588c87
7b1248cb7
7b0ec8ce7
7b0b48d18
7b07c8d48
7b0448d78
7b00c8da9
7afd48dd9
7af9c8e09
7af688e3a
7af308e6a
7aef88e9a
7aec08eca
7ae888efb
7ae4c8f2b
7ae148f5b
7addc8f8b
7ada48fbc
7ad6c8fec
7ad34901c
7acfc904c
7acc4907d
7ac8890ad
7ac5090dd
7ac18910d
7abe0913d
7aba4916e
7ab6c919e
7ab3491ce
7aafc91fe
7aac0922e
7aa88925f
7aa4c928f
7aa1492bf
7a9dc92ef
7a9a0931f
7a968934f
7a92c937f
7a8f493b0
7a8b893e0
7a8809410
7a8449440
7a80c9470
7a7d094a0
7a79494d0
7a75c9500
7a7209530
7a6e89561
7a6ac9591
7a67095c1
7a63495f1
7a5fc9621
7a5c09651
7a5849681
7a54896b1
7a51096e1
7a4d49711
7a4989741
7a45c9771
7a42097a1
7a3e497d1
7a3a89801
7a3709831
7a3349861
7a2f89891
7a2bc98c1
7a28098f1
7a2449921
7a2089951
7a1c89981
7a18c99b1
7a15099e1
7a1149a11
7a0d89a41
7a09c9a71
7a0609aa1
7a0249ad0
79fe49b00
79fa89b30
79f6c9b60
79f309b90
79ef09bc0
79eb49bf0
79e789c20
79e389c50
79dfc9c7f
79dc09caf
79d809cdf
79d449d0f
79d049d3f
79cc89d6f
79c889d9e
79c4c9dce
79c109dfe
79bd09e2e
79b909e5e
79b549e8e
79b149ebd
79ad89eed
79a989f1d
79a589f4d
79a1c9f7c
799dc9fac
7999c9fdc
79960a00c
79920a03b
798e0a06b
798a4a09b
79864a0cb
79824a0fa
797e4a12a
797a4a15a
79764a189
79728a1b9
796e8a1e9
796a8a219
79668a248
79628a278
795e8a2a8
795a8a2d7
79568a307
79528a336
794e8a366
794a8a396
79468a3c5
79428a3f5
793e8a425
793a8a454
79364a484
79324a4b3
792e4a4e3
792a4a513
79264a542
79220a572
791e0a5a1
791a0a5d1
79160a600
7911ca630
790dca660
7909ca68f
79058a6bf
79018a6ee
78fd8a71e
78f94a74d
78f54a77d
78f10a7ac
78ed0a7dc
78e8ca80b
78e4ca83b
78e08a86a
78dc8a89a
78d84a8c9
78d44a8f8
78d00a928
78cbca957
78c7ca987
78c38a9b6
78bf4a9e6
78bb4aa15
78b70aa44
78b2caa74
78ae8aaa3
78aa8aad3
78a64ab02
78a20ab31
789dcab61
7899cab90
78958abbf
78914abef
788d0ac1e
7888cac4d
78848ac7d
78804acac
787c0acdb
7877cad0b
78738ad3a
786f4ad69
786b0ad99
7866cadc8
78628adf7
785e4ae27
785a0ae56
7855cae85
78518aeb4
784d0aee4
7848caf13
78448af42
78404af71
783c0afa0
78378afd0
78334afff
782f0b02e
782a8b05d
78264b08c
78220b0bc
781d8b0eb
78194b11a
78150b149
78108b178
780c4b1a7
7807cb1d7
78038b206
77ff0b235
77facb264
77f64b293
77f20b2c2
77ed8b2f1
77e94b320
77e4cb34f
77e04b37f
77dc0b3ae
77d78b3dd
77d34b40c
77cecb43b
77ca4b46a
77c5cb499
77c18b4c8
77bd0b4f7
77b88b526
77b40b555
77afcb584
77ab4b5b3
77a6cb5e2
77a24b611
779dcb640
77994b66f
7794cb69e
77904b6cd
778bcb6fc
77874b72b
7782cb75a
777e4b789
7779cb7b7
77754b7e6
7770cb815
776c4b844
7767cb873
77634b8a2
775ecb8d1
775a4b900
7755cb92f
77510b95d
774c8b98c
77480b9bb
77438b9ea
773ecba19
773a4ba48
7735cba76
77314baa5
772c8bad4
77280bb03
77234bb32
771ecbb60
771a4bb8f
77158bbbe
77110bbed
770c4bc1b
7707cbc4a
77030bc79
76fe8bca8
76f9cbcd6
76f54bd05
76f08bd34
76ec0bd63
76e74bd91
76e28bdc0
76de0bdef
76d94be1d
76d48be4c
76d00be7b
76cb4bea9
76c68bed8
76c20bf07
76bd4bf35
76b88bf64
76b3cbf92
76af0bfc1
76aa8bff0
76a5cc01e
76a10c04d
769c4c07b
76978c0aa
7692cc0d9
768e0c107
76894c136
76848c164
767fcc193
767b0c1c1
76764c1f0
76718c21e
766ccc24d
76680c27b
76634c2aa
765e8c2d8
7659cc307
76550c335
76500c364
764b4c392
76468c3c1
7641cc3ef
763ccc41e
76380c44c
76334c47a
762e8c4a9
76298c4d7
7624cc506
76200c534
761b0c562
76164c591
76114c5bf
760c8c5ed
7607cc61c
7602cc64a
75fe0c679
75f90c6a7
75f44c6d5
75ef4c703
75ea8c732
75e58c760
75e08c78e
75dbcc7bd
75d6cc7eb
75d20c819
75cd0c847
75c80c876
75c34c8a4
75be4c8d2
75b94c900
75b44c92f
75af8c95d
75aa8c98b
75a58c9b9
75a08c9e8
759b8ca16
7596cca44
7591cca72
758cccaa0
7587ccace
7582ccafd
757dccb2b
7578ccb59
7573ccb87
756eccbb5
7569ccbe3
7564ccc11
755fccc3f
755accc6d
7555ccc9c
7550cccca
754bcccf8
7546ccd26
75418cd54
753c8cd82
75378cdb0
75328cdde
752d8ce0c
75284ce3a
75234ce68
751e4ce96
75194cec4
75140cef2
750f0cf20
750a0cf4e
7504ccf7c
74ffccfaa
74faccfd8
74f58d006
74f08d034
74eb4d061
74e64d08f
74e10d0bd
74dc0d0eb
74d6cd119
74d1cd147
74cc8d175
74c78d1a3
74c24d1d1
74bd0d1fe
74b80d22c
74b2cd25a
74ad8d288
74a88d2b6
74a34d2e3
749e0d311
74990d33f
7493cd36d
748e8d39b
74894d3c8
74844d3f6
747f0d424
7479cd452
74748d47f
746f4d4ad
746a0d4db
7464cd509
745f8d536
745a8d564
74554d592
74500d5bf
744acd5ed
74458d61b
74404d648
743b0d676
74358d6a4
74304d6d1
742b0d6ff
7425cd72c
74208d75a
741b4d788
74160d7b5
7410cd7e3
740b4d810
74060d83e
7400cd86c
73fb8d899
73f60d8c7
73f0cd8f4
73eb8d922
73e60d94f
73e0cd97d
73db8d9aa
73d60d9d8
73d0cda05
73cb8da33
73c60da60
73c0cda8e
73bb4dabb
73b60dae9
73b08db16
73ab4db43
73a5cdb71
73a08db9e
739b0dbcc
73958dbf9
73904dc26
738acdc54
73858dc81
73800dcae
737a8dcdc
73754dd09
736fcdd37
736a4dd64
7364cdd91
735f8ddbe
735a0ddec
73548de19
734f0de46
73498de74
73444dea1
733ecdece
73394defb
7333cdf29
732e4df56
7328cdf83
73234dfb0
731dcdfde
73184e00b
7312ce038
730d4e065
7307ce092
73024e0bf
72fcce0ed
72f74e11a
72f1ce147
72ec4e174
72e68e1a1
72e10e1ce
72db8e1fb
72d60e229
72d08e256
72cace283
72c54e2b0
72bfce2dd
72ba4e30a
72b48e337
72af0e364
72a98e391
72a3ce3be
729e4e3eb
7298ce418
72930e445
728d8e472
7287ce49f
72824e4cc
727c8e4f9
72770e526
72714e553
726bce580
72660e5ad
72608e5da
725ace607
72554e633
724f8e660
7249ce68d
72444e6ba
723e8e6e7
7238ce714
72334e741
722d8e76e
7227ce79a
72224e7c7
721c8e7f4
7216ce821
72110e84e
720b4e87a
7205ce8a7
72000e8d4
71fa4e901
71f48e92d
71eece95a
71e90e987
71e34e9b4
71dd8e9e0
71d7cea0d
71d20ea3a
71cc4ea67
71c68ea93
71c0ceac0
71bb0eaed
71b54eb19
71af8eb46
71a9ceb72
71a40eb9f
719e4ebcc
71988ebf8
71928ec25
718ccec52
71870ec7e
71814ecab
717b4ecd7
71758ed04
716fced30
716a0ed5d
71640ed89
715e4edb6
71588ede3
71528ee0f
714ccee3c
71470ee68
71410ee94
713b4eec1
71354eeed
712f8ef1a
71298ef46
7123cef73
711dcef9f
71180efcc
71120eff8
710c4f024
71064f051
71004f07d
70fa8f0aa
70f48f0d6
70eecf102
70e8cf12f
70e2cf15b
70dccf187
70d70f1b4
70d10f1e0
70cb0f20c
70c50f238
70bf4f265
70b94f291
70b34f2bd
70ad4f2ea
70a74f316
70a18f342
709b8f36e
70958f39a
708f8f3c7
70898f3f3
70838f41f
707d8f44b
70778f477
70718f4a4
706b8f4d0
70658f4fc
705f8f528
70598f554
70538f580
704d8f5ac
70474f5d8
70414f604
703b4f631
70354f65d
702f4f689
70290f6b5
70230f6e1
701d0f70d
70170f739
7010cf765
700acf791
7004cf7bd
6ffecf7e9
6ff88f815
6ff28f841
6fec4f86d
6fe64f899
6fe04f8c5
6fda0f8f1
6fd40f91c
6fcdcf948
6fc7cf974
6fc18f9a0
6fbb8f9cc
6fb54f9f8
6faf4fa24
6fa90fa50
6fa30fa7b
6f9ccfaa7
6f968fad3
6f908faff
6f8a4fb2b
6f840fb57
6f7e0fb82
6f77cfbae
6f718fbda
6f6b8fc06
6f654fc31
6f5f0fc5d
6f58cfc89
6f528fcb5
6f4c8fce0
6f464fd0c
6f400fd38
6f39cfd63
6f338fd8f
6f2d4fdbb
6f270fde6
6f20cfe12
6f1a8fe3e
6f148fe69
6f0e4fe95
6f080fec1
6f01cfeec
6efb4ff18
6ef50ff43
6eeecff6f
6ee88ff9a
6ee24ffc6
6edc0fff1
6ed5d001d
6ecf90049
6ec950074
6ec2d00a0
6ebc900cb
6eb6500f7
6eb010122
6ea9d014d
6ea350179
6e9d101a4
6e96d01d0
6e90501fb
6e8a10227
6e83d0252
6e7d5027d
6e77102a9
6e70902d4
6e6a50300
6e641032b
6e5d90356
6e5750382
6e50d03ad
6e4a903d8
6e4410404
6e3dd042f
6e375045a
6e3110485
6e2a904b1
6e24104dc
6e1dd0507
6e1750532
6e10d055e
6e0a90589
6e04105b4
6dfd905df
6df75060a
6df0d0636
6dea50661
6de3d068c
6ddd906b7
6dd7106e2
6dd09070d
6dca10738
6dc390764
6dbd1078f
6db6d07ba
6db0507e5
6da9d0810
6da35083b
6d9cd0866
6d9650891
6d8fd08bc
6d89508e7
6d82d0912
6d7c5093d
6d75d0968
6d6f50993
6d68d09be
6d62509e9
6d5bd0a14
6d5510a3f
6d4e90a6a
6d4810a95
6d4190ac0
6d3b10aeb
6d3450b15
6d2dd0b40
6d2750b6b
6d20d0b96
6d1a10bc1
6d1390bec
6d0d10c17
6d0690c41
6cffd0c6c
6cf950c97
6cf290cc2
6cec10ced
6ce590d17
6cded0d42
6cd850d6d
6cd190d98
6ccb10dc2
6cc450ded
6cbdd0e18
6cb710e42
6cb090e6d
6ca9d0e98
6ca350ec2
6c9c90eed
6c95d0f18
6c8f50f42
6c8890f6d
6c8210f98
6c7b50fc2
6c7490fed
6c6dd1017
6c6751042
6c609106d
6c59d1097
6c53110c2
6c4c910ec
6c45d1117
6c3f11141
6c385116c
6c3191196
6c2b111c1
6c24511eb
6c1d91216
6c16d1240
6c101126b
6c0951295
6c02912bf
6bfbd12ea
6bf511314
6bee5133f
6be791369
6be0d1393
6bda113be
6bd3513e8
6bcc91412
6bc5d143d
6bbed1467
6bb811491
6bb1514bc
6baa914e6
6ba3d1510
6b9d1153a
6b9611565
6b8f5158f
6b88915b9
6b81d15e3
6b7ad160e
6b7411638
6b6d51662
6b665168c
6b5f916b6
6b58d16e1
6b51d170b
6b4b11735
6b441175f
6b3d51789
6b36517b3
6b2f917dd
6b28d1807
6b21d1831
6b1b1185c
6b1411886
6b0d118b0
6b06518da
6aff51904
6af89192e
6af191958
6aea91982
6ae3d19ac
6adcd19d6
6ad5d1a00
6acf11a2a
6ac811a53
6ac111a7d
6aba51aa7
6ab351ad1
6aac51afb
6aa551b25
6a9e51b4f
6a9791b79
6a9091ba3
6a8991bcc
6a8291bf6
6a7b91c20
6a7491c4a
6a6d91c74
6a6691c9d
6a5fd1cc7
6a58d1cf1
6a51d1d1b
6a4ad1d45
6a43d1d6e
6a3cd1d98
6a3591dc2
6a2e91deb
6a2791e15
6a2091e3f
6a1991e68
6a1291e92
6a0b91ebc
6a0491ee5
69fd91f0f
69f651f39
69ef51f62
69e851f8c
69e151fb5
69da11fdf
69d312009
69cc12032
69c51205c
69bdd2085
69b6d20af
69afd20d8
69a892102
69a19212b
699a52155
69935217e
698c521a8
6985121d1
697e121fa
6976d2224
696fd224d
696892277
6961922a0
695a522c9
6953522f3
694c1231c
6944d2346
693dd236f
693692398
692f923c2
6928523eb
692112414
691a1243d
6912d2467
690b92490
6904524b9
68fd524e2
68f61250c
68eed2535
68e79255e
68e092587
68d9525b0
68d2125da
68cad2603
68c39262c
68bc52655
68b51267e
68add26a7
68a6926d0
689f926f9
689852723
68911274c
6889d2775
68829279e
687b527c7
6873d27f0
686c92819
686552842
685e1286b
6856d2894
684f928bd
6848528e6
68411290f
6839d2938
683252960
682b12989
6823d29b2
681c929db
681512a04
680dd2a2d
680692a56
67ff52a7f
67f7d2aa7
67f092ad0
67e952af9
67e1d2b22
67da92b4b
67d352b73
67cbd2b9c
67c492bc5
67bd12bee
67b5d2c16
67ae52c3f
67a712c68
679f92c91
679852cb9
6790d2ce2
678992d0b
678212d33
677ad2d5c
677352d85
676bd2dad
676492dd6
675d12dfe
675592e27
674e52e4f
6746d2e78
673f52ea1
673812ec9
673092ef2
672912f1a
672192f43
671a52f6b
6712d2f94
670b52fbc
6703d2fe5
66fc5300d
66f513035
66ed9305e
66e613086
66de930af
66d7130d7
66cf930ff
66c813128
66c093150
66b913179
66b1931a1
66aa131c9
66a2931f2
669b1321a
669393242
668c1326a
668493293
667d132bb
6675932e3
666dd330b
666653334
665ed335c
665753384
664fd33ac
6648533d4
6640933fd
663913425
66319344d
662a13475
66225349d
661ad34c5
6613534ed
660b93515
66041353d
65fc93565
65f4d358d
65ed535b6
65e5935de
65de13606
65d65362e
65ced3656
65c75367e
65bf936a5
65b8136cd
65b0536f5
65a8d371d
65a113745
65995376d
6591d3795
658a137bd
6582937e5
657ad380d
657313834
656b9385c
6563d3884
655c138ac
6554938d4
654cd38fb
654513923
653d5394b
6535d3973
652e1399b
6526539c2
651e939ea
6516d3a12
650f53a39
650793a61
64ffd3a89
64f813ab0
64f053ad8
64e893b00
64e0d3b27
64d913b4f
64d153b76
64c993b9e
64c1d3bc6
64ba13bed
64b253c15
64aa93c3c
64a2d3c64
649b13c8b
649353cb3
648b93cda
6483d3d02
647c13d29
647453d51
646c53d78
646493da0
645cd3dc7
645513dee
644d53e16
644553e3d
643d93e65
6435d3e8c
642e13eb3
642613edb
641e53f02
641693f29
640e93f51
6406d3f78
63ff13f9f
63f713fc6
63ef53fee
63e754015
63df9403c
63d794063
63cfd408a
63c8140b2
63c0140d9
63b854100
63b054127
63a89414e
63a094175
63989419d
6390d41c4
6388d41eb
638114212
637914239
637114260
636954287
6361542ae
6359542d5
6351942fc
634994323
63419434a
633994371
6331d4398
6329d43bf
6321d43e6
6319d440d
6311d4434
630a1445b
630214481
62fa144a8
62f2144cf
62ea144f6
62e21451d
62da14544
62d21456b
62ca14591
62c2145b8
62ba145df
62b214606
62aa1462c
62a214653
629a1467a
6292146a1
628a146c7
6282146ee
627a14715
62721473b
626a14762
626214789
6259d47af
6251d47d6
6249d47fc
6241d4823
6239d484a
623194870
622994897
6221948bd
6219948e4
62115490a
620954931
620154957
61f91497e
61f1149a4
61e9149cb
61e0d49f1
61d8d4a18
61d094a3e
61c894a64
61c094a8b
61b854ab1
61b054ad8
61a814afe
61a014b24
6197d4b4b
618fd4b71
618794b97
617f54bbe
617754be4
616f14c0a
616714c30
615ed4c57
615694c7d
614e94ca3
614654cc9
613e14cef
613614d16
612dd4d3c
612594d62
611d94d88
611554dae
610d14dd4
6104d4dfa
60fcd4e21
60f494e47
60ec54e6d
60e414e93
60dbd4eb9
60d394edf
60cb54f05
60c354f2b
60bb14f51
60b2d4f77
60aa94f9d
60a254fc3
609a14fe9
6091d500f
608995035
60815505a
607915080
6070d50a6
6068950cc
6060550f2
605815118
604f9513e
604755163
603f15189
6036d51af
602e951d5
6026551fb
601e15220
601595246
600d5526c
600515291
5ffcd52b7
5ff4552dd
5fec15302
5fe3d5328
5fdb9534e
5fd315373
5fcad5399
5fc2953bf
5fba153e4
5fb1d540a
5fa95542f
5fa115455
5f98d547b
5f90554a0
5f88154c6
5f7f954eb
5f7755511
5f6ed5536
5f669555c
5f5e15581
5f55d55a6
5f4d555cc
5f45155f1
5f3c95617
5f341563c
5f2bd5661
5f2355687
5f1b156ac
5f12956d2
5f0a156f7
5f01d571c
5ef955741
5ef0d5767
5ee85578c
5ee0157b1
5ed7957d7
5ecf157fc
5ec695821
5ebe55846
5eb5d586b
5ead55891
5ea4d58b6
5e9c558db
5e93d5900
5e8b95925
5e831594a
5e7a9596f
5e7215995
5e69959ba
5e61159df
5e5895a04
5e5015a29
5e4795a4e
5e3f15a73
5e3695a98
5e2e15abd
5e2595ae2
5e1d15b07
5e1495b2c
5e0c15b51
5e0395b76
5dfad5b9b
5df255bbf
5de9d5be4
5de155c09
5dd8d5c2e
5dd055c53
5dc795c78
5dbf15c9d
5db695cc1
5dae15ce6
5da595d0b
5d9cd5d30
5d9455d54
5d8bd5d79
5d8315d9e
5d7a95dc3
5d7215de7
5d6955e0c
5d60d5e31
5d5855e55
5d4f95e7a
5d4715e9f
5d3e55ec3
5d35d5ee8
5d2d15f0c
5d2495f31
5d1bd5f56
5d1355f7a
5d0a95f9f
5d0215fc3
5cf955fe8
5cf0d600c
5ce816031
5cdf96055
5cd6d607a
5cce1609e
5cc5960c3
5cbcd60e7
5cb45610b
5cab96130
5ca2d6154
5c9a16179
5c919619d
5c88d61c1
5c80161e6
5c779620a
5c6ed622e
5c6616253
5c5d56277
5c549629b
5c4c162bf
5c43562e4
5c3a96308
5c31d632c
5c2916350
5c2056374
5c1796399
5c0ed63bd
5c06563e1
5bfd96405
5bf4d6429
5bec1644d
5be356471
5bda96495
5bd1d64b9
5bc9164de
5bc056502
5bb796526
5bae9654a
5ba5d656e
5b9d16592
5b94565b6
5b8b965d9
5b82d65fd
5b7a16621
5b7156645
5b6856669
5b5f9668d
5b56d66b1
5b4e166d5
5b45566f9
5b3c5671c
5b3396740
5b2ad6764
5b21d6788
5b19167ac
5b10567cf
5b07967f3
5afe96817
5af5d683b
5aecd685e
5ae416882
5adb568a6
5ad2568c9
5ac9968ed
5ac096911
5ab7d6934
5aaed6958
5aa61697c
5a9d1699f
5a94569c3
5a8b569e6
5a8296a0a
5a7996a2d
5a70d6a51
5a67d6a74
5a5f16a98
5a5616abb
5a4d16adf
5a4456b02
5a3b56b26
5a3256b49
5a2996b6d
5a2096b90
5a1796bb3
5a0ed6bd7
5a05d6bfa
59fcd6c1e
59f3d6c41
59eb16c64
59e216c87
59d916cab
59d016cce
59c716cf1
59be56d15
59b556d38
59ac56d5b
59a356d7e
599a56da1
599156dc5
598856de8
597f56e0b
597656e2e
596d96e51
596496e74
595b96e97
595296eba
594996ede
594096f01
593796f24
592e56f47
592556f6a
591c56f8d
591356fb0
590a56fd3
590156ff6
58f857019
58ef5703b
58e65705e
58dd17081
58d4170a4
58cb170c7
58c2170ea
58b91710d
58afd7130
58a6d7152
589dd7175
5894d7198
588b971bb
5882971de
587997200
587057223
586757246
585e57268
58551728b
584c172ae
5842d72d1
5839d72f3
5830d7316
582797338
581e9735b
58155737e
580c573a0
5803173c3
57fa173e5
57f0d7408
57e7d742a
57de9744d
57d59746f
57cc57492
57c3174b4
57ba174d7
57b0d74f9
57a7d751c
579e9753e
579557561
578c57583
5783175a5
5779d75c8
5770d75ea
57679760c
575e5762f
575517651
574c17673
5742d7696
5739976b8
5730576da
5727576fc
571e1771e
5714d7741
570b97763
570257785
56f9177a7
56efd77c9
56e6d77eb
56dd9780e
56d457830
56cb17852
56c1d7874
56b897896
56af578b8
56a6178da
569cd78fc
56939791e
568a57940
568117962
5677d7984
566e979a6
5665579c8
565bd79ea
565297a0c
564957a2e
564017a4f
5636d7a71
562d97a93
562457ab5
561ad7ad7
561197af9
560857b1a
55ff17b3c
55f5d7b5e
55ec57b80
55e317ba1
55d9d7bc3
55d057be5
55c717c07
55bdd7c28
55b497c4a
55ab17c6c
55a1d7c8d
559857caf
558f17cd0
5585d7cf2
557c57d14
557317d35
556997d57
556057d78
555717d9a
554d97dbb
554457ddd
553ad7dfe
553197e20
552817e41
551ed7e63
551557e84
550bd7ea5
550297ec7
54f917ee8
54efd7f0a
54e657f2b
54dcd7f4c
54d397f6e
54ca17f8f
54c097fb0
54b757fd1
54add7ff3
54a458014
549b18035
549198056
548818078
547ed8099
5475580ba
546bd80db
5462580fc
5458d811d
544f9813e
544618160
543c98181
5433181a2
5429981c3
5420181e4
541698205
540d58226
5403d8247
53fa58268
53f0d8289
53e7582aa
53ddd82cb
53d4582ec
53cad830d
53c15832d
53b7d834e
53ae5836f
53a4d8390
539b583b1
5391d83d2
5388583f3
537e98413
537518434
536b98455
536218476
535898496
534f184b7
5345984d8
533bd84f8
533258519
5328d853a
531f5855a
5315d857b
530c1859c
5302985bc
52f9185dd
52ef985fd
52e5d861e
52dc5863f
52d2d865f
52c918680
52bf986a0
52b6186c1
52ac586e1
52a2d8702
529918722
528f98742
528618763
527c58783
5272d87a4
5269187c4
525f987e4
5255d8805
524c58825
524298845
523918866
522f58886
5225d88a6
521c188c6
5212988e7
5208d8907
51ff18927
51f598947
51ebd8967
51e258988
51d8989a8
51ced89c8
51c5589e8
51bb98a08
51b1d8a28
51a858a48
519e98a68
5194d8a88
518b18aa8
518198ac8
5177d8ae8
516e18b08
516458b28
515ad8b48
515118b68
514758b88
513d98ba8
5133d8bc8
512a18be8
512058c08
5116d8c28
510d18c47
510358c67
50f998c87
50efd8ca7
50e618cc7
50dc58ce6
50d298d06
50c8d8d26
50bf18d46
50b558d65
50ab98d85
50a1d8da5
509818dc4
508e58de4
508498e04
507ad8e23
507118e43
506758e62
505d58e82
505398ea2
5049d8ec1
504018ee1
503658f00
502c98f20
502298f3f
5018d8f5e
500f18f7e
500558f9d
4ffb98fbd
4ff198fdc
4fe7d8ffc
4fde1901b
4fd45903a
4fca5905a
4fc099079
4fb6d9098
4facd90b8
4fa3190d7
4f99590f6
4f8f59115
4f8599135
4f7b99154
4f71d9173
4f6819192
4f5e191b1
4f54591d1
4f4a591f0
4f409920f
4f369922e
4f2cd924d
4f22d926c
4f191928b
4f0f192aa
4f05592c9
4efb592e8
4ef199307
4ee799326
4edd99345
4ed3d9364
4ec9d9383
4ec0193a2
4eb6193c1
4eac193e0
4ea2593ff
4e985941e
4e8e5943d
4e849945b
4e7a9947a
4e7099499
4e66d94b8
4e5cd94d7
4e52d94f5
4e48d9514
4e3ed9533
4e3519552
4e2b19570
4e211958f
4e17195ae
4e0d195cc
4e03595eb
4df95960a
4def59628
4de559647
4ddb59665
4dd159684
4dc7596a3
4dbd596c1
4db3596e0
4da9596fe
4d9f9971d
4d959973b
4d8b99759
4d8199778
4d7799796
4d6d997b5
4d63597d3
4d59597f2
4d4f59810
4d455982e
4d3b5984d
4d315986b
4d2759889
4d1d598a8
4d13598c6
4d09598e4
4cff59902
4cf519921
4ceb1993f
4ce11995d
4cd71997b
4ccd19999
4cc2d99b7
4cb8d99d6
4caed99f4
4ca4d9a12
4c9a99a30
4c9099a4e
4c8699a6c
4c7c99a8a
4c7259aa8
4c6859ac6
4c5e59ae4
4c5419b02
4c4a19b20
4c3fd9b3e
4c35d9b5c
4c2bd9b7a
4c2199b98
4c1799bb6
4c0d59bd4
4c0359bf1
4bf959c0f
4bef19c2d
4be519c4b
4bdad9c69
4bd0d9c86
4bc699ca4
4bbc99cc2
4bb259ce0
4ba859cfd
4b9e19d1b
4b93d9d39
4b89d9d56
4b7f99d74
4b7599d92
4b6b59daf
4b6159dcd
4b5719deb
4b4cd9e08
4b42d9e26
4b3899e43
4b2e59e61
4b2459e7e
4b1a19e9c
4b0fd9eb9
4b0599ed7
4afb99ef4
4af159f12
4ae719f2f
4adcd9f4d
4ad2d9f6a
4ac899f87
4abe59fa5
4ab419fc2
4aa9d9fdf
4a9fd9ffd
4a959a01a
4a8b5a037
4a811a054
4a76da072
4a6c9a08f
4a625a0ac
4a581a0c9
4a4e1a0e7
4a43da104
4a399a121
4a2f5a13e
4a251a15b
4a1ada178
4a109a195
4a065a1b2
49fc1a1cf
49f1da1ed
49e79a20a
49dd5a227
49d31a244
49c8da261
49be5a27e
49b41a29a
49a9da2b7
499f9a2d4
49955a2f1
498b1a30e
4980da32b
49769a348
496c1a365
4961da382
49579a39e
494d5a3bb
49431a3d8
49389a3f5
492e5a411
49241a42e
4919da44b
490f5a468
49051a484
48fada4a1
48f09a4be
48e61a4da
48dbda4f7
48d19a513
48c71a530
48bcda54d
48b25a569
48a81a586
489dda5a2
48935a5bf
48891a5db
487e9a5f8
48745a614
486a1a631
485f9a64d
48555a669
484ada686
48409a6a2
48361a6bf
482bda6db
48215a6f7
48171a714
480c9a730
48025a74c
47f7da768
47ed5a785
47e31a7a1
47d89a7bd
47ce5a7d9
47c3da7f6
47b95a812
47af1a82e
47a49a84a
479a1a866
478fda882
47855a89e
477ada8ba
47709a8d6
47661a8f3
475b9a90f
47515a92b
4746da947
473c5a963
4731da97f
47275a99a
471d1a9b6
47129a9d2
47081a9ee
46fd9aa0a
46f31aa26
46e8daa42
46de5aa5e
46d3daa79
46c95aa95
46bedaab1
46b45aacd
46a9daae9
469f5ab04
4694dab20
468a9ab3c
46801ab57
46759ab73
466b1ab8f
46609abaa
46561abc6
464b9abe2
46411abfd
46369ac19
462c1ac34
46219ac50
46171ac6c
460c5ac87
4601daca3
45f75acbe
45ecdacd9
45e25acf5
45d7dad10
45cd5ad2c
45c2dad47
45b85ad63
45ad9ad7e
45a31ad99
45989adb5
458e1add0
45839adeb
4578dae07
456e5ae22
4563dae3d
45595ae58
454e9ae74
45441ae8f
45399aeaa
452f1aec5
45245aee0
4519daefb
450f5af17
45049af32
44fa1af4d
44ef9af68
44e4daf83
44da5af9e
44cfdafb9
44c51afd4
44ba9afef
44afdb00a
44a55b025
449adb040
44901b05b
44859b076
447adb091
44705b0ac
44659b0c6
445b1b0e1
44505b0fc
4445db117
443b1b132
44309b14c
4425db167
441b5b182
44109b19d
4405db1b7
43fb5b1d2
43f09b1ed
43e61b208
43db5b222
43d09b23d
43c61b257
43bb5b272
43b09b28d
43a61b2a7
439b5b2c2
43909b2dc
43861b2f7
437b5b311
43709b32c
43661b346
435b5b361
43509b37b
4345db396
433b5b3b0
43309b3ca
4325db3e5
431b1b3ff
43105b41a
4305db434
42fb1b44e
42f05b468
42e59b483
42dadb49d
42d01b4b7
42c55b4d1
42badb4ec
42b01b506
42a55b520
429a9b53a
428fdb554
42851b56f
427a5b589
426f9b5a3
4264db5bd
425a1b5d7
424f5b5f1
42449b60b
4239db625
422f1b63f
42245b659
42199b673
420edb68d
42041b6a7
41f95b6c1
41ee9b6db
41e3db6f4
41d91b70e
41ce1b728
41c35b742
41b89b75c
41addb776
41a31b78f
41985b7a9
418d9b7c3
41829b7dd
4177db7f6
416d1b810
41625b82a
41579b843
414c9b85d
4141db877
41371b890
412c5b8aa
41215b8c4
41169b8dd
410bdb8f7
41011b910
40f61b92a
40eb5b943
40e09b95d
40d59b976
40cadb990
40c01b9a9
40b51b9c2
40aa5b9dc
409f5b9f5
40949ba0f
4089dba28
407edba41
40741ba5b
40691ba74
405e5ba8d
40535baa7
40489bac0
403ddbad9
4032dbaf2
40281bb0b
401d1bb25
40125bb3e
40075bb57
3ffc5bb70
3ff19bb89
3fe69bba2
3fdbdbbbb
3fd0dbbd4
3fc61bbed
3fbb1bc07
3fb05bc20
3fa55bc39
3f9a5bc52
3f8f9bc6a
3f849bc83
3f799bc9c
3f6edbcb5
3f63dbcce
3f58dbce7
3f4e1bd00
3f431bd19
3f381bd32
3f2d5bd4a
3f225bd63
3f175bd7c
3f0c5bd95
3f019bdae
3ef69bdc6
3eeb9bddf
3ee09bdf8
3ed5dbe10
3ecadbe29
3ebfdbe42
3eb4dbe5a
3ea9dbe73
3e9edbe8c
3e941bea4
3e891bebd
3e7e1bed5
3e731beee
3e681bf06
3e5d1bf1f
3e521bf37
3e471bf50
3e3c5bf68
3e315bf81
3e265bf99
3e1b5bfb1
3e105bfca
3e055bfe2
3dfa5bffb
3def5c013
3de45c02b
3dd95c043
3dce5c05c
3dc35c074
3db85c08c
3dad5c0a4
3da25c0bd
3d975c0d5
3d8c5c0ed
3d811c105
3d761c11d
3d6b1c136
3d601c14e
3d551c166
3d4a1c17e
3d3f1c196
3d341c1ae
3d291c1c6
3d1ddc1de
3d12dc1f6
3d07dc20e
3cfcdc226
3cf1dc23e
3ce69c256
3cdb9c26e
3cd09c286
3cc59c29d
3cba9c2b5
3caf5c2cd
3ca45c2e5
3c995c2fd
3c8e1c314
3c831c32c
3c781c344
3c6d1c35c
3c61dc373
3c56dc38b
3c4bdc3a3
3c409c3bb
3c359c3d2
3c2a9c3ea
3c1f5c401
3c145c419
3c091c431
3bfe1c448
3bf31c460
3be7dc477
3bdcdc48f
3bd19c4a6
3bc69c4be
3bbb5c4d5
3bb05c4ed
3ba51c504
3b9a1c51c
3b8f1c533
3b83dc54a
3b78dc562
3b6d9c579
3b625c590
3b575c5a8
3b4c1c5bf
3b411c5d6
3b35dc5ed
3b2adc605
3b1f9c61c
3b149c633
3b095c64a
3afe1c662
3af31c679
3ae7dc690
3adc9c6a7
3ad19c6be
3ac65c6d5
3abb5c6ec
3ab01c703
3aa4dc71a
3a99dc731
3a8e9c748
3a835c75f
3a781c776
3a6d1c78d
3a61dc7a4
3a569c7bb
3a4b5c7d2
3a405c7e9
3a351c800
3a29dc817
3a1e9c82d
3a139c844
3a085c85b
39fd1c872
39f1dc889
39e69c89f
39db9c8b6
39d05c8cd
39c51c8e3
39b9dc8fa
39ae9c911
39a35c927
39981c93e
398cdc955
3981dc96b
39769c982
396b5c998
39601c9af
3954dc9c5
39499c9dc
393e5c9f2
39331ca09
3927dca1f
391c9ca36
39115ca4c
39061ca63
38fadca79
38ef9ca8f
38e45caa6
38d91cabc
38cddcad2
38c29cae9
38b75caff
38ac1cb15
38a0dcb2b
38959cb42
388a5cb58
387edcb6e
38739cb84
38685cb9a
385d1cbb1
3851dcbc7
38469cbdd
383b5cbf3
382fdcc09
38249cc1f
38195cc35
380e1cc4b
3802dcc61
37f79cc77
37ec1cc8d
37e0dcca3
37d59ccb9
37ca5cccf
37bedcce5
37b39ccfb
37a85cd11
379d1cd26
37919cd3c
37865cd52
377b1cd68
376f9cd7e
37645cd93
37591cda9
374ddcdbf
37425cdd5
37371cdea
372b9ce00
37205ce16
37151ce2b
37099ce41
36fe5ce56
36f31ce6c
36e79ce82
36dc5ce97
36d0dcead
36c59cec2
36ba5ced8
36aedceed
36a39cf03
36981cf18
368cdcf2e
36815cf43
36761cf58
366a9cf6e
365f5cf83
3653dcf98
36489cfae
363d1cfc3
3631dcfd8
36265cfee
361b1d003
360f9d018
36041d02d
35f8dd043
35ed5d058
35e21d06d
35d69d082
35cb1d097
35bfdd0ac
35b45d0c1
35a91d0d6
359d9d0ec
35921d101
3586dd116
357b5d12b
356fdd140
35649d155
35591d16a
354d9d17e
35425d193
3536dd1a8
352b5d1bd
351fdd1d2
35149d1e7
35091d1fc
34fd9d211
34f21d225
34e6dd23a
34db5d24f
34cfdd264
34c45d278
34b8dd28d
34ad9d2a2
34a21d2b6
34969d2cb
348b1d2e0
347f9d2f4
34745d309
3468dd31e
345d5d332
3451dd347
34465d35b
343add370
342f5d384
3423dd399
34185d3ad
340d1d3c2
34019d3d6
33f61d3eb
33ea9d3ff
33df1d413
33d39d428
33c81d43c
33bc9d450
33b11d465
33a59d479
339a1d48d
338e9d4a1
33831d4b6
33779d4ca
336c1d4de
33609d4f2
33551d506
33499d51b
333e1d52f
33329d543
33271d557
331b5d56b
330fdd57f
33045d593
32f8dd5a7
32ed5d5bb
32e1dd5cf
32d65d5e3
32cadd5f7
32bf5d60b
32b39d61f
32a81d633
329c9d647
32911d65b
32859d66e
327a1d682
326e5d696
3262dd6aa
32575d6be
324bdd6d1
32401d6e5
32349d6f9
32291d70d
321d9d720
3211dd734
32065d748
31fadd75b
31ef5d76f
31e39d782
31d81d796
31cc9d7aa
31c0dd7bd
31b55d7d1
31a9dd7e4
319e5d7f8
31929d80b
31871d81f
317b5d832
316fdd845
31645d859
31589d86c
314d1d880
31419d893
3135dd8a6
312a5d8ba
311e9d8cd
31131d8e0
31079d8f3
30fbdd907
30f05d91a
30e49d92d
30d91d940
30cd5d954
30c1dd967
30b61d97a
30aa9d98d
309edd9a0
30935d9b3
30879d9c6
307c1d9d9
30705d9ec
3064dd9ff
30591da12
304d9da25
3041dda38
30365da4b
302a9da5e
301edda71
30135da84
30079da97
2ffc1daaa
2ff05dabc
2fe49dacf
2fd91dae2
2fcd5daf5
2fc1ddb08
2fb61db1a
2faa5db2d
2f9eddb40
2f931db52
2f875db65
2f7bddb78
2f701db8a
2f645db9d
2f58ddbb0
2f4d1dbc2
2f415dbd5
2f359dbe7
2f2a1dbfa
2f1e5dc0c
2f129dc1f
2f06ddc31
2efb5dc44
2eef9dc56
2ee3ddc69
2ed81dc7b
2ecc9dc8d
2ec0ddca0
2eb51dcb2
2ea95dcc5
2e9d9dcd7
2e921dce9
2e865dcfb
2e7a9dd0e
2e6eddd20
2e631dd32
2e575dd44
2e4bddd57
2e401dd69
2e345dd7b
2e289dd8d
2e1cddd9f
2e111ddb1
2e055ddc3
2df99ddd5
2dedddde7
2de25ddf9
2dd69de0b
2dcadde1d
2dbf1de2f
2db35de41
2da79de53
2d9bdde65
2d901de77
2d845de89
2d789de9b
2d6cddead
2d611debf
2d555ded0
2d499dee2
2d3dddef4
2d321df06
2d265df17
2d1a9df29
2d0eddf3b
2d031df4d
2cf75df5e
2ceb9df70
2cdfddf81
2cd3ddf93
2cc81dfa5
2cbc5dfb6
2cb09dfc8
2ca4ddfd9
2c991dfeb
2c8d5dffc
2c819e00e
2c75de01f
2c69de031
2c5e1e042
2c525e054
2c469e065
2c3ade076
2c2f1e088
2c231e099
2c175e0aa
2c0b9e0bc
2bffde0cd
2bf41e0de
2be81e0f0
2bdc5e101
2bd09e112
2bc4de123
2bb91e134
2bad1e146
2ba15e157
2b959e168
2b89de179
2b7dde18a
2b721e19b
2b665e1ac
2b5a5e1bd
2b4e9e1ce
2b42de1df
2b36de1f0
2b2b1e201
2b1f5e212
2b135e223
2b079e234
2afbde245
2aefde256
2ae41e267
2ad85e277
2acc5e288
2ac09e299
2ab4de2aa
2aa8de2ba
2a9d1e2cb
2a911e2dc
2a855e2ed
2a799e2fd
2a6d9e30e
2a61de31f
2a55de32f
2a4a1e340
2a3e1e351
2a325e361
2a269e372
2a1a9e382
2a0ede393
2a02de3a3
29f71e3b4
29eb1e3c4
29df5e3d5
29d35e3e5
29c79e3f6
29bb9e406
29afde416
29a3de427
29981e437
298c1e447
29801e458
29745e468
29685e478
295c9e488
29509e499
2944de4a9
2938de4b9
292cde4c9
29211e4d9
29151e4ea
29095e4fa
28fd5e50a
28f15e51a
28e59e52a
28d99e53a
28cd9e54a
28c1de55a
28b5de56a
28aa1e57a
289e1e58a
28921e59a
28865e5aa
287a5e5ba
286e5e5ca
28625e5d9
28569e5e9
284a9e5f9
283e9e609
2832de619
2826de629
281ade638
280ede648
28031e658
27f71e667
27eb1e677
27df1e687
27d35e696
27c75e6a6
27bb5e6b6
27af5e6c5
27a39e6d5
27979e6e4
278b9e6f4
277f9e704
27739e713
27679e722
275bde732
274fde741
2743de751
2737de760
272bde770
271fde77f
27141e78e
27081e79e
26fc1e7ad
26f01e7bc
26e41e7cc
26d81e7db
26cc1e7ea
26c01e7f9
26b41e809
26a85e818
269c5e827
26905e836
26845e845
26785e854
266c5e863
26605e872
26545e882
26485e891
263c5e8a0
26305e8af
26245e8be
26185e8cd
260c5e8dc
26005e8ea
25f45e8f9
25e85e908
25dc5e917
25d05e926
25c45e935
25b85e944
25ac5e952
25a05e961
25945e970
25885e97f
257c5e98d
25705e99c
25645e9ab
25585e9ba
254c1e9c8
25401e9d7
25341e9e5
25281e9f4
251c1ea03
25101ea11
25041ea20
24f81ea2e
24ec1ea3d
24dfdea4b
24d3dea5a
24c7dea68
24bbdea77
24afdea85
24a3dea93
2497deaa2
248b9eab0
247f9eabf
24739eacd
24679eadb
245b9eae9
244f5eaf8
24435eb06
24375eb14
242b5eb22
241f5eb31
24131eb3f
24071eb4d
23fb1eb5b
23ef1eb69
23e2deb77
23d6deb85
23cadeb93
23bedeba2
23b29ebb0
23a69ebbe
239a9ebcc
238e9ebda
23825ebe7
23765ebf5
236a5ec03
235e1ec11
23521ec1f
23461ec2d
2339dec3b
232ddec49
2321dec56
23159ec64
23099ec72
22fd9ec80
22f15ec8d
22e55ec9b
22d95eca9
22cd1ecb7
22c11ecc4
22b51ecd2
22a8decdf
229cdeced
22909ecfb
22849ed08
22789ed16
226c5ed23
22605ed31
22541ed3e
22481ed4c
223bded59
222fded67
2223ded74
22179ed81
220b9ed8f
21ff5ed9c
21f35edaa
21e71edb7
21db1edc4
21cededd1
21c2deddf
21b69edec
21aa9edf9
219e5ee06
21925ee14
21861ee21
217a1ee2e
216ddee3b
2161dee48
21559ee55
21499ee62
213d5ee6f
21315ee7c
21251ee89
21191ee96
210cdeea3
21009eeb0
20f49eebd
20e85eeca
20dc5eed7
20d01eee4
20c41eef1
20b7deefe
20ab9ef0b
209f9ef18
20935ef24
20875ef31
207b1ef3e
206edef4b
2062def57
20569ef64
204a5ef71
203e5ef7d
20321ef8a
2025def97
2019defa3
200d9efb0
20015efbd
1ff55efc9
1fe91efd6
1fdcdefe2
1fd0defef
1fc49effb
1fb85f008
1fac5f014
1fa01f020
1f93df02d
1f87df039
1f7b9f046
1f6f5f052
1f631f05e
1f571f06b
1f4adf077
1f3e9f083
1f325f08f
1f265f09c
1f1a1f0a8
1f0ddf0b4
1f019f0c0
1ef59f0cc
1ee95f0d9
1edd1f0e5
1ed0df0f1
1ec49f0fd
1eb89f109
1eac5f115
1ea01f121
1e93df12d
1e879f139
1e7b9f145
1e6f5f151
1e631f15d
1e56df169
1e4a9f175
1e3e5f181
1e325f18d
1e261f198
1e19df1a4
1e0d9f1b0
1e015f1bc
1df51f1c8
1de8df1d3
1ddcdf1df
1dd09f1eb
1dc45f1f7
1db81f202
1dabdf20e
1d9f9f21a
1d935f225
1d871f231
1d7adf23c
1d6edf248
1d629f253
1d565f25f
1d4a1f26b
1d3ddf276
1d319f281
1d255f28d
1d191f298
1d0cdf2a4
1d009f2af
1cf45f2bb
1ce81f2c6
1cdbdf2d1
1ccf9f2dd
1cc35f2e8
1cb71f2f3
1caadf2fe
1c9e9f30a
1c925f315
1c861f320
1c79df32b
1c6d9f337
1c615f342
1c551f34d
1c48df358
1c3c9f363
1c305f36e
1c241f379
1c17df384
1c0b9f38f
1bff5f39a
1bf31f3a5
1be6df3b0
1bda9f3bb
1bce5f3c6
1bc21f3d1
1bb5df3dc
1ba99f3e7
1b9d1f3f2
1b90df3fc
1b849f407
1b785f412
1b6c1f41d
1b5fdf428
1b539f432
1b475f43d
1b3b1f448
1b2edf452
1b225f45d
1b161f468
1b09df472
1afd9f47d
1af15f488
1ae51f492
1ad8df49d
1acc5f4a7
1ac01f4b2
1ab3df4bc
1aa79f4c7
1a9b5f4d1
1a8f1f4dc
1a82df4e6
1a765f4f0
1a6a1f4fb
1a5ddf505
1a519f510
1a455f51a
1a38df524
1a2c9f52e
1a205f539
1a141f543
1a07df54d
19fb5f557
19ef1f562
19e2df56c
19d69f576
19ca1f580
19bddf58a
19b19f594
19a55f59e
1998df5a8
198c9f5b2
19805f5bc
19741f5c6
19679f5d0
195b5f5da
194f1f5e4
1942df5ee
19365f5f8
192a1f602
191ddf60c
19115f616
19051f620
18f8df629
18ec9f633
18e01f63d
18d3df647
18c79f651
18bb1f65a
18aedf664
18a29f66e
18961f677
1889df681
187d9f68b
18711f694
1864df69e
18589f6a7
184c1f6b1
183fdf6ba
18339f6c4
18271f6cd
181adf6d7
180e9f6e0
18021f6ea
17f5df6f3
17e95f6fd
17dd1f706
17d0df70f
17c45f719
17b81f722
17ab9f72b
179f5f735
17931f73e
17869f747
177a5f750
176ddf75a
17619f763
17555f76c
1748df775
173c9f77e
17301f787
1723df790
17175f79a
170b1f7a3
16fedf7ac
16f25f7b5
16e61f7be
16d99f7c7
16cd5f7d0
16c0df7d9
16b49f7e1
16a81f7ea
169bdf7f3
168f5f7fc
16831f805
16769f80e
166a5f817
165ddf81f
16519f828
16451f831
1638df83a
162c5f842
16201f84b
16139f854
16075f85c
15fadf865
15ee9f86e
15e21f876
15d5df87f
15c95f887
15bd1f890
15b09f899
15a45f8a1
1597df8aa
158b9f8b2
157f1f8ba
15729f8c3
15665f8cb
1559df8d4
154d9f8dc
15411f8e4
1534df8ed
15285f8f5
151bdf8fd
150f9f906
15031f90e
14f6df916
14ea5f91e
14de1f927
14d19f92f
14c51f937
14b8df93f
14ac5f947
14a01f94f
14939f957
14871f95f
147adf968
146e5f970
1461df978
14559f980
14491f988
143cdf990
14305f997
1423df99f
14179f9a7
140b1f9af
13fe9f9b7
13f25f9bf
13e5df9c7
13d95f9ce
13cd1f9d6
13c09f9de
13b41f9e6
13a7df9ed
139b5f9f5
138edf9fd
13829fa05
13761fa0c
13699fa14
135d5fa1b
1350dfa23
13445fa2b
13381fa32
132b9fa3a
131f1fa41
1312dfa49
13065fa50
12f9dfa58
12ed5fa5f
12e11fa67
12d49fa6e
12c81fa75
12bbdfa7d
12af5fa84
12a2dfa8b
12965fa93
128a1fa9a
127d9faa1
12711faa9
12649fab0
12585fab7
124bdfabe
123f5fac5
1232dfacc
12269fad4
121a1fadb
120d9fae2
12011fae9
11f4dfaf0
11e85faf7
11dbdfafe
11cf5fb05
11c2dfb0c
11b69fb13
11aa1fb1a
119d9fb21
11911fb28
1184dfb2f
11785fb36
116bdfb3c
115f5fb43
1152dfb4a
11469fb51
113a1fb58
112d9fb5e
11211fb65
11149fb6c
11085fb72
10fbdfb79
10ef5fb80
10e2dfb86
10d65fb8d
10c9dfb94
10bd9fb9a
10b11fba1
10a49fba7
10981fbae
108b9fbb4
107f1fbbb
1072dfbc1
10665fbc8
1059dfbce
104d5fbd5
1040dfbdb
10345fbe1
1027dfbe8
101b9fbee
100f1fbf4
10029fbfb
ff61fc01
fe99fc07
fdd1fc0e
fd09fc14
fc41fc1a
fb79fc20
fab5fc26
f9edfc2c
f925fc33
f85dfc39
f795fc3f
f6cdfc45
f605fc4b
f53dfc51
f475fc57
f3b1fc5d
f2e9fc63
f221fc69
f159fc6f
f091fc75
efc9fc7b
ef01fc80
ee39fc86
ed71fc8c
eca9fc92
ebe1fc98
eb19fc9e
ea51fca3
e98dfca9
e8c5fcaf
e7fdfcb4
e735fcba
e66dfcc0
e5a5fcc5
e4ddfccb
e415fcd1
e34dfcd6
e285fcdc
e1bdfce1
e0f5fce7
e02dfcec
df65fcf2
de9dfcf7
ddd5fcfd
dd0dfd02
dc45fd08
db7dfd0d
dab5fd12
d9edfd18
d925fd1d
d85dfd22
d795fd28
d6cdfd2d
d605fd32
d53dfd38
d475fd3d
d3adfd42
d2e5fd47
d21dfd4c
d155fd51
d08dfd57
cfc5fd5c
cefdfd61
ce35fd66
cd6dfd6b
cca5fd70
cbddfd75
cb15fd7a
ca4dfd7f
c985fd84
c8bdfd89
c7f5fd8e
c72dfd93
c665fd98
c59dfd9c
c4d5fda1
c40dfda6
c345fdab
c27dfdb0
c1b5fdb4
c0edfdb9
c025fdbe
bf5dfdc3
be95fdc7
bdcdfdcc
bd05fdd1
bc3dfdd5
bb75fdda
baadfdde
b9e5fde3
b919fde8
b851fdec
b789fdf1
b6c1fdf5
b5f9fdfa
b531fdfe
b469fe02
b3a1fe07
b2d9fe0b
b211fe10
b149fe14
b081fe18
afb9fe1d
aef1fe21
ae25fe25
ad5dfe2a
ac95fe2e
abcdfe32
ab05fe36
aa3dfe3a
a975fe3f
a8adfe43
a7e5fe47
a71dfe4b
a655fe4f
a589fe53
a4c1fe57
a3f9fe5b
a331fe5f
a269fe63
a1a1fe67
a0d9fe6b
a011fe6f
9f49fe73
9e7dfe77
9db5fe7b
9cedfe7f
9c25fe82
9b5dfe86
9a95fe8a
99cdfe8e
9905fe92
983dfe95
9771fe99
96a9fe9d
95e1fea1
9519fea4
9451fea8
9389feab
92c1feaf
91f5feb3
912dfeb6
9065feba
8f9dfebd
8ed5fec1
8e0dfec4
8d45fec8
8c79fecb
8bb1fecf
8ae9fed2
8a21fed6
8959fed9
8891fedc
87c9fee0
86fdfee3
8635fee6
856dfeea
84a5feed
83ddfef0
8315fef3
8249fef6
8181fefa
80b9fefd
7ff1ff00
7f29ff03
7e61ff06
7d95ff09
7ccdff0c
7c05ff0f
7b3dff12
7a75ff16
79adff19
78e1ff1b
7819ff1e
7751ff21
7689ff24
75c1ff27
74f5ff2a
742dff2d
7365ff30
729dff33
71d5ff35
710dff38
7041ff3b
6f79ff3e
6eb1ff40
6de9ff43
6d21ff46
6c55ff48
6b8dff4b
6ac5ff4e
69fdff50
6935ff53
6869ff56
67a1ff58
66d9ff5b
6611ff5d
6549ff60
647dff62
63b5ff65
62edff67
6225ff69
615dff6c
6091ff6e
5fc9ff71
5f01ff73
5e39ff75
5d71ff78
5ca5ff7a
5bddff7c
5b15ff7e
5a4dff81
5981ff83
58b9ff85
57f1ff87
5729ff89
5661ff8b
5595ff8e
54cdff90
5405ff92
533dff94
5271ff96
51a9ff98
50e1ff9a
5019ff9c
4f51ff9e
4e85ffa0
4dbdffa2
4cf5ffa3
4c2dffa5
4b61ffa7
4a99ffa9
49d1ffab
4909ffad
483dffae
4775ffb0
46adffb2
45e5ffb4
451dffb5
4451ffb7
4389ffb9
42c1ffba
41f9ffbc
412dffbe
4065ffbf
3f9dffc1
3ed5ffc2
3e09ffc4
3d41ffc5
3c79ffc7
3bb1ffc8
3ae5ffca
3a1dffcb
3955ffcd
388dffce
37c1ffcf
36f9ffd1
3631ffd2
3569ffd3
349dffd5
33d5ffd6
330dffd7
3245ffd9
3179ffda
30b1ffdb
2fe9ffdc
2f21ffdd
2e55ffde
2d8dffe0
2cc5ffe1
2bfdffe2
2b31ffe3
2a69ffe4
29a1ffe5
28d9ffe6
280dffe7
2745ffe8
267dffe9
25b5ffea
24e9ffeb
2421ffec
2359ffec
2291ffed
21c5ffee
20fdffef
2035fff0
1f6dfff1
1ea1fff1
1dd9fff2
1d11fff3
1c45fff4
1b7dfff4
1ab5fff5
19edfff6
1921fff6
1859fff7
1791fff7
16c9fff8
15fdfff8
1535fff9
146dfff9
13a5fffa
12d9fffa
1211fffb
1149fffb
1081fffc
fb5fffc
eedfffd
e25fffd
d5dfffd
c91fffe
bc9fffe
b01fffe
a35fffe
96dffff
8a5ffff
7ddffff
711ffff
649ffff
581ffff
4b9ffff
3edffff
325ffff
25dffff
195ffff
c9ffff
7fffc0000
7fffc0097
7fffc012e
7fffc01c4
7fffc025b
7fff802f2
7fff40389
7fff00420
7ffe804b6
7ffe4054d
7ffdc05e4
7ffd8067b
7ffd00711
7ffc407a8
7ffbc083f
7ffb008d6
7ffa8096d
7ff9c0a03
7ff900a9a
7ff840b31
7ff740bc8
7ff680c5e
7ff580cf5
7ff480d8c
7ff380e23
7ff280eb9
7ff140f50
7ff040fe7
7fef0107e
7fedc1114
7fec811ab
7feb41242
7fe9c12d8
7fe88136f
7fe701406
7fe58149c
7fe401533
7fe2415ca
7fe0c1660
7fdf016f7
7fdd4178e
7fdb81824
7fd9c18bb
7fd801952
7fd6019e8
7fd401a7f
7fd201b15
7fd001bac
7fce01c43
7fcc01cd9
7fc9c1d70
7fc781e06
7fc581e9d
7fc301f33
7fc0c1fca
7fbe82060
7fbc020f7
7fb98218d
7fb702224
7fb4822ba
7fb202351
7faf423e7
7facc247d
7faa02514
7fa7425aa
7fa482641
7fa1826d7
7f9ec276d
7f9bc2804
7f98c289a
7f95c2930
7f92c29c7
7f8fc2a5d
7f8c82af3
7f8942b89
7f8602c20
7f82c2cb6
7f7f82d4c
7f7c42de2
7f78c2e79
7f7542f0f
7f71c2fa5
7f6e4303b
7f6ac30d1
7f6703167
7f63831fd
7f5fc3293
7f5c03329
7f58433bf
7f5443455
7f50834eb
7f4c83581
7f4883617
7f44836ad
7f4083743
7f3c837d9
7f384386f
7f3443905
7f300399b
7f2bc3a31
7f2783ac6
7f2303b5c
7f1ec3bf2
7f1a43c88
7f15c3d1d
7f1143db3
7f0cc3e49
7f0803ede
7f0383f74
7efec400a
7efa0409f
7ef544135
7ef0441cb
7eeb84260
7ee6842f6
7ee18438b
7edc84421
7ed7844b6
7ed28454b
7ecd845e1
7ec844676
7ec30470b
7ebdc47a1
7eb884836
7eb3048cb
7eadc4961
7ea8449f6
7ea2c4a8b
7e9d44b20
7e97c4bb5
7e9244c4b
7e8c84ce0
7e86c4d75
7e8144e0a
7e7b44e9f
7e7584f34
7e6fc4fc9
7e69c505e
7e64050f3
7e5e05187
7e57c521c
7e51c52b1
7e4bc5346
7e45853db
7e3f4546f
7e3905504
7e32c5599
7e2c8562e
7e26456c2
7e1fc5757
7e19457eb
7e12c5880
7e0c45914
7e05c59a9
7dff05a3d
7df845ad2
7df1c5b66
7deb05bfb
7de405c8f
7ddd45d23
7dd685db7
7dcf85e4c
7dc885ee0
7dc185f74
7dba86008
7db34609c
7dac46130
7da5061c4
7d9dc6258
7d96862ec
7d8f46380
7d8806414
7d80864a8
7d790653c
7d71865d0
7d6a06663
7d62866f7
7d5b0678b
7d534681f
7d4b868b2
7d4406946
7d3c069d9
7d3446a6d
7d2c86b00
7d2486b94
7d1c86c27
7d1486cbb
7d0c86d4e
7d0486de1
7cfc86e74
7cf446f08
7cec06f9b
7ce3c702e
7cdb870c1
7cd347154
7ccac71e7
7cc28727a
7cba0730d
7cb1873a0
7ca907433
7ca0474c6
7c97c7559
7c8f075eb
7c868767e
7c7dc7711
7c74c77a3
7c6c07836
7c63478c9
7c5a4795b
7c51479ee
7c4847a80
7c3f47b12
7c3647ba5
7c2d07c37
7c23c7cc9
7c1ac7d5c
7c1187dee
7c0807e80
7bfec7f12
7bf587fa4
7bec08036
7be2880c8
7bd90815a
7bcf881ec
7bc60827e
7bbc48310
7bb2883a1
7ba8c8433
7b9f084c5
7b9548556
7b8b885e8
7b8188679
7b77c870b
7b6dc879c
7b63c882e
7b59c88bf
7b4f88950
7b45889e2
7b3b48a73
7b3108b04
7b26c8b95
7b1c88c26
7b1248cb7
7b07c8d48
7afd48dd9
7af308e6a
7ae888efb
7addc8f8b
7ad34901c
7ac8890ad
7abe0913d
7ab3491ce
7aa88925f
7a9dc92ef
7a92c937f
7a8809410
7a7d094a0
7a7209530
7a67095c1
7a5c09651
7a51096e1
7a45c9771
7a3a89801
7a2f89891
7a2449921
7a18c99b1
7a0d89a41
7a0249ad0
79f6c9b60
79eb49bf0
79dfc9c7f
79d449d0f
79c889d9e
79bd09e2e
79b149ebd
79a589f4d
7999c9fdc
798e0a06b
79824a0fa
79764a189
796a8a219
795e8a2a8
79528a336
79468a3c5
793a8a454
792e4a4e3
79220a572
79160a600
7909ca68f
78fd8a71e
78f10a7ac
78e4ca83b
78d84a8c9
78cbca957
78bf4a9e6
78b2caa74
78a64ab02
7899cab90
788d0ac1e
78804acac
78738ad3a
7866cadc8
785a0ae56
784d0aee4
78404af71
78334afff
78264b08c
78194b11a
780c4b1a7
77ff0b235
77f20b2c2
77e4cb34f
77d78b3dd
77ca4b46a
77bd0b4f7
77afcb584
77a24b611
7794cb69e
77874b72b
7779cb7b7
776c4b844
775ecb8d1
77510b95d
77438b9ea
7735cba76
77280bb03
771a4bb8f
770c4bc1b
76fe8bca8
76f08bd34
76e28bdc0
76d48be4c
76c68bed8
76b88bf64
76aa8bff0
769c4c07b
768e0c107
767fcc193
76718c21e
76634c2aa
76550c335
76468c3c1
76380c44c
76298c4d7
761b0c562
760c8c5ed
75fe0c679
75ef4c703
75e08c78e
75d20c819
75c34c8a4
75b44c92f
75a58c9b9
7596cca44
7587ccace
7578ccb59
7569ccbe3
755accc6d
754bcccf8
753c8cd82
752d8ce0c
751e4ce96
750f0cf20
74ffccfaa
74f08d034
74e10d0bd
74d1cd147
74c24d1d1
74b2cd25a
74a34d2e3
7493cd36d
74844d3f6
74748d47f
7464cd509
74554d592
74458d61b
74358d6a4
7425cd72c
74160d7b5
74060d83e
73f60d8c7
73e60d94f
73d60d9d8
73c60da60
73b60dae9
73a5cdb71
73958dbf9
73858dc81
73754dd09
7364cdd91
73548de19
73444dea1
7333cdf29
73234dfb0
7312ce038
73024e0bf
72f1ce147
72e10e1ce
72d08e256
72bfce2dd
72af0e364
729e4e3eb
728d8e472
727c8e4f9
726bce580
725ace607
7249ce68d
7238ce714
7227ce79a
7216ce821
7205ce8a7
71f48e92d
71e34e9b4
71d20ea3a
71c0ceac0
71af8eb46
719e4ebcc
718ccec52
717b4ecd7
716a0ed5d
71588ede3
71470ee68
71354eeed
7123cef73
71120eff8
71004f07d
70eecf102
70dccf187
70cb0f20c
70b94f291
70a74f316
70958f39a
70838f41f
70718f4a4
705f8f528
704d8f5ac
703b4f631
70290f6b5
70170f739
7004cf7bd
6ff28f841
6fe04f8c5
6fcdcf948
6fbb8f9cc
6fa90fa50
6f968fad3
6f840fb57
6f718fbda
6f5f0fc5d
6f4c8fce0
6f39cfd63
6f270fde6
6f148fe69
6f01cfeec
6eeecff6f
6edc0fff1
6ec950074
6eb6500f7
6ea350179
6e90501fb
6e7d5027d
6e6a50300
6e5750382
6e4410404
6e3110485
6e1dd0507
6e0a90589
6df75060a
6de3d068c
6dd09070d
6dbd1078f
6da9d0810
6d9650891
6d82d0912
6d6f50993
6d5bd0a14
6d4810a95
6d3450b15
6d20d0b96
6d0d10c17
6cf950c97
6ce590d17
6cd190d98
6cbdd0e18
6ca9d0e98
6c95d0f18
6c8210f98
6c6dd1017
6c59d1097
6c45d1117
6c3191196
6c1d91216
6c0951295
6bf511314
6be0d1393
6bcc91412
6bb811491
6ba3d1510
6b8f5158f
6b7ad160e
6b665168c
6b51d170b
6b3d51789
6b28d1807
6b1411886
6aff51904
6aea91982
6ad5d1a00
6ac111a7d
6aac51afb
6a9791b79
6a8291bf6
6a6d91c74
6a58d1cf1
6a43d1d6e
6a2e91deb
6a1991e68
6a0491ee5
69ef51f62
69da11fdf
69c51205c
69afd20d8
699a52155
6985121d1
696fd224d
695a522c9
6944d2346
692f923c2
691a1243d
6904524b9
68eed2535
68d9525b0
68c39262c
68add26a7
689852723
68829279e
686c92819
6856d2894
68411290f
682b12989
681512a04
67ff52a7f
67e952af9
67d352b73
67bd12bee
67a712c68
6790d2ce2
677ad2d5c
676492dd6
674e52e4f
673812ec9
672192f43
670b52fbc
66f513035
66de930af
66c813128
66b1931a1
669b1321a
668493293
666dd330b
665753384
6640933fd
662a13475
6613534ed
65fc93565
65e5935de
65ced3656
65b8136cd
65a113745
658a137bd
657313834
655c138ac
654513923
652e1399b
6516d3a12
64ffd3a89
64e893b00
64d153b76
64ba13bed
64a2d3c64
648b93cda
647453d51
645cd3dc7
644553e3d
642e13eb3
641693f29
63ff13f9f
63e754015
63cfd408a
63b854100
63a094175
6388d41eb
637114260
6359542d5
63419434a
6329d43bf
6311d4434
62fa144a8
62e21451d
62ca14591
62b214606
629a1467a
6282146ee
626a14762
6251d47d6
6239d484a
6221948bd
620954931
61f1149a4
61d8d4a18
61c094a8b
61a814afe
618fd4b71
617754be4
615ed4c57
614654cc9
612dd4d3c
611554dae
60fcd4e21
60e414e93
60cb54f05
60b2d4f77
609a14fe9
60815505a
6068950cc
604f9513e
6036d51af
601e15220
600515291
5fec15302
5fd315373
5fba153e4
5fa115455
5f88154c6
5f6ed5536
5f55d55a6
5f3c95617
5f2355687
5f0a156f7
5ef0d5767
5ed7957d7
5ebe55846
5ea4d58b6
5e8b95925
5e7215995
5e5895a04
5e3f15a73
5e2595ae2
5e0c15b51
5df255bbf
5dd8d5c2e
5dbf15c9d
5da595d0b
5d8bd5d79
5d7215de7
5d5855e55
5d3e55ec3
5d2495f31
5d0a95f9f
5cf0d600c
5cd6d607a
5cbcd60e7
5ca2d6154
5c88d61c1
5c6ed622e
5c549629b
5c3a96308
5c2056374
5c06563e1
5bec1644d
5bd1d64b9
5bb796526
5b9d16592
5b82d65fd
5b6856669
5b4e166d5
5b3396740
5b19167ac
5afe96817
5ae416882
5ac9968ed
5aaed6958
5a94569c3
5a7996a2d
5a5f16a98
5a4456b02
5a2996b6d
5a0ed6bd7
59f3d6c41
59d916cab
59be56d15
59a356d7e
598856de8
596d96e51
595296eba
593796f24
591c56f8d
590156ff6
58e65705e
58cb170c7
58afd7130
5894d7198
587997200
585e57268
5842d72d1
582797338
580c573a0
57f0d7408
57d59746f
57ba174d7
579e9753e
5783175a5
57679760c
574c17673
5730576da
5714d7741
56f9177a7
56dd9780e
56c1d7874
56a6178da
568a57940
566e979a6
565297a0c
5636d7a71
561ad7ad7
55ff17b3c
55e317ba1
55c717c07
55ab17c6c
558f17cd0
557317d35
555717d9a
553ad7dfe
551ed7e63
550297ec7
54e657f2b
54ca17f8f
54add7ff3
549198056
5475580ba
5458d811d
543c98181
5420181e4
5403d8247
53e7582aa
53cad830d
53ae5836f
5391d83d2
537518434
535898496
533bd84f8
531f5855a
5302985bc
52e5d861e
52c918680
52ac586e1
528f98742
5272d87a4
5255d8805
523918866
521c188c6
51ff18927
51e258988
51c5589e8
51a858a48
518b18aa8
516e18b08
515118b68
5133d8bc8
5116d8c28
50f998c87
50dc58ce6
50bf18d46
50a1d8da5
508498e04
506758e62
5049d8ec1
502c98f20
500f18f7e
4ff198fdc
4fd45903a
4fb6d9098
4f99590f6
4f7b99154
4f5e191b1
4f409920f
4f22d926c
4f05592c9
4ee799326
4ec9d9383
4eac193e0
4e8e5943d
4e7099499
4e52d94f5
4e3519552
4e17195ae
4df95960a
4ddb59665
4dbd596c1
4d9f9971d
4d8199778
4d63597d3
4d455982e
4d2759889
4d09598e4
4ceb1993f
4ccd19999
4caed99f4
4c9099a4e
4c7259aa8
4c5419b02
4c35d9b5c
4c1799bb6
4bf959c0f
4bdad9c69
4bbc99cc2
4b9e19d1b
4b7f99d74
4b6159dcd
4b42d9e26
4b2459e7e
4b0599ed7
4ae719f2f
4ac899f87
4aa9d9fdf
4a8b5a037
4a6c9a08f
4a4e1a0e7
4a2f5a13e
4a109a195
49f1da1ed
49d31a244
49b41a29a
49955a2f1
49769a348
49579a39e
49389a3f5
4919da44b
48fada4a1
48dbda4f7
48bcda54d
489dda5a2
487e9a5f8
485f9a64d
48409a6a2
48215a6f7
48025a74c
47e31a7a1
47c3da7f6
47a49a84a
47855a89e
47661a8f3
4746da947
47275a99a
47081a9ee
46e8daa42
46c95aa95
46a9daae9
468a9ab3c
466b1ab8f
464b9abe2
462c1ac34
460c5ac87
45ecdacd9
45cd5ad2c
45ad9ad7e
458e1add0
456e5ae22
454e9ae74
452f1aec5
450f5af17
44ef9af68
44cfdafb9
44afdb00a
44901b05b
44705b0ac
44505b0fc
44309b14c
44109b19d
43f09b1ed
43d09b23d
43b09b28d
43909b2dc
43709b32c
43509b37b
43309b3ca
43105b41a
42f05b468
42d01b4b7
42b01b506
428fdb554
426f9b5a3
424f5b5f1
422f1b63f
420edb68d
41ee9b6db
41ce1b728
41addb776
418d9b7c3
416d1b810
414c9b85d
412c5b8aa
410bdb8f7
40eb5b943
40cadb990
40aa5b9dc
4089dba28
40691ba74
40489bac0
40281bb0b
40075bb57
3fe69bba2
3fc61bbed
3fa55bc39
3f849bc83
3f63dbcce
3f431bd19
3f225bd63
3f019bdae
3ee09bdf8
3ebfdbe42
3e9edbe8c
3e7e1bed5
3e5d1bf1f
3e3c5bf68
3e1b5bfb1
3dfa5bffb
3dd95c043
3db85c08c
3d975c0d5
3d761c11d
3d551c166
3d341c1ae
3d12dc1f6
3cf1dc23e
3cd09c286
3caf5c2cd
3c8e1c314
3c6d1c35c
3c4bdc3a3
3c2a9c3ea
3c091c431
3be7dc477
3bc69c4be
3ba51c504
3b83dc54a
3b625c590
3b411c5d6
3b1f9c61c
3afe1c662
3adc9c6a7
3abb5c6ec
3a99dc731
3a781c776
3a569c7bb
3a351c800
3a139c844
39f1dc889
39d05c8cd
39ae9c911
398cdc955
396b5c998
39499c9dc
3927dca1f
39061ca63
38e45caa6
38c29cae9
38a0dcb2b
387edcb6e
385d1cbb1
383b5cbf3
38195cc35
37f79cc77
37d59ccb9
37b39ccfb
37919cd3c
376f9cd7e
374ddcdbf
372b9ce00
37099ce41
36e79ce82
36c59cec2
36a39cf03
36815cf43
365f5cf83
363d1cfc3
361b1d003
35f8dd043
35d69d082
35b45d0c1
35921d101
356fdd140
354d9d17e
352b5d1bd
35091d1fc
34e6dd23a
34c45d278
34a21d2b6
347f9d2f4
345d5d332
343add370
34185d3ad
33f61d3eb
33d39d428
33b11d465
338e9d4a1
336c1d4de
33499d51b
33271d557
33045d593
32e1dd5cf
32bf5d60b
329c9d647
327a1d682
32575d6be
32349d6f9
3211dd734
31ef5d76f
31cc9d7aa
31a9dd7e4
31871d81f
31645d859
31419d893
311e9d8cd
30fbdd907
30d91d940
30b61d97a
30935d9b3
30705d9ec
304d9da25
302a9da5e
30079da97
2fe49dacf
2fc1ddb08
2f9eddb40
2f7bddb78
2f58ddbb0
2f359dbe7
2f129dc1f
2eef9dc56
2ecc9dc8d
2ea95dcc5
2e865dcfb
2e631dd32
2e401dd69
2e1cddd9f
2df99ddd5
2dd69de0b
2db35de41
2d901de77
2d6cddead
2d499dee2
2d265df17
2d031df4d
2cdfddf81
2cbc5dfb6
2c991dfeb
2c75de01f
2c525e054
2c2f1e088
2c0b9e0bc
2be81e0f0
2bc4de123
2ba15e157
2b7dde18a
2b5a5e1bd
2b36de1f0
2b135e223
2aefde256
2acc5e288
2aa8de2ba
2a855e2ed
2a61de31f
2a3e1e351
2a1a9e382
29f71e3b4
29d35e3e5
29afde416
298c1e447
29685e478
2944de4a9
29211e4d9
28fd5e50a
28d99e53a
28b5de56a
28921e59a
286e5e5ca
284a9e5f9
2826de629
28031e658
27df1e687
27bb5e6b6
27979e6e4
27739e713
274fde741
272bde770
27081e79e
26e41e7cc
26c01e7f9
269c5e827
26785e854
26545e882
26305e8af
260c5e8dc
25e85e908
25c45e935
25a05e961
257c5e98d
25585e9ba
25341e9e5
25101ea11
24ec1ea3d
24c7dea68
24a3dea93
247f9eabf
245b9eae9
24375eb14
24131eb3f
23ef1eb69
23cadeb93
23a69ebbe
23825ebe7
235e1ec11
2339dec3b
23159ec64
22f15ec8d
22cd1ecb7
22a8decdf
22849ed08
22605ed31
223bded59
22179ed81
21f35edaa
21cededd1
21aa9edf9
21861ee21
2161dee48
213d5ee6f
21191ee96
20f49eebd
20d01eee4
20ab9ef0b
20875ef31
2062def57
203e5ef7d
2019defa3
1ff55efc9
1fd0defef
1fac5f014
1f87df039
1f631f05e
1f3e9f083
1f1a1f0a8
1ef59f0cc
1ed0df0f1
1eac5f115
1e879f139
1e631f15d
1e3e5f181
1e19df1a4
1df51f1c8
1dd09f1eb
1dabdf20e
1d871f231
1d629f253
1d3ddf276
1d191f298
1cf45f2bb
1ccf9f2dd
1caadf2fe
1c861f320
1c615f342
1c3c9f363
1c17df384
1bf31f3a5
1bce5f3c6
1ba99f3e7
1b849f407
1b5fdf428
1b3b1f448
1b161f468
1af15f488
1acc5f4a7
1aa79f4c7
1a82df4e6
1a5ddf505
1a38df524
1a141f543
19ef1f562
19ca1f580
19a55f59e
19805f5bc
195b5f5da
19365f5f8
19115f616
18ec9f633
18c79f651
18a29f66e
187d9f68b
18589f6a7
18339f6c4
180e9f6e0
17e95f6fd
17c45f719
179f5f735
177a5f750
17555f76c
17301f787
170b1f7a3
16e61f7be
16c0df7d9
169bdf7f3
16769f80e
16519f828
162c5f842
16075f85c
15e21f876
15bd1f890
1597df8aa
15729f8c3
154d9f8dc
15285f8f5
15031f90e
14de1f927
14b8df93f
14939f957
146e5f970
14491f988
1423df99f
13fe9f9b7
13d95f9ce
13b41f9e6
138edf9fd
13699fa14
13445fa2b
131f1fa41
12f9dfa58
12d49fa6e
12af5fa84
128a1fa9a
12649fab0
123f5fac5
121a1fadb
11f4dfaf0
11cf5fb05
11aa1fb1a
1184dfb2f
115f5fb43
113a1fb58
11149fb6c
10ef5fb80
10c9dfb94
10a49fba7
107f1fbbb
1059dfbce
10345fbe1
100f1fbf4
fe99fc07
fc41fc1a
f9edfc2c
f795fc3f
f53dfc51
f2e9fc63
f091fc75
ee39fc86
ebe1fc98
e98dfca9
e735fcba
e4ddfccb
e285fcdc
e02dfcec
ddd5fcfd
db7dfd0d
d925fd1d
d6cdfd2d
d475fd3d
d21dfd4c
cfc5fd5c
cd6dfd6b
cb15fd7a
c8bdfd89
c665fd98
c40dfda6
c1b5fdb4
bf5dfdc3
bd05fdd1
baadfdde
b851fdec
b5f9fdfa
b3a1fe07
b149fe14
aef1fe21
ac95fe2e
aa3dfe3a
a7e5fe47
a589fe53
a331fe5f
a0d9fe6b
9e7dfe77
9c25fe82
99cdfe8e
9771fe99
9519fea4
92c1feaf
9065feba
8e0dfec4
8bb1fecf
8959fed9
86fdfee3
84a5feed
8249fef6
7ff1ff00
7d95ff09
7b3dff12
78e1ff1b
7689ff24
742dff2d
71d5ff35
6f79ff3e
6d21ff46
6ac5ff4e
6869ff56
6611ff5d
63b5ff65
615dff6c
5f01ff73
5ca5ff7a
5a4dff81
57f1ff87
5595ff8e
533dff94
50e1ff9a
4e85ffa0
4c2dffa5
49d1ffab
4775ffb0
451dffb5
42c1ffba
4065ffbf
3e09ffc4
3bb1ffc8
3955ffcd
36f9ffd1
349dffd5
3245ffd9
2fe9ffdc
2d8dffe0
2b31ffe3
28d9ffe6
267dffe9
2421ffec
21c5ffee
1f6dfff1
1d11fff3
1ab5fff5
1859fff7
15fdfff8
13a5fffa
1149fffb
eedfffd
c91fffe
a35fffe
7ddffff
581ffff
325ffff
c9ffff
ffe6dffff
ffc15ffff
ff9b9ffff
ff75dffff
ff501fffe
ff2a5fffd
ff04dfffc
fedf1fffb
feb95fff9
fe939fff8
fe6e1fff6
fe485fff4
fe229fff2
fdfcdfff0
fdd71ffed
fdb19ffeb
fd8bdffe8
fd661ffe5
fd405ffe2
fd1adffde
fcf51ffdb
fccf5ffd7
fca99ffd3
fc841ffcf
fc5e5ffcb
fc389ffc7
fc12dffc2
fbed5ffbe
fbc79ffb9
fba1dffb4
fb7c5ffae
fb569ffa9
fb30dffa3
fb0b1ff9e
fae59ff98
fabfdff92
fa9a1ff8b
fa749ff85
fa4edff7e
fa291ff78
fa039ff71
f9dddff69
f9b85ff62
f9929ff5b
f96cdff53
f9475ff4b
f9219ff43
f8fc1ff3b
f8d65ff33
f8b0dff2a
f88b1ff21
f8655ff19
f83fdff0f
f81a1ff06
f7f49fefd
f7cedfef3
f7a95feea
f7839fee0
f75e1fed6
f7389fecb
f712dfec1
f6ed5feb6
f6c79feab
f6a21fea1
f67c5fe95
f656dfe8a
f6315fe7f
f60b9fe73
f5e61fe67
f5c09fe5b
f59adfe4f
f5755fe43
f54fdfe36
f52a5fe2a
f5049fe1d
f4df1fe10
f4b99fe02
f4941fdf5
f46e9fde8
f448dfdda
f4235fdcc
f3fddfdbe
f3d85fdb0
f3b2dfda1
f38d5fd93
f367dfd84
f3425fd75
f31cdfd66
f2f75fd57
f2d1dfd47
f2ac5fd38
f286dfd28
f2615fd18
f23bdfd08
f2165fcf7
f1f0dfce7
f1cb5fcd6
f1a5dfcc5
f1805fcb4
f15b1fca3
f1359fc92
f1101fc80
f0ea9fc6f
f0c51fc5d
f09fdfc4b
f07a5fc39
f054dfc26
f02f9fc14
f00a1fc01
efe49fbee
efbf5fbdb
ef99dfbc8
ef749fbb4
ef4f1fba1
ef29dfb8d
ef045fb79
eedf1fb65
eeb99fb51
ee945fb3c
ee6f1fb28
ee499fb13
ee245fafe
edff1fae9
edd99fad4
edb45fabe
ed8f1faa9
ed69dfa93
ed445fa7d
ed1f1fa67
ecf9dfa50
ecd49fa3a
ecaf5fa23
ec8a1fa0c
ec64df9f5
ec3f9f9de
ec1a5f9c7
ebf51f9af
ebcfdf997
ebaa9f980
eb855f968
eb601f94f
eb3b1f937
eb15df91e
eaf09f906
eacb5f8ed
eaa65f8d4
ea811f8ba
ea5bdf8a1
ea36df887
ea119f86e
e9ec9f854
e9c75f83a
e9a25f81f
e97d1f805
e9581f7ea
e932df7d0
e90ddf7b5
e8e8df79a
e8c39f77e
e89e9f763
e8799f747
e8549f72b
e82f5f70f
e80a5f6f3
e7e55f6d7
e7c05f6ba
e79b5f69e
e7765f681
e7515f664
e72c5f647
e7075f629
e6e25f60c
e6bd5f5ee
e6989f5d0
e6739f5b2
e64e9f594
e6299f576
e604df557
e5dfdf539
e5badf51a
e5961f4fb
e5711f4dc
e54c5f4bc
e5275f49d
e5029f47d
e4dddf45d
e4b8df43d
e4941f41d
e46f5f3fc
e44a5f3dc
e4259f3bb
e400df39a
e3dc1f379
e3b75f358
e3929f337
e36ddf315
e3491f2f3
e3245f2d1
e2ff9f2af
e2dadf28d
e2b61f26b
e2915f248
e26cdf225
e2481f202
e2235f1df
e1fedf1bc
e1da1f198
e1b59f175
e190df151
e16c5f12d
e1479f109
e1231f0e5
e0fe9f0c0
e0d9df09c
e0b55f077
e090df052
e06c5f02d
e047df008
e0235efe2
dffedefbd
dfda5ef97
dfb5def71
df915ef4b
df6cdef24
df485eefe
df23deed7
deff9eeb0
dedb1ee89
deb69ee62
de925ee3b
de6ddee14
de499edec
de251edc4
de00ded9c
dddc5ed74
ddb81ed4c
dd93ded23
dd6f9ecfb
dd4b1ecd2
dd26deca9
dd029ec80
dcde5ec56
dcba1ec2d
dc95dec03
dc719ebda
dc4d9ebb0
dc295eb85
dc051eb5b
dbe0deb31
dbbcdeb06
db989eadb
db749eab0
db505ea85
db2c5ea5a
db081ea2e
dae41ea03
dac01e9d7
da9bde9ab
da77de97f
da53de952
da2fde926
da0bde8f9
d9e7de8cd
d9c3de8a0
d99fde872
d97bde845
d957de818
d9341e7ea
d9101e7bc
d8ec1e78e
d8c85e760
d8a45e732
d8809e704
d85c9e6d5
d838de6a6
d8151e677
d7f15e648
d7cd5e619
d7a99e5e9
d785de5ba
d7621e58a
d73e5e55a
d71a9e52a
d6f6de4fa
d6d35e4c9
d6af9e499
d68bde468
d6681e437
d6449e406
d620de3d5
d5fd5e3a3
d5d99e372
d5b61e340
d5929e30e
d56f1e2dc
d54b5e2aa
d527de277
d5045e245
d4e0de212
d4bd5e1df
d499de1ac
d4765e179
d4531e146
d42f9e112
d40c1e0de
d3e8de0aa
d3c55e076
d3a21e042
d37e9e00e
d35b5dfd9
d3381dfa5
d3149df70
d2f15df3b
d2ce1df06
d2aadded0
d2879de9b
d2645de65
d2411de2f
d21ddddf9
d1fadddc3
d1d79dd8d
d1b45dd57
d1915dd20
d16e1dce9
d14b1dcb2
d1281dc7b
d104ddc44
d0e1ddc0c
d0beddbd5
d09bddb9d
d078ddb65
d055ddb2d
d032ddaf5
d00fddabc
cfecdda84
cfc9dda4b
cfa71da12
cf841d9d9
cf615d9a0
cf3e5d967
cf1b9d92d
cef89d8f3
ced5dd8ba
ceb31d880
ce905d845
ce6d9d80b
ce4add7d1
ce281d796
ce055d75b
cde29d720
cdc01d6e5
cd9d5d6aa
cd7a9d66e
cd581d633
cd355d5f7
cd12dd5bb
ccf05d57f
cccd9d543
ccab1d506
cc889d4ca
cc661d48d
cc439d450
cc211d413
cbfe9d3d6
cbdc5d399
cbb9dd35b
cb975d31e
cb751d2e0
cb529d2a2
cb305d264
cb0e1d225
caeb9d1e7
cac95d1a8
caa71d16a
ca84dd12b
ca629d0ec
ca405d0ac
ca1e1d06d
c9fc1d02d
c9d9dcfee
c9b79cfae
c9959cf6e
c9735cf2e
c9515ceed
c92f5cead
c90d1ce6c
c8eb1ce2b
c8c91cdea
c8a71cda9
c8851cd68
c8631cd26
c8415cce5
c81f5cca3
c7fd5cc61
c7db9cc1f
c7b99cbdd
c797dcb9a
c775dcb58
c7541cb15
c7325cad2
c7109ca8f
c6eedca4c
c6cd1ca09
c6ab5c9c5
c6899c982
c6681c93e
c6465c8fa
c6249c8b6
c6031c872
c5e19c82d
c5bfdc7e9
c59e5c7a4
c57cdc75f
c55b5c71a
c539dc6d5
c5185c690
c4f6dc64a
c4d55c605
c4b41c5bf
c4929c579
c4711c533
c44fdc4ed
c42e9c4a6
c40d1c460
c3ebdc419
c3ca9c3d2
c3a95c38b
c3881c344
c366dc2fd
c3459c2b5
c3249c26e
c3035c226
c2e25c1de
c2c11c196
c2a01c14e
c27f1c105
c25ddc0bd
c23cdc074
c21bdc02b
c1fadbfe2
c1d9dbf99
c1b91bf50
c1981bf06
c1771bebd
c1565be73
c1355be29
c1149bddf
c0f3dbd95
c0d2dbd4a
c0b21bd00
c0915bcb5
c0709bc6a
c04fdbc20
c02f5bbd4
c00e9bb89
bfeddbb3e
bfcd5baf2
bfacdbaa7
bf8c1ba5b
bf6b9ba0f
bf4b1b9c2
bf2a9b976
bf0a1b92a
bee99b8dd
bec91b890
bea89b843
be885b7f6
be67db7a9
be479b75c
be271b70e
be06db6c1
bde69b673
bdc65b625
bda61b5d7
bd85db589
bd659b53a
bd455b4ec
bd255b49d
bd051b44e
bce51b3ff
bcc4db3b0
bca4db361
bc84db311
bc64db2c2
bc44db272
bc24db222
bc04db1d2
bbe4db182
bbc51b132
bba51b0e1
bb855b091
bb655b040
bb459afef
bb25daf9e
bb061af4d
bae65aefb
bac69aeaa
baa6dae58
ba875ae07
ba679adb5
ba47dad63
ba285ad10
ba08dacbe
b9e91ac6c
b9c99ac19
b9aa1abc6
b98a9ab73
b96b5ab20
b94bdaacd
b92c5aa79
b90d1aa26
b8ed9a9d2
b8ce5a97f
b8aeda92b
b88f9a8d6
b8705a882
b8511a82e
b831da7d9
b812da785
b7f39a730
b7d45a6db
b7b55a686
b7961a631
b7771a5db
b7581a586
b7391a530
b71a1a4da
b6fb1a484
b6dc1a42e
b6bd1a3d8
b69e5a382
b67f5a32b
b6609a2d4
b641da27e
b622da227
b6041a1cf
b5e55a178
b5c69a121
b5a81a0c9
b5895a072
b56a9a01a
b54c19fc2
b52d59f6a
b50ed9f12
b4f059eb9
b4d1d9e61
b4b359e08
b494d9daf
b47659d56
b457d9cfd
b43999ca4
b41b19c4b
b3fcd9bf1
b3de99b98
b3c059b3e
b3a1d9ae4
b38399a8a
b36599a30
b347599d6
b3291997b
b30b19921
b2ecd98c6
b2ced986b
b2b0d9810
b292997b5
b27499759
b256d96fe
b238d96a3
b21ad9647
b1fcd95eb
b1df1958f
b1c159533
b1a3594d7
b1859947a
b167d941e
b14a193c1
b12c59364
b10e99307
b0f1192aa
b0d35924d
b0b5d91f0
b09819192
b07a99135
b05d190d7
b03f99079
b0221901b
b00498fbd
afe758f5e
afc9d8f00
afac98ea2
af8f18e43
af71d8de4
af5498d85
af3758d26
af1a18cc7
aefcd8c67
aedfd8c08
aec298ba8
aea558b48
ae8858ae8
ae6b58a88
ae4e58a28
ae31589c8
ae1458967
adf758907
adda588a6
adbd98845
ada0987e4
ad83d8783
ad6718722
ad4a186c1
ad2d5865f
ad10985fd
acf41859c
acd75853a
acba984d8
ac9e18476
ac8198413
ac64d83b1
ac485834e
ac2bd82ec
ac0f58289
abf2d8226
abd6981c3
abba18160
ab9dd80fc
ab8158099
ab6518035
ab48d7fd1
ab2c97f6e
ab1057f0a
aaf457ea5
aad817e41
aabbd7ddd
aa9fd7d78
aa83d7d14
aa67d7caf
aa4b97c4a
aa2fd7be5
aa13d7b80
a9f7d7b1a
a9dbd7ab5
a9c017a4f
a9a4579ea
a98857984
a96c9791e
a950d78b8
a93517852
a919577eb
a8fdd7785
a8e21771e
a8c6976b8
a8ab17651
a88f575ea
a873d7583
a8585751c
a83d174b4
a8219744d
a806173e5
a7ead737e
a7cf57316
a7b4172ae
a798d7246
a77d971de
a76257175
a7471710d
a72c170a4
a710d703b
a6f5d6fd3
a6dad6f6a
a6bf96f01
a6a496e97
a689d6e2e
a66ed6dc5
a653d6d5b
a63916cf1
a61e16c87
a60356c1e
a5e896bb3
a5cdd6b49
a5b316adf
a59856a74
a57d96a0a
a5631699f
a54856934
a52dd68c9
a5135685e
a4f8967f3
a4de56788
a4c3d671c
a4a9566b1
a48ed6645
a474965d9
a45a5656e
a43fd6502
a42596495
a40b56429
a3f1563bd
a3d716350
a3bcd62e4
a3a2d6277
a3889620a
a36e9619d
a35496130
a33a960c3
a32096055
a306d5fe8
a2ecd5f7a
a2d315f0c
a2b915e9f
a29f55e31
a28595dc3
a26bd5d54
a25215ce6
a23895c78
a21ed5c09
a20555b9b
a1eb95b2c
a1d215abd
a1b895a4e
a19f159df
a1859596f
a16c55900
a152d5891
a13995821
a120157b1
a106d5741
a0ed956d2
a0d455661
a0bb155f1
a0a215581
a088d5511
a06fd54a0
a056d542f
a03d953bf
a0249534e
a00bd52dd
9ff2d526c
9fd9d51fb
9fc115189
9fa815118
9f8f550a6
9f7695035
9f5dd4fc3
9f4514f51
9f2c94edf
9f13d4e6d
9efb54dfa
9ee294d88
9eca14d16
9eb194ca3
9e9914c30
9e80d4bbe
9e6854b4b
9e4fd4ad8
9e3794a64
9e1f549f1
9e071497e
9deed490a
9dd694897
9dbe54823
9da6547af
9d8e1473b
9d76146c7
9d5e14653
9d46145df
9d2e1456b
9d16144f6
9cfe14481
9ce65440d
9cce54398
9cb694323
9c9ed42ae
9c8714239
9c6f541c4
9c579414e
9c40140d9
9c2894063
9c10d3fee
9bf953f78
9be1d3f02
9bca53e8c
9bb2d3e16
9b9b93da0
9b8413d29
9b6cd3cb3
9b5593c3c
9b3e53bc6
9b2713b4f
9b0fd3ad8
9af893a61
9ae1939ea
9aca53973
9ab3538fb
9a9c53884
9a855380d
9a6e53795
9a575371d
9a40936a5
9a29d362e
9a12d35b6
99fc1353d
99e5534c5
99ce9344d
99b7d33d4
99a15335c
998a932e3
99741326a
995d931f2
994713179
9930930ff
991a13086
9903d300d
98ed52f94
98d712f1a
98c0d2ea1
98aa92e27
989452dad
987e12d33
9867d2cb9
9851d2c3f
983b92bc5
982592b4b
980f92ad0
97f992a56
97e3929db
97cdd2960
97b7d28e6
97a21286b
978c527f0
977652775
9760926f9
974b1267e
973552603
971f92587
970a1250c
96f492490
96df12414
96c992398
96b41231c
969e922a0
968952224
9673d21a8
965e9212b
9649520af
963412032
961ed1fb5
9609d1f39
95f491ebc
95df91e3f
95ca91dc2
95b551d45
95a051cc7
958b91c4a
957691bcc
9561d1b4f
954cd1ad1
953811a53
9523519d6
950e91958
94f9d18da
94e51185c
94d0917dd
94bc1175f
94a7516e1
9492d1662
947e515e3
946a11565
9455914e6
944151467
942cd13e8
941891369
9404512ea
93f01126b
93dbd11eb
93c7d116c
93b3910ec
939f9106d
938b90fed
937790f6d
936390eed
934f90e6d
933bd0ded
9327d0d6d
931410ced
930050c6c
92ec90bec
92d8d0b6b
92c510aeb
92b190a6a
929dd09e9
928a50968
9276d08e7
926350866
924fd07e5
923c90764
9229106e2
9215d0661
9202905df
91ef5055e
91dc104dc
91c8d045a
91b5903d8
91a290356
918f902d4
917c50252
9169501d0
91565014d
9143900cb
913090049
911dcffc6
910b0ff43
90f80fec1
90e58fe3e
90d2cfdbb
90c00fd38
90ad8fcb5
909acfc31
90884fbae
9075cfb2b
90634faa7
9050cfa24
903e8f9a0
902c0f91c
9019cf899
90078f815
8ff54f791
8fe30f70d
8fd0cf689
8fbecf604
8fac8f580
8f9a8f4fc
8f888f477
8f768f3f3
8f648f36e
8f52cf2ea
8f40cf265
8f2f0f1e0
8f1d4f15b
8f0b8f0d6
8ef9cf051
8ee80efcc
8ed68ef46
8ec4ceec1
8eb34ee3c
8ea1cedb6
8e904ed30
8e7ececab
8e6d8ec25
8e5c0eb9f
8e4aceb19
8e398ea93
8e284ea0d
8e170e987
8e05ce901
8df4ce87a
8de38e7f4
8dd28e76e
8dc18e6e7
8db08e660
8d9f8e5da
8d8ece553
8d7dce4cc
8d6d0e445
8d5c4e3be
8d4b8e337
8d3ace2b0
8d2a0e229
8d198e1a1
8d08ce11a
8cf84e092
8ce7ce00b
8cd74df83
8cc6cdefb
8cb68de74
8ca60ddec
8c95cdd64
8c858dcdc
8c754dc54
8c650dbcc
8c54cdb43
8c44cdabb
8c348da33
8c248d9aa
8c148d922
8c048d899
8bf4cd810
8be4cd788
8bd50d6ff
8bc50d676
8bb54d5ed
8ba58d564
8b960d4db
8b864d452
8b76cd3c8
8b670d33f
8b578d2b6
8b480d22c
8b388d1a3
8b294d119
8b19cd08f
8b0a8d006
8afb4cf7c
8aec0cef2
8adccce68
8acd8cdde
8abe8cd54
8aaf4ccca
8aa04cc3f
8a914cbb5
8a824cb2b
8a734caa0
8a648ca16
8a558c98b
8a46cc900
8a380c876
8a294c7eb
8a1a8c760
8a0bcc6d5
89fd4c64a
89eecc5bf
89e00c534
89d18c4a9
89c34c41e
89b4cc392
89a64c307
89980c27b
8989cc1f0
897b8c164
896d4c0d9
895f0c04d
89510bfc1
8942cbf35
8934cbea9
8926cbe1d
8918cbd91
890acbd05
88fd0bc79
88ef0bbed
88e14bb60
88d38bad4
88c5cba48
88b80b9bb
88aa4b92f
889ccb8a2
888f4b815
8881cb789
88744b6fc
8866cb66f
88594b5e2
884c0b555
883e8b4c8
88314b43b
88240b3ae
8816cb320
8809cb293
87fc8b206
87ef8b178
87e28b0eb
87d58b05d
87c88afd0
87bb8af42
87ae8aeb4
87a1cae27
87950ad99
87884ad0b
877b8ac7d
876ecabef
87624ab61
87558aad3
87490aa44
873c8a9b6
87300a928
87238a89a
87174a80b
870aca77d
86fe8a6ee
86f24a660
86e60a5d1
86d9ca542
86cdca4b3
86c18a425
86b58a396
86a98a307
869d8a278
86918a1e9
8685ca15a
8679ca0cb
866e0a03b
866249fac
865689f1d
864ac9e8e
863f09dfe
863389d6f
862809cdf
861c89c50
861109bc0
860589b30
85fa09aa1
85eec9a11
85e389981
85d8098f1
85ccc9861
85c1c97d1
85b689741
85ab896b1
85a049621
859549591
858a49500
857f49470
8574893e0
85698934f
855ec92bf
85540922e
85494919e
853e8910d
8533c907d
852948fec
851ec8f5b
851408eca
850988e3a
84ff48da9
84f4c8d18
84ea88c87
84e008bf6
84d5c8b65
84cb88ad4
84c148a42
84b7489b1
84ad08920
84a30888f
8499087fd
848f0876c
8485086da
847b08649
8471485b7
846788526
845dc8494
845408402
844a48371
8440882df
84370824d
842d481bb
8423c8129
841a48097
8410c8005
840787f73
83fe07ee1
83f4c7e4f
83eb87dbd
83e247d2b
83d907c99
83d007c06
83c6c7b74
83bdc7ae2
83b4c7a4f
83abc79bd
83a2c792a
839a07898
839107805
838847773
837f876e0
8376c764d
836e075bb
836547528
835cc7495
835447402
834bc736f
8343472dc
833ac7249
8332471b6
832a07123
8321c7090
831986ffd
831146f6a
830906ed7
830106e43
82f8c6db0
82f0c6d1d
82e8c6c89
82e0c6bf6
82d8c6b63
82d106acf
82c906a3c
82c1469a8
82b986915
82b1c6881
82aa467ed
82a28675a
829b066c6
829386632
828c0659e
82848650b
827d06477
8275c63e3
826e4634f
8267062bb
825fc6227
825886193
8251860ff
824a4606b
824345fd7
823c45f43
823545eae
822e45e1a
822745d86
822085cf2
821985c5d
8212c5bc9
820c05b35
820585aa0
81fec5a0c
81f845977
81f1858e3
81eb0584e
81e4857ba
81de45725
81d7c5691
81d1855fc
81cb05567
81c4c54d3
81be8543e
81b8853a9
81b245314
81ac45280
81a6051eb
81a005156
819a450c1
81944502c
818e44f97
818884f02
8182c4e6d
817d04dd8
817744d43
817184cae
816c04c19
816644b84
8160c4aef
815b44a59
8155c49c4
81508492f
814b0489a
8145c4804
81408476f
813b446da
813604644
8131045af
812bc451a
8126c4484
8121c43ef
811cc4359
8117c42c4
81130422e
810e04199
810944103
81048406e
80ffc3fd8
80fb03f42
80f683ead
80f1c3e17
80ed43d81
80e8c3cec
80e443c56
80e003bc0
80db83b2a
80d743a94
80d3039ff
80cec3969
80ca838d3
80c64383d
80c2437a7
80be03711
80ba0367b
80b6035e5
80b20354f
80ae434b9
80aa43423
80a68338d
80a2c32f7
809f03261
809b431cb
8097c3135
80940309f
809083009
808d02f73
808982edd
808602e46
8082c2db0
807f82d1a
807c02c84
8078c2bee
807582b57
807282ac1
806f42a2b
806c42995
8069428fe
806642868
8063427d2
80604273b
805d826a5
805ac260f
8057c2578
8055424e2
80528244b
804fc23b5
804d4231e
804a82288
8048021f2
80458215b
8043420c5
8040c202e
803e81f98
803c41f01
8039c1e6b
8037c1dd4
803581d3d
803341ca7
803141c10
802f41b7a
802d41ae3
802b41a4d
8029419b6
80278191f
8025c1889
8023c17f2
80220175c
8020816c5
801ec162e
801d41598
801b81501
801a0146a
8018813d4
80174133d
8015c12a6
80148120f
801301179
8011c10e2
80108104b
800f80fb5
800e40f1e
800d40e87
800c40df0
800b40d5a
800a40cc3
800940c2c
800880b95
800780aff
8006c0a68
8006009d1
80054093a
8004c08a4
80040080d
800380776
8003006df
800280648
8002005b2
8001c051b
800140484
8001003ed
8000c0357
8000802c0
800040229
800040192
8000400fb
800040065
80007ffce
80007ff37
80007fea0
80007fe09
8000bfd73
8000bfcdc
8000ffc45
80017fbae
8001bfb17
80023fa81
80027f9ea
8002ff953
80037f8bc
8003ff825
8004bf78f
80053f6f8
8005ff661
8006bf5ca
80077f534
80083f49d
80093f406
8009ff36f
800aff2d9
800bff242
800cff1ab
800e3f114
800f3f07e
80107efe7
8011bef50
8012feeb9
80143ee23
80157ed8c
8016fecf5
80183ec5f
8019bebc8
801b3eb31
801cbea9b
801e7ea04
801ffe96d
8021be8d7
80237e840
80253e7a9
8026fe713
8028fe67c
802abe5e6
802cbe54f
802ebe4b8
8030be422
8032fe38b
8034fe2f5
80373e25e
80397e1c8
803bbe131
803dfe09b
80403e004
8042bdf6e
8044fded7
80477de41
8049fddaa
804c7dd14
804f3dc7d
8051bdbe7
80547db50
80573daba
8059fda24
805cbd98d
805fbd8f7
80627d861
80657d7ca
80687d734
806b7d69e
806e7d607
8071bd571
8074bd4db
8077fd444
807b3d3ae
807e7d318
8081bd282
80853d1ec
8088bd155
808bfd0bf
808f7d029
80933cf93
8096bcefd
809a3ce67
809dfcdd1
80a1bcd3b
80a57cca5
80a93cc0f
80ad3cb79
80b0fcae3
80b4fca4d
80b8fc9b7
80bcfc921
80c0fc88b
80c53c7f5
80c93c75f
80cd7c6c9
80d1bc633
80d5fc59d
80da3c508
80debc472
80e2fc3dc
80e77c346
80ebfc2b1
80f07c21b
80f53c185
80f9bc0f0
80fe7c05a
81033bfc4
8107fbf2f
810cbbe99
81117be04
81167bd6e
811b3bcd9
81203bc43
81253bbae
812a3bb18
812f7ba83
81347b9ed
8139bb958
813efb8c3
81443b82d
81497b798
814efb703
81543b66e
8159bb5d8
815f3b543
8164bb4ae
816a3b419
816ffb384
81757b2ef
817b3b25a
8180fb1c5
8186bb130
818cbb09b
81927b006
81987af71
819e3aedc
81a43ae47
81aa7adb2
81b07ad1d
81b67ac88
81bcbabf4
81c2fab5f
81c93aaca
81cf7aa36
81d5ba9a1
81dc3a90c
81e2ba878
81e93a7e3
81efba74f
81f63a6ba
81fcba626
82037a591
8209fa4fd
8210ba468
82177a3d4
821e7a340
82253a2ab
822c3a217
8232fa183
8239fa0ef
8240fa05b
824839fc6
824f39f32
825679e9e
825d79e0a
8264b9d76
826bf9ce2
827379c4e
827ab9bbb
828239b27
8289b9a93
8291399ff
8298b996b
82a0398d8
82a7b9844
82af797b0
82b73971d
82bef9689
82c6b95f5
82ce79562
82d6794cf
82de3943b
82e6393a8
82ee39314
82f639281
82fe791ee
83067915a
830eb90c7
8316f9034
831f38fa1
832778f0e
832fb8e7b
833838de8
8340b8d55
8348f8cc2
835178c2f
835a38b9c
8362b8b09
836b78a76
8373f89e4
837cb8951
8385788be
838e3882c
839738799
839ff8707
83a8f8674
83b1f85e2
83baf854f
83c3f84bd
83cd3842a
83d638398
83df78306
83e8b8274
83f1f81e1
83fb3814f
8404780bd
840df802b
841777f99
8420f7f07
842a77e75
8433f7de3
843d77d52
844737cc0
8450f7c2e
845ab7b9c
846477b0b
846e37a79
8477f79e8
8481f7956
848bf78c5
8495b7833
849ff77a2
84a9f7711
84b3f767f
84be375ee
84c87755d
84d2774cc
84dcf743b
84e7373aa
84f177319
84fbf7288
8506771f7
8510b7166
851b770d5
8525f7044
853076fb4
853b36f23
8545f6e92
855076e02
855b76d71
856636ce1
8570f6c50
857bf6bc0
8586f6b30
8591b6a9f
859cf6a0f
85a7f697f
85b2f68ef
85be3685f
85c9367cf
85d47673f
85dfb66af
85eb3661f
85f67658f
8601f6500
860d36470
8618b63e0
862436351
862ff62c1
863b76232
8647361a2
8652b6113
865e76084
866a35ff4
8675f5f65
8681f5ed6
868db5e47
8699b5db8
86a5b5d29
86b1b5c9a
86bdb5c0b
86c9f5b7c
86d5f5aed
86e235a5f
86ee759d0
86fab5941
8706f58b3
871335824
871fb5796
872bf5708
873875679
8744f55eb
8751b555d
875e354cf
876ab5441
8777753b3
878435325
8790f5297
879db5209
87aa7517b
87b7750ed
87c435060
87d134fd2
87de34f44
87eb34eb7
87f874e29
880574d9c
8812b4d0f
881ff4c81
882cf4bf4
883a74b67
8847b4ada
8854f4a4d
8862749c0
886ff4933
887d748a6
888af481a
88987478d
88a5f4700
88b3b4674
88c1745e7
88cef455b
88dcf44ce
88eab4442
88f8743b6
89067432a
89143429d
892234211
893034185
893e340f9
894c7406e
895a73fe2
8968b3f56
8976f3eca
898533e3f
899373db3
89a1b3d28
89b033c9c
89be73c11
89ccf3b86
89db73afa
89e9f3a6f
89f8739e4
8a0733959
8a15b38ce
8a2473843
8a33337b9
8a41f372e
8a50b36a3
8a5fb3618
8a6e7358e
8a7d73503
8a8c73479
8a9b733ef
8aaa73364
8ab9732da
8ac8b3250
8ad7f31c6
8ae6f313c
8af6330b2
8b0573028
8b14f2f9f
8b2432f15
8b33b2e8b
8b4332e02
8b52b2d78
8b6232cef
8b71b2c65
8b8132bdc
8b90f2b53
8ba0b2aca
8bb032a41
8bbff29b8
8bcff292f
8bdfb28a6
8bef7281d
8bff72794
8c0f7270c
8c1f72683
8c2f725fb
8c3f72572
8c4fb24ea
8c5fb2462
8c6ff23da
8c8032352
8c90722c9
8ca0b2242
8cb1321ba
8cc172132
8cd1f20aa
8ce272022
8cf2f1f9b
8d0371f13
8d13f1e8c
8d24b1e05
8d3571d7d
8d45f1cf6
8d56b1c6f
8d6771be8
8d7871b61
8d8931ada
8d9a31a53
8daaf19cd
8dbbf1946
8dccf18bf
8dddf1839
8def317b2
8e003172c
8e11716a6
8e22b1620
8e33f1599
8e4531513
8e567148e
8e67b1408
8e7931382
8e8ab12fc
8e9c31277
8eadb11f1
8ebf3116c
8ed0b10e6
8ee271061
8ef3f0fdc
8f05b0f56
8f1770ed1
8f2930e4c
8f3b30dc8
8f4cf0d43
8f5eb0cbe
8f70b0c39
8f82b0bb5
8f94b0b30
8fa6b0aac
8fb8f0a28
8fcaf09a3
8fdd3091f
8fef7089b
900170817
9013f0793
90263070f
90387068c
904af0608
905d30585
906fb0501
90823047e
9094b03fa
90a770377
90b9f02f4
90ccb0271
90df701ee
90f1f016b
9104f00e8
9117b0066
912a6ffe3
913d6ff60
91502fede
91632fe5c
91762fdd9
91892fd57
919c2fcd5
91af6fc53
91c26fbd1
91d5afb4f
91e8eface
91fc2fa4c
920f6f9ca
9222af949
92362f8c8
92496f846
925cef7c5
92706f744
9283ef6c3
92976f642
92ab2f5c1
92beaf540
92d26f4c0
92e62f43f
92f9af3bf
930daf33e
93216f2be
93352f23e
93492f1be
935cef13e
9370ef0be
9384ef03e
9398eefbe
93ad2ef3e
93c12eebf
93d52ee3f
93e96edc0
93fdaed41
9411eecc1
94262ec42
943a6ebc3
944eeeb44
94632eac6
9477aea47
948c2e9c8
94a0ae94a
94b52e8cb
94c9ee84d
94de6e7cf
94f32e750
9507ae6d2
951c6e654
95312e5d6
9545ee559
955aee4db
956fae45d
9584ae3e0
9599ae363
95ae6e2e5
95c36e268
95d8ae1eb
95edae16e
9602ae0f1
9617ee074
962d2dff7
96426df7b
9657adefe
966cede82
96822de06
9697add89
96acedd0d
96c26dc91
96d7edc15
96ed6db99
9702edb1e
9718adaa2
972e2da26
9743ed9ab
9759ad930
976f2d8b4
9784ed839
979aed7be
97b0ad743
97c66d6c8
97dc6d64e
97f26d5d3
98086d559
981e6d4de
98346d464
984a6d3ea
9860ad36f
9876ad2f5
988ced27b
98a32d202
98b96d188
98cfad10e
98e5ed095
98fc6d01b
9912acfa2
99292cf29
993faceb0
99562ce37
996cacdbe
99832cd45
9999ecccc
99b06cc54
99c72cbdb
99ddecb63
99f4acaeb
9a0b6ca73
9a222c9fa
9a38ec982
9a4fec90b
9a66ec893
9a7dac81b
9a94ac7a4
9aabac72c
9ac2ec6b5
9ad9ec63e
9af0ec5c7
9b082c550
9b1f6c4d9
9b36ac462
9b4dec3eb
9b652c375
9b7c6c2fe
9b93ec288
9bab2c212
9bc2ac19b
9bda2c125
9bf1ac0af
9c092c03a
9c20abfc4
9c382bf4e
9c4febed9
9c67abe63
9c7f2bdee
9c96ebd79
9caeabd04
9cc6abc8f
9cde6bc1a
9cf62bba5
9d0e2bb31
9d262babc
9d3e2ba48
9d562b9d4
9d6e2b95f
9d862b8eb
9d9e2b877
9db66b804
9dceab790
9de6ab71c
9dfeeb6a9
9e172b635
9e2fab5c2
9e47eb54f
9e602b4dc
9e78ab469
9e912b3f6
9ea9ab383
9ec22b311
9edaab29e
9ef32b22c
9f0bab1b9
9f246b147
9f3ceb0d5
9f55ab063
9f6e6aff1
9f872af80
9f9feaf0e
9fb8eae9d
9fd1aae2b
9feaaadba
a0036ad49
a01c6acd8
a0356ac67
a04e6abf6
a0676ab85
a080aab15
a099aaaa4
a0b2eaa34
a0cc2a9c4
a0e52a954
a0fe6a8e4
a117ea874
a1312a804
a14a6a795
a163ea725
a17d2a6b6
a196aa646
a1b02a5d7
a1c9aa568
a1e32a4f9
a1fcaa48a
a2166a41c
a22fea3ad
a249aa33f
a2636a2d0
a27d2a262
a296ea1f4
a2b0aa186
a2ca6a118
a2e46a0aa
a2fe2a03d
a31829fcf
a33229f62
a34be9ef5
a36629e87
a38029e1a
a39a29dad
a3b429d41
a3ce69cd4
a3e8a9c67
a402a9bfb
a41ce9b8f
a43729b22
a451a9ab6
a46be9a4a
a486299df
a4a0a9973
a4bae9907
a4d56989c
a4efe9831
a50a697c5
a524e975a
a53fa96ef
a55a29684
a574e961a
a58f695af
a5aa29545
a5c4e94da
a5dfa9470
a5fa69406
a6152939c
a63029332
a64ae92c8
a665e925f
a680e91f5
a69ba918c
a6b6a9122
a6d1e90b9
a6ece9050
a707e8fe7
a72328f7f
a73e28f16
a75968eae
a774a8e45
a78fe8ddd
a7ab28d75
a7c668d0d
a7e1a8ca5
a7fd28c3d
a81868bd6
a833e8b6e
a84f68b07
a86ae8a9f
a88668a38
a8a1e89d1
a8bd6896a
a8d8e8904
a8f4a889d
a91068837
a92be87d0
a947a876a
a96368704
a97f2869e
a99ae8638
a9b6e85d2
a9d2a856d
a9eea8507
aa0a684a2
aa266843d
aa42683d8
aa5e68373
aa7a6830e
aa96a82a9
aab2a8245
aacea81e0
aaeae817c
ab0728118
ab23680b4
ab3fa8050
ab5be7fec
ab7827f88
ab9467f25
abb0a7ec2
abcd27e5e
abe9a7dfb
ac05e7d98
ac2267d35
ac3ee7cd3
ac5b67c70
ac77e7c0d
ac94a7bab
acb127b49
accde7ae7
acea67a85
ad0727a23
ad23e79c1
ad40a7960
ad5d678fe
ad7a2789d
ad972783c
adb3e77db
add0e777a
adeda7719
ae0aa76b9
ae27a7658
ae44a75f8
ae61a7598
ae7ea7538
ae9be74d8
aeb8e7478
aed627418
aef3273b9
af1067359
af2da72fa
af4ae729b
af682723c
af85671dd
afa2e717e
afc02711f
afdda70c1
affae7063
b01867004
b035e6fa6
b05366f48
b070e6eeb
b08e66e8d
b0abe6e2f
b0c9a6dd2
b0e726d75
b104e6d18
b122a6cbb
b14026c5e
b15de6c01
b17ba6ba5
b19966b48
b1b766aec
b1d526a90
b1f326a34
b210e69d8
b22ee697c
b24ce6920
b26aa68c5
b288a686a
b2a6e680e
b2c4e67b3
b2e2e6758
b300e66fe
b31f266a3
b33d66649
b35b665ee
b379a6594
b397e653a
b3b6264e0
b3d466486
b3f2e642c
b411263d3
b42f6637a
b44de6320
b46c662c7
b48aa626e
b4a926215
b4c7a61bd
b4e626164
b504a610c
b523660b3
b541e605b
b56066003
b57f25fac
b59de5f54
b5bc65efc
b5db25ea5
b5f9e5e4e
b618a5df6
b63765d9f
b65665d49
b67525cf2
b69425c9b
b6b2e5c45
b6d1e5bef
b6f0e5b98
b70fa5b42
b72ea5aed
b74de5a97
b76ce5a41
b78be59ec
b7aae5997
b7ca25941
b7e9258ec
b80865898
b827a5843
b846e57ee
b8662579a
b88565746
b8a4a56f1
b8c3e569d
b8e32564a
b902a55f6
b921e55a2
b9416554f
b960e54fc
b980254a9
b99fa5456
b9bf25403
b9dea53b0
b9fe6535d
ba1de530b
ba3d652b9
ba5d25267
ba7ca5215
ba9c651c3
babc25171
badbe5120
bafba50ce
bb1b6507d
bb3b2502c
bb5ae4fdb
bb7aa4f8a
bb9aa4f3a
bbba64ee9
bbda64e99
bbfa64e49
bc1a24df8
bc3a24da9
bc5a24d59
bc7a24d09
bc9a24cba
bcba64c6a
bcda64c1b
bcfa64bcc
bd1aa4b7d
bd3ae4b2f
bd5ae4ae0
bd7b24a91
bd9b64a43
bdbba49f5
bddbe49a7
bdfc24959
be1c6490c
be3ce48be
be5d24871
be7da4823
be9de47d6
bebe64789
bedee473c
beff246f0
bf1fa46a3
bf4024657
bf60e460b
bf81645bf
bfa1e4573
bfc264527
bfe3244db
c003e4490
c02464445
c045243f9
c065e43ae
c086a4364
c0a764319
c0c8242ce
c0e8e4284
c109a423a
c12a641f0
c14b641a6
c16c2415c
c18d24112
c1ae240c9
c1cee407f
c1efe4036
c210e3fed
c231e3fa4
c252e3f5c
c273e3f13
c29523eca
c2b623e82
c2d723e3a
c2f863df2
c319a3daa
c33aa3d63
c35be3d1b
c37d23cd4
c39e63c8d
c3bfa3c45
c3e0e3bff
c40223bb8
c42363b71
c444e3b2b
c46623ae4
c48763a9e
c4a8e3a58
c4ca63a13
c4eba39cd
c50d23987
c52ea3942
c550238fd
c571a38b8
c59323873
c5b4e382e
c5d6637e9
c5f7e37a5
c619a3761
c63b2371d
c65ce36d9
c67e63695
c6a023651
c6c1e360e
c6e3a35ca
c70563587
c72723544
c748e3501
c76aa34be
c78ca347c
c7ae63439
c7d0633f7
c7f2233b5
c81423373
c835e3331
c857e32ef
c879e32ae
c89be326d
c8bde322b
c8dfe31ea
c901e31aa
c923e3169
c945e3128
c968230e8
c98a230a8
c9ac63068
c9ce63028
c9f0a2fe8
ca12e2fa8
ca3522f69
ca5722f2a
ca7962eea
ca9ba2eab
cabde2e6d
cae062e2e
cb02a2def
cb24e2db1
cb4762d73
cb69a2d35
cb8be2cf7
cbae62cb9
cbd0e2c7c
cbf322c3e
cc15a2c01
cc3822bc4
cc5aa2b87
cc7d22b4a
cc9fa2b0e
ccc222ad1
cce4e2a95
cd0762a59
cd29e2a1d
cd4ca29e1
cd6f229a5
cd91e296a
cdb46292f
cdd7228f3
cdf9e28b8
ce1ca287e
ce3f62843
ce61e2808
ce84e27ce
cea7a2794
ceca6275a
ceed22720
cf0fe26e6
cf32e26ac
cf55a2673
cf78a263a
cf9b62601
cfbe625c8
cfe16258f
d00422556
d0272251e
d04a224e6
d06d224ae
d09022476
d0b32243e
d0d622406
d0f9623cf
d11c62397
d13f62360
d162a2329
d185a22f2
d1a8e22bc
d1cbe2285
d1ef2224f
d21262219
d235621e3
d258a21ad
d27be2177
d29f22141
d2c26210c
d2e5a20d7
d308e20a2
d32c6206d
d34fa2038
d372e2004
d39661fcf
d3b9a1f9b
d3dd21f67
d40061f33
d423e1eff
d44721ecc
d46aa1e98
d48e21e65
d4b1a1e32
d4d521dff
d4f8a1dcc
d51c21d99
d53fa1d67
d56321d35
d586a1d03
d5aa61cd1
d5cde1c9f
d5f161c6d
d61521c3c
d638a1c0a
d65c61bd9
d68021ba8
d6a3a1b78
d6c761b47
d6eb21b16
d70ee1ae6
d732a1ab6
d75621a86
d779e1a56
d79de1a27
d7c1a19f7
d7e5619c8
d80921999
d82ce196a
d850e193b
d874a190c
d898a18de
d8bc618af
d8e061881
d90421853
d92821825
d94c217f7
d96fe17ca
d993e179d
d9b7e176f
d9dbe1742
d9ffe1716
da23e16e9
da47e16bc
da6be1690
da8fe1664
dab421638
dad82160c
dafc215e0
db20615b5
db4461589
db686155e
db8ca1533
dbb0e1508
dbd4e14de
dbf9214b3
dc1d61489
dc416145e
dc65a1434
dc89e140b
dcae213e1
dcd2613b7
dcf6a138e
dd1ae1365
dd3f2133c
dd6361313
dd87a12ea
ddac212c2
ddd061299
ddf4a1271
de1921249
de3d61221
de61e11fa
de86211d2
deaaa11ab
decee1184
def36115d
df17e1136
df3c2110f
df60a10e8
df85210c2
dfa9a109c
dfce21076
dff2a1050
e0172102a
e03ba1005
e06020fe0
e084a0fba
e0a920f95
e0cde0f71
e0f260f4c
e116e0f27
e13ba0f03
e16020edf
e184a0ebb
e1a960e97
e1cde0e73
e1f2a0e50
e21760e2d
e23be0e09
e260a0de6
e28560dc4
e2a9e0da1
e2cea0d7f
e2f360d5c
e31820d3a
e33ce0d18
e361a0cf6
e38660cd5
e3ab20cb3
e3cfe0c92
e3f4a0c71
e41960c50
e43e20c2f
e46320c0e
e487e0bee
e4aca0bce
e4d160bae
e4f660b8e
e51b20b6e
e54020b4e
e564e0b2f
e589e0b10
e5aea0af0
e5d3a0ad2
e5f860ab3
e61d60a94
e64260a76
e66760a58
e68c20a3a
e6b120a1c
e6d6209fe
e6fb209e0
e720209c3
e745209a6
e76a20989
e78f2096c
e7b42094f
e7d920933
e7fe20916
e823208fa
e848208de
e86d208c2
e892608a6
e8b76088b
e8dc60870
e90160854
e926a0839
e94ba081f
e970e0804
e995e07e9
e9bb207cf
e9e0207b5
ea056079b
ea2a60781
ea4fa0767
ea74a074e
ea99e0735
eabf2071c
eae460703
eb09606ea
eb2ea06d1
eb53e06b9
eb79206a1
eb9e60688
ebc360670
ebe8a0659
ec0de0641
ec332062a
ec5860613
ec7da05fb
eca2e05e5
ecc8205ce
eced605b7
ed12e05a1
ed382058b
ed5d60575
ed82a055f
eda7e0549
edcd60534
edf2a051e
ee17e0509
ee3d604f4
ee62a04df
ee87e04ca
eead604b6
eed2a04a2
eef7e048e
ef1d6047a
ef42a0466
ef6820452
ef8d6043f
efb2e042b
efd860418
effda0405
f023203f2
f048a03e0
f06de03cd
f093603bb
f0b8e03a9
f0de20397
f103a0385
f12920374
f14ea0362
f173e0351
f19960340
f1bee032f
f1e46031f
f209e030e
f22f602fe
f254e02ee
f27a602de
f29fe02ce
f2c5602be
f2eae02af
f3106029f
f335e0290
f35b60281
f380e0272
f3a660264
f3cbe0255
f3f160247
f416e0239
f43c6022b
f461e021d
f487a020f
f4ad20202
f4d2a01f5
f4f8201e8
f51de01db
f543601ce
f568e01c1
f58e601b5
f5b4201a9
f5d9a019d
f5ff20191
f624e0185
f64a6017a
f66fe016e
f695a0163
f6bb20158
f6e0e014d
f70660143
f72be0138
f751a012e
f77720124
f79ce011a
f7c260110
f7e820106
f80da00fd
f833600f4
f858e00ea
f87ea00e2
f8a4200d9
f8c9e00d0
f8ef600c8
f915200c0
f93ae00b8
f960600b0
f986200a8
f9aba00a0
f9d160099
f9f720092
fa1ca008b
fa4260084
fa682007d
fa8da0077
fab360070
fad92006a
fafea0064
fb246005e
fb4a20059
fb6fa0053
fb956004e
fbbb20049
fbe0a0044
fc066003f
fc2c2003b
fc51e0036
fc7760032
fc9d2002e
fcc2e002a
fce8a0026
fd0e20023
fd33e001f
fd59a001c
fd7f60019
fda4e0016
fdcaa0014
fdf060011
fe162000f
fe3be000c
fe616000a
fe8720009
feace0007
fed2a0006
fef820004
ff1de0003
ff43a0002
ff6960001
ff8f20001
ffb4a0001
ffda60001
7fffc0000
7fffc0019
7fffc0032
7fffc004b
7fffc0065
7fffc007e
7fffc0097
7fffc00b0
7fffc00c9
7fffc00e2
7fffc00fb
7fffc0114
7fffc012e
7fffc0147
7fffc0160
7fffc0179
7fffc0192
7fffc01ab
7fffc01c4
7fffc01de
7fffc01f7
7fffc0210
7fffc0229
7fffc0242
7fffc025b
7fff80274
7fff8028d
7fff802a7
7fff802c0
7fff802d9
7fff802f2
7fff8030b
7fff80324
7fff4033d
7fff40357
7fff40370
7fff40389
7fff403a2
7fff403bb
7fff003d4
7fff003ed
7fff00406
7fff00420
7fff00439
7ffec0452
7ffec046b
7ffec0484
7ffec049d
7ffe804b6
7ffe804cf
7ffe804e9
7ffe80502
7ffe4051b
7ffe40534
7ffe4054d
7ffe40566
7ffe0057f
7ffe00599
7ffe005b2
7ffe005cb
7ffdc05e4
7ffdc05fd
7ffdc0616
7ffd8062f
7ffd80648
7ffd80662
7ffd8067b
7ffd40694
7ffd406ad
7ffd406c6
7ffd006df
7ffd006f8
7ffd00711
7ffcc072b
7ffcc0744
7ffc8075d
7ffc80776
7ffc8078f
7ffc407a8
7ffc407c1
7ffc407db
7ffc007f4
7ffc0080d
7ffbc0826
7ffbc083f
7ffbc0858
7ffb80871
7ffb8088a
7ffb408a4
7ffb408bd
7ffb008d6
7ffb008ef
7ffb00908
7ffac0921
7ffac093a
7ffa80953
7ffa8096d
7ffa40986
7ffa4099f
7ffa009b8
7ffa009d1
7ff9c09ea
7ff9c0a03
7ff980a1d
7ff980a36
7ff940a4f
7ff940a68
7ff900a81
7ff900a9a
7ff8c0ab3
7ff8c0acc
7ff880ae6
7ff880aff
7ff840b18
7ff840b31
7ff800b4a
7ff800b63
7ff7c0b7c
7ff780b95
7ff780baf
7ff740bc8
7ff740be1
7ff700bfa
7ff700c13
7ff6c0c2c
7ff680c45
7ff680c5e
7ff640c78
7ff640c91
7ff600caa
7ff5c0cc3
7ff5c0cdc
7ff580cf5
7ff540d0e
7ff540d27
7ff500d41
7ff4c0d5a
7ff4c0d73
7ff480d8c
7ff440da5
7ff440dbe
7ff400dd7
7ff3c0df0
7ff3c0e0a
7ff380e23
7ff340e3c
7ff340e55
7ff300e6e
7ff2c0e87
7ff2c0ea0
7ff280eb9
7ff240ed3
7ff200eec
7ff200f05
7ff1c0f1e
7ff180f37
7ff140f50
7ff140f69
7ff100f82
7ff0c0f9b
7ff080fb5
7ff080fce
7ff040fe7
7ff001000
7fefc1019
7fef81032
7fef8104b
7fef41064
7fef0107e
7feec1097
7fee810b0
7fee810c9
7fee410e2
7fee010fb
7fedc1114
7fed8112d
7fed41147
7fed41160
7fed01179
7fecc1192
7fec811ab
7fec411c4
7fec011dd
7febc11f6
7feb8120f
7feb81229
7feb41242
7feb0125b
7feac1274
7fea8128d
7fea412a6
7fea012bf
7fe9c12d8
7fe9812f2
7fe94130b
7fe901324
7fe8c133d
7fe881356
7fe88136f
7fe841388
7fe8013a1
7fe7c13ba
7fe7813d4
7fe7413ed
7fe701406
7fe6c141f
7fe681438
7fe641451
7fe60146a
7fe5c1483
7fe58149c
7fe5414b6
7fe5014cf
7fe4c14e8
7fe481501
7fe44151a
7fe401533
7fe3c154c
7fe381565
7fe30157e
7fe2c1598
7fe2815b1
7fe2415ca
7fe2015e3
7fe1c15fc
7fe181615
7fe14162e
7fe101647
7fe0c1660
7fe08167a
7fe041693
7fdfc16ac
7fdf816c5
7fdf416de
7fdf016f7
7fdec1710
7fde81729
7fde41742
7fde0175c
7fdd81775
7fdd4178e
7fdd017a7
7fdcc17c0
7fdc817d9
7fdc417f2
7fdbc180b
7fdb81824
7fdb4183d
7fdb01857
7fdac1870
7fda41889
7fda018a2
7fd9c18bb
7fd9818d4
7fd9418ed
7fd8c1906
7fd88191f
7fd841939
7fd801952
7fd78196b
7fd741984
7fd70199d
7fd6c19b6
7fd6419cf
7fd6019e8
7fd5c1a01
7fd581a1a
7fd501a34
7fd4c1a4d
7fd481a66
7fd401a7f
7fd3c1a98
7fd381ab1
7fd301aca
7fd2c1ae3
7fd281afc
7fd201b15
7fd1c1b2e
7fd181b48
7fd101b61
7fd0c1b7a
7fd081b93
7fd001bac
7fcfc1bc5
7fcf81bde
7fcf01bf7
7fcec1c10
7fce81c29
7fce01c43
7fcdc1c5c
7fcd41c75
7fcd01c8e
7fccc1ca7
7fcc41cc0
7fcc01cd9
7fcb81cf2
7fcb41d0b
7fcb01d24
7fca81d3d
7fca41d57
7fc9c1d70
7fc981d89
7fc901da2
7fc8c1dbb
7fc841dd4
7fc801ded
7fc781e06
7fc741e1f
7fc6c1e38
7fc681e51
7fc641e6b
7fc5c1e84
7fc581e9d
7fc501eb6
7fc481ecf
7fc441ee8
7fc3c1f01
7fc381f1a
7fc301f33
7fc2c1f4c
7fc241f65
7fc201f7f
7fc181f98
7fc141fb1
7fc0c1fca
7fc081fe3
7fc001ffc
7fbf82015
7fbf4202e
7fbec2047
7fbe82060
7fbe02079
7fbd82092
7fbd420ac
7fbcc20c5
7fbc820de
7fbc020f7
7fbb82110
7fbb42129
7fbac2142
7fba8215b
7fba02174
7fb98218d
7fb9421a6
7fb8c21bf
7fb8421d8
7fb8021f2
7fb78220b
7fb702224
7fb6c223d
7fb642256
7fb5c226f
7fb582288
7fb5022a1
7fb4822ba
7fb4022d3
7fb3c22ec
7fb342305
7fb2c231e
7fb282338
7fb202351
7fb18236a
7fb102383
7fb0c239c
7fb0423b5
7fafc23ce
7faf423e7
7faf02400
7fae82419
7fae02432
7fad8244b
7fad02464
7facc247d
7fac42497
7fabc24b0
7fab424c9
7faac24e2
7faa824fb
7faa02514
7fa98252d
7fa902546
7fa88255f
7fa842578
7fa7c2591
7fa7425aa
7fa6c25c3
7fa6425dc
7fa5c25f5
7fa54260f
7fa502628
7fa482641
7fa40265a
7fa382673
7fa30268c
7fa2826a5
7fa2026be
7fa1826d7
7fa1026f0
7fa082709
7fa042722
7f9fc273b
7f9f42754
7f9ec276d
7f9e42786
7f9dc279f
7f9d427b9
7f9cc27d2
7f9c427eb
7f9bc2804
7f9b4281d
7f9ac2836
7f9a4284f
7f99c2868
7f9942881
7f98c289a
7f98428b3
7f97c28cc
7f97428e5
7f96c28fe
7f9642917
7f95c2930
7f9542949
7f94c2962
7f944297b
7f93c2995
7f93429ae
7f92c29c7
7f92429e0
7f91c29f9
7f9142a12
7f90c2a2b
7f9042a44
7f8fc2a5d
7f8f02a76
7f8e82a8f
7f8e02aa8
7f8d82ac1
7f8d02ada
7f8c82af3
7f8c02b0c
7f8b82b25
7f8b02b3e
7f8a82b57
7f89c2b70
7f8942b89
7f88c2ba3
7f8842bbc
7f87c2bd5
7f8742bee
7f86c2c07
7f8602c20
7f8582c39
7f8502c52
7f8482c6b
7f8402c84
7f8342c9d
7f82c2cb6
7f8242ccf
7f81c2ce8
7f8142d01
7f8082d1a
7f8002d33
7f7f82d4c
7f7f02d65
7f7e82d7e
7f7dc2d97
7f7d42db0
7f7cc2dc9
7f7c42de2
7f7b82dfb
7f7b02e14
7f7a82e2d
7f7a02e46
7f7942e5f
7f78c2e79
7f7842e92
7f7782eab
7f7702ec4
7f7682edd
7f7602ef6
7f7542f0f
7f74c2f28
7f7442f41
7f7382f5a
7f7302f73
7f7282f8c
7f71c2fa5
7f7142fbe
7f70c2fd7
7f7002ff0
7f6f83009
7f6f03022
7f6e4303b
7f6dc3054
7f6d0306d
7f6c83086
7f6c0309f
7f6b430b8
7f6ac30d1
7f6a030ea
7f6983103
7f690311c
7f6843135
7f67c314e
7f6703167
7f6683180
7f6603199
7f65431b2
7f64c31cb
7f64031e4
7f63831fd
7f62c3216
7f624322f
7f6183248
7f6103261
7f604327a
7f5fc3293
7f5f032ac
7f5e832c5
7f5dc32de
7f5d432f7
7f5c83310
7f5c03329
7f5b43342
7f5ac335b
7f5a03374
7f598338d
7f58c33a6
7f58433bf
7f57833d8
7f57033f1
7f564340a
7f55c3423
7f550343c
7f5443455
7f53c346e
7f5303487
7f52834a0
7f51c34b9
7f51434d2
7f50834eb
7f4fc3504
7f4f4351d
7f4e83536
7f4e0354f
7f4d43568
7f4c83581
7f4c0359a
7f4b435b3
7f4a835cc
7f4a035e5
7f49435fe
7f4883617
7f4803630
7f4743649
7f4683662
7f460367b
7f4543694
7f44836ad
7f44036c6
7f43436df
7f42836f8
7f4203711
7f414372a
7f4083743
7f400375c
7f3f43775
7f3e8378e
7f3dc37a7
7f3d437c0
7f3c837d9
7f3bc37f2
7f3b0380b
7f3a83824
7f39c383d
7f3903856
7f384386f
7f37c3888
7f37038a1
7f36438ba
7f35838d3
7f34c38ec
7f3443905
7f338391e
7f32c3937
7f3203950
7f3143969
7f30c3982
7f300399b
7f2f439b4
7f2e839cd
7f2dc39e6
7f2d039ff
7f2c83a18
7f2bc3a31
7f2b03a4a
7f2a43a63
7f2983a7b
7f28c3a94
7f2803aad
7f2783ac6
7f26c3adf
7f2603af8
7f2543b11
7f2483b2a
7f23c3b43
7f2303b5c
7f2243b75
7f2183b8e
7f20c3ba7
7f2003bc0
7f1f43bd9
7f1ec3bf2
7f1e03c0b
7f1d43c24
7f1c83c3d
7f1bc3c56
7f1b03c6f
7f1a43c88
7f1983ca1
7f18c3cba
7f1803cd3
7f1743cec
7f1683d04
7f15c3d1d
7f1503d36
7f1443d4f
7f1383d68
7f12c3d81
7f1203d9a
7f1143db3
7f1083dcc
7f0fc3de5
7f0f03dfe
7f0e43e17
7f0d83e30
7f0cc3e49
7f0bc3e62
7f0b03e7b
7f0a43e94
7f0983ead
7f08c3ec6
7f0803ede
7f0743ef7
7f0683f10
7f05c3f29
7f0503f42
7f0443f5b
7f0383f74
7f0283f8d
7f01c3fa6
7f0103fbf
7f0043fd8
7eff83ff1
7efec400a
7efe04023
7efd0403c
7efc44055
7efb8406e
7efac4086
7efa0409f
7ef9440b8
7ef8440d1
7ef7840ea
7ef6c4103
7ef60411c
7ef544135
7ef44414e
7ef384167
7ef2c4180
7ef204199
7ef1441b2
7ef0441cb
7eef841e3
7eeec41fc
7eee04215
7eed0422e
7eec44247
7eeb84260
7eeac4279
7ee9c4292
7ee9042ab
7ee8442c4
7ee7842dd
7ee6842f6
7ee5c430e
7ee504327
7ee404340
7ee344359
7ee284372
7ee18438b
7ee0c43a4
7ee0043bd
7edf443d6
7ede443ef
7edd84408
7edc84421
7edbc4439
7edb04452
7eda0446b
7ed944484
7ed88449d
7ed7844b6
7ed6c44cf
7ed6044e8
7ed504501
7ed44451a
7ed344532
7ed28454b
7ed1c4564
7ed0c457d
7ed004596
7ecf045af
7ece445c8
7ecd845e1
7ecc845fa
7ecbc4613
7ecac462b
7eca04644
7ec90465d
7ec844676
7ec74468f
7ec6846a8
7ec5846c1
7ec4c46da
7ec4046f3
7ec30470b
7ec244724
7ec14473d
7ec084756
7ebf8476f
7ebec4788
7ebdc47a1
7ebcc47ba
7ebc047d3
7ebb047eb
7eba44804
7eb94481d
7eb884836
7eb78484f
7eb6c4868
7eb5c4881
7eb50489a
7eb4048b3
7eb3048cb
7eb2448e4
7eb1448fd
7eb084916
7eaf8492f
7eaec4948
7eadc4961
7eacc497a
7eac04992
7eab049ab
7eaa449c4
7ea9449dd
7ea8449f6
7ea784a0f
7ea684a28
7ea584a40
7ea4c4a59
7ea3c4a72
7ea2c4a8b
7ea204aa4
7ea104abd
7ea004ad6
7e9f44aef
7e9e44b07
7e9d44b20
7e9c84b39
7e9b84b52
7e9a84b6b
7e99c4b84
7e98c4b9d
7e97c4bb5
7e96c4bce
7e9604be7
7e9504c00
7e9404c19
7e9304c32
7e9244c4b
7e9144c63
7e9044c7c
7e8f44c95
7e8e84cae
7e8d84cc7
7e8c84ce0
7e8b84cf8
7e8ac4d11
7e89c4d2a
7e88c4d43
7e87c4d5c
7e86c4d75
7e8604d8e
7e8504da6
7e8404dbf
7e8304dd8
7e8204df1
7e8144e0a
7e8044e23
7e7f44e3b
7e7e44e54
7e7d44e6d
7e7c44e86
7e7b44e9f
7e7a84eb8
7e7984ed0
7e7884ee9
7e7784f02
7e7684f1b
7e7584f34
7e7484f4d
7e7384f65
7e72c4f7e
7e71c4f97
7e70c4fb0
7e6fc4fc9
7e6ec4fe2
7e6dc4ffa
7e6cc5013
7e6bc502c
7e6ac5045
7e69c505e
7e68c5077
7e67c508f
7e66c50a8
7e65c50c1
7e64c50da
7e64050f3
7e630510b
7e6205124
7e610513d
7e6005156
7e5f0516f
7e5e05187
7e5d051a0
7e5c051b9
7e5b051d2
7e5a051eb
7e5905204
7e57c521c
7e56c5235
7e55c524e
7e54c5267
7e53c5280
7e52c5298
7e51c52b1
7e50c52ca
7e4fc52e3
7e4ec52fc
7e4dc5314
7e4cc532d
7e4bc5346
7e4ac535f
7e49c5378
7e4885390
7e47853a9
7e46853c2
7e45853db
7e44853f4
7e438540c
7e4285425
7e418543e
7e4085457
7e3f4546f
7e3e45488
7e3d454a1
7e3c454ba
7e3b454d3
7e3a454eb
7e3905504
7e380551d
7e3705536
7e360554f
7e3505567
7e33c5580
7e32c5599
7e31c55b2
7e30c55ca
7e2fc55e3
7e2e855fc
7e2d85615
7e2c8562e
7e2b85646
7e2a8565f
7e2945678
7e2845691
7e27456a9
7e26456c2
7e25056db
7e24056f4
7e230570c
7e21c5725
7e20c573e
7e1fc5757
7e1ec5770
7e1d85788
7e1c857a1
7e1b857ba
7e1a457d3
7e19457eb
7e1845804
7e170581d
7e1605836
7e150584e
7e13c5867
7e12c5880
7e11c5899
7e10858b1
7e0f858ca
7e0e858e3
7e0d458fc
7e0c45914
7e0b4592d
7e0a05946
7e090595f
7e07c5977
7e06c5990
7e05c59a9
7e04859c2
7e03859da
7e02459f3
7e0145a0c
7e0045a25
7dff05a3d
7dfe05a56
7dfcc5a6f
7dfbc5a88
7dfa85aa0
7df985ab9
7df845ad2
7df745aeb
7df645b03
7df505b1c
7df405b35
7df2c5b4d
7df1c5b66
7df085b7f
7def85b98
7dee45bb0
7ded45bc9
7dec05be2
7deb05bfb
7de9c5c13
7de8c5c2c
7de785c45
7de685c5d
7de545c76
7de405c8f
7de305ca8
7de1c5cc0
7de0c5cd9
7ddf85cf2
7dde85d0a
7ddd45d23
7ddc45d3c
7ddb05d55
7dd9c5d6d
7dd8c5d86
7dd785d9f
7dd685db7
7dd545dd0
7dd405de9
7dd305e02
7dd1c5e1a
7dd0c5e33
7dcf85e4c
7dce45e64
7dcd45e7d
7dcc05e96
7dcac5eae
7dc9c5ec7
7dc885ee0
7dc745ef9
7dc645f11
7dc505f2a
7dc3c5f43
7dc2c5f5b
7dc185f74
7dc045f8d
7dbf45fa5
7dbe05fbe
7dbcc5fd7
7dbbc5fef
7dba86008
7db946021
7db80603a
7db706052
7db5c606b
7db486084
7db34609c
7db2460b5
7db1060ce
7dafc60e6
7dae860ff
7dad86118
7dac46130
7dab06149
7da9c6162
7da8c617a
7da786193
7da6461ac
7da5061c4
7da3c61dd
7da2c61f6
7da18620e
7da046227
7d9f06240
7d9dc6258
7d9cc6271
7d9b8628a
7d9a462a2
7d99062bb
7d97c62d4
7d96862ec
7d9546305
7d944631e
7d9306336
7d91c634f
7d9086368
7d8f46380
7d8e06399
7d8cc63b2
7d8b863ca
7d8a463e3
7d89463fc
7d8806414
7d86c642d
7d8586445
7d844645e
7d8306477
7d81c648f
7d80864a8
7d7f464c1
7d7e064d9
7d7cc64f2
7d7b8650b
7d7a46523
7d790653c
7d77c6555
7d768656d
7d7546586
7d740659e
7d72c65b7
7d71865d0
7d70465e8
7d6f06601
7d6dc661a
7d6c86632
7d6b4664b
7d6a06663
7d68c667c
7d6786695
7d66466ad
7d65066c6
7d63c66df
7d62866f7
7d6146710
7d6006728
7d5ec6741
7d5d8675a
7d5c46772
7d5b0678b
7d59c67a3
7d58867bc
7d57067d5
7d55c67ed
7d5486806
7d534681f
7d5206837
7d50c6850
7d4f86868
7d4e46881
7d4d0689a
7d4b868b2
7d4a468cb
7d49068e3
7d47c68fc
7d4686915
7d454692d
7d4406946
7d428695e
7d4146977
7d4006990
7d3ec69a8
7d3d869c1
7d3c069d9
7d3ac69f2
7d3986a0b
7d3846a23
7d3706a3c
7d3586a54
7d3446a6d
7d3306a85
7d31c6a9e
7d3046ab7
7d2f06acf
7d2dc6ae8
7d2c86b00
7d2b06b19
7d29c6b31
7d2886b4a
7d2746b63
7d25c6b7b
7d2486b94
7d2346bac
7d2206bc5
7d2086bdd
7d1f46bf6
7d1e06c0f
7d1c86c27
7d1b46c40
7d1a06c58
7d1886c71
7d1746c89
7d1606ca2
7d1486cbb
7d1346cd3
7d1206cec
7d1086d04
7d0f46d1d
7d0e06d35
7d0c86d4e
7d0b46d66
7d0a06d7f
7d0886d98
7d0746db0
7d05c6dc9
7d0486de1
7d0346dfa
7d01c6e12
7d0086e2b
7cff06e43
7cfdc6e5c
7cfc86e74
7cfb06e8d
7cf9c6ea6
7cf846ebe
7cf706ed7
7cf586eef
7cf446f08
7cf306f20
7cf186f39
7cf046f51
7ceec6f6a
7ced86f82
7cec06f9b
7ceac6fb3
7ce946fcc
7ce806fe4
7ce686ffd
7ce547016
7ce3c702e
7ce287047
7ce10705f
7cdfc7078
7cde47090
7cdd070a9
7cdb870c1
7cda470da
7cd8c70f2
7cd74710b
7cd607123
7cd48713c
7cd347154
7cd1c716d
7cd087185
7ccf0719e
7ccdc71b6
7ccc471cf
7ccac71e7
7cc987200
7cc807218
7cc6c7231
7cc547249
7cc3c7262
7cc28727a
7cc107293
7cbf872ab
7cbe472c4
7cbcc72dc
7cbb872f5
7cba0730d
7cb887326
7cb74733e
7cb5c7357
7cb44736f
7cb307388
7cb1873a0
7cb0073b9
7caec73d1
7cad473ea
7cabc7402
7caa8741b
7ca907433
7ca78744b
7ca607464
7ca4c747c
7ca347495
7ca1c74ad
7ca0474c6
7c9f074de
7c9d874f7
7c9c0750f
7c9ac7528
7c9947540
7c97c7559
7c9647571
7c94c758a
7c93875a2
7c92075bb
7c90875d3
7c8f075eb
7c8dc7604
7c8c4761c
7c8ac7635
7c894764d
7c87c7666
7c868767e
7c8507697
7c83876af
7c82076c7
7c80876e0
7c7f076f8
7c7dc7711
7c7c47729
7c7ac7742
7c794775a
7c77c7773
7c764778b
7c74c77a3
7c73877bc
7c72077d4
7c70877ed
7c6f07805
7c6d8781e
7c6c07836
7c6a8784f
7c6907867
7c678787f
7c6607898
7c64c78b0
7c63478c9
7c61c78e1
7c60478f9
7c5ec7912
7c5d4792a
7c5bc7943
7c5a4795b
7c58c7974
7c574798c
7c55c79a4
7c54479bd
7c52c79d5
7c51479ee
7c4fc7a06
7c4e47a1e
7c4cc7a37
7c4b47a4f
7c49c7a68
7c4847a80
7c46c7a98
7c4547ab1
7c43c7ac9
7c4247ae2
7c40c7afa
7c3f47b12
7c3dc7b2b
7c3c47b43
7c3ac7b5c
7c3947b74
7c37c7b8c
7c3647ba5
7c34c7bbd
7c3307bd6
7c3187bee
7c3007c06
7c2e87c1f
7c2d07c37
7c2b87c50
7c2a07c68
7c2887c80
7c2707c99
7c2587cb1
7c23c7cc9
7c2247ce2
7c20c7cfa
7c1f47d13
7c1dc7d2b
7c1c47d43
7c1ac7d5c
7c1907d74
7c1787d8c
7c1607da5
7c1487dbd
7c1307dd5
7c1187dee
7c0fc7e06
7c0e47e1f
7c0cc7e37
7c0b47e4f
7c09c7e68
7c0807e80
7c0687e98
7c0507eb1
7c0387ec9
7c0207ee1
7c0047efa
7bfec7f12
7bfd47f2a
7bfbc7f43
7bfa07f5b
7bf887f73
7bf707f8c
7bf587fa4
7bf3c7fbc
7bf247fd5
7bf0c7fed
7bef48005
7bed8801e
7bec08036
7bea8804e
7be8c8067
7be74807f
7be5c8097
7be4080b0
7be2880c8
7be1080e0
7bdf480f9
7bddc8111
7bdc48129
7bda88142
7bd90815a
7bd788172
7bd5c818b
7bd4481a3
7bd2c81bb
7bd1081d4
7bcf881ec
7bce08204
7bcc4821d
7bcac8235
7bc90824d
7bc788265
7bc60827e
7bc448296
7bc2c82ae
7bc1082c7
7bbf882df
7bbdc82f7
7bbc48310
7bbac8328
7bb908340
7bb788358
7bb5c8371
7bb448389
7bb2883a1
7bb1083ba
7baf483d2
7badc83ea
7bac08402
7baa8841b
7ba8c8433
7ba74844b
7ba588464
7ba40847c
7ba248494
7ba0c84ac
7b9f084c5
7b9d884dd
7b9bc84f5
7b9a4850d
7b9888526
7b970853e
7b9548556
7b93c856f
7b9208587
7b908859f
7b8ec85b7
7b8d085d0
7b8b885e8
7b89c8600
7b8848618
7b8688631
7b8508649
7b8348661
7b8188679
7b8008692
7b7e486aa
7b7cc86c2
7b7b086da
7b79486f3
7b77c870b
7b7608723
7b744873b
7b72c8754
7b710876c
7b6f88784
7b6dc879c
7b6c087b5
7b6a887cd
7b68c87e5
7b67087fd
7b6588815
7b63c882e
7b6208846
7b604885e
7b5ec8876
7b5d0888f
7b5b488a7
7b59c88bf
7b58088d7
7b56488ef
7b5488908
7b5308920
7b5148938
7b4f88950
7b4e08969
7b4c48981
7b4a88999
7b48c89b1
7b47489c9
7b45889e2
7b43c89fa
7b4208a12
7b4048a2a
7b3ec8a42
7b3d08a5b
7b3b48a73
7b3988a8b
7b37c8aa3
7b3648abb
7b3488ad4
7b32c8aec
7b3108b04
7b2f48b1c
7b2dc8b34
7b2c08b4c
7b2a48b65
7b2888b7d
7b26c8b95
7b2508bad
7b2348bc5
7b21c8bde
7b2008bf6
7b1e48c0e
7b1c88c26
7b1ac8c3e
7b1908c56
7b1748c6f
7b1588c87
7b1408c9f
7b1248cb7
7b1088ccf
7b0ec8ce7
7b0d08d00
7b0b48d18
7b0988d30
7b07c8d48
7b0608d60
7b0448d78
7b0288d91
7b00c8da9
7aff08dc1
7afd48dd9
7afb88df1
7af9c8e09
7af808e21
7af688e3a
7af4c8e52
7af308e6a
7af148e82
7aef88e9a
7aedc8eb2
7aec08eca
7aea48ee3
7ae888efb
7ae688f13
7ae4c8f2b
7ae308f43
7ae148f5b
7adf88f73
7addc8f8b
7adc08fa4
7ada48fbc
7ad888fd4
7ad6c8fec
7ad509004
7ad34901c
7ad189034
7acfc904c
7ace09065
7acc4907d
7aca89095
7ac8890ad
7ac6c90c5
7ac5090dd
7ac3490f5
7ac18910d
7abfc9125
7abe0913d
7abc49156
7aba4916e
7ab889186
7ab6c919e
7ab5091b6
7ab3491ce
7ab1891e6
7aafc91fe
7aadc9216
7aac0922e
7aaa49246
7aa88925f
7aa6c9277
7aa4c928f
7aa3092a7
7aa1492bf
7a9f892d7
7a9dc92ef
7a9bc9307
7a9a0931f
7a9849337
7a968934f
7a94c9367
7a92c937f
7a9109398
7a8f493b0
7a8d893c8
7a8b893e0
7a89c93f8
7a8809410
7a8649428
7a8449440
7a8289458
7a80c9470
7a7ec9488
7a7d094a0
7a7b494b8
7a79494d0
7a77894e8
7a75c9500
7a7409518
7a7209530
7a7049549
7a6e89561
7a6c89579
7a6ac9591
7a69095a9
7a67095c1
7a65495d9
7a63495f1
7a6189609
7a5fc9621
7a5dc9639
7a5c09651
7a5a49669
7a5849681
7a5689699
7a54896b1
7a52c96c9
7a51096e1
7a4f096f9
7a4d49711
7a4b49729
7a4989741
7a47c9759
7a45c9771
7a4409789
7a42097a1
7a40497b9
7a3e497d1
7a3c897e9
7a3a89801
7a38c9819
7a3709831
7a3509849
7a3349861
7a3149879
7a2f89891
7a2d898a9
7a2bc98c1
7a29c98d9
7a28098f1
7a2609909
7a2449921
7a2249939
7a2089951
7a1e89969
7a1c89981
7a1ac9999
7a18c99b1
7a17099c9
7a15099e1
7a13499f9
7a1149a11
7a0f89a29
7a0d89a41
7a0b89a59
7a09c9a71
7a07c9a89
7a0609aa1
7a0409ab8
7a0249ad0
7a0049ae8
79fe49b00
79fc89b18
79fa89b30
79f889b48
79f6c9b60
79f4c9b78
79f309b90
79f109ba8
79ef09bc0
79ed49bd8
79eb49bf0
79e949c08
79e789c20
79e589c38
79e389c50
79e1c9c67
79dfc9c7f
79ddc9c97
79dc09caf
79da09cc7
79d809cdf
79d649cf7
79d449d0f
79d249d27
79d049d3f
79ce89d57
79cc89d6f
79ca89d87
79c889d9e
79c6c9db6
79c4c9dce
79c2c9de6
79c109dfe
79bf09e16
79bd09e2e
79bb09e46
79b909e5e
79b749e76
79b549e8e
79b349ea5
79b149ebd
79af89ed5
79ad89eed
79ab89f05
79a989f1d
79a789f35
79a589f4d
79a3c9f65
79a1c9f7c
799fc9f94
799dc9fac
799bc9fc4
7999c9fdc
799809ff4
79960a00c
79940a024
79920a03b
79900a053
798e0a06b
798c0a083
798a4a09b
79884a0b3
79864a0cb
79844a0e2
79824a0fa
79804a112
797e4a12a
797c4a142
797a4a15a
79784a172
79764a189
79748a1a1
79728a1b9
79708a1d1
796e8a1e9
796c8a201
796a8a219
79688a230
79668a248
79648a260
79628a278
79608a290
795e8a2a8
795c8a2bf
795a8a2d7
79588a2ef
79568a307
79548a31f
79528a336
79508a34e
794e8a366
794c8a37e
794a8a396
79488a3ae
79468a3c5
79448a3dd
79428a3f5
79408a40d
793e8a425
793c8a43c
793a8a454
79384a46c
79364a484
79344a49c
79324a4b3
79304a4cb
792e4a4e3
792c4a4fb
792a4a513
79284a52a
79264a542
79244a55a
79220a572
79200a58a
791e0a5a1
791c0a5b9
791a0a5d1
79180a5e9
79160a600
7913ca618
7911ca630
790fca648
790dca660
790bca677
7909ca68f
79078a6a7
79058a6bf
79038a6d6
79018a6ee
78ff8a706
78fd8a71e
78fb4a735
78f94a74d
78f74a765
78f54a77d
78f30a794
78f10a7ac
78ef0a7c4
78ed0a7dc
78eaca7f3
78e8ca80b
78e6ca823
78e4ca83b
78e28a852
78e08a86a
78de8a882
78dc8a89a
78da4a8b1
78d84a8c9
78d64a8e1
78d44a8f8
78d20a910
78d00a928
78ce0a940
78cbca957
78c9ca96f
78c7ca987
78c58a99e
78c38a9b6
78c18a9ce
78bf4a9e6
78bd4a9fd
78bb4aa15
78b90aa2d
78b70aa44
78b50aa5c
78b2caa74
78b0caa8c
78ae8aaa3
78ac8aabb
78aa8aad3
78a84aaea
78a64ab02
78a44ab1a
78a20ab31
78a00ab49
789dcab61
789bcab78
7899cab90
78978aba8
78958abbf
78934abd7
78914abef
788f0ac06
788d0ac1e
788acac36
7888cac4d
7886cac65
78848ac7d
78828ac94
78804acac
787e4acc4
787c0acdb
787a0acf3
7877cad0b
7875cad22
78738ad3a
78718ad52
786f4ad69
786d4ad81
786b0ad99
78690adb0
7866cadc8
7864cade0
78628adf7
78604ae0f
785e4ae27
785c0ae3e
785a0ae56
7857cae6d
7855cae85
78538ae9d
78518aeb4
784f4aecc
784d0aee4
784b0aefb
7848caf13
7846caf2a
78448af42
78424af5a
78404af71
783e0af89
783c0afa0
7839cafb8
78378afd0
78358afe7
78334afff
78310b016
782f0b02e
782ccb046
782a8b05d
78288b075
78264b08c
78240b0a4
78220b0bc
781fcb0d3
781d8b0eb
781b8b102
78194b11a
78170b132
78150b149
7812cb161
78108b178
780e8b190
780c4b1a7
780a0b1bf
7807cb1d7
7805cb1ee
78038b206
78014b21d
77ff0b235
77fd0b24c
77facb264
77f88b27b
77f64b293
77f44b2ab
77f20b2c2
77efcb2da
77ed8b2f1
77eb4b309
77e94b320
77e70b338
77e4cb34f
77e28b367
77e04b37f
77de4b396
77dc0b3ae
77d9cb3c5
77d78b3dd
77d54b3f4
77d34b40c
77d10b423
77cecb43b
77cc8b452
77ca4b46a
77c80b481
77c5cb499
77c3cb4b0
77c18b4c8
77bf4b4df
77bd0b4f7
77bacb50e
77b88b526
77b64b53d
77b40b555
77b1cb56c
77afcb584
77ad8b59b
77ab4b5b3
77a90b5ca
77a6cb5e2
77a48b5f9
77a24b611
77a00b628
779dcb640
779b8b657
77994b66f
77970b686
7794cb69e
77928b6b5
77904b6cd
778e0b6e4
778bcb6fc
77898b713
77874b72b
77850b742
7782cb75a
77808b771
777e4b789
777c0b7a0
7779cb7b7
77778b7cf
77754b7e6
77730b7fe
7770cb815
776e8b82d
776c4b844
776a0b85c
7767cb873
77658b88b
77634b8a2
77610b8b9
775ecb8d1
775c8b8e8
775a4b900
77580b917
7755cb92f
77534b946
77510b95d
774ecb975
774c8b98c
774a4b9a4
77480b9bb
7745cb9d3
77438b9ea
77414ba01
773ecba19
773c8ba30
773a4ba48
77380ba5f
7735cba76
77338ba8e
77314baa5
772ecbabd
772c8bad4
772a4baeb
77280bb03
7725cbb1a
77234bb32
77210bb49
771ecbb60
771c8bb78
771a4bb8f
7717cbba7
77158bbbe
77134bbd5
77110bbed
770ecbc04
770c4bc1b
770a0bc33
7707cbc4a
77058bc62
77030bc79
7700cbc90
76fe8bca8
76fc4bcbf
76f9cbcd6
76f78bcee
76f54bd05
76f30bd1c
76f08bd34
76ee4bd4b
76ec0bd63
76e98bd7a
76e74bd91
76e50bda9
76e28bdc0
76e04bdd7
76de0bdef
76db8be06
76d94be1d
76d70be35
76d48be4c
76d24be63
76d00be7b
76cd8be92
76cb4bea9
76c90bec1
76c68bed8
76c44beef
76c20bf07
76bf8bf1e
76bd4bf35
76bacbf4d
76b88bf64
76b64bf7b
76b3cbf92
76b18bfaa
76af0bfc1
76accbfd8
76aa8bff0
76a80c007
76a5cc01e
76a34c036
76a10c04d
769e8c064
769c4c07b
769a0c093
76978c0aa
76954c0c1
7692cc0d9
76908c0f0
768e0c107
768bcc11e
76894c136
76870c14d
76848c164
76824c17b
767fcc193
767d8c1aa
767b0c1c1
7678cc1d9
76764c1f0
76740c207
76718c21e
766f4c236
766ccc24d
766a8c264
76680c27b
7665cc293
76634c2aa
7660cc2c1
765e8c2d8
765c0c2f0
7659cc307
76574c31e
76550c335
76528c34d
76500c364
764dcc37b
764b4c392
76490c3a9
76468c3c1
76440c3d8
7641cc3ef
763f4c406
763ccc41e
763a8c435
76380c44c
7635cc463
76334c47a
7630cc492
762e8c4a9
762c0c4c0
76298c4d7
76274c4ee
7624cc506
76224c51d
76200c534
761d8c54b
761b0c562
7618cc57a
76164c591
7613cc5a8
76114c5bf
760f0c5d6
760c8c5ed
760a0c605
7607cc61c
76054c633
7602cc64a
76004c661
75fe0c679
75fb8c690
75f90c6a7
75f68c6be
75f44c6d5
75f1cc6ec
75ef4c703
75eccc71b
75ea8c732
75e80c749
75e58c760
75e30c777
75e08c78e
75de4c7a6
75dbcc7bd
75d94c7d4
75d6cc7eb
75d44c802
75d20c819
75cf8c830
75cd0c847
75ca8c85f
75c80c876
75c58c88d
75c34c8a4
75c0cc8bb
75be4c8d2
75bbcc8e9
75b94c900
75b6cc918
75b44c92f
75b20c946
75af8c95d
75ad0c974
75aa8c98b
75a80c9a2
75a58c9b9
75a30c9d0
75a08c9e8
759e0c9ff
759b8ca16
75994ca2d
7596cca44
75944ca5b
7591cca72
758f4ca89
758cccaa0
758a4cab7
7587ccace
75854cae5
7582ccafd
75804cb14
757dccb2b
757b4cb42
7578ccb59
75764cb70
7573ccb87
75714cb9e
756eccbb5
756c4cbcc
7569ccbe3
75674cbfa
7564ccc11
75624cc28
755fccc3f
755d4cc56
755accc6d
75584cc85
7555ccc9c
75534ccb3
7550cccca
754e4cce1
754bcccf8
75494cd0f
7546ccd26
75444cd3d
75418cd54
753f0cd6b
753c8cd82
753a0cd99
75378cdb0
75350cdc7
75328cdde
75300cdf5
752d8ce0c
752b0ce23
75284ce3a
7525cce51
75234ce68
7520cce7f
751e4ce96
751bccead
75194cec4
75168cedb
75140cef2
75118cf09
750f0cf20
750c8cf37
750a0cf4e
75074cf65
7504ccf7c
75024cf93
74ffccfaa
74fd4cfc1
74faccfd8
74f80cfef
74f58d006
74f30d01d
74f08d034
74edcd04a
74eb4d061
74e8cd078
74e64d08f
74e3cd0a6
74e10d0bd
74de8d0d4
74dc0d0eb
74d98d102
74d6cd119
74d44d130
74d1cd147
74cf0d15e
74cc8d175
74ca0d18c
74c78d1a3
74c4cd1ba
74c24d1d1
74bfcd1e7
74bd0d1fe
74ba8d215
74b80d22c
74b54d243
74b2cd25a
74b04d271
74ad8d288
74ab0d29f
74a88d2b6
74a5cd2cd
74a34d2e3
74a0cd2fa
749e0d311
749b8d328
74990d33f
74964d356
7493cd36d
74914d384
748e8d39b
748c0d3b2
74894d3c8
7486cd3df
74844d3f6
74818d40d
747f0d424
747c4d43b
7479cd452
74770d469
74748d47f
74720d496
746f4d4ad
746ccd4c4
746a0d4db
74678d4f2
7464cd509
74624d51f
745f8d536
745d0d54d
745a8d564
7457cd57b
74554d592
74528d5a8
74500d5bf
744d4d5d6
744acd5ed
74480d604
74458d61b
7442cd631
74404d648
743d8d65f
743b0d676
74384d68d
74358d6a4
74330d6ba
74304d6d1
742dcd6e8
742b0d6ff
74288d716
7425cd72c
74234d743
74208d75a
741dcd771
741b4d788
74188d79e
74160d7b5
74134d7cc
7410cd7e3
740e0d7fa
740b4d810
7408cd827
74060d83e
74034d855
7400cd86c
73fe0d882
73fb8d899
73f8cd8b0
73f60d8c7
73f38d8dd
73f0cd8f4
73ee0d90b
73eb8d922
73e8cd938
73e60d94f
73e38d966
73e0cd97d
73de0d993
73db8d9aa
73d8cd9c1
73d60d9d8
73d38d9ee
73d0cda05
73ce0da1c
73cb8da33
73c8cda49
73c60da60
73c34da77
73c0cda8e
73be0daa4
73bb4dabb
73b88dad2
73b60dae9
73b34daff
73b08db16
73adcdb2d
73ab4db43
73a88db5a
73a5cdb71
73a30db87
73a08db9e
739dcdbb5
739b0dbcc
73984dbe2
73958dbf9
73930dc10
73904dc26
738d8dc3d
738acdc54
73880dc6a
73858dc81
7382cdc98
73800dcae
737d4dcc5
737a8dcdc
7377cdcf3
73754dd09
73728dd20
736fcdd37
736d0dd4d
736a4dd64
73678dd7b
7364cdd91
73620dda8
735f8ddbe
735ccddd5
735a0ddec
73574de02
73548de19
7351cde30
734f0de46
734c4de5d
73498de74
7346cde8a
73444dea1
73418deb8
733ecdece
733c0dee5
73394defb
73368df12
7333cdf29
73310df3f
732e4df56
732b8df6d
7328cdf83
73260df9a
73234dfb0
73208dfc7
731dcdfde
731b0dff4
73184e00b
73158e021
7312ce038
73100e04f
730d4e065
730a8e07c
7307ce092
73050e0a9
73024e0bf
72ff8e0d6
72fcce0ed
72fa0e103
72f74e11a
72f48e130
72f1ce147
72ef0e15d
72ec4e174
72e98e18b
72e68e1a1
72e3ce1b8
72e10e1ce
72de4e1e5
72db8e1fb
72d8ce212
72d60e229
72d34e23f
72d08e256
72cdce26c
72cace283
72c80e299
72c54e2b0
72c28e2c6
72bfce2dd
72bd0e2f3
72ba4e30a
72b78e320
72b48e337
72b1ce34d
72af0e364
72ac4e37a
72a98e391
72a6ce3a8
72a3ce3be
72a10e3d5
729e4e3eb
729b8e402
7298ce418
7295ce42f
72930e445
72904e45c
728d8e472
728ace489
7287ce49f
72850e4b6
72824e4cc
727f8e4e2
727c8e4f9
7279ce50f
72770e526
72744e53c
72714e553
726e8e569
726bce580
72690e596
72660e5ad
72634e5c3
72608e5da
725dce5f0
725ace607
72580e61d
72554e633
72524e64a
724f8e660
724cce677
7249ce68d
72470e6a4
72444e6ba
72414e6d1
723e8e6e7
723bce6fd
7238ce714
72360e72a
72334e741
72304e757
722d8e76e
722ace784
7227ce79a
72250e7b1
72224e7c7
721f4e7de
721c8e7f4
72198e80a
7216ce821
72140e837
72110e84e
720e4e864
720b4e87a
72088e891
7205ce8a7
7202ce8be
72000e8d4
71fd0e8ea
71fa4e901
71f74e917
71f48e92d
71f1ce944
71eece95a
71ec0e971
71e90e987
71e64e99d
71e34e9b4
71e08e9ca
71dd8e9e0
71dace9f7
71d7cea0d
71d50ea23
71d20ea3a
71cf4ea50
71cc4ea67
71c98ea7d
71c68ea93
71c3ceaaa
71c0ceac0
71be0ead6
71bb0eaed
71b84eb03
71b54eb19
71b28eb30
71af8eb46
71acceb5c
71a9ceb72
71a6ceb89
71a40eb9f
71a10ebb5
719e4ebcc
719b4ebe2
71988ebf8
71958ec0f
71928ec25
718fcec3b
718ccec52
718a0ec68
71870ec7e
71840ec94
71814ecab
717e4ecc1
717b4ecd7
71788ecee
71758ed04
7172ced1a
716fced30
716cced47
716a0ed5d
71670ed73
71640ed89
71614eda0
715e4edb6
715b4edcc
71588ede3
71558edf9
71528ee0f
714fcee25
714ccee3c
7149cee52
71470ee68
71440ee7e
71410ee94
713e0eeab
713b4eec1
71384eed7
71354eeed
71328ef04
712f8ef1a
712c8ef30
71298ef46
7126cef5d
7123cef73
7120cef89
711dcef9f
711b0efb5
71180efcc
71150efe2
71120eff8
710f0f00e
710c4f024
71094f03b
71064f051
71034f067
71004f07d
70fd8f093
70fa8f0aa
70f78f0c0
70f48f0d6
70f18f0ec
70eecf102
70ebcf118
70e8cf12f
70e5cf145
70e2cf15b
70dfcf171
70dccf187
70da0f19d
70d70f1b4
70d40f1ca
70d10f1e0
70ce0f1f6
70cb0f20c
70c80f222
70c50f238
70c24f24f
70bf4f265
70bc4f27b
70b94f291
70b64f2a7
70b34f2bd
70b04f2d3
70ad4f2ea
70aa4f300
70a74f316
70a44f32c
70a18f342
709e8f358
709b8f36e
70988f384
70958f39a
70928f3b1
708f8f3c7
708c8f3dd
70898f3f3
70868f409
70838f41f
70808f435
707d8f44b
707a8f461
70778f477
70748f48d
70718f4a4
706e8f4ba
706b8f4d0
70688f4e6
70658f4fc
70628f512
705f8f528
705c8f53e
70598f554
70568f56a
70538f580
70508f596
704d8f5ac
704a4f5c2
70474f5d8
70444f5ee
70414f604
703e4f61b
703b4f631
70384f647
70354f65d
70324f673
702f4f689
702c4f69f
70290f6b5
70260f6cb
70230f6e1
70200f6f7
701d0f70d
701a0f723
70170f739
70140f74f
7010cf765
700dcf77b
700acf791
7007cf7a7
7004cf7bd
7001cf7d3
6ffecf7e9
6ffb8f7ff
6ff88f815
6ff58f82b
6ff28f841
6fef8f857
6fec4f86d
6fe94f883
6fe64f899
6fe34f8af
6fe04f8c5
6fdd0f8db
6fda0f8f1
6fd70f907
6fd40f91c
6fd10f932
6fcdcf948
6fcacf95e
6fc7cf974
6fc4cf98a
6fc18f9a0
6fbe8f9b6
6fbb8f9cc
6fb88f9e2
6fb54f9f8
6fb24fa0e
6faf4fa24
6fac0fa3a
6fa90fa50
6fa60fa66
6fa30fa7b
6f9fcfa91
6f9ccfaa7
6f99cfabd
6f968fad3
6f938fae9
6f908faff
6f8d4fb15
6f8a4fb2b
6f874fb41
6f840fb57
6f810fb6c
6f7e0fb82
6f7acfb98
6f77cfbae
6f74cfbc4
6f718fbda
6f6e8fbf0
6f6b8fc06
6f684fc1c
6f654fc31
6f620fc47
6f5f0fc5d
6f5c0fc73
6f58cfc89
6f55cfc9f
6f528fcb5
6f4f8fcca
6f4c8fce0
6f494fcf6
6f464fd0c
6f430fd22
6f400fd38
6f3d0fd4e
6f39cfd63
6f36cfd79
6f338fd8f
6f308fda5
6f2d4fdbb
6f2a4fdd1
6f270fde6
6f240fdfc
6f20cfe12
6f1dcfe28
6f1a8fe3e
6f178fe53
6f148fe69
6f114fe7f
6f0e4fe95
6f0b0feab
6f080fec1
6f04cfed6
6f01cfeec
6efe8ff02
6efb4ff18
6ef84ff2d
6ef50ff43
6ef20ff59
6eeecff6f
6eebcff85
6ee88ff9a
6ee58ffb0
6ee24ffc6
6edf4ffdc
6edc0fff1
6ed8d0007
6ed5d001d
6ed290033
6ecf90049
6ecc5005e
6ec950074
6ec61008a
6ec2d00a0
6ebfd00b5
6ebc900cb
6eb9900e1
6eb6500f7
6eb31010c
6eb010122
6eacd0138
6ea9d014d
6ea690163
6ea350179
6ea05018f
6e9d101a4
6e99d01ba
6e96d01d0
6e93901e5
6e90501fb
6e8d50211
6e8a10227
6e86d023c
6e83d0252
6e8090268
6e7d5027d
6e7a50293
6e77102a9
6e73d02be
6e70902d4
6e6d902ea
6e6a50300
6e6710315
6e641032b
6e60d0341
6e5d90356
6e5a5036c
6e5750382
6e5410397
6e50d03ad
6e4d903c3
6e4a903d8
6e47503ee
6e4410404
6e40d0419
6e3dd042f
6e3a90444
6e375045a
6e3410470
6e3110485
6e2dd049b
6e2a904b1
6e27504c6
6e24104dc
6e21104f2
6e1dd0507
6e1a9051d
6e1750532
6e1410548
6e10d055e
6e0dd0573
6e0a90589
6e075059e
6e04105b4
6e00d05ca
6dfd905df
6dfa905f5
6df75060a
6df410620
6df0d0636
6ded9064b
6dea50661
6de710676
6de3d068c
6de0d06a2
6ddd906b7
6dda506cd
6dd7106e2
6dd3d06f8
6dd09070d
6dcd50723
6dca10738
6dc6d074e
6dc390764
6dc050779
6dbd1078f
6dba107a4
6db6d07ba
6db3907cf
6db0507e5
6dad107fa
6da9d0810
6da690825
6da35083b
6da010851
6d9cd0866
6d999087c
6d9650891
6d93108a7
6d8fd08bc
6d8c908d2
6d89508e7
6d86108fd
6d82d0912
6d7f90928
6d7c5093d
6d7910953
6d75d0968
6d729097e
6d6f50993
6d6c109a9
6d68d09be
6d65909d4
6d62509e9
6d5f109ff
6d5bd0a14
6d5850a29
6d5510a3f
6d51d0a54
6d4e90a6a
6d4b50a7f
6d4810a95
6d44d0aaa
6d4190ac0
6d3e50ad5
6d3b10aeb
6d37d0b00
6d3450b15
6d3110b2b
6d2dd0b40
6d2a90b56
6d2750b6b
6d2410b81
6d20d0b96
6d1d90bac
6d1a10bc1
6d16d0bd6
6d1390bec
6d1050c01
6d0d10c17
6d09d0c2c
6d0690c41
6d0310c57
6cffd0c6c
6cfc90c82
6cf950c97
6cf610cac
6cf290cc2
6cef50cd7
6cec10ced
6ce8d0d02
6ce590d17
6ce210d2d
6cded0d42
6cdb90d57
6cd850d6d
6cd510d82
6cd190d98
6cce50dad
6ccb10dc2
6cc7d0dd8
6cc450ded
6cc110e02
6cbdd0e18
6cba90e2d
6cb710e42
6cb3d0e58
6cb090e6d
6cad50e82
6ca9d0e98
6ca690ead
6ca350ec2
6c9fd0ed8
6c9c90eed
6c9950f02
6c95d0f18
6c9290f2d
6c8f50f42
6c8c10f58
6c8890f6d
6c8550f82
6c8210f98
6c7e90fad
6c7b50fc2
6c7810fd8
6c7490fed
6c7151002
6c6dd1017
6c6a9102d
6c6751042
6c63d1057
6c609106d
6c5d51082
6c59d1097
6c56910ac
6c53110c2
6c4fd10d7
6c4c910ec
6c4911101
6c45d1117
6c425112c
6c3f11141
6c3bd1157
6c385116c
6c3511181
6c3191196
6c2e511ab
6c2b111c1
6c27911d6
6c24511eb
6c20d1200
6c1d91216
6c1a1122b
6c16d1240
6c1351255
6c101126b
6c0c91280
6c0951295
6c05d12aa
6c02912bf
6bff112d5
6bfbd12ea
6bf8912ff
6bf511314
6bf191329
6bee5133f
6bead1354
6be791369
6be41137e
6be0d1393
6bdd513a9
6bda113be
6bd6913d3
6bd3513e8
6bcfd13fd
6bcc91412
6bc911428
6bc5d143d
6bc251452
6bbed1467
6bbb9147c
6bb811491
6bb4d14a7
6bb1514bc
6bae114d1
6baa914e6
6ba7114fb
6ba3d1510
6ba051525
6b9d1153a
6b9991550
6b9611565
6b92d157a
6b8f5158f
6b8bd15a4
6b88915b9
6b85115ce
6b81d15e3
6b7e515f9
6b7ad160e
6b7791623
6b7411638
6b709164d
6b6d51662
6b69d1677
6b665168c
6b63116a1
6b5f916b6
6b5c116cb
6b58d16e1
6b55516f6
6b51d170b
6b4e51720
6b4b11735
6b479174a
6b441175f
6b40d1774
6b3d51789
6b39d179e
6b36517b3
6b33117c8
6b2f917dd
6b2c117f2
6b28d1807
6b255181c
6b21d1831
6b1e51846
6b1b1185c
6b1791871
6b1411886
6b109189b
6b0d118b0
6b09d18c5
6b06518da
6b02d18ef
6aff51904
6afbd1919
6af89192e
6af511943
6af191958
6aee1196d
6aea91982
6ae751997
6ae3d19ac
6ae0519c1
6adcd19d6
6ad9519eb
6ad5d1a00
6ad291a15
6acf11a2a
6acb91a3f
6ac811a53
6ac491a68
6ac111a7d
6abd91a92
6aba51aa7
6ab6d1abc
6ab351ad1
6aafd1ae6
6aac51afb
6aa8d1b10
6aa551b25
6aa1d1b3a
6a9e51b4f
6a9b11b64
6a9791b79
6a9411b8e
6a9091ba3
6a8d11bb8
6a8991bcc
6a8611be1
6a8291bf6
6a7f11c0b
6a7b91c20
6a7811c35
6a7491c4a
6a7111c5f
6a6d91c74
6a6a11c89
6a6691c9d
6a6311cb2
6a5fd1cc7
6a5c51cdc
6a58d1cf1
6a5551d06
6a51d1d1b
6a4e51d30
6a4ad1d45
6a4751d59
6a43d1d6e
6a4051d83
6a3cd1d98
6a3911dad
6a3591dc2
6a3211dd7
6a2e91deb
6a2b11e00
6a2791e15
6a2411e2a
6a2091e3f
6a1d11e54
6a1991e68
6a1611e7d
6a1291e92
6a0f11ea7
6a0b91ebc
6a0811ed1
6a0491ee5
6a0111efa
69fd91f0f
69f9d1f24
69f651f39
69f2d1f4d
69ef51f62
69ebd1f77
69e851f8c
69e4d1fa1
69e151fb5
69ddd1fca
69da11fdf
69d691ff4
69d312009
69cf9201d
69cc12032
69c892047
69c51205c
69c152070
69bdd2085
69ba5209a
69b6d20af
69b3520c3
69afd20d8
69ac120ed
69a892102
69a512116
69a19212b
699e12140
699a52155
6996d2169
69935217e
698fd2193
698c521a8
6988921bc
6985121d1
6981921e6
697e121fa
697a5220f
6976d2224
697352239
696fd224d
696c12262
696892277
69651228b
6961922a0
695dd22b5
695a522c9
6956d22de
6953522f3
694f92308
694c1231c
694892331
6944d2346
69415235a
693dd236f
693a12384
693692398
6933123ad
692f923c2
692bd23d6
6928523eb
6924d23ff
692112414
691d92429
691a1243d
691652452
6912d2467
690f1247b
690b92490
6908124a5
6904524b9
6900d24ce
68fd524e2
68f9924f7
68f61250c
68f292520
68eed2535
68eb52549
68e79255e
68e412573
68e092587
68dcd259c
68d9525b0
68d5925c5
68d2125da
68ce525ee
68cad2603
68c752617
68c39262c
68c012640
68bc52655
68b8d266a
68b51267e
68b192693
68add26a7
68aa526bc
68a6926d0
68a3126e5
689f926f9
689bd270e
689852723
689492737
68911274c
688d52760
6889d2775
688612789
68829279e
687ed27b2
687b527c7
6877927db
6873d27f0
687052804
686c92819
68691282d
686552842
6861d2856
685e1286b
685a9287f
6856d2894
6853528a8
684f928bd
684bd28d1
6848528e6
6844928fa
68411290f
683d52923
6839d2938
68361294c
683252960
682ed2975
682b12989
68279299e
6823d29b2
6820129c7
681c929db
6818d29f0
681512a04
681192a18
680dd2a2d
680a52a41
680692a56
6802d2a6a
67ff52a7f
67fb92a93
67f7d2aa7
67f452abc
67f092ad0
67ecd2ae5
67e952af9
67e592b0d
67e1d2b22
67de52b36
67da92b4b
67d6d2b5f
67d352b73
67cf92b88
67cbd2b9c
67c812bb1
67c492bc5
67c0d2bd9
67bd12bee
67b992c02
67b5d2c16
67b212c2b
67ae52c3f
67aad2c54
67a712c68
67a352c7c
679f92c91
679c12ca5
679852cb9
679492cce
6790d2ce2
678d52cf6
678992d0b
6785d2d1f
678212d33
677e52d48
677ad2d5c
677712d70
677352d85
676f92d99
676bd2dad
676852dc1
676492dd6
6760d2dea
675d12dfe
675952e13
675592e27
675212e3b
674e52e4f
674a92e64
6746d2e78
674312e8c
673f52ea1
673bd2eb5
673812ec9
673452edd
673092ef2
672cd2f06
672912f1a
672552f2e
672192f43
671e12f57
671a52f6b
671692f7f
6712d2f94
670f12fa8
670b52fbc
670792fd0
6703d2fe5
670012ff9
66fc5300d
66f893021
66f513035
66f15304a
66ed9305e
66e9d3072
66e613086
66e25309b
66de930af
66dad30c3
66d7130d7
66d3530eb
66cf930ff
66cbd3114
66c813128
66c45313c
66c093150
66bcd3164
66b913179
66b55318d
66b1931a1
66add31b5
66aa131c9
66a6531dd
66a2931f2
669ed3206
669b1321a
66975322e
669393242
668fd3256
668c1326a
66885327f
668493293
6680d32a7
667d132bb
6679532cf
6675932e3
6671d32f7
666dd330b
666a1331f
666653334
666293348
665ed335c
665b13370
665753384
665393398
664fd33ac
664c133c0
6648533d4
6644533e8
6640933fd
663cd3411
663913425
663553439
66319344d
662dd3461
662a13475
662613489
66225349d
661e934b1
661ad34c5
6617134d9
6613534ed
660f53501
660b93515
6607d3529
66041353d
660053551
65fc93565
65f893579
65f4d358d
65f1135a1
65ed535b6
65e9935ca
65e5935de
65e1d35f2
65de13606
65da5361a
65d65362e
65d293642
65ced3656
65cb1366a
65c75367e
65c353691
65bf936a5
65bbd36b9
65b8136cd
65b4136e1
65b0536f5
65ac93709
65a8d371d
65a4d3731
65a113745
659d53759
65995376d
659593781
6591d3795
658e137a9
658a137bd
6586537d1
6582937e5
657e937f9
657ad380d
657713821
657313834
656f53848
656b9385c
656793870
6563d3884
656013898
655c138ac
6558538c0
6554938d4
6550938e8
654cd38fb
65491390f
654513923
654153937
653d5394b
65399395f
6535d3973
6531d3987
652e1399b
652a139ae
6526539c2
6522939d6
651e939ea
651ad39fe
6516d3a12
651313a26
650f53a39
650b53a4d
650793a61
650393a75
64ffd3a89
64fbd3a9d
64f813ab0
64f453ac4
64f053ad8
64ec93aec
64e893b00
64e4d3b13
64e0d3b27
64dd13b3b
64d913b4f
64d553b63
64d153b76
64cd93b8a
64c993b9e
64c5d3bb2
64c1d3bc6
64be13bd9
64ba13bed
64b653c01
64b253c15
64ae93c29
64aa93c3c
64a6d3c50
64a2d3c64
649f13c78
649b13c8b
649753c9f
649353cb3
648f93cc7
648b93cda
648793cee
6483d3d02
647fd3d16
647c13d29
647813d3d
647453d51
647053d64
646c53d78
646893d8c
646493da0
6460d3db3
645cd3dc7
6458d3ddb
645513dee
645113e02
644d53e16
644953e29
644553e3d
644193e51
643d93e65
643993e78
6435d3e8c
6431d3ea0
642e13eb3
642a13ec7
642613edb
642253eee
641e53f02
641a53f16
641693f29
641293f3d
640e93f51
640ad3f64
6406d3f78
6402d3f8b
63ff13f9f
63fb13fb3
63f713fc6
63f313fda
63ef53fee
63eb54001
63e754015
63e394028
63df9403c
63db94050
63d794063
63d3d4077
63cfd408a
63cbd409e
63c8140b2
63c4140c5
63c0140d9
63bc140ec
63b854100
63b454114
63b054127
63ac5413b
63a89414e
63a494162
63a094175
639c94189
63989419d
6394d41b0
6390d41c4
638cd41d7
6388d41eb
6384d41fe
638114212
637d14225
637914239
63751424c
637114260
636d14273
636954287
63655429b
6361542ae
635d542c2
6359542d5
6355542e9
6351942fc
634d94310
634994323
634594337
63419434a
633d9435e
633994371
6335d4384
6331d4398
632dd43ab
6329d43bf
6325d43d2
6321d43e6
631dd43f9
6319d440d
6315d4420
6311d4434
630e14447
630a1445b
63061446e
630214481
62fe14495
62fa144a8
62f6144bc
62f2144cf
62ee144e3
62ea144f6
62e614509
62e21451d
62de14530
62da14544
62d614557
62d21456b
62ce1457e
62ca14591
62c6145a5
62c2145b8
62be145cc
62ba145df
62b6145f2
62b214606
62ae14619
62aa1462c
62a614640
62a214653
629e14667
629a1467a
62961468d
6292146a1
628e146b4
628a146c7
6286146db
6282146ee
627e14701
627a14715
627614728
62721473b
626e1474f
626a14762
626614775
626214789
625e1479c
6259d47af
6255d47c3
6251d47d6
624dd47e9
6249d47fc
6245d4810
6241d4823
623dd4836
6239d484a
6235d485d
623194870
622d94883
622994897
6225948aa
6221948bd
621d948d1
6219948e4
6215548f7
62115490a
620d5491e
620954931
620554944
620154957
61fd5496b
61f91497e
61f514991
61f1149a4
61ed149b8
61e9149cb
61e4d49de
61e0d49f1
61dcd4a04
61d8d4a18
61d4d4a2b
61d094a3e
61cc94a51
61c894a64
61c494a78
61c094a8b
61bc54a9e
61b854ab1
61b454ac4
61b054ad8
61ac14aeb
61a814afe
61a414b11
61a014b24
619bd4b37
6197d4b4b
6193d4b5e
618fd4b71
618b94b84
618794b97
618394baa
617f54bbe
617b54bd1
617754be4
617354bf7
616f14c0a
616b14c1d
616714c30
6162d4c43
615ed4c57
615ad4c6a
615694c7d
615294c90
614e94ca3
614a54cb6
614654cc9
614254cdc
613e14cef
613a14d03
613614d16
6131d4d29
612dd4d3c
6129d4d4f
612594d62
612194d75
611d94d88
611954d9b
611554dae
611114dc1
610d14dd4
610914de7
6104d4dfa
6100d4e0d
60fcd4e21
60f894e34
60f494e47
60f054e5a
60ec54e6d
60e814e80
60e414e93
60e014ea6
60dbd4eb9
60d7d4ecc
60d394edf
60cf94ef2
60cb54f05
60c754f18
60c354f2b
60bf14f3e
60bb14f51
60b6d4f64
60b2d4f77
60ae94f8a
60aa94f9d
60a654fb0
60a254fc3
609e14fd6
609a14fe9
6095d4ffc
6091d500f
608d95022
608995035
608555047
60815505a
607d1506d
607915080
6074d5093
6070d50a6
606c950b9
6068950cc
6064550df
6060550f2
605c15105
605815118
6053d512b
604f9513e
604b95150
604755163
604355176
603f15189
603b1519c
6036d51af
6032951c2
602e951d5
602a551e8
6026551fb
60221520d
601e15220
6019d5233
601595246
601195259
600d5526c
60091527f
600515291
6000d52a4
5ffcd52b7
5ff8952ca
5ff4552dd
5ff0552f0
5fec15302
5fe7d5315
5fe3d5328
5fdf9533b
5fdb9534e
5fd755361
5fd315373
5fcf15386
5fcad5399
5fc6953ac
5fc2953bf
5fbe553d1
5fba153e4
5fb5d53f7
5fb1d540a
5fad9541d
5fa95542f
5fa555442
5fa115455
5f9cd5468
5f98d547b
5f949548d
5f90554a0
5f8c154b3
5f88154c6
5f83d54d8
5f7f954eb
5f7b554fe
5f7755511
5f7315523
5f6ed5536
5f6a95549
5f669555c
5f625556e
5f5e15581
5f59d5594
5f55d55a6
5f51955b9
5f4d555cc
5f49155df
5f45155f1
5f40d5604
5f3c95617
5f3855629
5f341563c
5f301564f
5f2bd5661
5f2795674
5f2355687
5f1f1569a
5f1b156ac
5f16d56bf
5f12956d2
5f0e556e4
5f0a156f7
5f05d570a
5f01d571c
5efd9572f
5ef955741
5ef515754
5ef0d5767
5eec95779
5ee85578c
5ee45579f
5ee0157b1
5edbd57c4
5ed7957d7
5ed3557e9
5ecf157fc
5ecad580e
5ec695821
5ec295834
5ebe55846
5eba15859
5eb5d586b
5eb19587e
5ead55891
5ea9158a3
5ea4d58b6
5ea0958c8
5e9c558db
5e98158ee
5e93d5900
5e8fd5913
5e8b95925
5e8755938
5e831594a
5e7ed595d
5e7a9596f
5e7655982
5e7215995
5e6dd59a7
5e69959ba
5e65559cc
5e61159df
5e5cd59f1
5e5895a04
5e5455a16
5e5015a29
5e4bd5a3b
5e4795a4e
5e4355a60
5e3f15a73
5e3ad5a85
5e3695a98
5e3255aaa
5e2e15abd
5e29d5acf
5e2595ae2
5e2155af4
5e1d15b07
5e18d5b19
5e1495b2c
5e1055b3e
5e0c15b51
5e07d5b63
5e0395b76
5dff55b88
5dfad5b9b
5df695bad
5df255bbf
5dee15bd2
5de9d5be4
5de595bf7
5de155c09
5ddd15c1c
5dd8d5c2e
5dd495c40
5dd055c53
5dcc15c65
5dc795c78
5dc355c8a
5dbf15c9d
5dbad5caf
5db695cc1
5db255cd4
5dae15ce6
5da9d5cf9
5da595d0b
5da115d1d
5d9cd5d30
5d9895d42
5d9455d54
5d9015d67
5d8bd5d79
5d8755d8c
5d8315d9e
5d7ed5db0
5d7a95dc3
5d7655dd5
5d7215de7
5d6d95dfa
5d6955e0c
5d6515e1e
5d60d5e31
5d5c95e43
5d5855e55
5d53d5e68
5d4f95e7a
5d4b55e8c
5d4715e9f
5d42d5eb1
5d3e55ec3
5d3a15ed6
5d35d5ee8
5d3195efa
5d2d15f0c
5d28d5f1f
5d2495f31
5d2055f43
5d1bd5f56
5d1795f68
5d1355f7a
5d0f15f8c
5d0a95f9f
5d0655fb1
5d0215fc3
5cfdd5fd6
5cf955fe8
5cf515ffa
5cf0d600c
5cec9601f
5ce816031
5ce3d6043
5cdf96055
5cdb16068
5cd6d607a
5cd29608c
5cce1609e
5cc9d60b0
5cc5960c3
5cc1160d5
5cbcd60e7
5cb8960f9
5cb45610b
5cafd611e
5cab96130
5ca756142
5ca2d6154
5c9e96166
5c9a16179
5c95d618b
5c919619d
5c8d161af
5c88d61c1
5c84961d3
5c80161e6
5c7bd61f8
5c779620a
5c731621c
5c6ed622e
5c6a56240
5c6616253
5c61d6265
5c5d56277
5c5916289
5c549629b
5c50562ad
5c4c162bf
5c47962d1
5c43562e4
5c3ed62f6
5c3a96308
5c361631a
5c31d632c
5c2d9633e
5c2916350
5c24d6362
5c2056374
5c1c16386
5c1796399
5c13563ab
5c0ed63bd
5c0a963cf
5c06563e1
5c01d63f3
5bfd96405
5bf916417
5bf4d6429
5bf05643b
5bec1644d
5be79645f
5be356471
5bded6483
5bda96495
5bd6164a7
5bd1d64b9
5bcd564cb
5bc9164de
5bc4964f0
5bc056502
5bbbd6514
5bb796526
5bb316538
5bae9654a
5baa5655c
5ba5d656e
5ba196580
5b9d16592
5b98d65a4
5b94565b6
5b90165c8
5b8b965d9
5b87165eb
5b82d65fd
5b7e5660f
5b7a16621
5b7596633
5b7156645
5b6cd6657
5b6856669
5b641667b
5b5f9668d
5b5b5669f
5b56d66b1
5b52566c3
5b4e166d5
5b49966e7
5b45566f9
5b40d670b
5b3c5671c
5b381672e
5b3396740
5b2f16752
5b2ad6764
5b2656776
5b21d6788
5b1d9679a
5b19167ac
5b14d67be
5b10567cf
5b0bd67e1
5b07967f3
5b0316805
5afe96817
5afa16829
5af5d683b
5af15684d
5aecd685e
5ae896870
5ae416882
5adf96894
5adb568a6
5ad6d68b8
5ad2568c9
5ace168db
5ac9968ed
5ac5168ff
5ac096911
5abc56923
5ab7d6934
5ab356946
5aaed6958
5aaa9696a
5aa61697c
5aa19698d
5a9d1699f
5a98d69b1
5a94569c3
5a8fd69d5
5a8b569e6
5a87169f8
7fffc0000
7fffc007e
7fffc00fb
7fffc0179
7fffc01f7
7fff80274
7fff802f2
7fff40370
7fff003ed
7ffec046b
7ffe804e9
7ffe40566
7ffdc05e4
7ffd80662
7ffd006df
7ffc8075d
7ffc407db
7ffbc0858
7ffb008d6
7ffa80953
7ffa009d1
7ff940a4f
7ff8c0acc
7ff800b4a
7ff740bc8
7ff680c45
7ff5c0cc3
7ff500d41
7ff440dbe
7ff340e3c
7ff280eb9
7ff180f37
7ff080fb5
7fef81032
7fee810b0
7fed8112d
7fec811ab
7feb81229
7fea412a6
7fe901324
7fe8013a1
7fe6c141f
7fe58149c
7fe44151a
7fe2c1598
7fe181615
7fe041693
7fdec1710
7fdd4178e
7fdbc180b
7fda41889
7fd8c1906
7fd741984
7fd5c1a01
7fd401a7f
7fd281afc
7fd0c1b7a
7fcf01bf7
7fcd41c75
7fcb81cf2
7fc9c1d70
7fc801ded
7fc641e6b
7fc441ee8
7fc241f65
7fc081fe3
7fbe82060
7fbc820de
7fba8215b
7fb8421d8
7fb642256
7fb4022d3
7fb202351
7fafc23ce
7fad8244b
7fab424c9
7fa902546
7fa6c25c3
7fa482641
7fa2026be
7f9fc273b
7f9d427b9
7f9ac2836
7f98428b3
7f95c2930
7f93429ae
7f90c2a2b
7f8e02aa8
7f8b82b25
7f88c2ba3
7f8602c20
7f8342c9d
7f8082d1a
7f7dc2d97
7f7b02e14
7f7842e92
7f7542f0f
7f7282f8c
7f6f83009
7f6c83086
7f6983103
7f6683180
7f63831fd
7f604327a
7f5d432f7
7f5a03374
7f57033f1
7f53c346e
7f50834eb
7f4d43568
7f4a035e5
7f4683662
7f43436df
7f400375c
7f3c837d9
7f3903856
7f35838d3
7f3203950
7f2e839cd
7f2b03a4a
7f2783ac6
7f23c3b43
7f2003bc0
7f1c83c3d
7f18c3cba
7f1503d36
7f1143db3
7f0d83e30
7f0983ead
7f05c3f29
7f01c3fa6
7efe04023
7efa0409f
7ef60411c
7ef204199
7eee04215
7ee9c4292
7ee5c430e
7ee18438b
7edd84408
7ed944484
7ed504501
7ed0c457d
7ecc845fa
7ec844676
7ec4046f3
7ebf8476f
7ebb047eb
7eb6c4868
7eb2448e4
7eadc4961
7ea9449dd
7ea4c4a59
7ea004ad6
7e9b84b52
7e96c4bce
7e9244c4b
7e8d84cc7
7e88c4d43
7e8404dbf
7e7f44e3b
7e7a84eb8
7e7584f34
7e70c4fb0
7e6bc502c
7e66c50a8
7e6205124
7e5d051a0
7e57c521c
7e52c5298
7e4dc5314
7e4885390
7e438540c
7e3e45488
7e3905504
7e33c5580
7e2e855fc
7e2945678
7e24056f4
7e1ec5770
7e19457eb
7e13c5867
7e0e858e3
7e090595f
7e03859da
7dfe05a56
7df845ad2
7df2c5b4d
7ded45bc9
7de785c45
7de1c5cc0
7ddc45d3c
7dd685db7
7dd0c5e33
7dcac5eae
7dc505f2a
7dbf45fa5
7db946021
7db34609c
7dad86118
7da786193
7da18620e
7d9b8628a
7d9546305
7d8f46380
7d89463fc
7d8306477
7d7cc64f2
7d768656d
7d70465e8
7d6a06663
7d63c66df
7d5d8675a
7d57067d5
7d50c6850
7d4a468cb
7d4406946
7d3d869c1
7d3706a3c
7d3046ab7
7d29c6b31
7d2346bac
7d1c86c27
7d1606ca2
7d0f46d1d
7d0886d98
7d01c6e12
7cfb06e8d
7cf446f08
7ced86f82
7ce686ffd
7cdfc7078
7cd8c70f2
7cd1c716d
7ccac71e7
7cc3c7262
7cbcc72dc
7cb5c7357
7caec73d1
7ca78744b
7ca0474c6
7c9947540
7c92075bb
7c8ac7635
7c83876af
7c7c47729
7c74c77a3
7c6d8781e
7c6607898
7c5ec7912
7c574798c
7c4fc7a06
7c4847a80
7c40c7afa
7c3947b74
7c3187bee
7c2a07c68
7c2247ce2
7c1ac7d5c
7c1307dd5
7c0b47e4f
7c0387ec9
7bfbc7f43
7bf3c7fbc
7bec08036
7be4080b0
7bdc48129
7bd4481a3
7bcc4821d
7bc448296
7bbc48310
7bb448389
7bac08402
7ba40847c
7b9bc84f5
7b93c856f
7b8b885e8
7b8348661
7b7b086da
7b72c8754
7b6a887cd
7b6208846
7b59c88bf
7b5148938
7b48c89b1
7b4048a2a
7b37c8aa3
7b2f48b1c
7b26c8b95
7b1e48c0e
7b1588c87
7b0d08d00
7b0448d78
7afb88df1
7af308e6a
7aea48ee3
7ae148f5b
7ad888fd4
7acfc904c
7ac6c90c5
7abe0913d
7ab5091b6
7aac0922e
7aa3092a7
7a9a0931f
7a9109398
7a8809410
7a7ec9488
7a75c9500
7a6c89579
7a63495f1
7a5a49669
7a51096e1
7a47c9759
7a3e497d1
7a3509849
7a2bc98c1
7a2249939
7a18c99b1
7a0f89a29
7a0609aa1
79fc89b18
79f309b90
79e949c08
79dfc9c7f
79d649cf7
79cc89d6f
79c2c9de6
79b909e5e
79af89ed5
79a589f4d
799bc9fc4
79920a03b
79884a0b3
797e4a12a
79748a1a1
796a8a219
79608a290
79568a307
794c8a37e
79428a3f5
79384a46c
792e4a4e3
79244a55a
791a0a5d1
790fca648
79058a6bf
78fb4a735
78f10a7ac
78e6ca823
78dc8a89a
78d20a910
78c7ca987
78bd4a9fd
78b2caa74
78a84aaea
789dcab61
78934abd7
7888cac4d
787e4acc4
78738ad3a
78690adb0
785e4ae27
78538ae9d
7848caf13
783e0af89
78334afff
78288b075
781d8b0eb
7812cb161
7807cb1d7
77fd0b24c
77f20b2c2
77e70b338
77dc0b3ae
77d10b423
77c5cb499
77bacb50e
77afcb584
77a48b5f9
77994b66f
778e0b6e4
7782cb75a
77778b7cf
776c4b844
77610b8b9
7755cb92f
774a4b9a4
773ecba19
77338ba8e
77280bb03
771c8bb78
77110bbed
77058bc62
76f9cbcd6
76ee4bd4b
76e28bdc0
76d70be35
76cb4bea9
76bf8bf1e
76b3cbf92
76a80c007
769c4c07b
76908c0f0
76848c164
7678cc1d9
766ccc24d
7660cc2c1
76550c335
76490c3a9
763ccc41e
7630cc492
7624cc506
7618cc57a
760c8c5ed
76004c661
75f44c6d5
75e80c749
75dbcc7bd
75cf8c830
75c34c8a4
75b6cc918
75aa8c98b
759e0c9ff
7591cca72
75854cae5
7578ccb59
756c4cbcc
755fccc3f
75534ccb3
7546ccd26
753a0cd99
752d8ce0c
7520cce7f
75140cef2
75074cf65
74faccfd8
74edcd04a
74e10d0bd
74d44d130
74c78d1a3
74ba8d215
74ad8d288
74a0cd2fa
7493cd36d
7486cd3df
7479cd452
746ccd4c4
745f8d536
74528d5a8
74458d61b
74384d68d
742b0d6ff
741dcd771
7410cd7e3
74034d855
73f60d8c7
73e8cd938
73db8d9aa
73ce0da1c
73c0cda8e
73b34daff
73a5cdb71
73984dbe2
738acdc54
737d4dcc5
736fcdd37
73620dda8
73548de19
7346cde8a
73394defb
732b8df6d
731dcdfde
73100e04f
73024e0bf
72f48e130
72e68e1a1
72d8ce212
72cace283
72bd0e2f3
72af0e364
72a10e3d5
72930e445
72850e4b6
72770e526
72690e596
725ace607
724cce677
723e8e6e7
72304e757
72224e7c7
72140e837
7205ce8a7
71f74e917
71e90e987
71dace9f7
71cc4ea67
71be0ead6
71af8eb46
71a10ebb5
71928ec25
71840ec94
71758ed04
71670ed73
71588ede3
7149cee52
713b4eec1
712c8ef30
711dcef9f
710f0f00e
71004f07d
70f18f0ec
70e2cf15b
70d40f1ca
70c50f238
70b64f2a7
70a74f316
70988f384
70898f3f3
707a8f461
706b8f4d0
705c8f53e
704d8f5ac
703e4f61b
702f4f689
70200f6f7
7010cf765
7001cf7d3
6ff28f841
6fe34f8af
6fd40f91c
6fc4cf98a
6fb54f9f8
6fa60fa66
6f968fad3
6f874fb41
6f77cfbae
6f684fc1c
6f58cfc89
6f494fcf6
6f39cfd63
6f2a4fdd1
6f1a8fe3e
6f0b0feab
6efb4ff18
6eebcff85
6edc0fff1
6ecc5005e
6ebc900cb
6eacd0138
6e9d101a4
6e8d50211
6e7d5027d
6e6d902ea
6e5d90356
6e4d903c3
6e3dd042f
6e2dd049b
6e1dd0507
6e0dd0573
6dfd905df
6ded9064b
6ddd906b7
6dcd50723
6dbd1078f
6dad107fa
6d9cd0866
6d8c908d2
6d7c5093d
6d6c109a9
6d5bd0a14
6d4b50a7f
6d3b10aeb
6d2a90b56
6d1a10bc1
6d09d0c2c
6cf950c97
6ce8d0d02
6cd850d6d
6cc7d0dd8
6cb710e42
6ca690ead
6c95d0f18
6c8550f82
6c7490fed
6c63d1057
6c53110c2
6c425112c
6c3191196
6c20d1200
6c101126b
6bff112d5
6bee5133f
6bdd513a9
6bcc91412
6bbb9147c
6baa914e6
6b9991550
6b88915b9
6b7791623
6b665168c
6b55516f6
6b441175f
6b33117c8
6b21d1831
6b109189b
6aff51904
6aee1196d
6adcd19d6
6acb91a3f
6aba51aa7
6aa8d1b10
6a9791b79
6a8611be1
6a7491c4a
6a6311cb2
6a51d1d1b
6a4051d83
6a2e91deb
6a1d11e54
6a0b91ebc
69f9d1f24
69e851f8c
69d691ff4
69c51205c
69b3520c3
69a19212b
698fd2193
697e121fa
696c12262
695a522c9
694892331
693692398
6924d23ff
6912d2467
6900d24ce
68eed2535
68dcd259c
68cad2603
68b8d266a
68a6926d0
689492737
68829279e
687052804
685e1286b
684bd28d1
6839d2938
68279299e
681512a04
6802d2a6a
67f092ad0
67de52b36
67cbd2b9c
67b992c02
67a712c68
679492cce
678212d33
676f92d99
675d12dfe
674a92e64
673812ec9
672552f2e
6712d2f94
670012ff9
66ed9305e
66dad30c3
66c813128
66b55318d
66a2931f2
668fd3256
667d132bb
666a1331f
665753384
6644533e8
66319344d
661e934b1
660b93515
65f893579
65e5935de
65d293642
65bf936a5
65ac93709
65995376d
6586537d1
657313834
656013898
654cd38fb
65399395f
6526539c2
651313a26
64ffd3a89
64ec93aec
64d913b4f
64c5d3bb2
64b253c15
649f13c78
648b93cda
647813d3d
646493da0
645113e02
643d93e65
642a13ec7
641693f29
6402d3f8b
63ef53fee
63db94050
63c8140b2
63b454114
63a094175
638cd41d7
637914239
63655429b
6351942fc
633d9435e
6329d43bf
6315d4420
630214481
62ee144e3
62da14544
62c6145a5
62b214606
629e14667
628a146c7
627614728
626214789
624dd47e9
6239d484a
6225948aa
62115490a
61fd5496b
61e9149cb
61d4d4a2b
61c094a8b
61ac14aeb
6197d4b4b
618394baa
616f14c0a
615ad4c6a
614654cc9
6131d4d29
611d94d88
610914de7
60f494e47
60e014ea6
60cb54f05
60b6d4f64
60a254fc3
608d95022
607915080
6064550df
604f9513e
603b1519c
6026551fb
601195259
5ffcd52b7
5fe7d5315
5fd315373
5fbe553d1
5fa95542f
5f949548d
5f7f954eb
5f6a95549
5f55d55a6
5f40d5604
5f2bd5661
5f16d56bf
5f01d571c
5eec95779
5ed7957d7
5ec295834
5ead55891
5e98158ee
5e831594a
5e6dd59a7
5e5895a04
5e4355a60
5e2e15abd
5e18d5b19
5e0395b76
5dee15bd2
5dd8d5c2e
5dc355c8a
5dae15ce6
5d9895d42
5d8315d9e
5d6d95dfa
5d5855e55
5d42d5eb1
5d2d15f0c
5d1795f68
5d0215fc3
5cec9601f
5cd6d607a
5cc1160d5
5cab96130
5c95d618b
5c80161e6
5c6a56240
5c549629b
5c3ed62f6
5c2916350
5c13563ab
5bfd96405
5be79645f
5bd1d64b9
5bbbd6514
5ba5d656e
5b90165c8
5b7a16621
5b641667b
5b4e166d5
5b381672e
5b21d6788
5b0bd67e1
5af5d683b
5adf96894
5ac9968ed
5ab356946
5a9d1699f
5a87169f8
5a70d6a51
5a5a96aaa
5a4456b02
5a2e16b5b
5a1796bb3
5a0156c0c
59eb16c64
59d496cbc
59be56d15
59a7d6d6d
599156dc5
597ad6e1c
596496e74
594e16ecc
593796f24
5920d6f7b
590a56fd3
58f3d702a
58dd17081
58c6970d8
58afd7130
589957187
5882971de
586bd7234
58551728b
583e572e2
582797338
5810d738f
57fa173e5
57e31743c
57cc57492
57b5974e8
579e9753e
578797594
5770d75ea
5759d7640
5742d7696
572bd76eb
5714d7741
56fdd7796
56e6d77eb
56cf97841
56b897896
56a1578eb
568a57940
567317995
565bd79ea
5644d7a3f
562d97a93
561657ae8
55ff17b3c
55e7d7b91
55d057be5
55b917c39
55a1d7c8d
558a57ce1
557317d35
555b97d89
554457ddd
552cd7e30
551557e84
54fdd7ed7
54e657f2b
54ced7f7e
54b757fd1
549fd8024
548818078
5470980ca
5458d811d
544158170
5429981c3
5411d8215
53fa58268
53e2982ba
53cad830d
53b31835f
539b583b1
538358403
536b98455
5353d84a7
533bd84f8
53241854a
530c1859c
52f4585ed
52dc5863f
52c458690
52ac586e1
529458732
527c58783
5264587d4
524c58825
523458876
521c188c6
520418917
51ebd8967
51d3d89b8
51bb98a08
51a358a58
518b18aa8
517318af8
515ad8b48
514258b98
512a18be8
5111d8c38
50f998c87
50e118cd7
50c8d8d26
50b098d75
509818dc4
507f98e13
506758e62
504ed8eb1
503658f00
501dd8f4f
500558f9d
4fecd8fec
4fd45903a
4fbb99089
4fa3190d7
4f8a59125
4f71d9173
4f59191c1
4f409920f
4f27d925d
4f0f192aa
4ef6592f8
4edd99345
4ec4d9393
4eac193e0
4e935942d
4e7a9947a
4e61d94c7
4e48d9514
4e3019561
4e17195ae
4dfe595fa
4de559647
4dcc59693
4db3596e0
4d9a9972c
4d8199778
4d68597c4
4d4f59810
4d365985c
4d1d598a8
4d04598f3
4ceb1993f
4cd21998a
4cb8d99d6
4c9fd9a21
4c8699a6c
4c6d59ab7
4c5419b02
4c3ad9b4d
4c2199b98
4c0859be2
4bef19c2d
4bd5d9c78
4bbc99cc2
4ba319d0c
4b89d9d56
4b7059da1
4b5719deb
4b3d99e35
4b2459e7e
4b0ad9ec8
4af159f12
4ad7d9f5b
4abe59fa5
4aa4d9fee
4a8b5a037
4a71da080
4a581a0c9
4a3e9a112
4a251a15b
4a0b5a1a4
49f1da1ed
49d81a235
49be5a27e
49a4da2c6
498b1a30e
49715a356
49579a39e
493dda3e6
49241a42e
490a5a476
48f09a4be
48d69a505
48bcda54d
48a2da594
48891a5db
486f1a622
48555a669
483b5a6b0
48215a6f7
48075a73e
47ed5a785
47d35a7cb
47b95a812
479f5a858
47855a89e
476b5a8e4
47515a92b
47371a971
471d1a9b6
4702da9fc
46e8daa42
46ce9aa87
46b45aacd
469a1ab12
46801ab57
4665dab9d
464b9abe2
46315ac27
46171ac6c
45fc9acb0
45e25acf5
45c81ad39
45ad9ad7e
45935adc2
4578dae07
455e9ae4b
45441ae8f
4529daed3
450f5af17
44f4daf5a
44da5af9e
44bfdafe2
44a55b025
448adb068
44705b0ac
4455db0ef
443b1b132
44209b175
4405db1b7
43eb5b1fa
43d09b23d
43b61b27f
439b5b2c2
43809b304
43661b346
434b5b388
43309b3ca
4315db40c
42fb1b44e
42e05b490
42c55b4d1
42aa9b513
428fdb554
42751b596
425a1b5d7
423f5b618
42245b659
42095b69a
41ee9b6db
41d39b71b
41b89b75c
419d9b79c
41829b7dd
41679b81d
414c9b85d
41319b89d
41169b8dd
40fb9b91d
40e09b95d
40c55b99c
40aa5b9dc
408f1ba1b
40741ba5b
4058dba9a
403ddbad9
40229bb18
40075bb57
3fec1bb96
3fd0dbbd4
3fb59bc13
3f9a5bc52
3f7f1bc90
3f63dbcce
3f489bd0c
3f2d5bd4a
3f11dbd88
3ef69bdc6
3edb1be04
3ebfdbe42
3ea45be7f
3e891bebd
3e6d9befa
3e521bf37
3e36dbf74
3e1b5bfb1
3dffdbfee
3de45c02b
3dc8dc068
3dad5c0a4
3d91dc0e1
3d761c11d
3d5a9c15a
3d3f1c196
3d235c1d2
3d07dc20e
3cec5c24a
3cd09c286
3cb4dc2c1
3c995c2fd
3c7d9c338
3c61dc373
3c461c3af
3c2a9c3ea
3c0edc425
3bf31c460
3bd75c49b
3bbb5c4d5
3b9f9c510
3b83dc54a
3b681c585
3b4c1c5bf
3b305c5f9
3b149c633
3af89c66d
3adc9c6a7
3ac0dc6e1
3aa4dc71a
3a88dc754
3a6d1c78d
3a511c7c7
3a351c800
3a191c839
39fd1c872
39e11c8ab
39c51c8e3
39a91c91c
398cdc955
3970dc98d
3954dc9c5
39389c9fe
391c9ca36
39009ca6e
38e45caa6
38c81cade
38ac1cb15
388fdcb4d
38739cb84
38575cbbc
383b5cbf3
381f1cc2a
3802dcc61
37e69cc98
37ca5cccf
37ae1cd06
37919cd3c
37755cd73
37591cda9
373cdcddf
37205ce16
37041ce4c
36e79ce82
36cb5ceb7
36aedceed
36925cf23
36761cf58
36599cf8e
363d1cfc3
36209cff8
36041d02d
35e79d062
35cb1d097
35ae9d0cc
35921d101
35759d135
35591d16a
353c9d19e
351fdd1d2
35035d206
34e6dd23a
34ca1d26e
34ad9d2a2
3490dd2d5
34745d309
34579d33c
343add370
341e1d3a3
34019d3d6
33e4dd409
33c81d43c
33ab5d46f
338e9d4a1
3371dd4d4
33551d506
33385d539
331b5d56b
32fe9d59d
32e1dd5cf
32c51d601
32a81d633
328b5d665
326e5d696
32519d6c8
32349d6f9
3217dd72a
31fadd75b
31dddd78c
31c0dd7bd
31a41d7ee
31871d81f
316a1d84f
314d1d880
31301d8b0
31131d8e0
30f61d910
30d91d940
30bc1d970
309edd9a0
3081dd9d0
3064dd9ff
30479da2f
302a9da5e
300d9da8d
2ff05dabc
2fd35daeb
2fb61db1a
2f98ddb49
2f7bddb78
2f5e9dba6
2f415dbd5
2f241dc03
2f06ddc31
2ee9ddc5f
2ecc9dc8d
2eaf5dcbb
2e921dce9
2e74ddd17
2e575dd44
2e3a1dd72
2e1cddd9f
2dff9ddcc
2de25ddf9
2dc4dde26
2da79de53
2d8a1de80
2d6cddead
2d4f5ded9
2d321df06
2d149df32
2cf75df5e
2cd9ddf8a
2cbc5dfb6
2c9eddfe2
2c819e00e
2c641e03a
2c469e065
2c291e090
2c0b9e0bc
2bee1e0e7
2bd09e112
2bb31e13d
2b959e168
2b781e193
2b5a5e1bd
2b3cde1e8
2b1f5e212
2b019e23c
2ae41e267
2ac69e291
2aa8de2ba
2a8b5e2e4
2a6d9e30e
2a501e338
2a325e361
2a149e38a
29f71e3b4
29d95e3dd
29bb9e406
299dde42f
29801e458
29629e480
2944de4a9
29271e4d1
29095e4fa
28eb9e522
28cd9e54a
28afde572
28921e59a
28745e5c2
28569e5e9
28389e611
281ade638
27fd1e660
27df1e687
27c15e6ae
27a39e6d5
27859e6fc
27679e722
2749de749
272bde770
270e1e796
26f01e7bc
26d21e7e2
26b41e809
26965e82e
26785e854
265a5e87a
263c5e8a0
261e5e8c5
26005e8ea
25e25e910
25c45e935
25a65e95a
25885e97f
256a5e9a4
254c1e9c8
252e1e9ed
25101ea11
24f21ea36
24d3dea5a
24b5dea7e
2497deaa2
24799eac6
245b9eae9
243d5eb0d
241f5eb31
24011eb54
23e2deb77
23c4deb9a
23a69ebbe
23885ebe0
236a5ec03
234c1ec26
232ddec49
230f9ec6b
22f15ec8d
22d31ecb0
22b51ecd2
2296decf4
22789ed16
225a5ed38
223bded59
221d9ed7b
21ff5ed9c
21e11edbe
21c2deddf
21a49ee00
21861ee21
2167dee42
21499ee62
212b1ee83
210cdeea3
20ee9eec4
20d01eee4
20b1def04
20935ef24
20751ef44
20569ef64
20381ef84
2019defa3
1ffb5efc3
1fdcdefe2
1fbe9f001
1fa01f020
1f819f03f
1f631f05e
1f44df07d
1f265f09c
1f07df0ba
1ee95f0d9
1ecadf0f7
1eac5f115
1e8ddf133
1e6f5f151
1e50df16f
1e325f18d
1e13df1aa
1df51f1c8
1dd69f1e5
1db81f202
1d999f21f
1d7adf23c
1d5c5f259
1d3ddf276
1d1f1f293
1d009f2af
1ce21f2cc
1cc35f2e8
1ca4df304
1c861f320
1c679f33c
1c48df358
1c2a5f374
1c0b9f38f
1becdf3ab
1bce5f3c6
1baf9f3e1
1b90df3fc
1b725f417
1b539f432
1b34df44d
1b161f468
1af75f482
1ad8df49d
1aba1f4b7
1a9b5f4d1
1a7c9f4eb
1a5ddf505
1a3f1f51f
1a205f539
1a019f552
19e2df56c
19c41f585
19a55f59e
19869f5b7
19679f5d0
1948df5e9
192a1f602
190b5f61b
18ec9f633
18cd9f64c
18aedf664
18901f67c
18711f694
18525f6ac
18339f6c4
18149f6dc
17f5df6f3
17d6df70b
17b81f722
17991f739
177a5f750
175b5f767
173c9f77e
171d9f795
16fedf7ac
16dfdf7c2
16c0df7d9
16a21f7ef
16831f805
16641f81b
16451f831
16265f847
16075f85c
15e85f872
15c95f887
15aa5f89d
158b9f8b2
156c9f8c7
154d9f8dc
152e9f8f1
150f9f906
14f09f91a
14d19f92f
14b29f943
14939f957
14749f96c
14559f980
14369f993
14179f9a7
13f89f9bb
13d95f9ce
13ba5f9e2
139b5f9f5
137c5fa08
135d5fa1b
133e1fa2e
131f1fa41
13001fa54
12e11fa67
12c1dfa79
12a2dfa8b
1283dfa9e
12649fab0
12459fac2
12269fad4
12075fae5
11e85faf7
11c91fb09
11aa1fb1a
118adfb2b
116bdfb3c
114c9fb4d
112d9fb5e
110e5fb6f
10ef5fb80
10d01fb90
10b11fba1
1091dfbb1
1072dfbc1
10539fbd1
10345fbe1
10155fbf1
ff61fc01
fd6dfc11
fb79fc20
f989fc2f
f795fc3f
f5a1fc4e
f3b1fc5d
f1bdfc6c
efc9fc7b
edd5fc89
ebe1fc98
e9edfca6
e7fdfcb4
e609fcc3
e415fcd1
e221fcdf
e02dfcec
de39fcfa
dc45fd08
da51fd15
d85dfd22
d669fd30
d475fd3d
d281fd4a
d08dfd57
ce99fd63
cca5fd70
cab1fd7c
c8bdfd89
c6c9fd95
c4d5fda1
c2e1fdad
c0edfdb9
bef9fdc5
bd05fdd1
bb11fddc
b919fde8
b725fdf3
b531fdfe
b33dfe09
b149fe14
af55fe1f
ad5dfe2a
ab69fe34
a975fe3f
a781fe49
a589fe53
a395fe5d
a1a1fe67
9fadfe71
9db5fe7b
9bc1fe84
99cdfe8e
97d5fe97
95e1fea1
93edfeaa
91f5feb3
9001febc
8e0dfec4
8c15fecd
8a21fed6
882dfede
8635fee6
8441feee
8249fef6
8055fefe
7e61ff06
7c69ff0e
7a75ff16
787dff1d
7689ff24
7491ff2c
729dff33
70a5ff3a
6eb1ff40
6cb9ff47
6ac5ff4e
68d1ff54
66d9ff5b
64e5ff61
62edff67
60f5ff6d
5f01ff73
5d09ff79
5b15ff7e
591dff84
5729ff89
5531ff8f
533dff94
5145ff99
4f51ff9e
4d59ffa2
4b61ffa7
496dffac
4775ffb0
4581ffb5
4389ffb9
4191ffbd
3f9dffc1
3da5ffc5
3bb1ffc8
39b9ffcc
37c1ffcf
35cdffd3
33d5ffd6
31e1ffd9
2fe9ffdc
2df1ffdf
2bfdffe2
2a05ffe4
280dffe7
2619ffe9
2421ffec
2229ffee
2035fff0
1e3dfff2
1c45fff4
1a51fff5
1859fff7
1665fff8
146dfff9
1275fffb
1081fffc
e89fffd
c91fffe
a9dfffe
8a5ffff
6adffff
4b9ffff
2c1ffff
c9ffff
ffed5ffff
ffcddffff
ffae5ffff
ff8f1ffff
ff6f9ffff
ff501fffe
ff30dfffd
ff115fffd
fef1dfffc
fed29fffa
feb31fff9
fe939fff8
fe745fff6
fe54dfff5
fe355fff3
fe161fff1
fdf69ffef
fdd71ffed
fdb7dffeb
fd985ffe9
fd78dffe6
fd599ffe4
fd3a1ffe1
fd1adffde
fcfb5ffdc
fcdbdffd9
fcbc9ffd5
fc9d1ffd2
fc7d9ffcf
fc5e5ffcb
fc3edffc8
fc1f9ffc4
fc001ffc0
fbe09ffbc
fbc15ffb8
fba1dffb4
fb829ffaf
fb631ffab
fb439ffa6
fb245ffa2
fb04dff9d
fae59ff98
fac61ff93
faa6dff8e
fa875ff88
fa681ff83
fa489ff7d
fa291ff78
fa09dff72
f9ea5ff6c
f9cb1ff66
f9ab9ff60
f98c5ff59
f96cdff53
f94d9ff4c
f92e1ff46
f90edff3f
f8ef5ff38
f8d01ff31
f8b0dff2a
f8915ff23
f8721ff1b
f8529ff14
f8335ff0c
f813dff05
f7f49fefd
f7d51fef5
f7b5dfeed
f7969fee5
f7771fedc
f757dfed4
f7389fecb
f7191fec3
f6f9dfeba
f6da5feb1
f6bb1fea8
f69bdfe9f
f67c5fe95
f65d1fe8c
f63ddfe82
f61e9fe79
f5ff1fe6f
f5dfdfe65
f5c09fe5b
f5a15fe51
f581dfe47
f5629fe3c
f5435fe32
f5241fe27
f5049fe1d
f4e55fe12
f4c61fe07
f4a6dfdfc
f4879fdf1
f4685fde5
f448dfdda
f4299fdce
f40a5fdc3
f3eb1fdb7
f3cbdfdab
f3ac9fd9f
f38d5fd93
f36e1fd86
f34edfd7a
f32f9fd6d
f3105fd61
f2f11fd54
f2d1dfd47
f2b29fd3a
f2935fd2d
f2741fd20
f254dfd12
f2359fd05
f2165fcf7
f1f71fcea
f1d7dfcdc
f1b89fcce
f1995fcc0
f17a1fcb2
f15b1fca3
f13bdfc95
f11c9fc86
f0fd5fc78
f0de1fc69
f0bf1fc5a
f09fdfc4b
f0809fc3c
f0615fc2c
f0425fc1d
f0231fc0e
f003dfbfe
efe49fbee
efc59fbde
efa65fbce
ef875fbbe
ef681fbae
ef48dfb9e
ef29dfb8d
ef0a9fb7d
eeeb9fb6c
eecc5fb5b
eead5fb4a
ee8e1fb39
ee6f1fb28
ee4fdfb16
ee30dfb05
ee119faf3
edf29fae2
edd35fad0
edb45fabe
ed955faac
ed761fa9a
ed571fa88
ed381fa75
ed18dfa63
ecf9dfa50
ecdadfa3d
ecbbdfa2b
ec9c9fa18
ec7d9fa05
ec5e9f9f1
ec3f9f9de
ec209f9cb
ec019f9b7
ebe25f9a3
ebc35f990
eba45f97c
eb855f968
eb665f953
eb475f93f
eb285f92b
eb095f916
eaea5f902
eacb5f8ed
eaac5f8d8
ea8d9f8c3
ea6e9f8ae
ea4f9f899
ea309f883
ea119f86e
e9f29f858
e9d3df842
e9b4df82d
e995df817
e976df801
e9581f7ea
e9391f7d4
e91a1f7be
e8fb5f7a7
e8dc5f790
e8bd9f77a
e89e9f763
e87f9f74c
e860df735
e841df71d
e8231f706
e8045f6ef
e7e55f6d7
e7c69f6bf
e7a79f6a7
e788df68f
e76a1f677
e74b1f65f
e72c5f647
e70d9f62e
e6eedf616
e6cfdf5fd
e6b11f5e4
e6925f5cb
e6739f5b2
e654df599
e6361f580
e6175f567
e5f85f54d
e5d99f534
e5badf51a
e59c1f500
e57d5f4e6
e55edf4cc
e5401f4b2
e5215f497
e5029f47d
e4e3df462
e4c51f448
e4a69f42d
e487df412
e4691f3f7
e44a5f3dc
e42bdf3c1
e40d1f3a5
e3ee5f38a
e3cfdf36e
e3b11f352
e3929f337
e373df31b
e3555f2fe
e3369f2e2
e3181f2c6
e2f95f2aa
e2dadf28d
e2bc5f270
e29d9f253
e27f1f237
e2609f21a
e2421f1fc
e2235f1df
e204df1c2
e1e65f1a4
e1c7df187
e1a95f169
e18adf14b
e16c5f12d
e14ddf10f
e12f5f0f1
e110df0d3
e0f25f0b4
e0d3df096
e0b55f077
e096df058
e0785f039
e05a1f01a
e03b9effb
e01d1efdc
dffedefbd
dfe05ef9d
dfc1def7d
dfa39ef5e
df851ef3e
df66def1e
df485eefe
df2a1eede
df0b9eebd
deed5ee9d
decedee7c
deb09ee5c
de925ee3b
de73dee1a
de559edf9
de375edd8
de191edb7
ddfaded96
dddc5ed74
ddbe1ed52
dd9fded31
dd819ed0f
dd635eced
dd451eccb
dd26deca9
dd089ec87
dcea9ec64
dccc5ec42
dcae1ec1f
dc8fdebfc
dc719ebda
dc539ebb7
dc355eb93
dc171eb70
dbf91eb4d
dbdadeb2a
dbbcdeb06
db9e9eae2
db809eabf
db625ea9b
db445ea77
db265ea53
db081ea2e
daea1ea0a
dacc1e9e5
daadde9c1
da8fde99c
da71de977
da53de952
da35de92d
da17de908
d9f9de8e3
d9dbde8be
d9bdde898
d99fde872
d981de84d
d963de827
d9461e801
d9281e7db
d90a1e7b5
d8ec1e78e
d8ce5e768
d8b05e741
d8929e71b
d8749e6f4
d856de6cd
d838de6a6
d81b1e67f
d7fd1e658
d7df5e630
d7c19e609
d7a39e5e1
d785de5ba
d7681e592
d74a5e56a
d72c9e542
d70ede51a
d6f11e4f2
d6d35e4c9
d6b59e4a1
d697de478
d67a1e44f
d65c5e427
d63e9e3fe
d620de3d5
d6035e3ab
d5e59e382
d5c7de359
d5aa5e32f
d58c9e306
d56f1e2dc
d5515e2b2
d533de288
d5161e25e
d4f89e234
d4db1e20a
d4bd5e1df
d49fde1b5
d4825e18a
d464de15f
d4471e134
d4299e109
d40c1e0de
d3ee9e0b3
d3d11e088
d3b39e05c
d3965e031
d378de005
d35b5dfd9
d33dddfad
d3205df81
d3031df55
d2e59df29
d2c85defd
d2aadded0
d28d9dea4
d2701de77
d252dde4a
d2355de1d
d2181ddf0
d1fadddc3
d1dd5dd96
d1c01dd69
d1a2ddd3b
d1859dd0e
d1685dce0
d14b1dcb2
d12dddc84
d1109dc56
d0f35dc28
d0d61dbfa
d0b91dbcc
d09bddb9d
d07e9db6e
d0615db40
d0445db11
d0271dae2
d00a1dab3
cfecdda84
cfcfdda55
cfb29da25
cf959d9f6
cf789d9c6
cf5b5d997
cf3e5d967
cf215d937
cf045d907
cee75d8d7
ceca5d8a6
cead5d876
ce905d845
ce735d815
ce565d7e4
ce395d7b3
ce1c9d782
cdff9d751
cde29d720
cdc5dd6ef
cda8dd6be
cd8c1d68c
cd6f1d65b
cd525d629
cd355d5f7
cd189d5c5
ccfbdd593
ccdedd561
ccc21d52f
cca55d4fc
cc889d4ca
cc6bdd497
cc4f1d465
cc325d432
cc159d3ff
cbf8dd3cc
cbdc5d399
cbbf9d366
cba2dd332
cb865d2ff
cb699d2cb
cb4cdd297
cb305d264
cb139d230
caf71d1fc
cada9d1c8
cabddd193
caa15d15f
ca84dd12b
ca685d0f6
ca4bdd0c1
ca2f5d08d
ca12dd058
c9f65d023
c9d9dcfee
c9bd5cfb8
c9a0dcf83
c9849cf4e
c9681cf18
c94b9cee2
c92f5cead
c912dce77
c8f69ce41
c8da1ce0b
c8bddcdd5
c8a15cd9e
c8851cd68
c868dcd31
c84c9ccfb
c8305ccc4
c8141cc8d
c7f7dcc56
c7db9cc1f
c7bf5cbe8
c7a31cbb1
c786dcb79
c76a9cb42
c74e9cb0a
c7325cad2
c7161ca9b
c6fa1ca63
c6dddca2b
c6c1dc9f2
c6a5dc9ba
c6899c982
c66d9c949
c6519c911
c6359c8d8
c6199c89f
c5fd9c866
c5e19c82d
c5c59c7f4
c5a99c7bb
c58d9c782
c5719c748
c5559c70f
c539dc6d5
c51ddc69b
c5021c662
c4e61c628
c4ca5c5ed
c4ae5c5b3
c4929c579
c476dc53f
c45b1c504
c43f1c4ca
c4235c48f
c4079c454
c3ebdc419
c3d01c3de
c3b45c3a3
c398dc368
c37d1c32c
c3615c2f1
c3459c2b5
c32a1c27a
c30e5c23e
c2f2dc202
c2d71c1c6
c2bb9c18a
c2a01c14e
c2849c111
c268dc0d5
c24d5c098
c231dc05c
c2165c01f
c1fadbfe2
c1df5bfa5
c1c3dbf68
c1a89bf2b
c18d1beee
c1719beb0
c1565be73
c13adbe35
c11f9bdf8
c1041bdba
c0e8dbd7c
c0cd9bd3e
c0b21bd00
c096dbcc2
c07b9bc83
c0605bc45
c0451bc07
c029dbbc8
c00e9bb89
bff35bb4a
bfd81bb0b
bfbd1bacc
bfa1dba8d
bf86dba4e
bf6b9ba0f
bf509b9cf
bf355b990
bf1a5b950
beff1b910
bee41b8d0
bec91b890
beae1b850
be931b810
be781b7d0
be5d1b78f
be421b74f
be271b70e
be0c5b6ce
bdf15b68d
bdd65b64c
bdbb9b60b
bda09b5ca
bd85db589
bd6b1b547
bd501b506
bd355b4c4
bd1a9b483
bcffdb441
bce51b3ff
bcca5b3bd
bcaf9b37b
bc94db339
bc7a1b2f7
bc5f9b2b5
bc44db272
bc2a1b230
bc0f9b1ed
bbf4db1aa
bbda5b167
bbbfdb124
bba51b0e1
bb8a9b09e
bb701b05b
bb559b017
bb3b1afd4
bb209af90
bb061af4d
baeb9af09
bad11aec5
bab6dae81
ba9c5ae3d
ba81dadf9
ba679adb5
ba4d5ad70
ba32dad2c
ba189ace7
b9fe5aca3
b9e3dac5e
b9c99ac19
b9af5abd4
b9951ab8f
b97adab4a
b960dab04
b9469aabf
b92c5aa79
b9121aa34
b8f81a9ee
b8ddda9a8
b8c3da963
b8a9da91d
b88f9a8d6
b8759a890
b85b9a84a
b8419a804
b8279a7bd
b80d9a777
b7f39a730
b7d99a6e9
b7bf9a6a2
b7a5da65b
b78bda614
b771da5cd
b7581a586
b73e1a53e
b7245a4f7
b70a9a4af
b6f0da468
b6d6da420
b6bd1a3d8
b6a35a390
b6899a348
b6701a300
b6565a2b7
b63c9a26f
b622da227
b6095a1de
b5ef9a195
b5d61a14d
b5bc5a104
b5a2da0bb
b5895a072
b56fda029
b55659fdf
b53cd9f96
b52359f4d
b509d9f03
b4f059eb9
b4d6d9e70
b4bd59e26
b4a419ddc
b48a99d92
b47159d48
b457d9cfd
b43e99cb3
b42559c69
b40c19c1e
b3f2d9bd4
b3d959b89
b3c059b3e
b3a719af3
b38dd9aa8
b37499a5d
b35b59a12
b342599c7
b3291997b
b31019930
b2f6d98e4
b2ddd9898
b2c4d984d
b2abd9801
b292997b5
b27999769
b2609971d
b247d96d0
b22ed9684
b215d9638
b1fcd95eb
b1e41959e
b1cb19552
b1b259505
b199594b8
b1809946b
b167d941e
b14f193d1
b13659383
b11d99336
b104d92e8
b0ec1929b
b0d35924d
b0ba991ff
b0a2191b1
b08959163
b070d9115
b058190c7
b03f99079
b0271902b
b00e98fdc
aff618f8e
afdd98f3f
afc518ef0
afac98ea2
af9418e53
af7b98e04
af6358db4
af4ad8d65
af3258d16
af1a18cc7
af01d8c77
aee958c28
aed118bd8
aeb8d8b88
aea098b38
ae8858ae8
ae7018a98
ae57d8a48
ae3fd89f8
ae27989a8
ae0f58957
adf758907
addf588b6
adc718866
adaf18815
ad97187c4
ad7f18773
ad6718722
ad4f186d1
ad3718680
ad1f1862e
ad07185dd
acef5858b
acd75853a
acbf584e8
aca798496
ac8fd8444
ac77d83f3
ac60183a0
ac485834e
ac30982fc
ac18d82aa
ac0118257
abe998205
abd1d81b2
abba18160
aba29810d
ab8ad80ba
ab7358067
ab5bd8014
ab4417fc1
ab2c97f6e
ab1517f1a
aafd97ec7
aae617e73
aace97e20
aab757dcc
aa9fd7d78
aa8857d24
aa7117cd0
aa5997c7c
aa4257c28
aa2b17bd4
aa13d7b80
a9fc97b2b
a9e557ad7
a9ce17a82
a9b6d7a2e
a99f979d9
a98857984
a9715792f
a95a178da
a94317885
a92bd7830
a914d77da
a8fdd7785
a8e6d7730
a8cfd76da
a8b8d7684
a8a1d762f
a88ad75d9
a873d7583
a85d1752d
a846174d7
a82f57481
a8185742a
a801973d4
a7ead737e
a7d417327
a7bd572d1
a7a69727a
a78fd7223
a779171cc
a76257175
a74bd711e
a735170c7
a71e97070
a707d7019
a6f156fc1
a6dad6f6a
a6c416f12
a6ad96eba
a69716e63
a680d6e0b
a66a56db3
a653d6d5b
a63d56d03
a62716cab
a61096c53
a5fa56bfa
a5e416ba2
a5cdd6b49
a5b756af1
a5a116a98
a58ad6a3f
a574d69e6
a55e9698d
a54856934
a532168db
a51c16882
a50616829
a4efd67cf
a4d9d6776
a4c3d671c
a4add66c3
a497d6669
a481d660f
a46bd65b6
a455d655c
a43fd6502
a42a164a7
a4141644d
a3fe563f3
a3e896399
a3d29633e
a3bcd62e4
a3a716289
a3915622e
a37b961d3
a36616179
a3505611e
a33a960c3
a32516068
a30f5600c
a2f9d5fb1
a2e455f56
a2ce95efa
a2b915e9f
a2a395e43
a28e15de7
a278d5d8c
a26355d30
a24dd5cd4
a23895c78
a22315c1c
a20dd5bbf
a1f855b63
a1e315b07
a1cdd5aaa
a1b895a4e
a1a3559f1
a18e15995
a178d5938
a163d58db
a14e9587e
a13995821
a124557c4
a10f55767
a0fa5570a
a0e5156ac
a0d01564f
a0bb155f1
a0a655594
a09155536
a07c554d8
a0675547b
a0529541d
a03d953bf
a028d5361
a01415302
9fff552a4
9fea95246
9fd5d51e8
9fc115189
9fac5512b
9f97950cc
9f831506d
9f6e5500f
9f59d4fb0
9f4514f51
9f3094ef2
9f1c14e93
9f0794e34
9ef314dd4
9ede94d75
9eca14d16
9eb5d4cb6
9ea154c57
9e8cd4bf7
9e7894b97
9e6454b37
9e4fd4ad8
9e3b94a78
9e2754a18
9e13149b8
9dfed4957
9dead48f7
9dd694897
9dc254836
9dae547d6
9d9a14775
9d8614715
9d72146b4
9d5e14653
9d4a145f2
9d3614591
9d2214530
9d0e144cf
9cfa1446e
9ce65440d
9cd2543ab
9cbe9434a
9caad42e9
9c96d4287
9c8314225
9c6f541c4
9c5b94162
9c47d4100
9c345409e
9c209403c
9c0d13fda
9bf953f78
9be5d3f16
9bd213eb3
9bbe93e51
9bab13dee
9b9793d8c
9b8413d29
9b7093cc7
9b5d53c64
9b49d3c01
9b3693b9e
9b2313b3b
9b0fd3ad8
9afc93a75
9ae953a12
9ad6139ae
9ac2d394b
9aaf938e8
9a9c53884
9a8913821
9a76137bd
9a62d3759
9a4fd36f5
9a3cd3691
9a29d362e
9a16935ca
9a0393565
99f0d3501
99ddd349d
99cad3439
99b7d33d4
99a513370
99925330b
997f532a7
996c93242
9959d31dd
994713179
993453114
9921930af
990ed304a
98fc52fe5
98e992f7f
98d712f1a
98c452eb5
98b1d2e4f
989f52dea
988cd2d85
987a52d1f
9867d2cb9
985552c54
984312bee
983092b88
981e52b22
980bd2abc
97f992a56
97e7529f0
97d512989
97c2d2923
97b0928bd
979e52856
978c527f0
977a12789
9767d2723
9755d26bc
9743d2655
9731d25ee
971f92587
970d92520
96fbd24b9
96e9d2452
96d7d23eb
96c612384
96b41231c
96a2522b5
96905224d
967e921e6
966cd217e
965b12116
9649520af
963792047
962611fdf
961451f77
960291f0f
95f111ea7
95df91e3f
95ce11dd7
95bc51d6e
95aad1d06
959991c9d
958811c35
957691bcc
956511b64
9553d1afb
954291a92
953111a2a
951fd19c1
950e91958
94fd518ef
94ec11886
94dad181c
94c9d17b3
94b89174a
94a7516e1
949651677
94855160e
9474515a4
94631153a
9452114d1
944151467
9430513fd
941f51393
940e91329
93fd912bf
93ecd1255
93dbd11eb
93cb11181
93ba51117
93a9910ac
9398d1042
938810fd8
937790f6d
9366d0f02
935650e98
934590e2d
933510dc2
932490d57
931410ced
930390c82
92f310c17
92e290bac
92d250b40
92c1d0ad5
92b190a6a
92a1109ff
9290d0993
928090928
9270508bc
926010851
924fd07e5
923fd0779
922f9070d
921f506a2
920f50636
91ff505ca
91ef5055e
91df104f2
91cf10485
91bf50419
91af503ad
919f50341
918f902d4
917f90268
916fd01fb
915fd018f
915010122
9140500b5
913090049
9120cffdc
91114ff6f
91018ff02
90f1cfe95
90e24fe28
90d2cfdbb
90c30fd4e
90b38fce0
90a40fc73
90948fc06
90854fb98
9075cfb2b
90664fabd
90570fa50
90478f9e2
90384f974
90290f907
9019cf899
900a8f82b
8ffb4f7bd
8fec0f74f
8fdd0f6e1
8fcdcf673
8fbecf604
8faf8f596
8fa08f528
8f918f4ba
8f828f44b
8f738f3dd
8f648f36e
8f55cf300
8f46cf291
8f380f222
8f290f1b4
8f1a4f145
8f0b8f0d6
8efccf067
8eee0eff8
8edf4ef89
8ed08ef1a
8ec20eeab
8eb34ee3c
8ea4cedcc
8e960ed5d
8e878ecee
8e790ec7e
8e6a8ec0f
8e5c0eb9f
8e4d8eb30
8e3f4eac0
8e30cea50
8e228e9e0
8e140e971
8e05ce901
8df78e891
8de94e821
8ddb0e7b1
8dccce741
8dbece6d1
8db08e660
8da24e5f0
8d944e580
8d864e50f
8d784e49f
8d6a4e42f
8d5c4e3be
8d4e4e34d
8d404e2dd
8d324e26c
8d248e1fb
8d168e18b
8d08ce11a
8cfb0e0a9
8ced4e038
8cdf8dfc7
8cd1cdf56
8cc40dee5
8cb68de74
8ca8cde02
8c9b4dd91
8c8d8dd20
8c800dcae
8c728dc3d
8c650dbcc
8c578db5a
8c4a0dae9
8c3ccda77
8c2f4da05
8c220d993
8c148d922
8c074d8b0
8bfa0d83e
8beccd7cc
8bdf8d75a
8bd24d6e8
8bc50d676
8bb80d604
8baacd592
8b9dcd51f
8b90cd4ad
8b83cd43b
8b76cd3c8
8b69cd356
8b5ccd2e3
8b4fcd271
8b430d1fe
8b360d18c
8b294d119
8b1c4d0a6
8b0f8d034
8b02ccfc1
8af60cf4e
8ae98cedb
8adccce68
8ad00cdf5
8ac38cd82
8ab6ccd0f
8aaa4cc9c
8a9dccc28
8a914cbb5
8a84ccb42
8a784cace
8a6bcca5b
8a5f8c9e8
8a530c974
8a46cc900
8a3a8c88d
8a2e0c819
8a21cc7a6
8a158c732
8a098c6be
89fd4c64a
89f10c5d6
89e50c562
89d8cc4ee
89cccc47a
89c0cc406
89b4cc392
89a8cc31e
899ccc2aa
8990cc236
89850c1c1
89790c14d
896d4c0d9
89618c064
89558bff0
8949cbf7b
893e0bf07
89328be92
8926cbe1d
891b0bda9
890f8bd34
8903cbcbf
88f84bc4a
88eccbbd5
88e14bb60
88d5cbaeb
88ca4ba76
88becba01
88b38b98c
88a80b917
889ccb8a2
88918b82d
88864b7b7
887b0b742
886fcb6cd
88648b657
88594b5e2
884e4b56c
88430b4f7
88380b481
882ccb40c
8821cb396
8816cb320
880bcb2ab
88010b235
87f60b1bf
87eb0b149
87e04b0d3
87d58b05d
87ca8afe7
87bfcaf71
87b50aefb
87aa4ae85
879fcae0f
87950ad99
878a4ad22
877fcacac
87754ac36
876a8abbf
87600ab49
87558aad3
874b0aa5c
8740ca9e6
87364a96f
872bca8f8
87218a882
87174a80b
870d0a794
87028a71e
86f88a6a7
86ee4a630
86e40a5b9
86d9ca542
86cfca4cb
86c58a454
86bb8a3dd
86b18a366
86a78a2ef
869d8a278
86938a201
8689ca189
867fca112
8675ca09b
866c0a024
866249fac
865889f35
864ec9ebd
864509e46
863b49dce
863189d57
862809cdf
861e49c67
8614c9bf0
860b49b78
8601c9b00
85f849a89
85eec9a11
85e549999
85dbc9921
85d2898a9
85c909831
85bfc97b9
85b689741
85ad496c9
85a409651
859ac95d9
859189561
8588894e8
857f49470
8576493f8
856d4937f
856449307
855b4928f
855249216
85494919e
854049125
8537890ad
852e89034
8525c8fbc
851d08f43
851408eca
850b48e52
8502c8dd9
84fa08d60
84f148ce7
84e8c8c6f
84e008bf6
84d788b7d
84cf08b04
84c688a8b
84be08a12
84b588999
84ad08920
84a4c88a7
849c4882e
8494087b5
848bc873b
8483486c2
847b08649
8473085d0
846ac8556
8462884dd
845a88464
8452483ea
844a48371
8442482f7
843a0827e
843208204
842a4818b
842248111
841a48097
84128801e
840a87fa4
8402c7f2a
83fb07eb1
83f347e37
83eb87dbd
83e3c7d43
83dc47cc9
83d487c50
83cd07bd6
83c547b5c
83bdc7ae2
83b647a68
83aec79ee
83a747974
839fc78f9
83988787f
839107805
8389c778b
838247711
837b07697
8373c761c
836c875a2
836547528
835e474ad
835707433
8350073b9
8348c733e
8341c72c4
833ac7249
8333c71cf
832cc7154
8325c70da
831f0705f
831806fe4
831146f6a
830a86eef
830386e74
82fcc6dfa
82f606d7f
82ef86d04
82e8c6c89
82e206c0f
82db86b94
82d506b19
82ce46a9e
82c7c6a23
82c1469a8
82bac692d
82b4868b2
82ae06837
82a7867bc
82a146741
829b066c6
8294c664b
828e865d0
828846555
8282064d9
827bc645e
8275c63e3
826f86368
8269862ec
826346271
825d461f6
82574617a
8251860ff
824b86084
824586008
823fc5f8d
8239c5f11
823405e96
822e45e1a
822885d9f
8222c5d23
821d05ca8
821745c2c
8211c5bb0
820c05b35
820685ab9
820105a3d
81fb859c2
81f605946
81f0858ca
81eb0584e
81e5c57d3
81e045757
81db056db
81d58565f
81d0455e3
81cb05567
81c5c54eb
81c0c546f
81bb853f4
81b645378
81b1452fc
81ac45280
81a705204
81a205187
819d0510b
81984508f
819345013
818e44f97
818984f1b
8184c4e9f
817fc4e23
817b04da6
817644d2a
817184cae
816d04c32
816844bb5
816384b39
815f04abd
815a84a40
8155c49c4
815144948
814d048cb
81488484f
8144047d3
813f84756
813b446da
81370465d
8132845e1
812e44564
812a044e8
81260446b
8121c43ef
811d84372
8119842f6
811544279
8111441fc
810d44180
810944103
810544086
81014400a
80fd83f8d
80f983f10
80f5c3e94
80f1c3e17
80ee03d9a
80ea43d1d
80e683ca1
80e2c3c24
80df43ba7
80db83b2a
80d803aad
80d443a31
80d0c39b4
80cd43937
80c9c38ba
80c64383d
80c2c37c0
80bf83743
80bc036c6
80b8c3649
80b5835cc
80b20354f
80aec34d2
80abc3455
80a8833d8
80a54335b
80a2432de
809f03261
809c031e4
809903167
8096030ea
80930306d
809002ff0
808d02f73
808a02ef6
808742e79
808482dfb
808182d7e
807ec2d01
807c02c84
807942c07
8076c2b89
807402b0c
807182a8f
806ec2a12
806c42995
8069c2917
80674289a
8064c281d
80624279f
805fc2722
805d826a5
805b02628
8058c25aa
80568252d
8054424b0
805202432
804fc23b5
804d82338
804b822ba
80494223d
8047421bf
804542142
8043420c5
804142047
803f41fca
803d41f4c
803b81ecf
803981e51
8037c1dd4
8035c1d57
803401cd9
803241c5c
803081bde
802f01b61
802d41ae3
802b81a66
802a019e8
80288196b
8026c18ed
802541870
8023c17f2
802281775
8021016f7
801f8167a
801e415fc
801d0157e
801b81501
801a41483
801901406
8017c1388
8016c130b
80158128d
80148120f
801341192
801241114
801141097
801041019
800f40f9b
800e40f1e
800d40ea0
800c80e23
800bc0da5
800ac0d27
800a00caa
800940c2c
800880baf
8007c0b31
800740ab3
800680a36
8006009b8
80054093a
8004c08bd
80044083f
8003c07c1
800340744
8002c06c6
800280648
8002005cb
8001c054d
8001804cf
800140452
8001003d4
8000c0357
8000802d9
80004025b
8000401de
800040160
8000400e2
800040065
80007ffe7
80007ff69
80007feec
80007fe6e
80007fdf0
8000bfd73
8000bfcf5
8000ffc77
80013fbfa
80017fb7c
8001bfafe
80023fa81
80027fa03
8002bf985
80033f908
8003bf88a
80043f80c
8004bf78f
80053f711
8005bf693
80067f616
8006ff598
8007bf51a
80083f49d
8008ff41f
8009bf3a2
800a7f324
800b7f2a6
800c3f229
800cff1ab
800dff12d
800eff0b0
800fbf032
8010befb5
8011bef37
8012feeb9
8013fee3c
8014fedbe
80163ed41
80177ecc3
80187ec46
8019bebc8
801afeb4a
801c3eacd
801dbea4f
801efe9d2
80207e954
8021be8d7
80233e859
8024be7dc
80263e75e
8027be6e1
80293e663
802abe5e6
802c7e568
802e3e4eb
802fbe46d
80317e3f0
80333e372
8034fe2f5
8036be277
8038be1fa
803a7e17c
803c7e0ff
803e3e081
80403e004
80423df87
80443df09
80463de8c
80483de0e
804a7dd91
804c7dd14
804ebdc96
8050fdc19
80533db9c
80557db1e
8057bdaa1
8059fda24
805c3d9a6
805ebd929
8060fd8ac
80637d82e
8065fd7b1
80687d734
806afd6b7
806d7d639
806ffd5bc
8072bd53f
80753d4c2
8077fd444
807abd3c7
807d7d34a
80803d2cd
8082fd250
8085bd1d3
8088bd155
808b7d0d8
808e7d05b
80913cfde
80943cf61
80973cee4
809a3ce67
809d7cdea
80a07cd6d
80a3bccf0
80a6bcc73
80a9fcbf6
80ad3cb79
80b07cafc
80b3bca7f
80b6fca02
80ba3c985
80bdbc908
80c0fc88b
80c47c80e
80c7fc791
80cb7c714
80cefc697
80d27c61a
80d5fc59d
80d97c521
80dd3c4a4
80e0fc427
80e47c3aa
80e83c32d
80ebfc2b1
80efbc234
80f37c1b7
80f77c13a
80fb3c0be
80ff3c041
81033bfc4
8106fbf48
810afbecb
810efbe4e
81133bdd2
81173bd55
811b3bcd9
811f7bc5c
8123bbbdf
8127bbb63
812bfbae6
81303ba6a
81347b9ed
8138fb971
813d3b8f5
81417b878
8145fb7fc
814a7b77f
814efb703
81537b686
8157fb60a
815c7b58e
8160fb511
8165bb495
816a3b419
816efb39d
8173bb320
81787b2a4
817d3b228
8181fb1ac
8186bb130
818bbb0b3
81907b037
81957afbb
819a7af3f
819f3aec3
81a43ae47
81a97adcb
81ae7ad4f
81b37acd3
81b8bac57
81bdbabdb
81c2fab5f
81c83aae3
81cd7aa67
81d2ba9eb
81d7fa96f
81dd3a8f4
81e2ba878
81e7fa7fc
81ed7a780
81f2fa704
81f87a689
81fdfa60d
82037a591
8208fa515
820e7a49a
82143a41e
8219ba3a3
821f7a327
82253a2ab
822afa230
8230ba1b4
82367a139
823c7a0bd
82423a042
824839fc6
824df9f4b
8253f9ed0
8259f9e54
825ff9dd9
8265f9d5e
826bf9ce2
827239c67
827839bec
827e79b71
8284b9af5
828af9a7a
8291399ff
829779984
829db9909
82a3f988e
82aa79813
82b0b9798
82b73971d
82bdb96a2
82c439627
82cab95ac
82d139531
82d7b94b6
82de3943b
82e4f93c0
82ebb9345
82f2392cb
82f8f9250
82ffb91d5
83067915a
830d390e0
831439065
831af8fea
8321f8f70
8328f8ef5
832fb8e7b
8336b8e00
833db8d86
8344b8d0b
834bf8c91
8352f8c16
835a38b9c
836138b22
836878aa7
836fb8a2d
8376f89b3
837e38939
8385788be
838cb8844
8394387ca
839b78750
83a2f86d6
83aa7865c
83b1f85e2
83b978568
83c0f84ee
83c878474
83d0383fa
83d7b8380
83df78306
83e73828c
83eeb8212
83f678198
83fe3811f
8406380a5
840df802b
8415b7fb2
841db7f38
8425b7ebe
842d77e45
843577dcb
843d77d52
844577cd8
844db7c5f
8455b7be5
845df7b6c
8465f7af3
846e37a79
847677a00
847eb7987
8486f790d
848f37894
84977781b
849ff77a2
84a837729
84b0b76b0
84b8f7637
84c1775be
84c9f7545
84d2774cc
84db37453
84e3b73da
84ec37361
84f4f72e8
84fdb726f
8506771f7
850ef717e
8517b7105
8520b708d
852977014
853236f9b
853b36f23
8543f6eaa
854cf6e32
8555f6dba
855ef6d41
8567f6cc9
8570f6c50
8579f6bd8
858336b60
858c36ae8
859576a6f
859eb69f7
85a7f697f
85b136907
85ba7688f
85c3b6817
85ccf679f
85d676727
85dfb66af
85e936637
85f2b65bf
85fc36548
8605b64d0
860f36458
8618b63e0
862276369
862bf62f1
8635b6279
863f36202
8648f618a
8652b6113
865c7609b
866676024
867035fad
8679f5f35
8683f5ebe
868db5e47
8697b5dd0
86a1b5d58
86abb5ce1
86b5b5c6a
86bfb5bf3
86c9f5b7c
86d3f5b05
86de35a8e
86e835a17
86f2759a0
86fcb592a
8706f58b3
87113583c
871b757c5
8725f574f
8730356d8
873ab5662
8744f55eb
874f75574
8759f54fe
876475488
876ef5411
87797539b
878435325
878eb52ae
879975238
87a4351c2
87aeb514c
87b9750d6
87c435060
87cf34fea
87d9f4f74
87e4b4efe
87efb4e88
87fa74e12
880574d9c
881074d26
881b74cb1
882674c3b
883174bc5
883c74b50
8847b4ada
8852b4a65
885df49ef
88693497a
887474904
887fb488f
888af481a
8896347a4
88a17472f
88acf46ba
88b834645
88c3b45d0
88cef455b
88da744e6
88e5f4471
88f1743fc
88fd34387
8908b4312
89143429d
891ff4229
892bb41b4
89373413f
8942f40cb
894eb4056
895a73fe2
896633f6d
897233ef9
897df3e85
8989f3e10
8995b3d9c
89a1b3d28
89adb3cb3
89b9b3c3f
89c5b3bcb
89d1b3b57
89ddf3ae3
89e9f3a6f
89f6339fb
8a0233987
8a0e73914
8a1ab38a0
8a26f382c
8a33337b9
8a3f73745
8a4bf36d1
8a583365e
8a64b35ea
8a70f3577
8a7d73503
8a89f3490
8a967341d
8aa2f33aa
8aaf73336
8abbf32c3
8ac8b3250
8ad5331dd
8ae1f316a
8aeeb30f7
8afb73084
8b0833011
8b14f2f9f
8b21b2f2c
8b2e72eb9
8b3b72e46
8b4832dd4
8b5532d61
8b6232cef
8b6ef2c7c
8b7bf2c0a
8b8932b97
8b9632b25
8ba332ab3
8bb032a41
8bbd729cf
8bcab295c
8bd7b28ea
8be4f2878
8bf232806
8bff72794
8c0cb2723
8c1a326b1
8c277263f
8c34b25cd
8c423255c
8c4fb24ea
8c5d32479
8c6ab2407
8c7832396
8c85b2324
8c93322b3
8ca0b2242
8cae721d0
8cbbf215f
8cc9b20ee
8cd77207d
8ce53200c
8cf2f1f9b
8d00b1f2a
8d0e71eb9
8d1c71e48
8d2a31dd7
8d3831d67
8d45f1cf6
8d53f1c86
8d61f1c15
8d6ff1ba4
8d7df1b34
8d8bf1ac4
8d9a31a53
8da8319e3
8db671973
8dc471903
8dd2b1892
8de0f1822
8def317b2
8dfd71742
8e0bb16d3
8e19f1663
8e28715f3
8e36b1583
8e4531513
8e53714a4
8e61f1434
8e70713c5
8e7ef1355
8e8d712e6
8e9c31277
8eaab1207
8eb931198
8ec7f1129
8ed6b10ba
8ee53104b
8ef3f0fdc
8f02b0f6d
8f1170efe
8f2070e8f
8f2f30e20
8f3df0db1
8f4cf0d43
8f5bf0cd4
8f6ab0c66
8f79b0bf7
8f88b0b89
8f97b0b1a
8fa6b0aac
8fb5f0a3e
8fc4f09cf
8fd3f0961
8fe3308f3
8ff270885
900170817
9010b07a9
901ff073b
902f306ce
903eb0660
904df05f2
905d30585
906cb0517
907c304a9
908b7043c
909af03cf
90aa70361
90b9f02f4
90c970287
90d93021a
90e8b01ad
90f83013f
9107f00d3
9117b0066
91276fff9
9136eff8c
9146aff1f
91566feb3
91666fe46
91762fdd9
9185efd6d
9195efd00
91a5efc94
91b5afc28
91c5afbbc
91d5afb4f
91e5afae3
91f5afa77
9205afa0b
9215ef99f
9225ef933
92362f8c8
92462f85c
92566f7f0
9266af784
9276ef719
92872f6ad
92976f642
92a7ef5d7
92b82f56b
92c86f500
92d8ef495
92e96f42a
92f9af3bf
930a2f354
931aaf2e9
932b2f27e
933bef213
934c6f1a8
935cef13e
936daf0d3
937e2f068
938eeeffe
939faef93
93b06ef29
93c12eebf
93d1eee55
93e2aedea
93f3aed80
94046ed16
94156ecac
94262ec42
94372ebd8
94482eb6f
94592eb05
946a2ea9b
947b2ea32
948c2e9c8
949d2e95f
94ae6e8f5
94bf6e88c
94d0ae823
94e1ee7ba
94f32e750
95046e6e7
9515ae67e
9526ee615
95382e5ad
95496e544
955aee4db
956c2e472
957dae40a
958f2e3a1
95a06e339
95b1ee2d0
95c36e268
95d52e200
95e6ae198
95f82e12f
9609ee0c7
961b6e05f
962d2dff7
963eedf90
96506df28
96622dec0
9673ede58
9685eddf1
9697add89
96a96dd22
96bb6dcba
96cd2dc53
96df2dbec
96f12db85
9702edb1e
9714edab7
9726eda50
9738ed9e9
974b2d982
975d2d91b
976f2d8b4
97816d84e
9793ad7e7
97a5ad781
97b7ed71a
97ca2d6b4
97dc6d64e
97eead5e8
9800ed581
98136d51b
9825ad4b5
98382d44f
984a6d3ea
985ced384
986f6d31e
9881ed2b8
98946d253
98a6ed1ed
98b96d188
98cbed123
98dead0bd
98f12d058
9903ecff3
99166cf8e
99292cf29
993becec4
994eace5f
99616cdfa
99742cd96
9986ecd31
9999ecccc
99acacc68
99bfacc03
99d26cb9f
99e56cb3b
99f86cad7
9a0b6ca73
9a1e6ca0e
9a316c9aa
9a446c947
9a576c8e3
9a6aac87f
9a7dac81b
9a90ec7b8
9aa42c754
9ab72c6f1
9aca6c68d
9addac62a
9af0ec5c7
9b046c563
9b17ac500
9b2aec49d
9b3e6c43a
9b51ac3d7
9b652c375
9b78ac312
9b8bec2af
9b9f6c24d
9bb2ec1ea
9bc6ac188
9bda2c125
9bedac0c3
9c012c061
9c14ebfff
9c28abf9d
9c3c2bf3b
9c4febed9
9c63abe77
9c776be15
9c8b2bdb4
9c9eebd52
9cb2abcf0
9cc6abc8f
9cda6bc2e
9cee6bbcc
9d022bb6b
9d162bb0a
9d2a2baa9
9d3e2ba48
9d522b9e7
9d662b986
9d7a2b925
9d8e2b8c5
9da22b864
9db66b804
9dca6b7a3
9ddeab743
9df2eb6e2
9e072b682
9e1b6b622
9e2fab5c2
9e43eb562
9e582b502
9e6c6b4a2
9e80eb442
9e952b3e3
9ea9ab383
9ebdeb324
9ed26b2c4
9ee6eb265
9efb6b206
9f0feb1a6
9f246b147
9f38eb0e8
9f4d6b089
9f622b02a
9f76aafcb
9f8b6af6d
9f9feaf0e
9fb4aaeb0
9fc96ae51
9fde2adf3
9ff2ead94
a007aad36
a01c6acd8
a0312ac7a
a0462ac1c
a05aeabbe
a06feab60
a084eab02
a099aaaa4
a0aeaaa47
a0c3aa9e9
a0d8aa98c
a0edaa92e
a102aa8d1
a117ea874
a12cea817
a141ea7ba
a1572a75d
a16c6a700
a1816a6a3
a196aa646
a1abea5ea
a1c12a58d
a1d66a531
a1ebaa4d4
a200ea478
a2166a41c
a22baa3c0
a2412a363
a2566a307
a26bea2ac
a2816a250
a296ea1f4
a2ac6a198
a2c1ea13d
a2d76a0e1
a2ecea086
a3026a02a
a31829fcf
a32da9f74
a34369f19
a358e9ebe
a36ea9e63
a38469e08
a39a29dad
a3afe9d53
a3c5a9cf8
a3db69c9e
a3f169c43
a40729be9
a41ce9b8f
a432e9b35
a448a9ada
a45ea9a80
a474a9a27
a48aa99cd
a4a0a9973
a4b6a9919
a4cca98c0
a4e2a9866
a4f8a980d
a50ee97b3
a524e975a
a53b29701
a551696a8
a5676964f
7fffc0000
7fffc004b
7fffc0097
7fffc00e2
7fffc012e
7fffc0179
7fffc01c4
7fffc0210
7fffc025b
7fff802a7
7fff802f2
7fff4033d
7fff40389
7fff003d4
7fff00420
7ffec046b
7ffe804b6
7ffe80502
7ffe4054d
7ffe00599
7ffdc05e4
7ffd8062f
7ffd8067b
7ffd406c6
7ffd00711
7ffc8075d
7ffc407a8
7ffc007f4
7ffbc083f
7ffb8088a
7ffb008d6
7ffac0921
7ffa8096d
7ffa009b8
7ff9c0a03
7ff940a4f
7ff900a9a
7ff880ae6
7ff840b31
7ff7c0b7c
7ff740bc8
7ff700c13
7ff680c5e
7ff600caa
7ff580cf5
7ff500d41
7ff480d8c
7ff400dd7
7ff380e23
7ff300e6e
7ff280eb9
7ff200f05
7ff140f50
7ff0c0f9b
7ff040fe7
7fef81032
7fef0107e
7fee810c9
7fedc1114
7fed41160
7fec811ab
7febc11f6
7feb41242
7fea8128d
7fe9c12d8
7fe901324
7fe88136f
7fe7c13ba
7fe701406
7fe641451
7fe58149c
7fe4c14e8
7fe401533
7fe30157e
7fe2415ca
7fe181615
7fe0c1660
7fdfc16ac
7fdf016f7
7fde41742
7fdd4178e
7fdc817d9
7fdb81824
7fdac1870
7fd9c18bb
7fd8c1906
7fd801952
7fd70199d
7fd6019e8
7fd501a34
7fd401a7f
7fd301aca
7fd201b15
7fd101b61
7fd001bac
7fcf01bf7
7fce01c43
7fcd01c8e
7fcc01cd9
7fcb01d24
7fc9c1d70
7fc8c1dbb
7fc781e06
7fc681e51
7fc581e9d
7fc441ee8
7fc301f33
7fc201f7f
7fc0c1fca
7fbf82015
7fbe82060
7fbd420ac
7fbc020f7
7fbac2142
7fb98218d
7fb8421d8
7fb702224
7fb5c226f
7fb4822ba
7fb342305
7fb202351
7fb0c239c
7faf423e7
7fae02432
7facc247d
7fab424c9
7faa02514
7fa88255f
7fa7425aa
7fa5c25f5
7fa482641
7fa30268c
7fa1826d7
7fa042722
7f9ec276d
7f9d427b9
7f9bc2804
7f9a4284f
7f98c289a
7f97428e5
7f95c2930
7f944297b
7f92c29c7
7f9142a12
7f8fc2a5d
7f8e02aa8
7f8c82af3
7f8b02b3e
7f8942b89
7f87c2bd5
7f8602c20
7f8482c6b
7f82c2cb6
7f8142d01
7f7f82d4c
7f7dc2d97
7f7c42de2
7f7a82e2d
7f78c2e79
7f7702ec4
7f7542f0f
7f7382f5a
7f71c2fa5
7f7002ff0
7f6e4303b
7f6c83086
7f6ac30d1
7f690311c
7f6703167
7f65431b2
7f63831fd
7f6183248
7f5fc3293
7f5dc32de
7f5c03329
7f5a03374
7f58433bf
7f564340a
7f5443455
7f52834a0
7f50834eb
7f4e83536
7f4c83581
7f4a835cc
7f4883617
7f4683662
7f44836ad
7f42836f8
7f4083743
7f3e8378e
7f3c837d9
7f3a83824
7f384386f
7f36438ba
7f3443905
7f3203950
7f300399b
7f2dc39e6
7f2bc3a31
7f2983a7b
7f2783ac6
7f2543b11
7f2303b5c
7f20c3ba7
7f1ec3bf2
7f1c83c3d
7f1a43c88
7f1803cd3
7f15c3d1d
7f1383d68
7f1143db3
7f0f03dfe
7f0cc3e49
7f0a43e94
7f0803ede
7f05c3f29
7f0383f74
7f0103fbf
7efec400a
7efc44055
7efa0409f
7ef7840ea
7ef544135
7ef2c4180
7ef0441cb
7eee04215
7eeb84260
7ee9042ab
7ee6842f6
7ee404340
7ee18438b
7edf443d6
7edc84421
7eda0446b
7ed7844b6
7ed504501
7ed28454b
7ed004596
7ecd845e1
7ecac462b
7ec844676
7ec5846c1
7ec30470b
7ec084756
7ebdc47a1
7ebb047eb
7eb884836
7eb5c4881
7eb3048cb
7eb084916
7eadc4961
7eab049ab
7ea8449f6
7ea584a40
7ea2c4a8b
7ea004ad6
7e9d44b20
7e9a84b6b
7e97c4bb5
7e9504c00
7e9244c4b
7e8f44c95
7e8c84ce0
7e89c4d2a
7e86c4d75
7e8404dbf
7e8144e0a
7e7e44e54
7e7b44e9f
7e7884ee9
7e7584f34
7e72c4f7e
7e6fc4fc9
7e6cc5013
7e69c505e
7e66c50a8
7e64050f3
7e610513d
7e5e05187
7e5b051d2
7e57c521c
7e54c5267
7e51c52b1
7e4ec52fc
7e4bc5346
7e4885390
7e45853db
7e4285425
7e3f4546f
7e3c454ba
7e3905504
7e360554f
7e32c5599
7e2fc55e3
7e2c8562e
7e2945678
7e26456c2
7e230570c
7e1fc5757
7e1c857a1
7e19457eb
7e1605836
7e12c5880
7e0f858ca
7e0c45914
7e090595f
7e05c59a9
7e02459f3
7dff05a3d
7dfbc5a88
7df845ad2
7df505b1c
7df1c5b66
7dee45bb0
7deb05bfb
7de785c45
7de405c8f
7de0c5cd9
7ddd45d23
7dd9c5d6d
7dd685db7
7dd305e02
7dcf85e4c
7dcc05e96
7dc885ee0
7dc505f2a
7dc185f74
7dbe05fbe
7dba86008
7db706052
7db34609c
7dafc60e6
7dac46130
7da8c617a
7da5061c4
7da18620e
7d9dc6258
7d9a462a2
7d96862ec
7d9306336
7d8f46380
7d8b863ca
7d8806414
7d844645e
7d80864a8
7d7cc64f2
7d790653c
7d7546586
7d71865d0
7d6dc661a
7d6a06663
7d66466ad
7d62866f7
7d5ec6741
7d5b0678b
7d57067d5
7d534681f
7d4f86868
7d4b868b2
7d47c68fc
7d4406946
7d4006990
7d3c069d9
7d3846a23
7d3446a6d
7d3046ab7
7d2c86b00
7d2886b4a
7d2486b94
7d2086bdd
7d1c86c27
7d1886c71
7d1486cbb
7d1086d04
7d0c86d4e
7d0886d98
7d0486de1
7d0086e2b
7cfc86e74
7cf846ebe
7cf446f08
7cf046f51
7cec06f9b
7ce806fe4
7ce3c702e
7cdfc7078
7cdb870c1
7cd74710b
7cd347154
7ccf0719e
7ccac71e7
7cc6c7231
7cc28727a
7cbe472c4
7cba0730d
7cb5c7357
7cb1873a0
7cad473ea
7ca907433
7ca4c747c
7ca0474c6
7c9c0750f
7c97c7559
7c93875a2
7c8f075eb
7c8ac7635
7c868767e
7c82076c7
7c7dc7711
7c794775a
7c74c77a3
7c70877ed
7c6c07836
7c678787f
7c63478c9
7c5ec7912
7c5a4795b
7c55c79a4
7c51479ee
7c4cc7a37
7c4847a80
7c43c7ac9
7c3f47b12
7c3ac7b5c
7c3647ba5
7c3187bee
7c2d07c37
7c2887c80
7c23c7cc9
7c1f47d13
7c1ac7d5c
7c1607da5
7c1187dee
7c0cc7e37
7c0807e80
7c0387ec9
7bfec7f12
7bfa07f5b
7bf587fa4
7bf0c7fed
7bec08036
7be74807f
7be2880c8
7bddc8111
7bd90815a
7bd4481a3
7bcf881ec
7bcac8235
7bc60827e
7bc1082c7
7bbc48310
7bb788358
7bb2883a1
7badc83ea
7ba8c8433
7ba40847c
7b9f084c5
7b9a4850d
7b9548556
7b908859f
7b8b885e8
7b8688631
7b8188679
7b7cc86c2
7b77c870b
7b72c8754
7b6dc879c
7b68c87e5
7b63c882e
7b5ec8876
7b59c88bf
7b5488908
7b4f88950
7b4a88999
7b45889e2
7b4048a2a
7b3b48a73
7b3648abb
7b3108b04
7b2c08b4c
7b26c8b95
7b21c8bde
7b1c88c26
7b1748c6f
7b1248cb7
7b0d08d00
7b07c8d48
7b0288d91
7afd48dd9
7af808e21
7af308e6a
7aedc8eb2
7ae888efb
7ae308f43
7addc8f8b
7ad888fd4
7ad34901c
7ace09065
7ac8890ad
7ac3490f5
7abe0913d
7ab889186
7ab3491ce
7aadc9216
7aa88925f
7aa3092a7
7a9dc92ef
7a9849337
7a92c937f
7a8d893c8
7a8809410
7a8289458
7a7d094a0
7a77894e8
7a7209530
7a6c89579
7a67095c1
7a6189609
7a5c09651
7a5689699
7a51096e1
7a4b49729
7a45c9771
7a40497b9
7a3a89801
7a3509849
7a2f89891
7a29c98d9
7a2449921
7a1e89969
7a18c99b1
7a13499f9
7a0d89a41
7a07c9a89
7a0249ad0
79fc89b18
79f6c9b60
79f109ba8
79eb49bf0
79e589c38
79dfc9c7f
79da09cc7
79d449d0f
79ce89d57
79c889d9e
79c2c9de6
79bd09e2e
79b749e76
79b149ebd
79ab89f05
79a589f4d
799fc9f94
7999c9fdc
79940a024
798e0a06b
79884a0b3
79824a0fa
797c4a142
79764a189
79708a1d1
796a8a219
79648a260
795e8a2a8
79588a2ef
79528a336
794c8a37e
79468a3c5
79408a40d
793a8a454
79344a49c
792e4a4e3
79284a52a
79220a572
791c0a5b9
79160a600
790fca648
7909ca68f
79038a6d6
78fd8a71e
78f74a765
78f10a7ac
78eaca7f3
78e4ca83b
78de8a882
78d84a8c9
78d20a910
78cbca957
78c58a99e
78bf4a9e6
78b90aa2d
78b2caa74
78ac8aabb
78a64ab02
78a00ab49
7899cab90
78934abd7
788d0ac1e
7886cac65
78804acac
787a0acf3
78738ad3a
786d4ad81
7866cadc8
78604ae0f
785a0ae56
78538ae9d
784d0aee4
7846caf2a
78404af71
7839cafb8
78334afff
782ccb046
78264b08c
781fcb0d3
78194b11a
7812cb161
780c4b1a7
7805cb1ee
77ff0b235
77f88b27b
77f20b2c2
77eb4b309
77e4cb34f
77de4b396
77d78b3dd
77d10b423
77ca4b46a
77c3cb4b0
77bd0b4f7
77b64b53d
77afcb584
77a90b5ca
77a24b611
779b8b657
7794cb69e
778e0b6e4
77874b72b
77808b771
7779cb7b7
77730b7fe
776c4b844
77658b88b
775ecb8d1
77580b917
77510b95d
774a4b9a4
77438b9ea
773c8ba30
7735cba76
772ecbabd
77280bb03
77210bb49
771a4bb8f
77134bbd5
770c4bc1b
77058bc62
76fe8bca8
76f78bcee
76f08bd34
76e98bd7a
76e28bdc0
76db8be06
76d48be4c
76cd8be92
76c68bed8
76bf8bf1e
76b88bf64
76b18bfaa
76aa8bff0
76a34c036
769c4c07b
76954c0c1
768e0c107
76870c14d
767fcc193
7678cc1d9
76718c21e
766a8c264
76634c2aa
765c0c2f0
76550c335
764dcc37b
76468c3c1
763f4c406
76380c44c
7630cc492
76298c4d7
76224c51d
761b0c562
7613cc5a8
760c8c5ed
76054c633
75fe0c679
75f68c6be
75ef4c703
75e80c749
75e08c78e
75d94c7d4
75d20c819
75ca8c85f
75c34c8a4
75bbcc8e9
75b44c92f
75ad0c974
75a58c9b9
759e0c9ff
7596cca44
758f4ca89
7587ccace
75804cb14
7578ccb59
75714cb9e
7569ccbe3
75624cc28
755accc6d
75534ccb3
754bcccf8
75444cd3d
753c8cd82
75350cdc7
752d8ce0c
7525cce51
751e4ce96
75168cedb
750f0cf20
75074cf65
74ffccfaa
74f80cfef
74f08d034
74e8cd078
74e10d0bd
74d98d102
74d1cd147
74ca0d18c
74c24d1d1
74ba8d215
74b2cd25a
74ab0d29f
74a34d2e3
749b8d328
7493cd36d
748c0d3b2
74844d3f6
747c4d43b
74748d47f
746ccd4c4
7464cd509
745d0d54d
74554d592
744d4d5d6
74458d61b
743d8d65f
74358d6a4
742dcd6e8
7425cd72c
741dcd771
74160d7b5
740e0d7fa
74060d83e
73fe0d882
73f60d8c7
73ee0d90b
73e60d94f
73de0d993
73d60d9d8
73ce0da1c
73c60da60
73be0daa4
73b60dae9
73adcdb2d
73a5cdb71
739dcdbb5
73958dbf9
738d8dc3d
73858dc81
737d4dcc5
73754dd09
736d0dd4d
7364cdd91
735ccddd5
73548de19
734c4de5d
73444dea1
733c0dee5
7333cdf29
732b8df6d
73234dfb0
731b0dff4
7312ce038
730a8e07c
73024e0bf
72fa0e103
72f1ce147
72e98e18b
72e10e1ce
72d8ce212
72d08e256
72c80e299
72bfce2dd
72b78e320
72af0e364
72a6ce3a8
729e4e3eb
7295ce42f
728d8e472
72850e4b6
727c8e4f9
72744e53c
726bce580
72634e5c3
725ace607
72524e64a
7249ce68d
72414e6d1
7238ce714
72304e757
7227ce79a
721f4e7de
7216ce821
720e4e864
7205ce8a7
71fd0e8ea
71f48e92d
71ec0e971
71e34e9b4
71dace9f7
71d20ea3a
71c98ea7d
71c0ceac0
71b84eb03
71af8eb46
71a6ceb89
719e4ebcc
71958ec0f
718ccec52
71840ec94
717b4ecd7
7172ced1a
716a0ed5d
71614eda0
71588ede3
714fcee25
71470ee68
713e0eeab
71354eeed
712c8ef30
7123cef73
711b0efb5
71120eff8
71094f03b
71004f07d
70f78f0c0
70eecf102
70e5cf145
70dccf187
70d40f1ca
70cb0f20c
70c24f24f
70b94f291
70b04f2d3
70a74f316
709e8f358
70958f39a
708c8f3dd
70838f41f
707a8f461
70718f4a4
70688f4e6
705f8f528
70568f56a
704d8f5ac
70444f5ee
703b4f631
70324f673
70290f6b5
70200f6f7
70170f739
700dcf77b
7004cf7bd
6ffb8f7ff
6ff28f841
6fe94f883
6fe04f8c5
6fd70f907
6fcdcf948
6fc4cf98a
6fbb8f9cc
6fb24fa0e
6fa90fa50
6f9fcfa91
6f968fad3
6f8d4fb15
6f840fb57
6f7acfb98
6f718fbda
6f684fc1c
6f5f0fc5d
6f55cfc9f
6f4c8fce0
6f430fd22
6f39cfd63
6f308fda5
6f270fde6
6f1dcfe28
6f148fe69
6f0b0feab
6f01cfeec
6ef84ff2d
6eeecff6f
6ee58ffb0
6edc0fff1
6ed290033
6ec950074
6ebfd00b5
6eb6500f7
6eacd0138
6ea350179
6e99d01ba
6e90501fb
6e86d023c
6e7d5027d
6e73d02be
6e6a50300
6e60d0341
6e5750382
6e4d903c3
6e4410404
6e3a90444
6e3110485
6e27504c6
6e1dd0507
6e1410548
6e0a90589
6e00d05ca
6df75060a
6ded9064b
6de3d068c
6dda506cd
6dd09070d
6dc6d074e
6dbd1078f
6db3907cf
6da9d0810
6da010851
6d9650891
6d8c908d2
6d82d0912
6d7910953
6d6f50993
6d65909d4
6d5bd0a14
6d51d0a54
6d4810a95
6d3e50ad5
6d3450b15
6d2a90b56
6d20d0b96
6d16d0bd6
6d0d10c17
6d0310c57
6cf950c97
6cef50cd7
6ce590d17
6cdb90d57
6cd190d98
6cc7d0dd8
6cbdd0e18
6cb3d0e58
6ca9d0e98
6c9fd0ed8
6c95d0f18
6c8c10f58
6c8210f98
6c7810fd8
6c6dd1017
6c63d1057
6c59d1097
6c4fd10d7
6c45d1117
6c3bd1157
6c3191196
6c27911d6
6c1d91216
6c1351255
6c0951295
6bff112d5
6bf511314
6bead1354
6be0d1393
6bd6913d3
6bcc91412
6bc251452
6bb811491
6bae114d1
6ba3d1510
6b9991550
6b8f5158f
6b85115ce
6b7ad160e
6b709164d
6b665168c
6b5c116cb
6b51d170b
6b479174a
6b3d51789
6b33117c8
6b28d1807
6b1e51846
6b1411886
6b09d18c5
6aff51904
6af511943
6aea91982
6ae0519c1
6ad5d1a00
6acb91a3f
6ac111a7d
6ab6d1abc
6aac51afb
6aa1d1b3a
6a9791b79
6a8d11bb8
6a8291bf6
6a7811c35
6a6d91c74
6a6311cb2
6a58d1cf1
6a4e51d30
6a43d1d6e
6a3911dad
6a2e91deb
6a2411e2a
6a1991e68
6a0f11ea7
6a0491ee5
69f9d1f24
69ef51f62
69e4d1fa1
69da11fdf
69cf9201d
69c51205c
69ba5209a
69afd20d8
69a512116
699a52155
698fd2193
6985121d1
697a5220f
696fd224d
69651228b
695a522c9
694f92308
6944d2346
693a12384
692f923c2
6924d23ff
691a1243d
690f1247b
6904524b9
68f9924f7
68eed2535
68e412573
68d9525b0
68ce525ee
68c39262c
68b8d266a
68add26a7
68a3126e5
689852723
688d52760
68829279e
6877927db
686c92819
6861d2856
6856d2894
684bd28d1
68411290f
68361294c
682b12989
6820129c7
681512a04
680a52a41
67ff52a7f
67f452abc
67e952af9
67de52b36
67d352b73
67c812bb1
67bd12bee
67b212c2b
67a712c68
679c12ca5
6790d2ce2
6785d2d1f
677ad2d5c
676f92d99
676492dd6
675952e13
674e52e4f
674312e8c
673812ec9
672cd2f06
672192f43
671692f7f
670b52fbc
670012ff9
66f513035
66e9d3072
66de930af
66d3530eb
66c813128
66bcd3164
66b1931a1
66a6531dd
669b1321a
668fd3256
668493293
6679532cf
666dd330b
666293348
665753384
664c133c0
6640933fd
663553439
662a13475
661e934b1
6613534ed
6607d3529
65fc93565
65f1135a1
65e5935de
65da5361a
65ced3656
65c353691
65b8136cd
65ac93709
65a113745
659593781
658a137bd
657e937f9
657313834
656793870
655c138ac
6550938e8
654513923
65399395f
652e1399b
6522939d6
6516d3a12
650b53a4d
64ffd3a89
64f453ac4
64e893b00
64dd13b3b
64d153b76
64c5d3bb2
64ba13bed
64ae93c29
64a2d3c64
649753c9f
648b93cda
647fd3d16
647453d51
646893d8c
645cd3dc7
645113e02
644553e3d
643993e78
642e13eb3
642253eee
641693f29
640ad3f64
63ff13f9f
63f313fda
63e754015
63db94050
63cfd408a
63c4140c5
63b854100
63ac5413b
63a094175
6394d41b0
6388d41eb
637d14225
637114260
63655429b
6359542d5
634d94310
63419434a
6335d4384
6329d43bf
631dd43f9
6311d4434
63061446e
62fa144a8
62ee144e3
62e21451d
62d614557
62ca14591
62be145cc
62b214606
62a614640
629a1467a
628e146b4
6282146ee
627614728
626a14762
625e1479c
6251d47d6
6245d4810
6239d484a
622d94883
6221948bd
6215548f7
620954931
61fd5496b
61f1149a4
61e4d49de
61d8d4a18
61cc94a51
61c094a8b
61b454ac4
61a814afe
619bd4b37
618fd4b71
618394baa
617754be4
616b14c1d
615ed4c57
615294c90
614654cc9
613a14d03
612dd4d3c
612194d75
611554dae
610914de7
60fcd4e21
60f054e5a
60e414e93
60d7d4ecc
60cb54f05
60bf14f3e
60b2d4f77
60a654fb0
609a14fe9
608d95022
60815505a
6074d5093
6068950cc
605c15105
604f9513e
604355176
6036d51af
602a551e8
601e15220
601195259
600515291
5ff8952ca
5fec15302
5fdf9533b
5fd315373
5fc6953ac
5fba153e4
5fad9541d
5fa115455
5f949548d
5f88154c6
5f7b554fe
5f6ed5536
5f625556e
5f55d55a6
5f49155df
5f3c95617
5f301564f
5f2355687
5f16d56bf
5f0a156f7
5efd9572f
5ef0d5767
5ee45579f
5ed7957d7
5ecad580e
5ebe55846
5eb19587e
5ea4d58b6
5e98158ee
5e8b95925
5e7ed595d
5e7215995
5e65559cc
5e5895a04
5e4bd5a3b
5e3f15a73
5e3255aaa
5e2595ae2
5e18d5b19
5e0c15b51
5dff55b88
5df255bbf
5de595bf7
5dd8d5c2e
5dcc15c65
5dbf15c9d
5db255cd4
5da595d0b
5d9895d42
5d8bd5d79
5d7ed5db0
5d7215de7
5d6515e1e
5d5855e55
5d4b55e8c
5d3e55ec3
5d3195efa
5d2495f31
5d1795f68
5d0a95f9f
5cfdd5fd6
5cf0d600c
5ce3d6043
5cd6d607a
5cc9d60b0
5cbcd60e7
5cafd611e
5ca2d6154
5c95d618b
5c88d61c1
5c7bd61f8
5c6ed622e
5c61d6265
5c549629b
5c47962d1
5c3a96308
5c2d9633e
5c2056374
5c13563ab
5c06563e1
5bf916417
5bec1644d
5bded6483
5bd1d64b9
5bc4964f0
5bb796526
5baa5655c
5b9d16592
5b90165c8
5b82d65fd
5b7596633
5b6856669
5b5b5669f
5b4e166d5
5b40d670b
5b3396740
5b2656776
5b19167ac
5b0bd67e1
5afe96817
5af15684d
5ae416882
5ad6d68b8
5ac9968ed
5abc56923
5aaed6958
5aa19698d
5a94569c3
5a87169f8
5a7996a2d
5a6c56a63
5a5f16a98
5a5196acd
5a4456b02
5a36d6b38
5a2996b6d
5a1c16ba2
5a0ed6bd7
5a0156c0c
59f3d6c41
59e696c76
59d916cab
59cb96ce0
59be56d15
59b0d6d49
59a356d7e
5995d6db3
598856de8
597ad6e1c
596d96e51
596016e86
595296eba
594516eef
593796f24
5929d6f58
591c56f8d
590ed6fc1
590156ff6
58f3d702a
58e65705e
58d897093
58cb170c7
58bd970fb
58afd7130
58a257164
5894d7198
5887171cc
587997200
586bd7234
585e57268
58509729d
5842d72d1
583557304
582797338
581a1736c
580c573a0
57fe973d4
57f0d7408
57e31743c
57d59746f
57c7d74a3
57ba174d7
57ac5750b
579e9753e
5790d7572
5783175a5
5775575d9
57679760c
5759d7640
574c17673
573e576a7
5730576da
57229770d
5714d7741
570717774
56f9177a7
56eb577da
56dd9780e
56cf97841
56c1d7874
56b3d78a7
56a6178da
56981790d
568a57940
567c57973
566e979a6
5660979d9
565297a0c
5644d7a3f
5636d7a71
5628d7aa4
561ad7ad7
560d17b0a
55ff17b3c
55f117b6f
55e317ba1
55d517bd4
55c717c07
55b917c39
55ab17c6c
559d17c9e
558f17cd0
558117d03
557317d35
556517d67
555717d9a
5548d7dcc
553ad7dfe
552cd7e30
551ed7e63
551097e95
550297ec7
54f457ef9
54e657f2b
54d857f5d
54ca17f8f
54bc17fc1
54add7ff3
549fd8024
549198056
548358088
5475580ba
5467180ec
5458d811d
544ad814f
543c98181
542e581b2
5420181e4
5411d8215
5403d8247
53f598278
53e7582aa
53d9182db
53cad830d
53bc9833e
53ae5836f
53a0183a0
5391d83d2
538358403
537518434
5366d8465
535898496
534a584c7
533bd84f8
532d98529
531f5855a
5310d858b
5302985bc
52f4585ed
52e5d861e
52d79864f
52c918680
52bad86b0
52ac586e1
529e18712
528f98742
528118773
5272d87a4
5264587d4
5255d8805
524798835
523918866
522a98896
521c188c6
520d988f7
51ff18927
51f0d8957
51e258988
51d3d89b8
51c5589e8
51b6d8a18
51a858a48
5199d8a78
518b18aa8
517c98ad8
516e18b08
515f98b38
515118b68
514258b98
5133d8bc8
512558bf8
5116d8c28
510818c57
50f998c87
50ead8cb7
50dc58ce6
50cdd8d16
50bf18d46
50b098d75
50a1d8da5
509318dd4
508498e04
5075d8e33
506758e62
505898e92
5049d8ec1
503b18ef0
502c98f20
501dd8f4f
500f18f7e
500058fad
4ff198fdc
4fe2d900b
4fd45903a
4fc599069
4fb6d9098
4fa8190c7
4f99590f6
4f8a59125
4f7b99154
4f6cd9183
4f5e191b1
4f4f591e0
4f409920f
4f31d923e
4f22d926c
4f141929b
4f05592c9
4ef6592f8
4ee799326
4ed8d9355
4ec9d9383
4ebb193b2
4eac193e0
4e9d5940e
4e8e5943d
4e7f9946b
4e7099499
4e61d94c7
4e52d94f5
4e43d9524
4e3519552
4e2619580
4e17195ae
4e08595dc
4df95960a
4dea59638
4ddb59665
4dcc59693
4dbd596c1
4dae596ef
4d9f9971d
4d909974a
4d8199778
4d72997a6
4d63597d3
4d5459801
4d455982e
4d365985c
4d2759889
4d18598b7
4d09598e4
4cfa19911
4ceb1993f
4cdc1996c
4ccd19999
4cbdd99c7
4caed99f4
4c9fd9a21
4c9099a4e
4c8199a7b
4c7259aa8
4c6359ad5
4c5419b02
4c4519b2f
4c35d9b5c
4c26d9b89
4c1799bb6
4c0859be2
4bf959c0f
4bea19c3c
4bdad9c69
4bcb99c95
4bbc99cc2
4bad59cef
4b9e19d1b
4b8ed9d48
4b7f99d74
4b7059da1
4b6159dcd
4b5219df9
4b42d9e26
4b3399e52
4b2459e7e
4b1519eab
4b0599ed7
4af659f03
4ae719f2f
4ad7d9f5b
4ac899f87
4ab959fb3
4aa9d9fdf
4a9a9a00b
4a8b5a037
4a7c1a063
4a6c9a08f
4a5d5a0bb
4a4e1a0e7
4a3e9a112
4a2f5a13e
4a1fda16a
4a109a195
4a011a1c1
49f1da1ed
49e25a218
49d31a244
49c39a26f
49b41a29a
49a4da2c6
49955a2f1
4985da31d
49769a348
49671a373
49579a39e
49481a3ca
49389a3f5
49295a420
4919da44b
490a5a476
48fada4a1
48eb5a4cc
48dbda4f7
48cc5a522
48bcda54d
48ad5a577
489dda5a2
488e5a5cd
487e9a5f8
486f1a622
485f9a64d
48501a678
48409a6a2
4830da6cd
48215a6f7
4811da722
48025a74c
47f29a777
47e31a7a1
47d35a7cb
47c3da7f6
47b45a820
47a49a84a
47951a874
47855a89e
4775da8c8
47661a8f3
47565a91d
4746da947
47371a971
47275a99a
4717da9c4
47081a9ee
46f85aa18
46e8daa42
46d91aa6c
46c95aa95
46b99aabf
46a9daae9
469a1ab12
468a9ab3c
467adab65
466b1ab8f
465b5abb8
464b9abe2
463bdac0b
462c1ac34
461c5ac5e
460c5ac87
45fc9acb0
45ecdacd9
45dd1ad03
45cd5ad2c
45bd9ad55
45ad9ad7e
459ddada7
458e1add0
457e5adf9
456e5ae22
455e9ae4b
454e9ae74
453edae9c
452f1aec5
451f1aeee
450f5af17
44ff5af3f
44ef9af68
44df9af90
44cfdafb9
44bfdafe2
44afdb00a
44a01b032
44901b05b
44801b083
44705b0ac
44605b0d4
44505b0fc
44405b124
44309b14c
44209b175
44109b19d
44009b1c5
43f09b1ed
43e09b215
43d09b23d
43c09b265
43b09b28d
43a09b2b5
43909b2dc
43809b304
43709b32c
43609b354
43509b37b
43409b3a3
43309b3ca
43209b3f2
43105b41a
43005b441
42f05b468
42e05b490
42d01b4b7
42c01b4df
42b01b506
429fdb52d
428fdb554
427fdb57c
426f9b5a3
425f9b5ca
424f5b5f1
423f5b618
422f1b63f
421f1b666
420edb68d
41fe9b6b4
41ee9b6db
41de5b701
41ce1b728
41be1b74f
41addb776
419d9b79c
418d9b7c3
417d5b7ea
416d1b810
415cdb837
414c9b85d
413c9b884
412c5b8aa
411c1b8d0
410bdb8f7
40fb9b91d
40eb5b943
40db1b969
40cadb990
40ba9b9b6
40aa5b9dc
409a1ba02
4089dba28
40795ba4e
40691ba74
4058dba9a
40489bac0
40385bae6
40281bb0b
40179bb31
40075bb57
3ff71bb7d
3fe69bba2
3fd65bbc8
3fc61bbed
3fb59bc13
3fa55bc39
3f94dbc5e
3f849bc83
3f745bca9
3f63dbcce
3f539bcf4
3f431bd19
3f329bd3e
3f225bd63
3f11dbd88
3f019bdae
3ef11bdd3
3ee09bdf8
3ed05be1d
3ebfdbe42
3eaf5be67
3e9edbe8c
3e8e9beb0
3e7e1bed5
3e6d9befa
3e5d1bf1f
3e4c9bf44
3e3c5bf68
3e2bdbf8d
3e1b5bfb1
3e0adbfd6
3dfa5bffb
3de9dc01f
3dd95c043
3dc8dc068
3db85c08c
3da7dc0b1
3d975c0d5
3d86dc0f9
3d761c11d
3d659c142
3d551c166
3d449c18a
3d341c1ae
3d235c1d2
3d12dc1f6
3d025c21a
3cf1dc23e
3ce11c262
3cd09c286
3cc01c2a9
3caf5c2cd
3c9edc2f1
3c8e1c314
3c7d9c338
3c6d1c35c
3c5c5c37f
3c4bdc3a3
3c3b1c3c6
3c2a9c3ea
3c19dc40d
3c091c431
3bf89c454
3be7dc477
3bd75c49b
3bc69c4be
3bb5dc4e1
3ba51c504
3b949c527
3b83dc54a
3b731c56d
3b625c590
3b51dc5b3
3b411c5d6
3b305c5f9
3b1f9c61c
3b0edc63f
3afe1c662
3aed5c684
3adc9c6a7
3acc1c6ca
3abb5c6ec
3aaa9c70f
3a99dc731
3a88dc754
3a781c776
3a675c799
3a569c7bb
3a45dc7dd
3a351c800
3a245c822
3a139c844
3a029c866
39f1dc889
39e11c8ab
39d05c8cd
39bf5c8ef
39ae9c911
399ddc933
398cdc955
397c1c977
396b5c998
395a5c9ba
39499c9dc
39389c9fe
3927dca1f
39171ca41
39061ca63
38f55ca84
38e45caa6
38d35cac7
38c29cae9
38b19cb0a
38a0dcb2b
388fdcb4d
387edcb6e
386e1cb8f
385d1cbb1
384c1cbd2
383b5cbf3
382a5cc14
38195cc35
38085cc56
37f79cc77
37e69cc98
37d59ccb9
37c49ccda
37b39ccfb
37a29cd1b
37919cd3c
37809cd5d
376f9cd7e
375edcd9e
374ddcdbf
373cdcddf
372b9ce00
371a9ce20
37099ce41
36f89ce61
36e79ce82
36d69cea2
36c59cec2
36b49cee2
36a39cf03
36925cf23
36815cf43
36705cf63
365f5cf83
364e1cfa3
363d1cfc3
362c1cfe3
361b1d003
3609dd023
35f8dd043
35e79d062
35d69d082
35c59d0a2
35b45d0c1
35a35d0e1
35921d101
35811d120
356fdd140
355edd15f
354d9d17e
353c9d19e
352b5d1bd
351a5d1dc
35091d1fc
34f7dd21b
34e6dd23a
34d59d259
34c45d278
34b35d297
34a21d2b6
3490dd2d5
347f9d2f4
346e9d313
345d5d332
344c1d351
343add370
34299d38f
34185d3ad
34075d3cc
33f61d3eb
33e4dd409
33d39d428
33c25d446
33b11d465
339fdd483
338e9d4a1
337d5d4c0
336c1d4de
335add4fc
33499d51b
33385d539
33271d557
33159d575
33045d593
32f31d5b1
32e1dd5cf
32d09d5ed
32bf5d60b
32addd629
329c9d647
328b5d665
327a1d682
32689d6a0
32575d6be
32461d6db
32349d6f9
32235d716
3211dd734
32009d751
31ef5d76f
31dddd78c
31cc9d7aa
31bb1d7c7
31a9dd7e4
31985d801
31871d81f
31759d83c
31645d859
3152dd876
31419d893
31301d8b0
311e9d8cd
310d5d8ea
30fbdd907
30ea5d924
30d91d940
30c79d95d
30b61d97a
30a4dd997
30935d9b3
3081dd9d0
30705d9ec
305edda09
304d9da25
303c1da42
302a9da5e
30191da7a
30079da97
2ff61dab3
2fe49dacf
2fd35daeb
2fc1ddb08
2fb05db24
2f9eddb40
2f8d5db5c
2f7bddb78
2f6a5db94
2f58ddbb0
2f471dbcc
2f359dbe7
2f241dc03
2f129dc1f
2f011dc3b
2eef9dc56
2ede1dc72
2ecc9dc8d
2ebaddca9
2ea95dcc5
2e97ddce0
2e865dcfb
2e74ddd17
2e631dd32
2e519dd4d
2e401dd69
2e2e5dd84
2e1cddd9f
2e0b5ddba
2df99ddd5
2de81ddf0
2dd69de0b
2dc4dde26
2db35de41
2da19de5c
2d901de77
2d7e5de92
2d6cddead
2d5b1dec7
2d499dee2
2d37ddefd
2d265df17
2d149df32
2d031df4d
2cf15df67
2cdfddf81
2cce1df9c
2cbc5dfb6
2caaddfd1
2c991dfeb
2c875e005
2c75de01f
2c641e03a
2c525e054
2c409e06e
2c2f1e088
2c1d5e0a2
2c0b9e0bc
2bf9de0d6
2be81e0f0
2bd69e109
2bc4de123
2bb31e13d
2ba15e157
2b8f9e170
2b7dde18a
2b6c1e1a4
2b5a5e1bd
2b489e1d7
2b36de1f0
2b251e20a
2b135e223
2b019e23c
2aefde256
2ade1e26f
2acc5e288
2aba9e2a1
2aa8de2ba
2a971e2d4
2a855e2ed
2a739e306
2a61de31f
2a501e338
2a3e1e351
2a2c5e369
2a1a9e382
2a08de39b
29f71e3b4
29e51e3cc
29d35e3e5
29c19e3fe
29afde416
299dde42f
298c1e447
297a5e460
29685e478
29569e491
2944de4a9
2932de4c1
29211e4d9
290f1e4f2
28fd5e50a
28eb9e522
28d99e53a
28c7de552
28b5de56a
28a41e582
28921e59a
28805e5b2
286e5e5ca
285c9e5e1
284a9e5f9
28389e611
2826de629
2814de640
28031e658
27f11e66f
27df1e687
27cd5e69e
27bb5e6b6
27a95e6cd
27979e6e4
27859e6fc
27739e713
2761de72a
274fde741
273dde759
272bde770
2719de787
27081e79e
26f61e7b5
26e41e7cc
26d21e7e2
26c01e7f9
26ae1e810
269c5e827
268a5e83e
26785e854
26665e86b
26545e882
26425e898
26305e8af
261e5e8c5
260c5e8dc
25fa5e8f2
25e85e908
25d65e91f
25c45e935
25b25e94b
25a05e961
258e5e977
257c5e98d
256a5e9a4
25585e9ba
25461e9d0
25341e9e5
25221e9fb
25101ea11
24fe1ea27
24ec1ea3d
24d9dea53
24c7dea68
24b5dea7e
24a3dea93
24919eaa9
247f9eabf
246d9ead4
245b9eae9
24495eaff
24375eb14
24255eb2a
24131eb3f
24011eb54
23ef1eb69
23dcdeb7e
23cadeb93
23b8deba9
23a69ebbe
23949ebd3
23825ebe7
23705ebfc
235e1ec11
234c1ec26
2339dec3b
2327dec50
23159ec64
23039ec79
22f15ec8d
22df5eca2
22cd1ecb7
22bb1eccb
22a8decdf
2296decf4
22849ed08
22725ed1d
22605ed31
224e1ed45
223bded59
2229ded6d
22179ed81
22055ed96
21f35edaa
21e11edbe
21cededd1
21bcdede5
21aa9edf9
21985ee0d
21861ee21
21741ee34
2161dee48
214f9ee5c
213d5ee6f
212b1ee83
21191ee96
2106deeaa
20f49eebd
20e25eed1
20d01eee4
20bddeef7
20ab9ef0b
20995ef1e
20875ef31
20751ef44
2062def57
20509ef6a
203e5ef7d
202c1ef90
2019defa3
20079efb6
1ff55efc9
1fe31efdc
1fd0defef
1fbe9f001
1fac5f014
1f9a1f027
1f87df039
1f755f04c
1f631f05e
1f50df071
1f3e9f083
1f2c5f096
1f1a1f0a8
1f07df0ba
1ef59f0cc
1ee31f0df
1ed0df0f1
1ebe9f103
1eac5f115
1e9a1f127
1e879f139
1e755f14b
1e631f15d
1e50df16f
1e3e5f181
1e2c1f193
1e19df1a4
1e079f1b6
1df51f1c8
1de2df1d9
1dd09f1eb
1dbe1f1fc
1dabdf20e
1d999f21f
1d871f231
1d74df242
1d629f253
1d501f265
1d3ddf276
1d2b5f287
1d191f298
1d06df2aa
1cf45f2bb
1ce21f2cc
1ccf9f2dd
1cbd5f2ee
1caadf2fe
1c989f30f
1c861f320
1c73df331
1c615f342
1c4f1f352
1c3c9f363
1c2a5f374
1c17df384
1c059f395
1bf31f3a5
1be09f3b6
1bce5f3c6
1bbbdf3d6
1ba99f3e7
1b971f3f7
1b849f407
1b725f417
1b5fdf428
1b4d5f438
1b3b1f448
1b289f458
1b161f468
1b03df478
1af15f488
1adedf497
1acc5f4a7
1aba1f4b7
1aa79f4c7
1a951f4d6
1a82df4e6
1a705f4f6
1a5ddf505
1a4b5f515
1a38df524
1a269f534
1a141f543
1a019f552
19ef1f562
19dc9f571
19ca1f580
19b7df58f
19a55f59e
1992df5ad
19805f5bc
196ddf5cb
195b5f5da
1948df5e9
19365f5f8
1923df607
19115f616
18ff1f625
18ec9f633
18da1f642
18c79f651
18b51f65f
18a29f66e
18901f67c
187d9f68b
186b1f699
18589f6a7
18461f6b6
18339f6c4
18211f6d2
180e9f6e0
17fbdf6ef
17e95f6fd
17d6df70b
17c45f719
17b1df727
179f5f735
178cdf743
177a5f750
1767df75e
17555f76c
17429f77a
17301f787
171d9f795
170b1f7a3
16f89f7b0
16e61f7be
16d35f7cb
16c0df7d9
16ae5f7e6
169bdf7f3
16895f801
16769f80e
16641f81b
16519f828
163f1f835
162c5f842
1619df84f
16075f85c
15f4df869
15e21f876
15cf9f883
15bd1f890
15aa5f89d
1597df8aa
15855f8b6
15729f8c3
15601f8cf
154d9f8dc
153adf8e9
15285f8f5
1515df902
15031f90e
14f09f91a
14de1f927
14cb5f933
14b8df93f
14a61f94b
14939f957
14811f964
146e5f970
145bdf97c
14491f988
14369f993
1423df99f
14115f9ab
13fe9f9b7
13ec1f9c3
13d95f9ce
13c6df9da
13b41f9e6
13a19f9f1
138edf9fd
137c5fa08
13699fa14
13571fa1f
13445fa2b
1331dfa36
131f1fa41
130c9fa4c
12f9dfa58
12e75fa63
12d49fa6e
12c1dfa79
12af5fa84
129c9fa8f
128a1fa9a
12775faa5
12649fab0
12521fabb
123f5fac5
122cdfad0
121a1fadb
12075fae5
11f4dfaf0
11e21fafb
11cf5fb05
11bcdfb10
11aa1fb1a
11975fb24
1184dfb2f
11721fb39
115f5fb43
114c9fb4d
113a1fb58
11275fb62
11149fb6c
11021fb76
10ef5fb80
10dc9fb8a
10c9dfb94
10b75fb9e
10a49fba7
1091dfbb1
107f1fbbb
106c9fbc5
1059dfbce
10471fbd8
10345fbe1
10219fbeb
100f1fbf4
ffc5fbfe
fe99fc07
fd6dfc11
fc41fc1a
fb19fc23
f9edfc2c
f8c1fc36
f795fc3f
f669fc48
f53dfc51
f411fc5a
f2e9fc63
f1bdfc6c
f091fc75
ef65fc7d
ee39fc86
ed0dfc8f
ebe1fc98
eab5fca0
e98dfca9
e861fcb2
e735fcba
e609fcc3
e4ddfccb
e3b1fcd3
e285fcdc
e159fce4
e02dfcec
df01fcf5
ddd5fcfd
dca9fd05
db7dfd0d
da51fd15
d925fd1d
d7f9fd25
d6cdfd2d
d5a1fd35
d475fd3d
d349fd45
d21dfd4c
d0f1fd54
cfc5fd5c
ce99fd63
cd6dfd6b
cc41fd72
cb15fd7a
c9e9fd81
c8bdfd89
c791fd90
c665fd98
c539fd9f
c40dfda6
c2e1fdad
c1b5fdb4
c089fdbc
bf5dfdc3
be31fdca
bd05fdd1
bbd9fdd8
baadfdde
b97dfde5
b851fdec
b725fdf3
b5f9fdfa
b4cdfe00
b3a1fe07
b275fe0d
b149fe14
b01dfe1b
aef1fe21
adc1fe27
ac95fe2e
ab69fe34
aa3dfe3a
a911fe41
a7e5fe47
a6b9fe4d
a589fe53
a45dfe59
a331fe5f
a205fe65
a0d9fe6b
9fadfe71
9e7dfe77
9d51fe7d
9c25fe82
9af9fe88
99cdfe8e
98a1fe94
9771fe99
9645fe9f
9519fea4
93edfeaa
92c1feaf
9191feb4
9065feba
8f39febf
8e0dfec4
8ce1feca
8bb1fecf
8a85fed4
8959fed9
882dfede
86fdfee3
85d1fee8
84a5feed
8379fef2
8249fef6
811dfefb
7ff1ff00
7ec5ff05
7d95ff09
7c69ff0e
7b3dff12
7a11ff17
78e1ff1b
77b5ff20
7689ff24
755dff29
742dff2d
7301ff31
71d5ff35
70a5ff3a
6f79ff3e
6e4dff42
6d21ff46
6bf1ff4a
6ac5ff4e
6999ff52
6869ff56
673dff59
6611ff5d
64e5ff61
63b5ff65
6289ff68
615dff6c
602dff6f
5f01ff73
5dd5ff76
5ca5ff7a
5b79ff7d
5a4dff81
591dff84
57f1ff87
56c5ff8a
5595ff8e
5469ff91
533dff94
520dff97
50e1ff9a
4fb5ff9d
4e85ffa0
4d59ffa2
4c2dffa5
4afdffa8
49d1ffab
48a5ffae
4775ffb0
4649ffb3
451dffb5
43edffb8
42c1ffba
4191ffbd
4065ffbf
3f39ffc2
3e09ffc4
3cddffc6
3bb1ffc8
3a81ffcb
3955ffcd
3829ffcf
36f9ffd1
35cdffd3
349dffd5
3371ffd7
3245ffd9
3115ffda
2fe9ffdc
2ebdffde
2d8dffe0
2c61ffe1
2b31ffe3
2a05ffe4
28d9ffe6
27a9ffe7
267dffe9
254dffea
2421ffec
22f5ffed
21c5ffee
2099ffef
1f6dfff1
1e3dfff2
1d11fff3
1be1fff4
1ab5fff5
1989fff6
1859fff7
172dfff8
15fdfff8
14d1fff9
13a5fffa
1275fffb
1149fffb
1019fffc
eedfffd
dc1fffd
c91fffe
b65fffe
a35fffe
909ffff
7ddffff
6adffff
581ffff
451ffff
325ffff
1f9ffff
c9ffff
fff9dffff
ffe6dffff
ffd41ffff
ffc15ffff
ffae5ffff
ff9b9ffff
ff889ffff
ff75dffff
ff631fffe
ff501fffe
ff3d5fffe
ff2a5fffd
ff179fffd
ff04dfffc
fef1dfffc
fedf1fffb
fecc5fffa
feb95fff9
fea69fff9
fe939fff8
fe80dfff7
fe6e1fff6
fe5b1fff5
fe485fff4
fe355fff3
fe229fff2
fe0fdfff1
fdfcdfff0
fdea1ffef
fdd71ffed
fdc45ffec
fdb19ffeb
fd9e9ffe9
fd8bdffe8
fd78dffe6
fd661ffe5
fd535ffe3
fd405ffe2
fd2d9ffe0
fd1adffde
fd07dffdd
fcf51ffdb
fce21ffd9
fccf5ffd7
fcbc9ffd5
fca99ffd3
fc96dffd1
fc841ffcf
fc711ffcd
fc5e5ffcb
fc4b5ffc9
fc389ffc7
fc25dffc5
fc12dffc2
fc001ffc0
fbed5ffbe
fbda5ffbb
fbc79ffb9
fbb4dffb6
fba1dffb4
fb8f1ffb1
fb7c5ffae
fb695ffac
fb569ffa9
fb439ffa6
fb30dffa3
fb1e1ffa1
fb0b1ff9e
faf85ff9b
fae59ff98
fad29ff95
fabfdff92
faad1ff8f
fa9a1ff8b
fa875ff88
fa749ff85
fa619ff82
fa4edff7e
fa3c1ff7b
fa291ff78
fa165ff74
fa039ff71
f9f0dff6d
f9dddff69
f9cb1ff66
f9b85ff62
f9a55ff5e
f9929ff5b
f97fdff57
f96cdff53
f95a1ff4f
f9475ff4b
f9349ff47
f9219ff43
f90edff3f
f8fc1ff3b
f8e91ff37
f8d65ff33
f8c39ff2e
f8b0dff2a
f89ddff26
f88b1ff21
f8785ff1d
f8655ff19
f8529ff14
f83fdff0f
f82d1ff0b
f81a1ff06
f8075ff02
f7f49fefd
f7e1dfef8
f7cedfef3
f7bc1feee
f7a95feea
f7969fee5
f7839fee0
f770dfedb
f75e1fed6
f74b5fed0
f7389fecb
f7259fec6
f712dfec1
f7001febc
f6ed5feb6
f6da5feb1
f6c79feab
f6b4dfea6
f6a21fea1
f68f5fe9b
f67c5fe95
f6699fe90
f656dfe8a
f6441fe84
f6315fe7f
f61e9fe79
f60b9fe73
f5f8dfe6d
f5e61fe67
f5d35fe61
f5c09fe5b
f5addfe55
f59adfe4f
f5881fe49
f5755fe43
f5629fe3c
f54fdfe36
f53d1fe30
f52a5fe2a
f5175fe23
f5049fe1d
f4f1dfe16
f4df1fe10
f4cc5fe09
f4b99fe02
f4a6dfdfc
f4941fdf5
f4815fdee
f46e9fde8
f45b9fde1
f448dfdda
f4361fdd3
f4235fdcc
f4109fdc5
f3fddfdbe
f3eb1fdb7
f3d85fdb0
f3c59fda8
f3b2dfda1
f3a01fd9a
f38d5fd93
f37a9fd8b
f367dfd84
f3551fd7c
f3425fd75
f32f9fd6d
f31cdfd66
f30a1fd5e
f2f75fd57
f2e49fd4f
f2d1dfd47
f2bf1fd3f
f2ac5fd38
f2999fd30
f286dfd28
f2741fd20
f2615fd18
f24e9fd10
f23bdfd08
f2291fd00
f2165fcf7
f2039fcef
f1f0dfce7
f1de1fcdf
f1cb5fcd6
f1b89fcce
f1a5dfcc5
f1931fcbd
f1805fcb4
f16d9fcac
f15b1fca3
f1485fc9b
f1359fc92
f122dfc89
f1101fc80
f0fd5fc78
f0ea9fc6f
f0d7dfc66
f0c51fc5d
f0b29fc54
f09fdfc4b
f08d1fc42
f07a5fc39
f0679fc2f
f054dfc26
f0425fc1d
f02f9fc14
f01cdfc0a
f00a1fc01
eff75fbf8
efe49fbee
efd21fbe5
efbf5fbdb
efac9fbd1
ef99dfbc8
ef875fbbe
ef749fbb4
ef61dfbab
ef4f1fba1
ef3c9fb97
ef29dfb8d
ef171fb83
ef045fb79
eef1dfb6f
eedf1fb65
eecc5fb5b
eeb99fb51
eea71fb47
ee945fb3c
ee819fb32
ee6f1fb28
ee5c5fb1d
ee499fb13
ee371fb09
ee245fafe
ee119faf3
edff1fae9
edec5fade
edd99fad4
edc71fac9
edb45fabe
eda19fab3
ed8f1faa9
ed7c5fa9e
ed69dfa93
ed571fa88
ed445fa7d
ed31dfa72
ed1f1fa67
ed0c9fa5b
ecf9dfa50
ece75fa45
ecd49fa3a
ecc21fa2e
ecaf5fa23
ec9c9fa18
ec8a1fa0c
ec775fa01
ec64df9f5
ec521f9ea
ec3f9f9de
ec2cdf9d2
ec1a5f9c7
ec079f9bb
ebf51f9af
ebe25f9a3
ebcfdf997
ebbd5f98c
ebaa9f980
eb981f974
eb855f968
eb72df95b
eb601f94f
eb4d9f943
eb3b1f937
eb285f92b
eb15df91e
eb031f912
eaf09f906
eade1f8f9
eacb5f8ed
eab8df8e0
eaa65f8d4
ea939f8c7
ea811f8ba
ea6e9f8ae
ea5bdf8a1
ea495f894
ea36df887
ea241f87b
ea119f86e
e9ff1f861
e9ec9f854
e9d9df847
e9c75f83a
e9b4df82d
e9a25f81f
e98f9f812
e97d1f805
e96a9f7f8
e9581f7ea
e9455f7dd
e932df7d0
e9205f7c2
e90ddf7b5
e8fb5f7a7
e8e8df79a
e8d61f78c
e8c39f77e
e8b11f771
e89e9f763
e88c1f755
e8799f747
e8671f739
e8549f72b
e841df71d
e82f5f70f
e81cdf701
e80a5f6f3
e7f7df6e5
e7e55f6d7
e7d2df6c9
e7c05f6ba
e7addf6ac
e79b5f69e
e788df68f
e7765f681
e763df673
e7515f664
e73edf655
e72c5f647
e719df638
e7075f629
e6f4df61b
e6e25f60c
e6cfdf5fd
e6bd5f5ee
e6aadf5df
e6989f5d0
e6861f5c1
e6739f5b2
e6611f5a3
e64e9f594
e63c1f585
e6299f576
e6175f567
e604df557
e5f25f548
e5dfdf539
e5cd5f529
e5badf51a
e5a89f50a
e5961f4fb
e5839f4eb
e5711f4dc
e55edf4cc
e54c5f4bc
e539df4ac
e5275f49d
e5151f48d
e5029f47d
e4f01f46d
e4dddf45d
e4cb5f44d
e4b8df43d
e4a69f42d
e4941f41d
e4819f40d
e46f5f3fc
e45cdf3ec
e44a5f3dc
e4381f3cc
e4259f3bb
e4135f3ab
e400df39a
e3ee5f38a
e3dc1f379
e3c99f369
e3b75f358
e3a4df347
e3929f337
e3801f326
e36ddf315
e35b5f304
e3491f2f3
e3369f2e2
e3245f2d1
e311df2c0
e2ff9f2af
e2ed5f29e
e2dadf28d
e2c89f27c
e2b61f26b
e2a3df259
e2915f248
e27f1f237
e26cdf225
e25a5f214
e2481f202
e235df1f1
e2235f1df
e2111f1ce
e1fedf1bc
e1ec5f1aa
e1da1f198
e1c7df187
e1b59f175
e1a31f163
e190df151
e17e9f13f
e16c5f12d
e15a1f11b
e1479f109
e1355f0f7
e1231f0e5
e110df0d3
e0fe9f0c0
e0ec1f0ae
e0d9df09c
e0c79f089
e0b55f077
e0a31f064
e090df052
e07e9f03f
e06c5f02d
e05a1f01a
e047df008
e0359eff5
e0235efe2
e0111efcf
dffedefbd
dfec9efaa
dfda5ef97
dfc81ef84
dfb5def71
dfa39ef5e
df915ef4b
df7f1ef38
df6cdef24
df5a9ef11
df485eefe
df361eeeb
df23deed7
df119eec4
deff9eeb0
deed5ee9d
dedb1ee89
dec8dee76
deb69ee62
dea45ee4f
de925ee3b
de801ee27
de6ddee14
de5b9ee00
de499edec
de375edd8
de251edc4
de12dedb0
de00ded9c
ddee9ed88
dddc5ed74
ddca5ed60
ddb81ed4c
dda5ded38
dd93ded23
dd819ed0f
dd6f9ecfb
dd5d5ece6
dd4b1ecd2
dd391ecbd
dd26deca9
dd14dec94
dd029ec80
dcf09ec6b
dcde5ec56
dccc5ec42
dcba1ec2d
dca81ec18
dc95dec03
dc83debee
dc719ebda
dc5f9ebc5
dc4d9ebb0
dc3b5eb9a
dc295eb85
dc171eb70
dc051eb5b
dbf31eb46
dbe0deb31
dbcedeb1b
dbbcdeb06
dbaa9eaf1
db989eadb
db869eac6
db749eab0
db625ea9b
db505ea85
db3e5ea6f
db2c5ea5a
db1a1ea44
db081ea2e
daf61ea19
dae41ea03
dad21e9ed
dac01e9d7
daadde9c1
da9bde9ab
da89de995
da77de97f
da65de969
da53de952
da41de93c
da2fde926
da1dde910
da0bde8f9
d9f9de8e3
d9e7de8cd
d9d5de8b6
d9c3de8a0
d9b1de889
d99fde872
d98dde85c
d97bde845
d969de82e
d957de818
d9461e801
d9341e7ea
d9221e7d3
d9101e7bc
d8fe1e7a5
d8ec1e78e
d8da5e777
d8c85e760
d8b65e749
d8a45e732
d8929e71b
d8809e704
d86e9e6ec
d85c9e6d5
d84ade6be
d838de6a6
d826de68f
d8151e677
d8031e660
d7f15e648
d7df5e630
d7cd5e619
d7bb9e601
d7a99e5e9
d797de5d2
d785de5ba
d7741e5a2
d7621e58a
d7505e572
d73e5e55a
d72c9e542
d71a9e52a
d708de512
d6f6de4fa
d6e51e4e1
d6d35e4c9
d6c15e4b1
d6af9e499
d69d9e480
d68bde468
d67a1e44f
d6681e437
d6565e41e
d6449e406
d632de3ed
d620de3d5
d60f1e3bc
d5fd5e3a3
d5eb9e38a
d5d99e372
d5c7de359
d5b61e340
d5a45e327
d5929e30e
d580de2f5
d56f1e2dc
d55d1e2c3
d54b5e2aa
d5399e291
d527de277
d5161e25e
d5045e245
d4f29e22b
d4e0de212
d4cf1e1f9
d4bd5e1df
d4ab9e1c6
d499de1ac
d4881e193
d4765e179
d464de15f
d4531e146
d4415e12c
d42f9e112
d41dde0f8
d40c1e0de
d3fa9e0c4
d3e8de0aa
d3d71e090
d3c55e076
d3b39e05c
d3a21e042
d3905e028
d37e9e00e
d36d1dff4
d35b5dfd9
d3499dfbf
d3381dfa5
d3265df8a
d3149df70
d3031df55
d2f15df3b
d2dfddf20
d2ce1df06
d2bc9deeb
d2aadded0
d2995deb6
d2879de9b
d2761de80
d2645de65
d252dde4a
d2411de2f
d22f9de14
d21ddddf9
d20c5ddde
d1fadddc3
d1e91dda8
d1d79dd8d
d1c61dd72
d1b45dd57
d1a2ddd3b
d1915dd20
d17fddd05
d16e1dce9
d15c9dcce
d14b1dcb2
d1399dc97
d1281dc7b
d1165dc5f
d104ddc44
d0f35dc28
d0e1ddc0c
d0d05dbf1
d0beddbd5
d0ad5dbb9
d09bddb9d
d08a5db81
d078ddb65
d0675db49
d055ddb2d
d0445db11
d032ddaf5
d0215dad9
d00fddabc
cffe5daa0
cfecdda84
cfdb5da68
cfc9dda4b
cfb89da2f
cfa71da12
cf959d9f6
cf841d9d9
cf729d9bd
cf615d9a0
cf4fdd983
cf3e5d967
cf2cdd94a
cf1b9d92d
cf0a1d910
cef89d8f3
cee75d8d7
ced5dd8ba
cec49d89d
ceb31d880
cea19d863
ce905d845
ce7edd828
ce6d9d80b
ce5c1d7ee
ce4add7d1
ce395d7b3
ce281d796
ce169d779
ce055d75b
cdf41d73e
cde29d720
cdd15d703
cdc01d6e5
cdae9d6c8
cd9d5d6aa
cd8c1d68c
cd7a9d66e
cd695d651
cd581d633
cd46dd615
cd355d5f7
cd241d5d9
cd12dd5bb
cd019d59d
ccf05d57f
ccdedd561
cccd9d543
ccbc5d525
ccab1d506
cc99dd4e8
cc889d4ca
cc775d4ac
cc661d48d
cc54dd46f
cc439d450
cc325d432
cc211d413
cc0fdd3f5
cbfe9d3d6
cbed9d3b7
cbdc5d399
cbcb1d37a
cbb9dd35b
cba89d33c
cb975d31e
cb865d2ff
cb751d2e0
cb63dd2c1
cb529d2a2
cb419d283
cb305d264
cb1f1d245
cb0e1d225
cafcdd206
caeb9d1e7
cada9d1c8
cac95d1a8
cab85d189
caa71d16a
ca961d14a
ca84dd12b
ca73dd10b
ca629d0ec
ca519d0cc
ca405d0ac
ca2f5d08d
ca1e1d06d
ca0d1d04d
c9fc1d02d
c9eadd00d
c9d9dcfee
c9c8dcfce
c9b79cfae
c9a69cf8e
c9959cf6e
c9849cf4e
c9735cf2e
c9625cf0d
c9515ceed
c9405cecd
c92f5cead
c91e5ce8c
c90d1ce6c
c8fc1ce4c
c8eb1ce2b
c8da1ce0b
c8c91cdea
c8b81cdca
c8a71cda9
c8961cd88
c8851cd68
c8741cd47
c8631cd26
c8521cd06
c8415cce5
c8305ccc4
c81f5cca3
c80e5cc82
c7fd5cc61
c7ec5cc40
c7db9cc1f
c7ca9cbfe
c7b99cbdd
c7a8dcbbc
c797dcb9a
c786dcb79
c775dcb58
c7651cb37
c7541cb15
c7435caf4
c7325cad2
c7219cab1
c7109ca8f
c6ff9ca6e
c6eedca4c
c6dddca2b
c6cd1ca09
c6bc5c9e7
c6ab5c9c5
c69a9c9a4
c6899c982
c678dc960
c6681c93e
c6571c91c
c6465c8fa
c6359c8d8
c6249c8b6
c613dc894
c6031c872
c5f25c850
c5e19c82d
c5d09c80b
c5bfdc7e9
c5af1c7c7
c59e5c7a4
c58d9c782
c57cdc75f
c56c1c73d
c55b5c71a
c54a9c6f8
c539dc6d5
c5291c6b3
c5185c690
c5079c66d
c4f6dc64a
c4e61c628
c4d55c605
c4c49c5e2
c4b41c5bf
c4a35c59c
c4929c579
c481dc556
c4711c533
c4609c510
c44fdc4ed
c43f1c4ca
c42e9c4a6
c41ddc483
c40d1c460
c3fc9c43c
c3ebdc419
c3db5c3f6
c3ca9c3d2
c3ba1c3af
c3a95c38b
c398dc368
c3881c344
c3779c320
c366dc2fd
c3565c2d9
c3459c2b5
c3351c291
c3249c26e
c313dc24a
c3035c226
c2f2dc202
c2e25c1de
c2d19c1ba
c2c11c196
c2b09c172
c2a01c14e
c28f9c129
c27f1c105
c26e5c0e1
c25ddc0bd
c24d5c098
c23cdc074
c22c5c050
c21bdc02b
c20b5c007
c1fadbfe2
c1ea5bfbe
c1d9dbf99
c1c95bf74
c1b91bf50
c1a89bf2b
c1981bf06
c1879bee2
c1771bebd
c1669be98
c1565be73
c145dbe4e
c1355be29
c1251be04
c1149bddf
c1041bdba
c0f3dbd95
c0e35bd70
c0d2dbd4a
c0c29bd25
c0b21bd00
c0a1dbcdb
c0915bcb5
c0811bc90
c0709bc6a
c0605bc45
c04fdbc20
c03f9bbfa
c02f5bbd4
c01edbbaf
c00e9bb89
bffe5bb63
bfeddbb3e
bfdd9bb18
bfcd5baf2
bfbd1bacc
bfacdbaa7
bf9c5ba81
bf8c1ba5b
bf7bdba35
bf6b9ba0f
bf5b5b9e9
bf4b1b9c2
bf3adb99c
bf2a9b976
bf1a5b950
bf0a1b92a
bef9db903
bee99b8dd
bed95b8b7
bec91b890
beb8db86a
bea89b843
be989b81d
be885b7f6
be781b7d0
be67db7a9
be579b783
be479b75c
be375b735
be271b70e
be171b6e8
be06db6c1
bdf6db69a
bde69b673
bdd65b64c
bdc65b625
bdb61b5fe
bda61b5d7
bd95db5b0
bd85db589
bd75db561
bd659b53a
bd559b513
bd455b4ec
bd355b4c4
bd255b49d
bd151b476
bd051b44e
bcf51b427
bce51b3ff
bcd51b3d8
bcc4db3b0
bcb4db388
bca4db361
bc94db339
bc84db311
bc74db2ea
bc64db2c2
bc54db29a
bc44db272
bc34db24a
bc24db222
bc14db1fa
bc04db1d2
bbf4db1aa
bbe4db182
bbd51b15a
bbc51b132
bbb51b109
bba51b0e1
bb955b0b9
bb855b091
bb755b068
bb655b040
bb559b017
bb459afef
bb35dafc6
bb25daf9e
bb15daf75
bb061af4d
baf61af24
bae65aefb
bad65aed3
bac69aeaa
bab6dae81
baa6dae58
ba971ae2f
ba875ae07
ba775adde
ba679adb5
ba57dad8c
ba47dad63
ba381ad39
ba285ad10
ba189ace7
ba08dacbe
b9f91ac95
b9e91ac6c
b9d95ac42
b9c99ac19
b9b9dabef
b9aa1abc6
b99a5ab9d
b98a9ab73
b97adab4a
b96b5ab20
b95b9aaf6
b94bdaacd
b93c1aaa3
b92c5aa79
b91c9aa50
b90d1aa26
b8fd5a9fc
b8ed9a9d2
b8ddda9a8
b8ce5a97f
b8be9a955
b8aeda92b
b89f5a901
b88f9a8d6
b8801a8ac
b8705a882
b860da858
b8511a82e
b8419a804
b831da7d9
b8225a7af
b812da785
b8031a75a
b7f39a730
b7e41a705
b7d45a6db
b7c4da6b0
b7b55a686
b7a5da65b
b7961a631
b7869a606
b7771a5db
b7679a5b0
b7581a586
b7489a55b
b7391a530
b7299a505
b71a1a4da
b70a9a4af
b6fb1a484
b6eb9a459
b6dc1a42e
b6cc9a403
b6bd1a3d8
b6adda3ad
b69e5a382
b68eda356
b67f5a32b
b6701a300
b6609a2d4
b6511a2a9
b641da27e
b6325a252
b622da227
b6139a1fb
b6041a1cf
b5f4da1a4
b5e55a178
b5d61a14d
b5c69a121
b5b75a0f5
b5a81a0c9
b5989a09e
b5895a072
b57a1a046
b56a9a01a
b55b59fee
b54c19fc2
b53cd9f96
b52d59f6a
b51e19f3e
b50ed9f12
b4ff99ee6
b4f059eb9
b4e119e8d
b4d1d9e61
b4c299e35
b4b359e08
b4a419ddc
b494d9daf
b48599d83
b47659d56
b46719d2a
b457d9cfd
b448d9cd1
b43999ca4
b42a59c78
b41b19c4b
b40c19c1e
b3fcd9bf1
b3ed99bc5
b3de99b98
b3cf59b6b
b3c059b3e
b3b119b11
b3a1d9ae4
b392d9ab7
b38399a8a
b37499a5d
b36599a30
b35659a03
b347599d6
b338599a8
b3291997b
b31a1994e
b30b19921
b2fbd98f3
b2ecd98c6
b2ddd9898
b2ced986b
b2bfd983d
b2b0d9810
b2a1d97e2
b292997b5
b28399787
b27499759
b2659972c
b256d96fe
b247d96d0
b238d96a3
b229d9675
b21ad9647
b20bd9619
b1fcd95eb
b1ee195bd
b1df1958f
b1d019561
b1c159533
b1b259505
b1a3594d7
b194994a8
b1859947a
b1769944c
b167d941e
b158d93ef
b14a193c1
b13b59393
b12c59364
b11d99336
b10e99307
b0ffd92d9
b0f1192aa
b0e21927c
b0d35924d
b0c49921e
b0b5d91f0
b0a7191c1
b09819192
b08959163
b07a99135
b06bd9106
b05d190d7
b04e590a8
b03f99079
b030d904a
b0221901b
b01358fec
b00498fbd
aff618f8e
afe758f5e
afd898f2f
afc9d8f00
afbb18ed1
afac98ea2
af9dd8e72
af8f18e43
af8098e13
af71d8de4
af6358db4
af5498d85
af45d8d55
af3758d26
af2898cf6
af1a18cc7
af0b98c97
aefcd8c67
aeee58c38
aedfd8c08
aed118bd8
aec298ba8
aeb418b78
aea558b48
ae96d8b18
ae8858ae8
ae79d8ab8
ae6b58a88
ae5cd8a58
ae4e58a28
ae3fd89f8
ae31589c8
ae22d8998
ae1458967
ae05d8937
adf758907
ade8d88d7
adda588a6
adcbd8876
adbd98845
adaf18815
ada0987e4
ad92187b4
ad83d8783
ad7558753
ad6718722
ad58986f1
ad4a186c1
ad3bd8690
ad2d5865f
ad1f1862e
ad10985fd
ad02585cd
acf41859c
ace59856b
acd75853a
acc918509
acba984d8
acac584a7
ac9e18476
ac8fd8444
ac8198413
ac73183e2
ac64d83b1
ac5698380
ac485834e
ac3a1831d
ac2bd82ec
ac1d982ba
ac0f58289
ac0118257
abf2d8226
abe4d81f4
abd6981c3
abc858191
abba18160
abac1812e
ab9dd80fc
ab8f980ca
ab8158099
ab7358067
ab6518035
ab5718003
ab48d7fd1
ab3ad7f9f
ab2c97f6e
ab1e97f3c
ab1057f0a
ab0257ed7
aaf457ea5
aae617e73
aad817e41
aaca17e0f
aabbd7ddd
aaadd7daa
aa9fd7d78
aa91d7d46
aa83d7d14
aa75d7ce1
aa67d7caf
aa5997c7c
aa4b97c4a
aa3d97c17
aa2fd7be5
aa21d7bb2
aa13d7b80
aa05d7b4d
a9f7d7b1a
a9e9d7ae8
a9dbd7ab5
a9ce17a82
a9c017a4f
a9b217a1d
a9a4579ea
a996579b7
a98857984
a97a97951
a96c9791e
a95ed78eb
a950d78b8
a94317885
a93517852
a9275781f
a919577eb
a90b977b8
a8fdd7785
a8f017752
a8e21771e
a8d4576eb
a8c6976b8
a8b8d7684
a8ab17651
a89d1761d
a88f575ea
a881975b6
a873d7583
a8661754f
a8585751c
a84a974e8
a83d174b4
a82f57481
a8219744d
a813d7419
a806173e5
a7f8573b2
a7ead737e
a7dd1734a
a7cf57316
a7c1d72e2
a7b4172ae
a7a69727a
a798d7246
a78b57212
a77d971de
a770171a9
a76257175
a754d7141
a7471710d
a739970d8
a72c170a4
a71e97070
a710d703b
a70357007
a6f5d6fd3
a6e856f9e
a6dad6f6a
a6cd56f35
a6bf96f01
a6b216ecc
a6a496e97
a69716e63
a689d6e2e
a67c56df9
a66ed6dc5
a66156d90
a653d6d5b
a64656d26
a63916cf1
a62b96cbc
a61e16c87
a61096c53
a60356c1e
a5f5d6be8
a5e896bb3
a5db16b7e
a5cdd6b49
a5c056b14
a5b316adf
a5a596aaa
a59856a74
a58ad6a3f
7fffc0000
7fffc00b0
7fffc0160
7fffc0210
7fff802c0
7fff40370
7fff00420
7ffe804cf
7ffe0057f
7ffd8062f
7ffd006df
7ffc8078f
7ffbc083f
7ffb008ef
7ffa4099f
7ff940a4f
7ff880aff
7ff780baf
7ff680c5e
7ff540d0e
7ff440dbe
7ff300e6e
7ff1c0f1e
7ff080fce
7fef0107e
7fed8112d
7fec011dd
7fea8128d
7fe8c133d
7fe7413ed
7fe58149c
7fe3c154c
7fe1c15fc
7fdfc16ac
7fde0175c
7fdbc180b
7fd9c18bb
7fd78196b
7fd581a1a
7fd301aca
7fd0c1b7a
7fce81c29
7fcc01cd9
7fc981d89
7fc6c1e38
7fc441ee8
7fc181f98
7fbec2047
7fbc020f7
7fb9421a6
7fb642256
7fb342305
7fb0423b5
7fad02464
7faa02514
7fa6c25c3
7fa382673
7fa042722
7f9cc27d2
7f9942881
7f95c2930
7f92429e0
7f8e82a8f
7f8b02b3e
7f8742bee
7f8342c9d
7f7f82d4c
7f7b82dfb
7f7782eab
7f7382f5a
7f6f83009
7f6b430b8
7f6703167
7f62c3216
7f5e832c5
7f5a03374
7f55c3423
7f51434d2
7f4c83581
7f4803630
7f43436df
7f3e8378e
7f39c383d
7f34c38ec
7f300399b
7f2b03a4a
7f2603af8
7f20c3ba7
7f1bc3c56
7f1683d04
7f1143db3
7f0bc3e62
7f0683f10
7f0103fbf
7efb8406e
7ef60411c
7ef0441cb
7eeac4279
7ee504327
7edf443d6
7ed944484
7ed344532
7ecd845e1
7ec74468f
7ec14473d
7ebb047eb
7eb50489a
7eaec4948
7ea8449f6
7ea204aa4
7e9b84b52
7e9504c00
7e8e84cae
7e87c4d5c
7e8144e0a
7e7a84eb8
7e7384f65
7e6cc5013
7e65c50c1
7e5f0516f
7e57c521c
7e50c52ca
7e49c5378
7e4285425
7e3b454d3
7e33c5580
7e2c8562e
7e25056db
7e1d85788
7e1605836
7e0e858e3
7e06c5990
7dff05a3d
7df745aeb
7def85b98
7de785c45
7ddf85cf2
7dd785d9f
7dcf85e4c
7dc745ef9
7dbf45fa5
7db706052
7dae860ff
7da6461ac
7d9dc6258
7d9546305
7d8cc63b2
7d844645e
7d7b8650b
7d72c65b7
7d6a06663
7d6146710
7d58867bc
7d4f86868
7d4686915
7d3d869c1
7d3446a6d
7d2b06b19
7d2206bc5
7d1886c71
7d0f46d1d
7d05c6dc9
7cfc86e74
7cf306f20
7ce946fcc
7cdfc7078
7cd607123
7ccc471cf
7cc28727a
7cb887326
7caec73d1
7ca4c747c
7c9ac7528
7c90875d3
7c868767e
7c7c47729
7c72077d4
7c678787f
7c5d4792a
7c52c79d5
7c4847a80
7c3dc7b2b
7c3307bd6
7c2887c80
7c1dc7d2b
7c1307dd5
7c0807e80
7bfd47f2a
7bf247fd5
7be74807f
7bdc48129
7bd1081d4
7bc60827e
7bbac8328
7baf483d2
7ba40847c
7b9888526
7b8d085d0
7b8188679
7b7608723
7b6a887cd
7b5ec8876
7b5308920
7b47489c9
7b3b48a73
7b2f48b1c
7b2348bc5
7b1748c6f
7b0b48d18
7aff08dc1
7af308e6a
7ae688f13
7ada48fbc
7ace09065
7ac18910d
7ab5091b6
7aa88925f
7a9bc9307
7a8f493b0
7a8289458
7a75c9500
7a69095a9
7a5c09651
7a4f096f9
7a42097a1
7a3509849
7a28098f1
7a1ac9999
7a0d89a41
7a0049ae8
79f309b90
79e589c38
79d809cdf
79ca89d87
79bd09e2e
79af89ed5
79a1c9f7c
79940a024
79864a0cb
79784a172
796a8a219
795c8a2bf
794e8a366
79408a40d
79324a4b3
79244a55a
79160a600
79078a6a7
78f94a74d
78eaca7f3
78dc8a89a
78ce0a940
78bf4a9e6
78b0caa8c
78a20ab31
78934abd7
78848ac7d
7875cad22
7866cadc8
7857cae6d
7848caf13
7839cafb8
782a8b05d
781b8b102
780c4b1a7
77fd0b24c
77ed8b2f1
77de4b396
77cecb43b
77bf4b4df
77afcb584
77a00b628
77904b6cd
77808b771
7770cb815
77610b8b9
77510b95d
77414ba01
77314baa5
77210bb49
77110bbed
7700cbc90
76f08bd34
76e04bdd7
76d00be7b
76bf8bf1e
76af0bfc1
769e8c064
768e0c107
767d8c1aa
766ccc24d
765c0c2f0
764b4c392
763a8c435
76298c4d7
7618cc57a
7607cc61c
75f68c6be
75e58c760
75d44c802
75c34c8a4
75b20c946
75a08c9e8
758f4ca89
757dccb2b
756c4cbcc
755accc6d
75494cd0f
75378cdb0
7525cce51
75140cef2
75024cf93
74f08d034
74de8d0d4
74cc8d175
74ba8d215
74a88d2b6
74964d356
74844d3f6
74720d496
745f8d536
744d4d5d6
743b0d676
74288d716
74160d7b5
74034d855
73f0cd8f4
73de0d993
73cb8da33
73b88dad2
73a5cdb71
73930dc10
73800dcae
736d0dd4d
735a0ddec
7346cde8a
7333cdf29
73208dfc7
730d4e065
72fa0e103
72e68e1a1
72d34e23f
72bfce2dd
72ac4e37a
7298ce418
72850e4b6
72714e553
725dce5f0
7249ce68d
72360e72a
72224e7c7
720e4e864
71fa4e901
71e64e99d
71d20ea3a
71be0ead6
71a9ceb72
71958ec0f
71814ecab
716cced47
71588ede3
71440ee7e
712f8ef1a
711b0efb5
71064f051
70f18f0ec
70dccf187
70c80f222
70b34f2bd
709e8f358
70898f3f3
70748f48d
705f8f528
704a4f5c2
70354f65d
70200f6f7
700acf791
6ff58f82b
6fe04f8c5
6fcacf95e
6fb54f9f8
6f9fcfa91
6f8a4fb2b
6f74cfbc4
6f5f0fc5d
6f494fcf6
6f338fd8f
6f1dcfe28
6f080fec1
6ef20ff59
6edc0fff1
6ec61008a
6eb010122
6e99d01ba
6e83d0252
6e6d902ea
6e5750382
6e40d0419
6e2a904b1
6e1410548
6dfd905df
6de710676
6dd09070d
6dba107a4
6da35083b
6d8c908d2
6d75d0968
6d5f109ff
6d4810a95
6d3110b2b
6d1a10bc1
6d0310c57
6cec10ced
6cd510d82
6cbdd0e18
6ca690ead
6c8f50f42
6c7810fd8
6c609106d
6c4911101
6c3191196
6c1a1122b
6c02912bf
6bead1354
6bd3513e8
6bbb9147c
6ba3d1510
6b8bd15a4
6b7411638
6b5c116cb
6b441175f
6b2c117f2
6b1411886
6afbd1919
6ae3d19ac
6acb91a3f
6ab351ad1
6a9b11b64
6a8291bf6
6a6a11c89
6a51d1d1b
6a3911dad
6a2091e3f
6a0811ed1
69ef51f62
69d691ff4
69bdd2085
69a512116
698c521a8
697352239
695a522c9
69415235a
6928523eb
690f1247b
68f61250c
68dcd259c
68c39262c
68aa526bc
68911274c
6877927db
685e1286b
6844928fa
682b12989
681192a18
67f7d2aa7
67de52b36
67c492bc5
67aad2c54
6790d2ce2
677712d70
675d12dfe
674312e8c
672912f1a
670f12fa8
66f513035
66dad30c3
66c093150
66a6531dd
668c1326a
6671d32f7
665753384
663cd3411
66225349d
6607d3529
65ed535b6
65d293642
65b8136cd
659d53759
6582937e5
656793870
654cd38fb
6531d3987
6516d3a12
64fbd3a9d
64e0d3b27
64c5d3bb2
64aa93c3c
648f93cc7
647453d51
6458d3ddb
643d93e65
642253eee
6406d3f78
63eb54001
63cfd408a
63b454114
63989419d
637d14225
6361542ae
634594337
6329d43bf
630e14447
62f2144cf
62d614557
62ba145df
629e14667
6282146ee
626614775
6249d47fc
622d94883
62115490a
61f514991
61d8d4a18
61bc54a9e
61a014b24
618394baa
616714c30
614a54cb6
612dd4d3c
611114dc1
60f494e47
60d7d4ecc
60bb14f51
609e14fd6
60815505a
6064550df
604755163
602a551e8
600d5526c
5ff0552f0
5fd315373
5fb5d53f7
5f98d547b
5f7b554fe
5f5e15581
5f40d5604
5f2355687
5f05d570a
5ee85578c
5ecad580e
5ead55891
5e8fd5913
5e7215995
5e5455a16
5e3695a98
5e18d5b19
5dfad5b9b
5ddd15c1c
5dbf15c9d
5da115d1d
5d8315d9e
5d6515e1e
5d4715e9f
5d28d5f1f
5d0a95f9f
5cec9601f
5cce1609e
5cafd611e
5c919619d
5c731621c
5c549629b
5c361631a
5c1796399
5bf916417
5bda96495
5bbbd6514
5b9d16592
5b7e5660f
5b5f9668d
5b40d670b
5b21d6788
5b0316805
5ae416882
5ac5168ff
5aa61697c
5a87169f8
5a67d6a74
5a48d6af1
5a2996b6d
5a0a56be8
59eb16c64
59cb96ce0
59ac56d5b
598cd6dd6
596d96e51
594e16ecc
592e56f47
590ed6fc1
58ef5703b
58cf970b6
58afd7130
5890171a9
587057223
58509729d
5830d7316
5810d738f
57f0d7408
57d0d7481
57b0d74f9
5790d7572
5770d75ea
575097662
5730576da
571017752
56efd77c9
56cf97841
56af578b8
568ed792f
566e979a6
564e17a1d
562d97a93
560d17b0a
55ec57b80
55cbd7bf6
55ab17c6c
558a57ce1
556997d57
5548d7dcc
552817e41
550757eb6
54e657f2b
54c557f9f
54a458014
548358088
5462580fc
544158170
5420181e4
53ff18257
53ddd82cb
53bc9833e
539b583b1
5379d8424
535898496
533718509
5315d857b
52f4585ed
52d2d865f
52b1186d1
528f98742
526e187b4
524c58825
522a98896
5208d8907
51e718978
51c5589e8
51a358a58
518198ac8
515f98b38
513d98ba8
511b98c18
50f998c87
50d798cf6
50b558d65
509318dd4
507118e43
504ed8eb1
502c98f20
500a18f8e
4fe7d8ffc
4fc599069
4fa3190d7
4f8099144
4f5e191b1
4f3b9921e
4f191928b
4ef6592f8
4ed3d9364
4eb1193d1
4e8e5943d
4e6b994a8
4e48d9514
4e2619580
4e03595eb
4de059656
4dbd596c1
4d9a9972c
4d7799796
4d5459801
4d315986b
4d0e598d5
4ceb1993f
4cc7d99a8
4ca4d9a12
4c8199a7b
4c5e59ae4
4c3ad9b4d
4c1799bb6
4bf419c1e
4bd0d9c86
4bad59cef
4b89d9d56
4b6659dbe
4b42d9e26
4b1f19e8d
4afb99ef4
4ad7d9f5b
4ab419fc2
4a905a029
4a6c9a08f
4a48da0f5
4a251a15b
4a011a1c1
49dd5a227
49b95a28c
49955a2f1
49715a356
494d5a3bb
49295a420
49051a484
48e11a4e8
48bcda54d
48989a5b0
48745a614
48501a678
482bda6db
48075a73e
47e31a7a1
47be9a804
479a1a866
4775da8c8
47515a92b
472c9a98c
47081a9ee
46e39aa50
46bedaab1
469a1ab12
46759ab73
4650dabd4
462c1ac34
46071ac95
45e25acf5
45bd9ad55
45989adb5
45739ae14
454e9ae74
4529daed3
45049af32
44df9af90
44ba9afef
44955b04d
44705b0ac
444b1b109
4425db167
44009b1c5
43db5b222
43b61b27f
43909b2dc
436b5b339
4345db396
43209b3f2
42fb1b44e
42d59b4aa
42b01b506
428a5b561
4264db5bd
423f5b618
42199b673
41f3db6ce
41ce1b728
41a89b783
41829b7dd
415cdb837
41371b890
41111b8ea
40eb5b943
40c55b99c
409f5b9f5
40795ba4e
40535baa7
402d5baff
40075bb57
3fe15bbaf
3fbb1bc07
3f94dbc5e
3f6edbcb5
3f489bd0c
3f225bd63
3efc1bdba
3ed5dbe10
3eaf5be67
3e891bebd
3e629bf13
3e3c5bf68
3e15dbfbe
3def5c013
3dc8dc068
3da25c0bd
3d7b9c111
3d551c166
3d2e9c1ba
3d07dc20e
3ce11c262
3cba9c2b5
3c93dc309
3c6d1c35c
3c461c3af
3c1f5c401
3bf89c454
3bd19c4a6
3baadc4f8
3b83dc54a
3b5cdc59c
3b35dc5ed
3b0edc63f
3ae7dc690
3ac0dc6e1
3a99dc731
3a729c782
3a4b5c7d2
3a245c822
39fd1c872
39d5dc8c1
39ae9c911
39875c960
39601c9af
39389c9fe
39115ca4c
38ea1ca9b
38c29cae9
389b1cb37
38739cb84
384c1cbd2
38249cc1f
37fd1cc6c
37d59ccb9
37ae1cd06
37865cd52
375edcd9e
37371cdea
370f5ce36
36e79ce82
36bfdcecd
36981cf18
36705cf63
36489cfae
36209cff8
35f8dd043
35d0dd08d
35a91d0d6
35811d120
35591d16a
35311d1b3
35091d1fc
34e11d245
34b8dd28d
3490dd2d5
3468dd31e
34409d366
34185d3ad
33f05d3f5
33c81d43c
339fdd483
33779d4ca
334f5d511
33271d557
32fe9d59d
32d65d5e3
32addd629
32859d66e
325d1d6b4
32349d6f9
320c1d73e
31e39d782
31bb1d7c7
31929d80b
316a1d84f
31419d893
3118dd8d7
30f05d91a
30c79d95d
309edd9a0
30765d9e3
304d9da25
3024dda68
2ffc1daaa
2fd35daeb
2faa5db2d
2f819db6e
2f58ddbb0
2f2fddbf1
2f06ddc31
2ede1dc72
2eb51dcb2
2e8c1dcf2
2e631dd32
2e3a1dd72
2e111ddb1
2de81ddf0
2dbf1de2f
2d95dde6e
2d6cddead
2d439deeb
2d1a9df29
2cf15df67
2cc81dfa5
2c9eddfe2
2c75de01f
2c4c9e05c
2c231e099
2bf9de0d6
2bd09e112
2ba75e14e
2b7dde18a
2b549e1c6
2b2b1e201
2b019e23c
2ad85e277
2aaede2b2
2a855e2ed
2a5bde327
2a325e361
2a08de39b
29df5e3d5
29b59e40e
298c1e447
29629e480
2938de4b9
290f1e4f2
28e59e52a
28bbde562
28921e59a
28685e5d2
283e9e609
2814de640
27eb1e677
27c15e6ae
27979e6e4
276d9e71b
2743de751
2719de787
26f01e7bc
26c61e7f2
269c5e827
26725e85c
26485e891
261e5e8c5
25f45e8f9
25ca5e92d
25a05e961
25765e995
254c1e9c8
25221e9fb
24f81ea2e
24cddea61
24a3dea93
24799eac6
244f5eaf8
24255eb2a
23fb1eb5b
23d0deb8c
23a69ebbe
237c5ebee
23521ec1f
2327dec50
22fd9ec80
22d31ecb0
22a8decdf
227e9ed0f
22541ed3e
2229ded6d
21ff5ed9c
21d51edcb
21aa9edf9
21801ee27
21559ee55
212b1ee83
21009eeb0
20d61eede
20ab9ef0b
20811ef38
20569ef64
202c1ef90
20015efbd
1fd6defe8
1fac5f014
1f819f03f
1f571f06b
1f2c5f096
1f019f0c0
1ed71f0eb
1eac5f115
1e819f13f
1e56df169
1e2c1f193
1e015f1bc
1dd69f1e5
1dabdf20e
1d811f237
1d565f25f
1d2b5f287
1d009f2af
1cd5df2d7
1caadf2fe
1c801f326
1c551f34d
1c2a5f374
1bff5f39a
1bd45f3c1
1ba99f3e7
1b7e9f40d
1b539f432
1b289f458
1afd9f47d
1ad29f4a2
1aa79f4c7
1a7c9f4eb
1a519f510
1a269f534
19fb5f557
19d05f57b
19a55f59e
197a1f5c1
194f1f5e4
1923df607
18f8df629
18cd9f64c
18a29f66e
18775f68f
184c1f6b1
18211f6d2
17f5df6f3
17ca9f714
179f5f735
17741f755
1748df775
171d9f795
16f25f7b5
16c71f7d4
169bdf7f3
16709f812
16451f831
1619df84f
15ee9f86e
15c31f88c
1597df8aa
156c9f8c7
15411f8e4
1515df902
14ea5f91e
14bf1f93b
14939f957
14681f974
143cdf990
14115f9ab
13e5df9c7
13ba5f9e2
138edf9fd
13639fa18
13381fa32
130c9fa4c
12e11fa67
12b59fa80
128a1fa9a
125e9fab3
1232dfacc
12075fae5
11dbdfafe
11b05fb16
1184dfb2f
11591fb47
112d9fb5e
11021fb76
10d65fb8d
10aadfba4
107f1fbbb
10539fbd1
1027dfbe8
ffc5fbfe
fd09fc14
fa51fc29
f795fc3f
f4d9fc54
f221fc69
ef65fc7d
eca9fc92
e9edfca6
e735fcba
e479fcce
e1bdfce1
df01fcf5
dc45fd08
d989fd1a
d6cdfd2d
d411fd3f
d155fd51
ce99fd63
cbddfd75
c921fd86
c665fd98
c3a9fda8
c0edfdb9
be31fdca
bb75fdda
b8b5fdea
b5f9fdfa
b33dfe09
b081fe18
adc1fe27
ab05fe36
a849fe45
a589fe53
a2cdfe61
a011fe6f
9d51fe7d
9a95fe8a
97d5fe97
9519fea4
925dfeb1
8f9dfebd
8ce1feca
8a21fed6
8761fee1
84a5feed
81e5fef8
7f29ff03
7c69ff0e
79adff19
76edff23
742dff2d
7171ff37
6eb1ff40
6bf1ff4a
6935ff53
6675ff5c
63b5ff65
60f5ff6d
5e39ff75
5b79ff7d
58b9ff85
55f9ff8c
533dff94
507dff9b
4dbdffa2
4afdffa8
483dffae
4581ffb5
42c1ffba
4001ffc0
3d41ffc5
3a81ffcb
37c1ffcf
3505ffd4
3245ffd9
2f85ffdd
2cc5ffe1
2a05ffe4
2745ffe8
2485ffeb
21c5ffee
1f05fff1
1c45fff4
1989fff6
16c9fff8
1409fffa
1149fffb
e89fffd
bc9fffe
909ffff
649ffff
389ffff
c9ffff
ffe09ffff
ffb49ffff
ff889ffff
ff5cdfffe
ff30dfffd
ff04dfffc
fed8dfffb
feacdfff9
fe80dfff7
fe54dfff5
fe28dfff2
fdfcdfff0
fdd0dffed
fda4dffea
fd78dffe6
fd4d1ffe3
fd211ffdf
fcf51ffdb
fcc91ffd7
fc9d1ffd2
fc711ffcd
fc451ffc8
fc195ffc3
fbed5ffbe
fbc15ffb8
fb955ffb2
fb695ffac
fb3d5ffa5
fb119ff9f
fae59ff98
fab99ff91
fa8d9ff89
fa619ff82
fa35dff7a
fa09dff72
f9dddff69
f9b1dff61
f9861ff58
f95a1ff4f
f92e1ff46
f9025ff3c
f8d65ff33
f8aa5ff29
f87e9ff1e
f8529ff14
f826dff09
f7fadfefe
f7cedfef3
f7a31fee8
f7771fedc
f74b5fed0
f71f5fec4
f6f39feb8
f6c79feab
f69bdfe9f
f66fdfe92
f6441fe84
f6185fe77
f5ec5fe69
f5c09fe5b
f5949fe4d
f568dfe3f
f53d1fe30
f5111fe21
f4e55fe12
f4b99fe02
f48ddfdf3
f461dfde3
f4361fdd3
f40a5fdc3
f3de9fdb2
f3b2dfda1
f3871fd90
f35b5fd7f
f32f9fd6d
f303dfd5c
f2d81fd4a
f2ac5fd38
f2809fd25
f254dfd12
f2291fd00
f1fd5fcec
f1d19fcd9
f1a5dfcc5
f17a1fcb2
f14e9fc9e
f122dfc89
f0f71fc75
f0cb5fc60
f09fdfc4b
f0741fc36
f0489fc20
f01cdfc0a
eff11fbf4
efc59fbde
ef99dfbc8
ef6e5fbb1
ef429fb9a
ef171fb83
eeeb9fb6c
eebfdfb54
ee945fb3c
ee68dfb24
ee3d5fb0c
ee119faf3
ede61fadb
edba9fac2
ed8f1faa9
ed639fa8f
ed381fa75
ed0c9fa5b
ece11fa41
ecb59fa27
ec8a1fa0c
ec5e9f9f1
ec331f9d6
ec079f9bb
ebdc5f99f
ebb0df984
eb855f968
eb5a1f94b
eb2e9f92f
eb031f912
ead7df8f5
eaac5f8d8
ea811f8ba
ea55df89d
ea2a5f87f
e9ff1f861
e9d3df842
e9a85f824
e97d1f805
e951df7e6
e9269f7c7
e8fb5f7a7
e8d01f787
e8a4df767
e8799f747
e84e5f727
e8231f706
e7f7df6e5
e7cc9f6c4
e7a19f6a3
e7765f681
e74b1f65f
e7201f63d
e6f4df61b
e6c9df5f8
e69e9f5d5
e6739f5b2
e6485f58f
e61d5f56c
e5f25f548
e5c75f524
e59c1f500
e5711f4dc
e5461f4b7
e51b1f492
e4f01f46d
e4c51f448
e49a1f422
e46f5f3fc
e4445f3d6
e4195f3b0
e3ee5f38a
e3c39f363
e3989f33c
e36ddf315
e342df2ee
e3181f2c6
e2ed5f29e
e2c25f276
e2979f24e
e26cdf225
e2421f1fc
e2175f1d3
e1ec5f1aa
e1c1df181
e1971f157
e16c5f12d
e1419f103
e116df0d9
e0ec1f0ae
e0c19f083
e096df058
e06c5f02d
e0419f001
e0171efd6
dfec9efaa
dfc1def7d
df975ef51
df6cdef24
df425eef7
df17deeca
deed5ee9d
dec2dee6f
de985ee42
de6ddee14
de435ede5
de191edb7
ddee9ed88
ddc45ed59
dd99ded2a
dd6f9ecfb
dd451eccb
dd1adec9b
dcf09ec6b
dcc65ec3b
dc9bdec0a
dc719ebda
dc475eba9
dc1d5eb77
dbf31eb46
dbc8deb14
db9e9eae2
db749eab0
db4a5ea7e
db205ea4b
daf61ea19
dacc1e9e5
daa1de9b2
da77de97f
da4dde94b
da23de917
d9f9de8e3
d9cfde8af
d9a5de87a
d97bde845
d9521e810
d9281e7db
d8fe1e7a5
d8d45e770
d8aa5e73a
d8809e704
d856de6cd
d82cde696
d8031e660
d7d95e629
d7af9e5f1
d785de5ba
d75c1e582
d7329e54a
d708de512
d6df1e4d9
d6b59e4a1
d68bde468
d6625e42f
d6389e3f6
d60f1e3bc
d5e59e382
d5bc1e348
d5929e30e
d5691e2d4
d53f9e299
d5161e25e
d4ecde223
d4c35e1e8
d499de1ac
d4709e170
d4471e134
d41dde0f8
d3f49e0bc
d3cb5e07f
d3a21e042
d378de005
d34f9dfc8
d3265df8a
d2fd1df4d
d2d41df0f
d2aadded0
d281dde92
d2589de53
d22f9de14
d2069ddd5
d1dd5dd96
d1b45dd57
d18b5dd17
d1629dcd7
d1399dc97
d1109dc56
d0e79dc16
d0beddbd5
d095ddb94
d06d1db52
d0445db11
d01b9dacf
cff29da8d
cfc9dda4b
cfa15da09
cf789d9c6
cf4fdd983
cf271d940
cefe9d8fd
ced5dd8ba
cead5d876
ce84dd832
ce5c1d7ee
ce339d7aa
ce0b1d765
cde29d720
cdba1d6db
cd91dd696
cd695d651
cd40dd60b
cd189d5c5
ccf05d57f
ccc7dd539
cc9f9d4f2
cc775d4ac
cc4f1d465
cc26dd41d
cbfe9d3d6
cbd69d38f
cbae5d347
cb865d2ff
cb5e1d2b6
cb361d26e
cb0e1d225
cae5dd1dc
cabddd193
ca961d14a
ca6e1d101
ca461d0b7
ca1e1d06d
c9f65d023
c9ce5cfd8
c9a69cf8e
c97edcf43
c9571cef8
c92f5cead
c9079ce61
c8dfdce16
c8b81cdca
c8909cd7e
c868dcd31
c8415cce5
c8199cc98
c7f21cc4b
c7ca9cbfe
c7a31cbb1
c77b9cb63
c7541cb15
c72cdcac7
c7055ca79
c6dddca2b
c6b69c9dc
c68f5c98d
c6681c93e
c640dc8ef
c6199c89f
c5f25c850
c5cb1c800
c5a3dc7b0
c57cdc75f
c5559c70f
c52e9c6be
c5079c66d
c4e09c61c
c4b99c5cb
c4929c579
c46b9c527
c444dc4d5
c41ddc483
c3f71c431
c3d01c3de
c3a95c38b
c3829c338
c35bdc2e5
c3351c291
c30e5c23e
c2e7dc1ea
c2c11c196
c29a9c142
c273dc0ed
c24d5c098
c226dc043
c2005bfee
c1d9dbf99
c1b39bf44
c18d1beee
c1669be98
c1405be42
c11a1bdeb
c0f3dbd95
c0cd9bd3e
c0a75bce7
c0811bc90
c05adbc39
c034dbbe1
c00e9bb89
bfe89bb31
bfc25bad9
bf9c5ba81
bf765ba28
bf509b9cf
bf2a9b976
bf049b91d
bededb8c4
beb8db86a
be931b810
be6d5b7b6
be479b75c
be21db701
bdfc1b6a7
bdd65b64c
bdb0db5f1
bd8b1b596
bd659b53a
bd401b4df
bd1a9b483
bcf51b427
bccf9b3ca
bcaa5b36e
bc84db311
bc5f9b2b5
bc3a1b257
bc14db1fa
bbef9b19d
bbca5b13f
bba51b0e1
bb801b083
bb5adb025
bb35dafc6
bb109af68
baeb9af09
bac69aeaa
baa19ae4b
ba7c9adeb
ba57dad8c
ba32dad2c
ba0e1accc
b9e91ac6c
b9c45ac0b
b99f9abaa
b97adab4a
b9565aae9
b9319aa87
b90d1aa26
b8e85a9c4
b8c3da963
b89f5a901
b87ada89e
b8565a83c
b831da7d9
b80d9a777
b7e91a714
b7c4da6b0
b7a09a64d
b77c5a5e9
b7581a586
b733da522
b70f9a4be
b6eb9a459
b6c79a3f5
b6a35a390
b67f5a32b
b65b5a2c6
b6375a261
b6139a1fb
b5ef9a195
b5cbda12f
b5a81a0c9
b5841a063
b56059ffd
b53cd9f96
b51919f2f
b4f559ec8
b4d1d9e61
b4ae19df9
b48a99d92
b46719d2a
b44399cc2
b42059c5a
b3fcd9bf1
b3d959b89
b3b619b20
b392d9ab7
b36f99a4e
b34c599e5
b3291997b
b30619911
b2e2d98a8
b2bfd983d
b29cd97d3
b27999769
b256d96fe
b233d9693
b210d9628
b1ee195bd
b1cb19552
b1a8594e6
b1859947a
b162d940e
b140193a2
b11d99336
b0fad92c9
b0d85925d
b0b5d91f0
b09359183
b070d9115
b04e590a8
b02bd903a
b00998fcc
afe758f5e
afc518ef0
afa2d8e82
af8098e13
af5e58da5
af3c18d36
af1a18cc7
aef818c57
aed618be8
aeb418b78
ae9218b08
ae7018a98
ae4e58a28
ae2c589b8
ae0a98947
ade8d88d7
adc718866
ada5587f5
ad83d8783
ad6218712
ad40986a0
ad1f1862e
acfd985bc
acdc1854a
acba984d8
ac9958465
ac77d83f3
ac5698380
ac355830d
ac1418299
abf2d8226
abd1d81b2
abb09813e
ab8f980ca
ab6e98056
ab4d97fe2
ab2c97f6e
ab0bd7ef9
aaead7e84
aaca17e0f
aaa917d9a
aa8857d24
aa67d7caf
aa4717c39
aa2657bc3
aa05d7b4d
a9e557ad7
a9c497a60
a9a4579ea
a983d7973
a963578fc
a94317885
a9229780e
a90257796
a8e21771e
a8c1d76a7
a8a1d762f
a881975b6
a8619753e
a841974c6
a8219744d
a801973d4
a7e19735b
a7c1d72e2
a7a1d7268
a782171ef
a76257175
a742970fb
a72317081
a70357007
a6e3d6f8d
a6c416f12
a6a496e97
a68556e1c
a665d6da1
a64656d26
a62716cab
a607d6c2f
a5e896bb3
a5c956b38
a5aa16abb
a58ad6a3f
a56bd69c3
a54cd6946
a52dd68c9
a50ed684d
a4efd67cf
a4d116752
a4b2166d5
a49356657
a474965d9
a455d655c
a437164de
a4189645f
a3f9d63e1
a3db56362
a3bcd62e4
a39e56265
a380161e6
a36196166
a343560e7
a32516068
a306d5fe8
a2e895f68
a2ca55ee8
a2ac55e68
a28e15de7
a27015d67
a25215ce6
a23415c65
a21655be4
a1f855b63
a1da95ae2
a1bcd5a60
a19f159df
a1815595d
a163d58db
a14615859
a128957d7
a10b15754
a0ed956d2
a0d01564f
a0b2d55cc
a09595549
a078154c6
a05ad5442
a03d953bf
a0209533b
a003552b7
9fe655233
9fc9551af
9fac5512b
9f8f550a6
9f7295022
9f5594f9d
9f38d4f18
9f1c14e93
9eff54e0d
9ee294d88
9ec614d03
9ea994c7d
9e8cd4bf7
9e7054b71
9e5414aeb
9e3794a64
9e1b549de
9dfed4957
9de2948d1
9dc65484a
9daa547c3
9d8e1473b
9d72146b4
9d561462c
9d3a145a5
9d1e1451d
9d0214495
9ce65440d
9cca54384
9cae942fc
9c9314273
9c77541eb
9c5b94162
9c40140d9
9c2494050
9c0913fc6
9bed93f3d
9bd213eb3
9bb6d3e29
9b9b93da0
9b8053d16
9b6513c8b
9b49d3c01
9b2ed3b76
9b1393aec
9af893a61
9add939d6
9ac2d394b
9aa7d38c0
9a8d13834
9a72137a9
9a575371d
9a3cd3691
9a2213606
9a0793579
99ecd34ed
99d253461
99b7d33d4
999d93348
9983132bb
9968d322e
994e931a1
993453114
991a13086
990012ff9
98e5d2f6b
98cbd2edd
98b1d2e4f
9897d2dc1
987e12d33
986412ca5
984a52c16
983092b88
9816d2af9
97fd52a6a
97e3929db
97ca1294c
97b0928bd
97971282d
977d9279e
97645270e
974b1267e
9731d25ee
97189255e
96ff524ce
96e61243d
96cd123ad
96b41231c
969b1228b
9682121fa
966952169
9650520d8
963792047
961ed1fb5
960651f24
95ed91e92
95d511e00
95bc51d6e
95a3d1cdc
958b91c4a
957311bb8
955ad1b25
954291a92
952a51a00
95121196d
94f9d18da
94e1d1846
94c9d17b3
94b1d1720
9499d168c
9481d15f9
946a11565
9452114d1
943a5143d
9422d13a9
940b11314
93f391280
93dbd11eb
93c451157
93ad110c2
93959102d
937e10f98
9366d0f02
934f90e6d
933850dd8
932150d42
930a10cac
92f310c17
92dc10b81
92c510aeb
92ae50a54
9297509be
928090928
9269d0891
9253107fa
923c90764
9225d06cd
920f50636
91f8d059e
91e250507
91cc10470
91b5903d8
919f50341
9189102a9
9172d0211
915cd0179
9146900e1
913090049
911a8ffb0
9104cff18
90eecfe7f
90d90fde6
90c30fd4e
90ad8fcb5
9097cfc1c
90820fb82
906c8fae9
90570fa50
90418f9b6
902c0f91c
9016cf883
90014f7e9
8fec0f74f
8fd70f6b5
8fc1cf61b
8fac8f580
8f978f4e6
8f828f44b
8f6d8f3b1
8f58cf316
8f43cf27b
8f2f0f1e0
8f1a4f145
8f058f0aa
8ef10f00e
8edc4ef73
8ec7ceed7
8eb34ee3c
8e9eceda0
8e8a8ed04
8e760ec68
8e61cebcc
8e4d8eb30
8e398ea93
8e254e9f7
8e114e95a
8dfd4e8be
8de94e821
8dd54e784
8dc18e6e7
8dadce64a
8d9a0e5ad
8d864e50f
8d728e472
8d5f0e3d5
8d4b8e337
8d380e299
8d248e1fb
8d110e15d
8cfdce0bf
8cea8e021
8cd74df83
8cc40dee5
8cb10de46
8c9e0dda8
8c8acdd09
8c780dc6a
8c650dbcc
8c524db2d
8c3f4da8e
8c2c8d9ee
8c1a0d94f
8c074d8b0
8bf4cd810
8be24d771
8bcfcd6d1
8bbd4d631
8baacd592
8b988d4f2
8b864d452
8b740d3b2
8b620d311
8b4fcd271
8b3dcd1d1
8b2bcd130
8b19cd08f
8b080cfef
8af60cf4e
8ae44cead
8ad28ce0c
8ac10cd6b
8aaf4ccca
8a9dccc28
8a8c4cb87
8a7accae5
8a694ca44
8a580c9a2
8a46cc900
8a358c85f
8a244c7bd
8a134c71b
8a020c679
89f10c5d6
89e00c534
89cf4c492
89be4c3ef
89ad8c34d
899ccc2aa
898c0c207
897b8c164
896acc0c1
895a4c01e
8949cbf7b
89398bed8
89290be35
8918cbd91
89088bcee
88f84bc4a
88e84bba7
88d80bb03
88c80ba5f
88b80b9bb
88a80b917
88984b873
88888b7cf
8878cb72b
88690b686
88594b5e2
8849cb53d
883a4b499
882acb3f4
881b4b34f
880bcb2ab
87fc8b206
87ed4b161
87de0b0bc
87cf0b016
87bfcaf71
87b0caecc
87a1cae27
8792cad81
87840acdb
87754ac36
87664ab90
8757caaea
87490aa44
873a8a99e
872bca8f8
871d8a852
870f0a7ac
87008a706
86f24a660
86e40a5b9
86d5ca513
86c7ca46c
86b98a3c5
86ab8a31f
869d8a278
868f8a1d1
8681ca12a
86740a083
866649fdc
865889f35
864ac9e8e
863d49de6
862fc9d3f
862249c97
8614c9bf0
860789b48
85fa09aa1
85ecc99f9
85df89951
85d2898a9
85c589801
85b849759
85ab896b1
859e89609
859189561
8584c94b8
857809410
856b49367
855ec92bf
855249216
8545c916e
8539490c5
852cc901c
852088f73
851408eca
850808e21
84fbc8d78
84ef88ccf
84e388c26
84d788b7d
84cb88ad4
84bfc8a2a
84b3c8981
84a8088d7
849c4882e
849088784
8485086da
847988631
846e08587
8462884dd
845748433
844bc8389
8440882df
843548235
842a4818b
841f080e0
841408036
840907f8c
83fe07ee1
83f347e37
83e887d8c
83ddc7ce2
83d307c37
83c847b8c
83bdc7ae2
83b347a37
83a8c798c
839e478e1
839407836
8389c778b
837f876e0
837547635
836b4758a
8361074de
835707433
834d07388
8343472dc
833947231
832f87185
8325c70da
831c4702e
831286f82
830906ed7
82ff86e2b
82f606d7f
82ecc6cd3
82e386c27
82da46b7b
82d106acf
82c7c6a23
82bec6977
82b5c68cb
82acc681f
82a3c6772
829b066c6
82924661a
82898656d
8280c64c1
827806414
826f86368
8267062bb
825e8620e
825646162
824dc60b5
824586008
823d45f5b
823545eae
822d05e02
822505d55
821d05ca8
821505bfb
820d45b4d
820585aa0
81fdc59f3
81f605946
81ee45899
81e6c57eb
81df4573e
81d7c5691
81d0455e3
81c905536
81c1c5488
81ba853db
81b34532d
81ac45280
81a5051d2
819e05124
819745077
819044fc9
818984f1b
8182c4e6d
817c04dbf
817544d11
816ec4c63
816844bb5
8161c4b07
815b44a59
8155049ab
814ec48fd
81488484f
8142447a1
813c046f3
813604644
813004596
812a044e8
812444439
811e8438b
8118842dd
81130422e
810d44180
8107c40d1
810204023
80fc83f74
80f743ec6
80f1c3e17
80ec83d68
80e743cba
80e203c0b
80dd03b5c
80d803aad
80d3039ff
80ce03950
80c9038a1
80c4437f2
80bf83743
80bac3694
80b6035e5
80b183536
80ad03487
80a8833d8
80a403329
809fc327a
809b431cb
80970311c
80930306d
808ec2fbe
808ac2f0f
8086c2e5f
8082c2db0
807ec2d01
807b02c52
807742ba3
807382af3
806fc2a44
806c42995
8068c28e5
806542836
8061c2786
805e826d7
805b02628
8057c2578
8054c24c9
805182419
804e8236a
804b822ba
80488220b
80458215b
8042c20ac
804001ffc
803d41f4c
803a81e9d
803801ded
803581d3d
803301c8e
803081bde
802e41b2e
802c01a7f
8029c19cf
80278191f
802541870
8023417c0
802141710
801f41660
801d815b1
801b81501
8019c1451
8018013a1
8016812f2
8014c1242
801341192
8011c10e2
801081032
800f00f82
800dc0ed3
800c80e23
800b40d73
800a40cc3
800900c13
800800b63
800740ab3
800640a03
800580953
8004c08a4
8004007f4
800340744
8002c0694
8002405e4
8001c0534
800140484
8001003d4
800080324
800080274
8000401c4
800040114
800040065
80007ffb5
80007ff05
80007fe55
80007fda5
8000bfcf5
8000ffc45
80017fb95
8001ffae5
80023fa35
8002bf985
80037f8d5
8003ff825
8004bf776
80057f6c6
80067f616
80073f566
80083f4b6
80093f406
800a3f356
800b7f2a6
800c7f1f6
800dbf147
800eff097
80107efe7
8011bef37
80133ee87
8014bedd7
80167ed28
8017fec78
8019bebc8
801b7eb18
801d7ea68
801f3e9b9
80213e909
80233e859
80253e7a9
80277e6fa
80297e64a
802bbe59a
802e3e4eb
80307e43b
8032fe38b
80353e2dc
8037fe22c
803a7e17c
803d3e0cd
803fbe01d
8042bdf6e
80457debe
80483de0e
804b3dd5f
804e3dcaf
80513dc00
80547db50
8057bdaa1
805afd9f1
805e3d942
80617d893
8064fd7e3
80687d734
806bfd685
806f7d5d5
80733d526
8076fd477
807abd3c7
807e7d318
80827d269
80863d1ba
808a3d10a
808e7d05b
80927cfac
8096bcefd
809afce4e
809f3cd9f
80a3bccf0
80a7fcc41
80ac7cb92
80b0fcae3
80b5bca34
80ba3c985
80befc8d6
80c3bc827
80c87c778
80cd7c6c9
80d27c61a
80d77c56c
80dc7c4bd
80e17c40e
80e6bc35f
80ebfc2b1
80f13c202
80f6bc153
80fbfc0a5
81017bff6
8106fbf48
810cbbe99
81123bdeb
8117fbd3c
811dbbc8e
8123bbbdf
81297bb31
812f7ba83
81357b9d5
813b7b926
81417b878
8147bb7ca
814dfb71c
81543b66e
815abb5c0
8160fb511
81677b463
816dfb3b5
8174bb308
817b3b25a
8181fb1ac
8188bb0fe
818f7b050
81967afa2
819d3aef5
81a43ae47
81ab7ad99
81b27acec
81b9bac3e
81c0fab91
81c83aae3
81cf7aa36
81d6fa988
81de7a8db
81e5fa82d
81ed7a780
81f4fa6d3
81fcba626
82047a578
820c3a4cb
82143a41e
821c3a371
8223fa2c4
822c3a217
82343a16a
823c7a0bd
82447a011
824cf9f64
825539eb7
825d79e0a
8265f9d5e
826e79cb1
8276f9c04
827fb9b58
828879aab
8291399ff
8299f9953
82a2b98a6
82abb97fa
82b4b974e
82bdb96a2
82c6b95f5
82cff9549
82d8f949d
82e2393f1
82ebb9345
82f4f929a
82fe791ee
8307f9142
831179096
831af8fea
8324b8f3f
832e78e93
833838de8
8341f8d3c
834bf8c91
8355b8be5
835ff8b3a
8369f8a8f
8373f89e4
837e38939
83887888d
8392b87e2
839cf8737
83a77868c
83b1f85e2
83bc78537
83c6f848c
83d1b83e1
83dc78337
83e73828c
83f1f81e1
83fcb8137
8407b808d
8412b7fe2
841db7f38
8428b7e8e
8433f7de3
843f37d39
844a77c8f
8455b7be5
846137b3b
846c77a91
8477f79e8
84837793e
848f37894
849ab77eb
84a677741
84b237697
84be375ee
84c9f7545
84d5f749b
84e1f73f2
84edf7349
84fa372a0
8506771f7
85127714e
851ef70a5
852b36ffc
8537b6f53
8543f6eaa
855076e02
855d36d59
8569b6cb1
857676c08
858336b60
858ff6ab7
859cf6a0f
85a9b6967
85b6b68bf
85c3b6817
85d0b676f
85ddf66c7
85eb3661f
85f876577
8605b64d0
8612f6428
862076381
862df62d9
863b76232
8648f618a
8656b60e3
86647603c
867235f95
867ff5eee
868db5e47
869bb5da0
86a9b5cf9
86b7b5c52
86c5b5bac
86d3f5b05
86e235a5f
86f0759b8
86feb5912
870d3586c
871b757c5
8729f571f
873875679
8747355d3
8755b552d
876475488
8773353e2
8781f533c
8790f5297
879ff51f1
87aeb514c
87bdf50a6
87ccf5001
87dc34f5c
87eb34eb7
87fa74e12
8809f4d6d
881934cc8
8828b4c23
883834b7f
8847b4ada
885734a36
8866f4991
8876b48ed
888674849
8896347a4
88a5f4700
88b5f465c
88c5f45b8
88d5f4515
88e5f4471
88f6343cd
89067432a
8916b4286
8926f41e3
89373413f
8947b409c
895833ff9
8968b3f56
897933eb3
8989f3e10
899a73d6d
89ab33ccb
89bc33c28
89ccf3b86
89ddf3ae3
89eef3a41
89fff399f
8a10f38fd
8a21f385a
8a33337b9
8a4473717
8a55b3675
8a66f35d3
8a7873532
8a89f3490
8a9b733ef
8aacf334d
8abeb32ac
8ad03320b
8ae1f316a
8af3b30c9
8b0573028
8b1772f88
8b2972ee7
8b3b72e46
8b4d72da6
8b5f72d06
8b71b2c65
8b83f2bc5
8b9632b25
8ba872a85
8bbab29e5
8bcd32946
8bdfb28a6
8bf232806
8c04b2767
8c17726c8
8c2a32628
8c3cf2589
8c4fb24ea
8c627244b
8c75723ac
8c887230d
8c9b7226f
8cae721d0
8cc172132
8cd4b2093
8ce7f1ff5
8cfb31f57
8d0e71eb9
8d21f1e1b
8d3571d7d
8d48b1ce0
8d5c71c42
8d6ff1ba4
8d83b1b07
8d9731a6a
8daaf19cd
8dbef192f
8dd2b1892
8de6b17f6
8dfa71759
8e0e716bc
8e22b1620
8e36b1583
8e4af14e7
8e5f3144b
8e73713ae
8e87b1312
8e9c31277
8eb0711db
8ec4f113f
8ed9710a3
8eee31008
8f02b0f6d
8f1770ed1
8f2c30e36
8f40f0d9b
8f55f0d00
8f6ab0c66
8f7fb0bcb
8f94b0b30
8fa9b0a96
8fbef09fc
8fd3f0961
8fe9308c7
8ffe7082d
9013f0793
9029306f9
903eb0660
9054305c6
9069b052d
907f30494
9094b03fa
90aa70361
90c0302c8
90d5f022f
90ebb0197
9101b00fe
9117b0066
912daffcd
9143aff35
9159afe9d
916fefe05
9185efd6d
919c2fcd5
91b2afc3d
91c8efba6
91df2fb0e
91f5afa77
920c2f9e0
9222af949
92396f8b2
924fef81b
9266af784
927d6f6ee
92942f657
92ab2f5c1
92c1ef52b
92d8ef495
92efef3ff
9306ef369
931e2f2d3
93352f23e
934c6f1a8
9363af113
937aef07e
93926efe9
93a9aef54
93c12eebf
93d8aee2a
93f02ed95
9407aed01
941f6ec6d
94372ebd8
944eeeb44
9466aeab0
947e6ea1d
94966e989
94ae6e8f5
94c66e862
94de6e7cf
94f66e73b
950eae6a8
9526ee615
953f2e583
95576e4f0
956fae45d
95882e3cb
95a06e339
95b8ee2a7
95d1ae215
95ea2e183
9602ae0f1
961b6e05f
96342dfce
964cedf3d
9665edeab
967eade1a
9697add89
96b0adcf8
96c9adc68
96e2adbd7
96fbedb47
9714edab7
972e2da26
97476d996
9760ad907
977a2d877
9793ad7e7
97aced758
97c66d6c8
97e02d639
97f9ad5aa
98136d51b
982ced48d
9846ad3fe
9860ad36f
987a6d2e1
98946d253
98ae2d1c5
98c82d137
98e22d0a9
98fc6d01b
99166cf8e
9930acf01
994aece73
99652cde6
997f6cd59
9999ecccc
99b42cc40
99ceacbb3
99e92cb27
9a03aca9b
9a1e6ca0e
9a38ec982
9a53ac8f7
9a6e6c86b
9a892c7df
9aa42c754
9abeec6c9
9ad9ec63e
9af4ec5b3
9b0fec528
9b2aec49d
9b462c413
9b612c388
9b7c6c2fe
9b97ac274
9bb2ec1ea
9bce6c160
9be9ac0d7
9c052c04d
9c20abfc4
9c3c2bf3b
9c57abeb2
9c736be29
9c8f2bda0
9caaebd17
9cc6abc8f
9ce26bc07
9cfe2bb7f
9d1a2baf7
9d362ba6f
9d522b9e7
9d6e2b95f
9d8a2b8d8
9da66b851
9dc26b7ca
9ddeab743
9dfaeb6bc
9e172b635
9e33ab5af
9e4feb528
9e6c6b4a2
9e88eb41c
9ea56b396
9ec22b311
9edeab28b
9efb6b206
9f182b180
9f34eb0fb
9f51ab076
9f6e6aff1
9f8b6af6d
9fa82aee8
9fc52ae64
9fe22ade0
9fff6ad5c
a01c6acd8
a039aac54
a056eabd1
a0742ab4d
a0916aaca
a0aeaaa47
a0cc2a9c4
a0e96a941
a106ea8bf
a1246a83c
a141ea7ba
a15faa738
a17d2a6b6
a19aea634
a1b8aa5b2
a1d66a531
a1f42a4af
a2122a42e
a22fea3ad
a24dea32c
a26bea2ac
a289ea22b
a2a7ea1ab
a2c62a12a
a2e46a0aa
a3026a02a
a320a9fab
a33f29f2b
a35d69eac
a37ba9e2d
a39a29dad
a3b8a9d2f
a3d729cb0
a3f5a9c31
a41429bb3
a432e9b35
a451a9ab6
a47029a38
a48ee99bb
a4ade993d
a4cca98c0
a4eb69842
a50a697c5
a52969748
a548696cc
a5676964f
a586a95d3
a5a5a9556
a5c4e94da
a5e42945e
a603693e2
a622a9367
a641e92eb
a66169270
a680e91f5
a6a02917a
a6bfa90ff
a6df69085
a6fee900a
a71ea8f90
a73e28f16
a75de8e9c
a77da8e22
a79d68da9
a7bd68d2f
a7dd28cb6
a7fd28c3d
a81d28bc4
a83d28b4c
a85d28ad3
a87d28a5b
a89d289e3
a8bd6896a
a8dda88f3
a8fde887b
a91e28803
a93e6878c
a95ee8715
a97f2869e
a99fa8627
a9c0285b1
a9e0a853a
aa01284c4
aa21e844e
aa42683d8
aa6328362
aa83e82ec
aaa4a8277
aac568202
aae62818d
ab0728118
ab27e80a3
ab48e802f
ab69e7fba
ab8ae7f46
abac27ed2
abcd27e5e
abee67deb
ac0f67d77
ac30a7d04
ac51e7c91
ac7327c1e
ac94a7bab
acb5e7b39
acd767ac6
acf8e7a54
ad1a679e2
ad3be7970
ad5d678fe
ad7f2788d
ada0a781c
adc2677ab
ade42773a
ae05e76c9
ae27a7658
ae49675e8
ae6b67578
ae8d27508
aeaf27498
aed127428
aef3273b9
af1567349
af37672da
af596726b
af7ba71fc
af9de718e
afc02711f
afe2670b1
b004a7043
b02726fd5
b04966f68
b06be6efa
b08e66e8d
b0b0e6e20
b0d366db3
b0f5e6d46
b118a6cda
b13b66c6d
b15de6c01
b180a6b95
b1a366b29
b1c626abe
b1e926a52
b20be69e7
b22ee697c
b251e6911
b274a68a7
b297e683c
b2bae67d2
b2dde6768
b300e66fe
b32426694
b3476662a
b36aa65c1
b38de6558
b3b1264ef
b3d466486
b3f7e641e
b41b263b5
b43ea634d
b462262e5
b485a627d
b4a926215
b4cca61ae
b4f066147
b513e60e0
b537a6079
b55b66012
b57f25fac
b5a2e5f45
b5c6a5edf
b5eaa5e79
b60e65e13
b63265dae
b65665d49
b67a65ce3
b69e65c7e
b6c265c1a
b6e665bb5
b70aa5b51
b72ea5aed
b752e5a89
b77725a25
b79b659c1
b7bfa595e
b7e4258fb
b80865898
b82ce5835
b851257d2
b875a5770
b89a2570d
b8bea56ab
b8e32564a
b907e55e8
b92c65587
b95125525
b975a54c4
b99a65463
b9bf25403
b9e3e53a2
ba08e5342
ba2da52e2
ba52a5282
ba7765222
ba9c651c3
bac165164
bae665105
bb0b650a6
bb3065047
bb55a4fe9
bb7aa4f8a
bb9fe4f2c
bbc524ece
bbea64e71
bc0fa4e13
bc34e4db6
bc5a24d59
bc7fa4cfc
bca4e4c9f
bcca64c43
bcefe4be6
bd1524b8a
bd3ae4b2f
bd6064ad3
bd85e4a77
bdab64a1c
bdd1249c1
bdf6e4966
be1c6490c
be42248b1
be67e4857
be8da47fd
beb3a47a3
bed964749
beff246f0
bf2524697
bf4b2463e
bf71245e5
bf972458c
bfbd24534
bfe3244db
c00924483
c02f6442c
c055643d4
c07ba437d
c0a1e4325
c0c8242ce
c0ee64278
c114a4221
c13ae41cb
c16164174
c187a411e
c1ae240c9
c1d464073
c1fae401e
c22163fc9
c247e3f74
c26e63f1f
c29523eca
c2bba3e76
c2e263e22
c308e3dce
c32fa3d7a
c35663d27
c37d23cd4
c3a3e3c81
c3caa3c2e
c3f163bdb
c41863b89
c43f23b36
c46623ae4
c48d23a93
c4b423a41
c4db239f0
c5022399e
c5292394d
c550238fd
c577638ac
c59e6385c
c5c5a380c
c5eca37bc
c613e376c
c63b2371d
c662636cd
c689a367e
c6b12362f
c6d8635e1
c6ffa3592
c72723544
c74ea34f6
c775e34a8
c79d6345a
c7c4e340d
c7ec633c0
c81423373
c83ba3326
c863232da
c88ae328d
c8b263241
c8da231f5
c901e31aa
c929a315e
c95163113
c979230c8
c9a0e307d
c9c8e3032
c9f0a2fe8
ca18a2f9e
ca4062f54
ca6862f0a
ca9062ec0
cab862e77
cae062e2e
cb0862de5
cb3062d9c
cb5862d54
cb80a2d0c
cba8a2cc4
cbd0e2c7c
cbf8e2c34
cc2122bed
cc4962ba6
cc71a2b5f
cc99e2b18
ccc222ad1
cceaa2a8b
cd12e2a45
cd3b229ff
cd63a29b9
cd8c22974
cdb46292f
cddce28ea
ce05628a5
ce2de2860
ce566281c
ce7ee27d8
cea7a2794
ced022750
cef8a270d
cf21626c9
cf4a22686
cf72a2643
cf9b62601
cfc4225be
cfece257c
d015a253a
d03e624f8
d067624b7
d09022476
d0b922434
d0e1e23f4
d10ae23b3
d133a2373
d15ca2332
d185a22f2
d1aea22b3
d1d7a2273
d200a2234
d229a21f5
d252e21b6
d27be2177
d2a522139
d2ce220fa
d2f7620bc
d3206207f
d349a2041
d372e2004
d39c21fc6
d3c561f8a
d3eea1f4d
d41821f10
d44161ed4
d46aa1e98
d49421e5c
d4bd61e21
d4e6e1de5
d51061daa
d539a1d6f
d56321d35
d58ca1cfa
d5b621cc0
d5dfa1c86
d60921c4c
d632e1c13
d65c61bd9
d685e1ba0
d6afa1b67
d6d921b2f
d702e1af6
d72ca1abe
d75621a86
d77fe1a4e
d7a9a1a17
d7d3619df
d7fd219a8
d826e1971
d850e193b
d87aa1904
d8a4618ce
d8ce61898
d8f821862
d9222182d
d94c217f7
d975e17c2
d99fe178e
d9c9e1759
d9f3e1724
da1de16f0
da47e16bc
da71e1689
da9be1655
dac621622
daf0215ef
db1a215bc
db4461589
db6ea1557
db98a1525
dbc2e14f3
dbed214c1
dc1721490
dc416145e
dc6ba142d
dc95e13fd
dcc0213cc
dceaa139c
dd14e136c
dd3f2133c
dd696130c
dd93e12dd
ddbe212ae
dde8a127f
de12e1250
de3d61221
de67e11f3
de92611c5
debce1197
dee72116a
df11a113c
df3c2110f
df66e10e2
df91610b5
dfbbe1089
dfe66105d
e01121031
e03ba1005
e06620fd9
e090e0fae
e0bb60f83
e0e620f58
e110e0f2d
e13ba0f03
e16620ed9
e190e0eaf
e1bba0e85
e1e660e5c
e21120e32
e23be0e09
e266a0de1
e29160db8
e2bc60d90
e2e720d68
e311e0d40
e33ce0d18
e367a0cf1
e392a0cc9
e3bd60ca3
e3e860c7c
e41360c55
e43e20c2f
e46920c09
e49420be3
e4bf20bbe
e4ea20b98
e51520b73
e54020b4e
e56b20b2a
e59620b05
e5c120ae1
e5ec20abd
e61760a99
e64260a76
e66d60a53
e698a0a30
e6c3a0a0d
e6eee09ea
e719e09c8
e745209a6
e77020984
e79b60962
e7c6a0941
e7f1a0920
e81ce08ff
e848208de
e873608bd
e89ea089d
e8c9e087d
e8f52085d
e9206083e
e94ba081f
e976e07ff
e9a2607e1
e9cda07c2
e9f8e07a4
ea2420785
ea4fa0767
ea7ae074a
eaa66072c
ead1a070f
eafd206f2
eb28606d5
eb53e06b9
eb7f2069c
ebaaa0680
ebd620665
ec01a0649
ec2ce062e
ec5860613
ec83e05f8
ecaf605dd
ecdae05c3
ed06605a8
ed31e058e
ed5d60575
ed88e055b
edb460542
eddfe0529
ee0b60510
ee37204f7
ee62a04df
ee8e204c7
eeb9a04af
eee560498
ef10e0480
ef3ca0469
ef6820452
ef93a043b
efbf60425
efeae040f
f016a03f9
f042603e3
f06de03cd
f099a03b8
f0c5203a3
f0f0e038e
f11ca037a
f14860365
f173e0351
f19fa033d
f1cb6032a
f1f720316
f222e0303
f24ea02f0
f27a602de
f2a6202cb
f2d1e02b9
f2fda02a7
f32960295
f35520284
f380e0272
f3aca0261
f3d860250
f40420240
f42fe022f
f45ba021f
f487a020f
f4b360200
f4df201f0
f50ae01e1
f536e01d2
f562a01c4
f58e601b5
f5ba601a7
f5e620199
f611e018b
f63de017e
f669a0170
f695a0163
f6c160156
f6ed6014a
f7192013d
f74520131
f770e0125
f79ce011a
f7c8a010e
f7f4a0103
f820600f8
f84c600ee
f878600e3
f8a4200d9
f8d0200cf
f8fc200c5
f927e00bc
f953e00b2
f97fe00a9
f9aba00a0
f9d7a0098
fa03a008f
fa2fa0087
fa5b6007f
fa8760078
fab360070
fadf60069
fb0b20062
fb372005c
fb6320055
fb8f2004f
fbbb20049
fbe720043
fc12e003e
fc3ee0038
fc6ae0033
fc96e002f
fcc2e002a
fceee0026
fd1ae0022
fd46a001e
fd72a001a
fd9ea0017
fdcaa0014
fdf6a0011
fe22a000e
fe4ea000b
fe7aa0009
fea6a0007
fed2a0006
fefea0004
ff2a60003
ff5660002
ff8260001
ffae60001
ffda60001
660001
3260001
5e60001
8a60001
b660002
e260003
10e60004
13a60006
16660008
1922000a
1be2000c
1ea2000f
21620011
24220014
26e20018
29a2001b
2c62001f
2f220023
31e20027
349e002b
375e0030
3a1e0035
3cde003a
3f9e003f
425e0045
451e004b
47da0051
4a9a0057
4d5a005e
501a0064
52da006b
55960072
5856007a
5b160082
5dd6008a
60920092
6352009a
661200a3
68d200ac
6b8e00b5
6e4e00be
710e00c8
73ca00d2
768a00dc
794600e6
7c0600f1
7ec600fb
81820106
84420112
86fe011d
89be0129
8c7a0135
8f3a0141
91f6014d
94b6015a
97720167
9a320174
9cee0181
9fae018f
a26a019d
a52601ab
a7e601b9
aaa201c8
ad5e01d6
b01e01e5
b2da01f5
b5960204
b8520214
bb120224
bdce0234
c08a0244
c3460255
c6020266
c8be0277
cb7a0289
ce36029a
d0f202ac
d3ae02be
d66a02d0
d92602e3
dbe202f6
de9e0309
e15a031c
e416032f
e6d20343
e98e0357
ec46036b
ef020380
f1be0394
f47603a9
f73203be
f9ee03d4
fca603e9
ff6203ff
1021a0415
104d6042b
1078e0442
10a4a0459
10d020470
10fbe0487
11276049e
1152e04b6
117ea04ce
11aa204e6
11d5a04fe
120120517
122ce0530
125860549
1283e0562
12af6057c
12dae0596
1306605b0
1331e05ca
135d605e5
1388e05ff
13b42061a
13dfa0635
140b20651
1436a066d
1461e0688
148d606a5
14b8e06c1
14e4206de
150fa06fa
153ae0717
156660735
1591a0752
15bd20770
15e86078e
1613a07ac
163f207cb
166a607e9
1695a0808
16c0e0827
16ec20847
171760866
1742a0886
176de08a6
1799208c7
17c4608e7
17efa0908
181ae0929
18462094a
18712096c
189c6098d
18c7a09af
18f2a09d2
191de09f4
1948e0a17
197420a3a
199f20a5d
19ca20a80
19f560aa4
1a2060ac7
1a4b60aeb
1a7660b10
1aa160b34
1acc60b59
1af760b7e
1b2260ba3
1b4d60bc8
1b7860bee
1ba360c14
1bce60c3a
1bf920c60
1c2420c87
1c4f20cae
1c79e0cd5
1ca4e0cfc
1ccfa0d23
1cfaa0d4b
1d2560d73
1d5020d9b
1d7ae0dc4
1da5e0dec
1dd0a0e15
1dfb60e3e
1e2620e68
1e50e0e91
1e7ba0ebb
1ea620ee5
1ed0e0f0f
1efba0f3a
1f2660f64
1f50e0f8f
1f7ba0fba
1fa620fe6
1fd0e1011
1ffb6103d
2025e1069
2050a1096
207b210c2
20a5a10ef
20d02111c
20faa1149
212521177
214fa11a4
217a211d2
21a4a1200
21cee122f
21f96125d
2223e128c
224e212bb
2278a12ea
22a2e131a
22cd21349
22f7a1379
2321e13aa
234c213da
23766140b
23a0a143b
23cae146d
23f52149e
241f614cf
244961501
2473a1533
249de1565
24c7e1598
24f2215ca
251c215fd
254621630
257061664
259a61697
25c4616cb
25ee616ff
261861733
264261768
266c6179d
2696617d2
26c021807
26ea2183c
271421872
273de18a7
2767a18de
2791a1914
27bb6194a
27e521981
280ee19b8
2838a19ef
286261a27
288c21a5e
28b5e1a96
28dfa1ace
290961b06
2932e1b3f
295ca1b78
298621bb1
29afe1bea
29d961c23
2a02e1c5d
2a2c61c97
2a55e1cd1
2a7f61d0b
2aa8e1d46
2ad261d80
2afbe1dbb
2b2521df6
2b4ea1e32
2b7821e6d
2ba161ea9
2bcaa1ee5
2bf421f22
2c1d61f5e
2c46a1f9b
2c6fe1fd8
2c9922015
2cc262053
2ceba2090
2d14a20ce
2d3de210c
2d66e214a
2d9022189
2db9221c8
2de262207
2e0b62246
2e3462285
2e5d622c5
2e8662305
2eaf62345
2ed822385
2f01223c5
2f2a22406
2f52e2447
2f7be2488
2fa4a24ca
2fcd6250b
2ff62254d
301ee258f
3047a25d1
307062614
309922656
30c1e2699
30ea626dc
311322720
313ba2763
3164627a7
318ce27eb
31b56282f
31dde2874
3206628b8
322ee28fd
325762942
327fe2988
32a8229cd
32d0a2a13
32f8e2a59
332162a9f
3349a2ae5
3371e2b2c
339a22b73
33c262bba
33eaa2c01
3412a2c49
343ae2c90
346322cd8
348b22d20
34b362d69
34db62db1
350362dfa
352b62e43
355362e8c
357b62ed5
35a362f1f
35cb22f69
35f322fb3
361b22ffd
3642e3048
366aa3092
3692630dd
36ba63128
36e1e3174
3709a31bf
37316320b
375923257
3780a32a3
37a8632ef
37cfe333c
37f7a3389
381f233d6
3846a3423
386e23471
3895a34be
38bce350c
38e46355a
390be35a9
3933235f7
395a63646
3981e3695
39a9236e4
39d063733
39f7a3783
3a1ea37d3
3a45e3823
3a6d23873
3a94238c3
3abb63914
3ae263965
3b09639b6
3b3063a07
3b5763a58
3b7e63aaa
3ba523afc
3bcc23b4e
3bf323ba0
3c19e3bf3
3c40a3c45
3c6763c98
3c8e23cec
3cb4e3d3f
3cdba3d92
3d0263de6
3d2923e3a
3d4fa3e8e
3d7623ee3
3d9ce3f37
3dc363f8c
3de9e3fe1
3e1064036
3e36e408c
3e5d240e1
3e83a4137
3ea9e418d
3ed0641e3
3ef6a423a
3f1ce4290
3f43242e7
3f696433e
3f8fa4396
3fb5a43ed
3fdbe4445
4001e449d
4028244f5
404e2454d
4074245a5
409a245fe
40c024657
40e5e46b0
410be4709
4131a4763
4157a47bd
417d64816
41a324871
41c8e48cb
41eea4925
421464980
4239e49db
425fa4a36
428524a91
42aaa4aed
42d024b49
42f5a4ba5
431b24c01
4340a4c5d
436624cba
438b64d16
43b0a4d73
43d624dd0
43fb64e2e
4420a4e8b
4445e4ee9
446ae4f47
449024fa5
44b565004
44da65062
44ff650c1
452465120
45496517f
456e651de
45936523e
45b86529d
45dd252fd
4601e535d
4626e53be
464ba541e
46706547f
4694e54e0
46b9a5541
46de655a2
4702e5604
472765666
474c256c7
4770a572a
47952578c
47b9657ee
47dde5851
4802658b4
4826a5917
484ae597a
486f259de
489365a41
48b7a5aa5
48dbe5b09
48ffe5b6d
492425bd2
494825c36
496c25c9b
499025d00
49b425d66
49d825dcb
49fc25e31
4a1fe5e96
4a43e5efc
4a67a5f62
4a8b65fc9
4aaf2602f
4ad2e6096
4af6660fd
4b1a26164
4b3da61cb
4b6166233
4b84e629b
4ba866303
4bcba636b
4bef263d3
4c12a643b
4c35e64a4
4c592650d
4c7ca6576
4c9fe65df
4cc2e6649
4ce6266b2
4d096671c
4d2c66786
4d4f667f0
4d72a685a
4d95a68c5
4db866930
4ddb6699b
4dfe66a06
4e2126a71
4e43e6adc
4e66e6b48
4e89a6bb4
4eac26c20
4ecee6c8c
4ef1a6cf9
4f1426d65
4f36a6dd2
4f5926e3f
4f7ba6eac
4f9e26f1a
4fc0a6f87
4fe2e6ff5
500567063
5027a70d1
5049e713f
506c271ad
508e6721c
50b0a728b
50d2a72fa
50f4a7369
5116e73d8
5138e7448
515ae74b8
517ca7528
519ea7598
51c067608
51e267678
5204276e9
5225e775a
5247a77cb
52692783c
528ae78ad
52ac6791f
52cde7991
52efa7a03
5310e7a75
533267ae7
5353e7b59
537527bcc
5396a7c3f
53b7e7cb2
53d927d25
53fa67d98
541b67e0c
543ca7e7f
545da7ef3
547ee7f67
549fe7fdc
54c0a8050
54e1a80c4
5502a8139
5523681ae
554468223
556528299
5585e830e
55a6a8384
55c7283f9
55e7e846f
5608684e6
5628e855c
5649685d2
5669e8649
568a686c0
56aaa8737
56cb287ae
56eb68826
570ba889d
572be8915
574c2898d
576c28a05
578c68a7d
57ac68af5
57cc68b6e
57ec68be7
580c68c60
582c28cd9
584c28d52
586be8dcc
588ba8e45
58ab68ebf
58cb28f39
58eae8fb3
590a6902d
5929e90a8
5949a9122
59692919d
598869218
59a7e9293
59c72930f
59e6a938a
5a05e9406
5a2529482
5a44694fe
5a636957a
0
