7fffc0000
7fffc0000
1ffff
7fffc0000
5a8296a0a
1ffff
a57d96a0a
7fffc0000
7641cc3ef
5a8296a0a
30fbdd907
7fffc0000
30fbdd907
a57d96a0a
89be73c11
7fffc0000
7d8a463e3
7641cc3ef
6a6d91c74
7fffc0000
471d1a9b6
cf045d907
8275c63e3
7fffc0000
6a6d91c74
30fbdd907
e7075f629
7fffc0000
18f8df629
89be4c3ef
b8e32564a
7fffc0000
7f624322f
7d8a463e3
7a7d094a0
7641cc3ef
70e2cf15b
6a6d91c74
62f2144cf
5a8296a0a
5133d8bc8
471d1a9b6
3c56dc38b
30fbdd907
25281e9f4
18f8df629
c8bdfd89
1ffff
f3745fd89
e7075f629
dad81e9f4
cf045d907
c3a95c38b
b8e31a9b6
aecc58bc8
a57d96a0a
9d0e144cf
959291c74
8f1d4f15b
89be4c3ef
8583094a0
8275c63e3
809dc322f
7fffc0000
7fd88191f
7f624322f
7e9d44b20
7d8a463e3
7c2a07c68
7a7d094a0
78848ac7d
7641cc3ef
73b60dae9
70e2cf15b
6dca10738
6a6d91c74
66cf930ff
62f2144cf
5ed7957d7
5a8296a0a
55f5d7b5e
5133d8bc8
4c3fd9b3e
471d1a9b6
41ce1b728
3c56dc38b
36ba5ced8
30fbdd907
2b1f5e212
25281e9f4
1f1a1f0a8
18f8df629
12c81fa75
c8bdfd89
647dff62
7fffc0000
7e9d44b20
7a7d094a0
73b60dae9
6a6d91c74
5ed7957d7
5133d8bc8
41ce1b728
30fbdd907
1f1a1f0a8
c8bdfd89
f9b85ff62
e7075f629
d4e0de212
c3a95c38b
b3c059b3e
a57d96a0a
9930930ff
8f1d4f15b
877b8ac7d
8275c63e3
80278191f
809dfcdd1
83d638398
89be73c11
92362f8c8
9d0e2bb31
aa0a684a2
b8e32564a
c945e3128
dad82160c
ed382058b
7fffc0000
7ff640c91
7fd88191f
7fa7425aa
7f624322f
7f0983ead
7e9d44b20
7e1d85788
7d8a463e3
7ce3c702e
7c2a07c68
7b5d0888f
7a7d094a0
798a4a09b
78848ac7d
776c4b844
7641cc3ef
7504ccf7c
73b60dae9
72554e633
70e2cf15b
6f5f0fc5d
6dca10738
6c24511eb
6a6d91c74
68a6926d0
66cf930ff
64e893b00
62f2144cf
60ec54e6d
5ed7957d7
5cb45610b
7fffc0000
7f0983ead
7c2a07c68
776c4b844
70e2cf15b
68a6926d0
5ed7957d7
539b583b1
471d1a9b6
398cdc955
2b1f5e212
1c0b9f38f
c8bdfd89
fcdbdffd9
ed381fa75
dddc5ed74
cf045d907
c0e8dbd7c
b3c059b3e
a7bd572d1
9d0e144cf
93dbd11eb
8c4a0dae9
8675ca09b
8275c63e3
8058c25aa
8027be6e1
81e2ba878
858336b60
8afb73084
92362f8c8
9b17ac500
7fffc0000
7fa7425aa
7e9d44b20
7ce3c702e
7a7d094a0
776c4b844
73b60dae9
6f5f0fc5d
6a6d91c74
64e893b00
5ed7957d7
5842d72d1
5133d8bc8
49b41a29a
41ce1b728
398cdc955
30fbdd907
2826de629
1f1a1f0a8
15e21f876
c8bdfd89
3245ffd9
f9b85ff62
f054dfc26
e7075f629
dddc5ed74
d4e0de212
cc211d413
c3a95c38b
bb855b091
b3c059b3e
ac64d83b1
7fffc0000
7e1d85788
78848ac7d
6f5f0fc5d
62f2144cf
539b583b1
41ce1b728
2e111ddb1
18f8df629
3245ffd9
ed381fa75
d7d95e629
c3a95c38b
b140193a2
a128957d7
93dbd11eb
89be4c3ef
831c4702e
80278191f
80f6bc153
858336b60
8daaf19cd
9930acf01
a7bd68d2f
b8e32564a
cc2122bed
e0e620f58
f695a0163
c8be0277
2223e128c
36ba63128
49b425d66
7fffc0000
7ffd80648
7ff640c91
7fe9c12d8
7fd88191f
7fc241f65
7fa7425aa
7f8742bee
7f624322f
7f384386f
7f0983ead
7ed6044e8
7e9d44b20
7e6005156
7e1d85788
7dd685db7
7d8a463e3
7d3986a0b
7ce3c702e
7c894764d
7c2a07c68
7bc60827e
7b5d0888f
7aef88e9a
7a7d094a0
7a0609aa1
798a4a09b
7909ca68f
78848ac7d
77facb264
776c4b844
76d94be1d
7641cc3ef
75a58c9b9
7504ccf7c
745f8d536
73b60dae9
7307ce092
72554e633
719e4ebcc
70e2cf15b
70230f6e1
6f5f0fc5d
6e96d01d0
6dca10738
6cf950c97
6c24511eb
6b4b11735
6a6d91c74
698c521a8
68a6926d0
67bd12bee
66cf930ff
65de13606
64e893b00
63ef53fee
62f2144cf
61f1149a4
60ec54e6d
5fe3d5328
5ed7957d7
5dc795c78
5cb45610b
5b9d16592
5a8296a0a
596496e74
5842d72d1
571e1771e
55f5d7b5e
54ca17f8f
539b583b1
5269187c4
5133d8bc8
4ffb98fbd
4ec0193a2
4d8199778
4c3fd9b3e
4afb99ef4
49b41a29a
486a1a631
471d1a9b6
45cd5ad2c
447adb091
4325db3e5
41ce1b728
40741ba5b
3f175bd7c
3db85c08c
3c56dc38b
3af31c679
398cdc955
38249cc1f
36ba5ced8
354d9d17e
33df1d413
326e5d696
30fbdd907
2f875db65
2e111ddb1
2c991dfeb
2b1f5e212
29a3de427
2826de629
26a85e818
25281e9f4
23a69ebbe
2223ded74
209f9ef18
1f1a1f0a8
1d935f225
1c0b9f38f
1a82df4e6
18f8df629
176ddf75a
15e21f876
14559f980
12c81fa75
113a1fb58
fab5fc26
e1bdfce1
c8bdfd89
afb9fe1d
96a9fe9d
7d95ff09
647dff62
4b61ffa7
3245ffd9
1921fff6
1ffff
fe6e1fff6
fcdbdffd9
fb4a1ffa7
f9b85ff62
f826dff09
f6959fe9d
f5049fe1d
f3745fd89
f1e45fce1
f054dfc26
eec61fb58
ed381fa75
ebaa9f980
ea1e1f876
e8925f75a
e7075f629
e57d5f4e6
e3f49f38f
e26cdf225
e0e61f0a8
df609ef18
dddc5ed74
dc599ebbe
dad81e9f4
d957de818
d7d95e629
d65c5e427
d4e0de212
d3671dfeb
d1ef1ddb1
d078ddb65
cf045d907
cd91dd696
cc211d413
cab29d17e
c945dced8
c7db9cc1f
c6735c955
c50d1c679
c3a95c38b
c247dc08c
c0e8dbd7c
bf8c1ba5b
be321b728
bcda5b3e5
bb855b091
ba32dad2c
b8e31a9b6
b7961a631
b64c1a29a
b50499ef4
b3c059b3e
b27e99778
b140193a2
b00498fbd
aecc58bc8
ad97187c4
ac64d83b1
ab3617f8f
aa0a57b5e
a8e21771e
a7bd572d1
a69b96e74
a57d96a0a
a46316592
a34bd610b
a23895c78
a128957d7
a01c55328
9f13d4e6d
9e0f149a4
9d0e144cf
9c10d3fee
9b1793b00
9a2213606
9930930ff
984312bee
9759926d0
9673d21a8
959291c74
94b511735
93dbd11eb
9306d0c97
923610738
9169501d0
90a10fc5d
8fdd0f6e1
8f1d4f15b
8e61cebcc
8daace633
8cf84e092
8c4a0dae9
8ba08d536
8afb4cf7c
8a5a8c9b9
89be4c3ef
8926cbe1d
8893cb844
88054b264
877b8ac7d
86f64a68f
8675ca09b
85fa09aa1
8583094a0
851088e9a
84a30888f
843a0827e
83d607c68
8376c764d
831c4702e
82c686a0b
8275c63e3
822985db7
81e285788
81a005156
8162c4b20
812a044e8
80f683ead
80c7c386f
809dc322f
8078c2bee
8058c25aa
803dc1f65
80278191f
8016412d8
8009c0c91
800280648
7fffc0000
7fff80324
7ffd80648
7ffa8096d
7ff640c91
7ff080fb5
7fe9c12d8
7fe1c15fc
7fd88191f
7fce01c43
7fc241f65
7fb582288
7fa7425aa
7f97c28cc
7f8742bee
7f7542f0f
7f624322f
7f4e0354f
7f384386f
7f2183b8e
7f0983ead
7ef0441cb
7ed6044e8
7eba44804
7e9d44b20
7e7f44e3b
7e6005156
7e3f4546f
7e1d85788
7dfa85aa0
7dd685db7
7db1060ce
7d8a463e3
7d62866f7
7d3986a0b
7d0f46d1d
7ce3c702e
7cb74733e
7c894764d
7c5a4795b
7c2a07c68
7bf887f73
7bc60827e
7b9208587
7b5d0888f
7b26c8b95
7aef88e9a
7ab6c919e
7a7d094a0
7a42097a1
7a0609aa1
79c889d9e
798a4a09b
794a8a396
7909ca68f
78c7ca987
78848ac7d
78404af71
77facb264
77b40b555
776c4b844
77234bb32
76d94be1d
768e0c107
7641cc3ef
75f44c6d5
75a58c9b9
7555ccc9c
7504ccf7c
74b2cd25a
745f8d536
740b4d810
73b60dae9
735f8ddbe
7307ce092
72af0e364
72554e633
71fa4e901
719e4ebcc
71410ee94
70e2cf15b
70838f41f
70230f6e1
6fc18f9a0
6f5f0fc5d
6efb4ff18
6e96d01d0
6e3110485
6dca10738
6d62509e9
6cf950c97
6c8f50f42
6c24511eb
6bb811491
6b4b11735
6adcd19d6
6a6d91c74
69fd91f0f
698c521a8
691a1243d
68a6926d0
683252960
67bd12bee
6746d2e78
66cf930ff
665753384
65de13606
6563d3884
64e893b00
646c53d78
63ef53fee
637114260
62f2144cf
62721473b
61f1149a4
616f14c0a
60ec54e6d
6068950cc
5fe3d5328
5f5e15581
5ed7957d7
5e5015a29
5dc795c78
5d3e55ec3
5cb45610b
5c2916350
5b9d16592
5b10567cf
5a8296a0a
59f3d6c41
596496e74
58d4170a4
5842d72d1
57b0d74f9
571e1771e
568a57940
55f5d7b5e
556057d78
54ca17f8f
5433181a2
539b583b1
5302985bc
5269187c4
51ced89c8
5133d8bc8
509818dc4
4ffb98fbd
4f5e191b1
4ec0193a2
4e211958f
4d8199778
4ce11995d
4c3fd9b3e
4b9e19d1b
4afb99ef4
4a581a0c9
49b41a29a
490f5a468
486a1a631
47c3da7f6
471d1a9b6
46759ab73
45cd5ad2c
45245aee0
447adb091
43d09b23d
4325db3e5
427a5b589
41ce1b728
41215b8c4
40741ba5b
3fc61bbed
3f175bd7c
3e681bf06
3db85c08c
3d07dc20e
3c56dc38b
3ba51c504
3af31c679
3a405c7e9
398cdc955
38d91cabc
38249cc1f
376f9cd7e
36ba5ced8
36041d02d
354d9d17e
34969d2cb
33df1d413
33271d557
326e5d696
31b55d7d1
30fbdd907
3041dda38
2f875db65
2ecc9dc8d
2e111ddb1
2d555ded0
2c991dfeb
2bdc5e101
2b1f5e212
2a61de31f
29a3de427
28e59e52a
2826de629
27679e722
26a85e818
25e85e908
25281e9f4
24679eadb
23a69ebbe
22e55ec9b
2223ded74
2161dee48
209f9ef18
1fdcdefe2
1f1a1f0a8
1e56df169
1d935f225
1ccf9f2dd
1c0b9f38f
1b475f43d
1a82df4e6
19bddf58a
18f8df629
18339f6c4
176ddf75a
16a81f7ea
15e21f876
151bdf8fd
14559f980
138edf9fd
12c81fa75
12011fae9
113a1fb58
1072dfbc1
fab5fc26
ee39fc86
e1bdfce1
d53dfd38
c8bdfd89
bc3dfdd5
afb9fe1d
a331fe5f
96a9fe9d
8a21fed6
7d95ff09
710dff38
647dff62
57f1ff87
4b61ffa7
3ed5ffc2
3245ffd9
25b5ffea
1921fff6
c91fffe
7fffc0000
7ffa8096d
7fe9c12d8
7fce01c43
7fa7425aa
7f7542f0f
7f384386f
7ef0441cb
7e9d44b20
7e3f4546f
7dd685db7
7d62866f7
7ce3c702e
7c5a4795b
7bc60827e
7b26c8b95
7a7d094a0
79c889d9e
7909ca68f
78404af71
776c4b844
768e0c107
75a58c9b9
74b2cd25a
73b60dae9
72af0e364
719e4ebcc
70838f41f
6f5f0fc5d
6e3110485
6cf950c97
6bb811491
6a6d91c74
691a1243d
67bd12bee
665753384
64e893b00
637114260
61f1149a4
6068950cc
5ed7957d7
5d3e55ec3
5b9d16592
59f3d6c41
5842d72d1
568a57940
54ca17f8f
5302985bc
5133d8bc8
4f5e191b1
4d8199778
4b9e19d1b
49b41a29a
47c3da7f6
45cd5ad2c
43d09b23d
41ce1b728
3fc61bbed
3db85c08c
3ba51c504
398cdc955
376f9cd7e
354d9d17e
33271d557
30fbdd907
2ecc9dc8d
2c991dfeb
2a61de31f
2826de629
25e85e908
23a69ebbe
2161dee48
1f1a1f0a8
1ccf9f2dd
1a82df4e6
18339f6c4
15e21f876
138edf9fd
113a1fb58
ee39fc86
c8bdfd89
a331fe5f
7d95ff09
57f1ff87
3245ffd9
c91fffe
fe6e1fff6
fc12dffc2
f9b85ff62
f75e1fed6
f5049fe1d
f2ac5fd38
f054dfc26
edff1fae9
ebaa9f980
e9581f7ea
e7075f629
e4b8df43d
e26cdf225
e0235efe2
dddc5ed74
db989eadb
d957de818
d71a9e52a
d4e0de212
d2aadded0
d078ddb65
ce4add7d1
cc211d413
c9fc1d02d
c7db9cc1f
c5bfdc7e9
c3a95c38b
c1981bf06
bf8c1ba5b
bd85db589
bb855b091
b98a9ab73
b7961a631
b5a81a0c9
b3c059b3e
b1df1958f
b00498fbd
ae31589c8
ac64d83b1
aa9fd7d78
a8e21771e
a72c170a4
a57d96a0a
a3d716350
a23895c78
a0a215581
9f13d4e6d
9d8e1473b
9c10d3fee
9a9c53884
9930930ff
97cdd2960
9673d21a8
9523519d6
93dbd11eb
929dd09e9
9169501d0
903e8f9a0
8f1d4f15b
8e05ce901
8cf84e092
8bf4cd810
8afb4cf7c
8a0bcc6d5
8926cbe1d
884c0b555
877b8ac7d
86b58a396
85fa09aa1
85494919e
84a30888f
840787f73
8376c764d
82f0c6d1d
8275c63e3
820585aa0
81a005156
8145c4804
80f683ead
80b20354f
8078c2bee
804a82288
80278191f
800f80fb5
800280648
8000bfcdc
8009ff36f
801e7ea04
803dfe09b
80687d734
809dfcdd1
80debc472
812a3bb18
8180fb1c5
81e2ba878
824f39f32
82c6b95f5
8348f8cc2
83d638398
846e37a79
8510b7166
85be3685f
8675f5f65
873875679
880574d9c
88dcf44ce
89be73c11
8aaa73364
8ba0b2aca
8ca0b2242
8daaf19cd
8ebf3116c
8fdd3091f
9104f00e8
92362f8c8
9370ef0be
94b52e8cb
9602ae0f1
9759ad930
98b96d188
9a222c9fa
9b93ec288
9d0e2bb31
9e912b3f6
a01c6acd8
a1b02a5d7
a34be9ef5
a4efe9831
a69ba918c
a84f68b07
aa0a684a2
abcd27e5e
ad972783c
af682723c
b14026c5e
b31f266a3
b504a610c
b6f0e5b98
b8e32564a
badbe5120
bcda64c1b
bedee473c
c0e8e4284
c2f863df2
c50d23987
c72723544
c945e3128
cb69a2d35
cd91e296a
cfbe625c8
d1ef2224f
d423e1eff
d65c61bd9
d898a18de
dad82160c
dd1ae1365
df60a10e8
e1a960e97
e3f4a0c71
e64260a76
e892608a6
eae460703
ed382058b
ef8d6043f
f1e46031f
f43c6022b
f695a0163
f8ef600c8
fb4a20059
fda4e0016
7fffc0000
7fffc0192
7fff80324
7ffe804b6
7ffd80648
7ffc407db
7ffa8096d
7ff880aff
7ff640c91
7ff380e23
7ff080fb5
7fed41147
7fe9c12d8
7fe60146a
7fe1c15fc
7fdd4178e
7fd88191f
7fd381ab1
7fce01c43
7fc841dd4
7fc241f65
7fbc020f7
7fb582288
7fae82419
7fa7425aa
7f9fc273b
7f97c28cc
7f8fc2a5d
7f8742bee
7f7e82d7e
7f7542f0f
7f6c0309f
7f624322f
7f58433bf
7f4e0354f
7f43436df
7f384386f
7f2d039ff
7f2183b8e
7f15c3d1d
7f0983ead
7efd0403c
7ef0441cb
7ee344359
7ed6044e8
7ec844676
7eba44804
7eac04992
7e9d44b20
7e8e84cae
7e7f44e3b
7e6fc4fc9
7e6005156
7e4fc52e3
7e3f4546f
7e2e855fc
7e1d85788
7e0c45914
7dfa85aa0
7de8c5c2c
7dd685db7
7dc3c5f43
7db1060ce
7d9dc6258
7d8a463e3
7d768656d
7d62866f7
7d4e46881
7d3986a0b
7d2486b94
7d0f46d1d
7cf9c6ea6
7ce3c702e
7ccdc71b6
7cb74733e
7ca0474c6
7c894764d
7c72077d4
7c5a4795b
7c4247ae2
7c2a07c68
7c1187dee
7bf887f73
7bdf480f9
7bc60827e
7bac08402
7b9208587
7b77c870b
7b5d0888f
7b4208a12
7b26c8b95
7b0b48d18
7aef88e9a
7ad34901c
7ab6c919e
7a9a0931f
7a7d094a0
7a5fc9621
7a42097a1
7a2449921
7a0609aa1
79e789c20
79c889d9e
79a989f1d
798a4a09b
796a8a219
794a8a396
792a4a513
7909ca68f
78e8ca80b
78c7ca987
78a64ab02
78848ac7d
78628adf7
78404af71
781d8b0eb
77facb264
77d78b3dd
77b40b555
77904b6cd
776c4b844
77480b9bb
77234bb32
76fe8bca8
76d94be1d
76b3cbf92
768e0c107
76680c27b
7641cc3ef
761b0c562
75f44c6d5
75cd0c847
75a58c9b9
757dccb2b
7555ccc9c
752d8ce0c
7504ccf7c
74dc0d0eb
74b2cd25a
74894d3c8
745f8d536
74358d6a4
740b4d810
73e0cd97d
73b60dae9
738acdc54
735f8ddbe
7333cdf29
7307ce092
72db8e1fb
72af0e364
72824e4cc
72554e633
7227ce79a
71fa4e901
71cc4ea67
719e4ebcc
716fced30
71410ee94
71120eff8
70e2cf15b
70b34f2bd
70838f41f
70538f580
70230f6e1
6ff28f841
6fc18f9a0
6f908faff
6f5f0fc5d
6f2d4fdbb
6efb4ff18
6ec950074
6e96d01d0
6e641032b
6e3110485
6dfd905df
6dca10738
6d9650891
6d62509e9
6d2dd0b40
6cf950c97
6cc450ded
6c8f50f42
6c59d1097
6c24511eb
6bee5133f
6bb811491
6b81d15e3
6b4b11735
6b1411886
6adcd19d6
6aa551b25
6a6d91c74
6a3591dc2
69fd91f0f
69c51205c
698c521a8
6953522f3
691a1243d
68e092587
68a6926d0
686c92819
683252960
67f7d2aa7
67bd12bee
678212d33
6746d2e78
670b52fbc
66cf930ff
669393242
665753384
661ad34c5
65de13606
65a113745
6563d3884
6526539c2
64e893b00
64aa93c3c
646c53d78
642e13eb3
63ef53fee
63b054127
637114260
6331d4398
62f2144cf
62b214606
62721473b
623194870
61f1149a4
61b054ad8
616f14c0a
612dd4d3c
60ec54e6d
60aa94f9d
6068950cc
6026551fb
5fe3d5328
5fa115455
5f5e15581
5f1b156ac
5ed7957d7
5e93d5900
5e5015a29
5e0c15b51
5dc795c78
5d8315d9e
5d3e55ec3
5cf955fe8
5cb45610b
5c6ed622e
5c2916350
5be356471
5b9d16592
5b56d66b1
5b10567cf
5ac9968ed
7fffc0000
7ffc407db
7ff080fb5
7fdd4178e
7fc241f65
7f9fc273b
7f7542f0f
7f43436df
7f0983ead
7ec844676
7e7f44e3b
7e2e855fc
7dd685db7
7d768656d
7d0f46d1d
7ca0474c6
7c2a07c68
7bac08402
7b26c8b95
7a9a0931f
7a0609aa1
796a8a219
78c7ca987
781d8b0eb
776c4b844
76b3cbf92
75f44c6d5
752d8ce0c
745f8d536
738acdc54
72af0e364
71cc4ea67
70e2cf15b
6ff28f841
6efb4ff18
6dfd905df
6cf950c97
6bee5133f
6adcd19d6
69c51205c
68a6926d0
678212d33
665753384
6526539c2
63ef53fee
62b214606
616f14c0a
6026551fb
5ed7957d7
5d8315d9e
5c2916350
5ac9968ed
596496e74
57fa173e5
568a57940
551557e84
539b583b1
521c188c6
509818dc4
4f0f192aa
4d8199778
4bef19c2d
4a581a0c9
48bcda54d
471d1a9b6
4578dae07
43d09b23d
42245b659
40741ba5b
3ebfdbe42
3d07dc20e
3b4c1c5bf
398cdc955
37ca5cccf
36041d02d
343add370
326e5d696
309edd9a0
2ecc9dc8d
2cf75df5e
2b1f5e212
2944de4a9
27679e722
25885e97f
23a69ebbe
21c2deddf
1fdcdefe2
1df51f1c8
1c0b9f38f
1a205f539
18339f6c4
16451f831
14559f980
12649fab0
1072dfbc1
e7fdfcb4
c8bdfd89
a975fe3f
8a21fed6
6ac5ff4e
4b61ffa7
2bfdffe2
c91fffe
fed29fffa
fcdbdffd9
fae59ff98
f8ef5ff38
f6f9dfeba
f5049fe1d
f3105fd61
f11c9fc86
ef29dfb8d
ed381fa75
eb475f93f
e9581f7ea
e76a1f677
e57d5f4e6
e3929f337
e1a95f169
dfc1def7d
dddc5ed74
dbf91eb4d
da17de908
d838de6a6
d65c5e427
d4825e18a
d2aadded0
d0d61dbfa
cf045d907
cd355d5f7
cb699d2cb
c9a0dcf83
c7db9cc1f
c6199c89f
c45b1c504
c2a01c14e
c0e8dbd7c
bf355b990
bd85db589
bbda5b167
ba32dad2c
b88f9a8d6
b6f0da468
b55659fdf
b3c059b3e
b22ed9684
b0a2191b1
af1a18cc7
ad97187c4
ac18d82aa
aa9fd7d78
a92bd7830
a7bd572d1
a653d6d5b
a4efd67cf
a3915622e
a23895c78
a0e5156ac
9f97950cc
9e4fd4ad8
9d0e144cf
9bd213eb3
9a9c53884
996c93242
984312bee
971f92587
960291f0f
94ec11886
93dbd11eb
92d250b40
91cf10485
90d2cfdbb
8fdd0f6e1
8eee0eff8
8e05ce901
8d248e1fb
8c4a0dae9
8b76cd3c8
8aaa4cc9c
89e50c562
8926cbe1d
886fcb6cd
87bfcaf71
87174a80b
8675ca09b
85dbc9921
85494919e
84be08a12
843a0827e
83bdc7ae2
8348c733e
82db86b94
8275c63e3
821745c2c
81c0c546f
817184cae
812a044e8
80ea43d1d
80b20354f
808182d7e
8058c25aa
8037c1dd4
801e415fc
800c80e23
800280648
80007fe6e
8005bf693
8012feeb9
8027be6e1
80443df09
80687d734
80943cf61
80c7fc791
81033bfc4
8145fb7fc
81907b037
81e2ba878
823c7a0bd
829db9909
83067915a
8376f89b3
83eeb8212
846e37a79
84f4f72e8
858336b60
8618b63e0
86b5b5c6a
8759f54fe
880574d9c
88b834645
897233ef9
8a33337b9
8afb73084
8bcab295c
8ca0b2242
8d7df1b34
8e61f1434
8f4cf0d43
903eb0660
9136eff8c
92362f8c8
933bef213
94482eb6f
955aee4db
9673ede58
9793ad7e7
98b96d188
99e56cb3b
9b17ac500
9c4febed9
9d8e2b8c5
9ed26b2c4
a01c6acd8
a16c6a700
a2c1ea13d
a41ce9b8f
7fffc0000
7ffe804b6
7ffa8096d
7ff380e23
7fe9c12d8
7fdd4178e
7fce01c43
7fbc020f7
7fa7425aa
7f8fc2a5d
7f7542f0f
7f58433bf
7f384386f
7f15c3d1d
7ef0441cb
7ec844676
7e9d44b20
7e6fc4fc9
7e3f4546f
7e0c45914
7dd685db7
7d9dc6258
7d62866f7
7d2486b94
7ce3c702e
7ca0474c6
7c5a4795b
7c1187dee
7bc60827e
7b77c870b
7b26c8b95
7ad34901c
7a7d094a0
7a2449921
79c889d9e
796a8a219
7909ca68f
78a64ab02
78404af71
77d78b3dd
776c4b844
76fe8bca8
768e0c107
761b0c562
75a58c9b9
752d8ce0c
74b2cd25a
74358d6a4
73b60dae9
7333cdf29
72af0e364
7227ce79a
719e4ebcc
71120eff8
70838f41f
6ff28f841
6f5f0fc5d
6ec950074
6e3110485
6d9650891
6cf950c97
6c59d1097
6bb811491
6b1411886
6a6d91c74
69c51205c
691a1243d
686c92819
67bd12bee
670b52fbc
665753384
65a113745
64e893b00
642e13eb3
637114260
62b214606
61f1149a4
612dd4d3c
6068950cc
5fa115455
5ed7957d7
5e0c15b51
5d3e55ec3
5c6ed622e
5b9d16592
5ac9968ed
59f3d6c41
591c56f8d
5842d72d1
57679760c
568a57940
55ab17c6c
54ca17f8f
53e7582aa
5302985bc
521c188c6
5133d8bc8
5049d8ec1
4f5e191b1
4e7099499
4d8199778
4c9099a4e
4b9e19d1b
4aa9d9fdf
49b41a29a
48bcda54d
47c3da7f6
46c95aa95
45cd5ad2c
44cfdafb9
43d09b23d
42d01b4b7
41ce1b728
40cadb990
3fc61bbed
3ebfdbe42
3db85c08c
3caf5c2cd
3ba51c504
3a99dc731
398cdc955
387edcb6e
376f9cd7e
365f5cf83
354d9d17e
343add370
33271d557
3211dd734
30fbdd907
2fe49dacf
2ecc9dc8d
2db35de41
2c991dfeb
2b7dde18a
2a61de31f
2944de4a9
2826de629
27081e79e
25e85e908
24c7dea68
23a69ebbe
22849ed08
2161dee48
203e5ef7d
1f1a1f0a8
1df51f1c8
1ccf9f2dd
1ba99f3e7
1a82df4e6
195b5f5da
18339f6c4
170b1f7a3
15e21f876
14b8df93f
138edf9fd
12649fab0
113a1fb58
100f1fbf4
ee39fc86
db7dfd0d
c8bdfd89
b5f9fdfa
a331fe5f
9065feba
7d95ff09
6ac5ff4e
57f1ff87
451dffb5
3245ffd9
1f6dfff1
c91fffe
ff9b9ffff
fe6e1fff6
fd405ffe2
fc12dffc2
fae59ff98
f9b85ff62
f88b1ff21
f75e1fed6
f6315fe7f
f5049fe1d
f3d85fdb0
f2ac5fd38
f1805fcb4
f054dfc26
ef29dfb8d
edff1fae9
ecd49fa3a
ebaa9f980
ea811f8ba
e9581f7ea
e82f5f70f
e7075f629
e5dfdf539
e4b8df43d
e3929f337
e26cdf225
e1479f109
e0235efe2
deff9eeb0
dddc5ed74
dcba1ec2d
db989eadb
da77de97f
d957de818
d838de6a6
d71a9e52a
d5fd5e3a3
d4e0de212
d3c55e076
d2aadded0
d1915dd20
d078ddb65
cf615d9a0
ce4add7d1
cd355d5f7
cc211d413
cb0e1d225
c9fc1d02d
c8eb1ce2b
c7db9cc1f
c6cd1ca09
c5bfdc7e9
c4b41c5bf
c3a95c38b
c2a01c14e
c1981bf06
c0915bcb5
bf8c1ba5b
be885b7f6
bd85db589
bc84db311
bb855b091
ba875ae07
b98a9ab73
b88f9a8d6
b7961a631
b69e5a382
b5a81a0c9
b4b359e08
b3c059b3e
b2ced986b
b1df1958f
b0f1192aa
b00498fbd
af1a18cc7
ae31589c8
ad4a186c1
ac64d83b1
ab8158099
aa9fd7d78
a9c017a4f
a8e21771e
a806173e5
a72c170a4
a653d6d5b
7fffc0000
7ff880aff
7fe1c15fc
7fbc020f7
7f8742bee
7f43436df
7ef0441cb
7e8e84cae
7e1d85788
7d9dc6258
7d0f46d1d
7c72077d4
7bc60827e
7b0b48d18
7a42097a1
796a8a219
78848ac7d
77904b6cd
768e0c107
757dccb2b
745f8d536
7333cdf29
71fa4e901
70b34f2bd
6f5f0fc5d
6dfd905df
6c8f50f42
6b1411886
698c521a8
67f7d2aa7
665753384
64aa93c3c
62f2144cf
612dd4d3c
5f5e15581
5d8315d9e
5b9d16592
59ac56d5b
57b0d74f9
55ab17c6c
539b583b1
518198ac8
4f5e191b1
4d315986b
4afb99ef4
48bcda54d
46759ab73
4425db167
41ce1b728
3f6edbcb5
3d07dc20e
3a99dc731
38249cc1f
35a91d0d6
33271d557
309edd9a0
2e111ddb1
2b7dde18a
28e59e52a
26485e891
23a69ebbe
21009eeb0
1e56df169
1ba99f3e7
18f8df629
16451f831
138edf9fd
10d65fb8d
e1bdfce1
b5f9fdfa
8a21fed6
5e39ff75
3245ffd9
649ffff
fda4dffea
fae59ff98
f826dff09
f568dfe3f
f2ac5fd38
eff11fbf4
ed381fa75
ea811f8ba
e7cc9f6c4
e51b1f492
e26cdf225
dfc1def7d
dd1adec9b
da77de97f
d7d95e629
d53f9e299
d2aadded0
d01b9dacf
cd91dd696
cb0e1d225
c8909cd7e
c6199c89f
c3a95c38b
c1405be42
bededb8c4
bc84db311
ba32dad2c
b7e91a714
b5a81a0c9
b36f99a4e
b140193a2
af1a18cc7
acfd985bc
aaead7e84
a8e21771e
a6e3d6f8d
a4efd67cf
a306d5fe8
a128957d7
9f5594f9d
9d8e1473b
9bd213eb3
9a2213606
987e12d33
96e61243d
955ad1b25
93dbd11eb
9269d0891
9104cff18
8fac8f580
8e61cebcc
8d248e1fb
8bf4cd810
8ad28ce0c
89be4c3ef
88b80b9bb
87bfcaf71
86d5ca513
85fa09aa1
852cc901c
846e08587
83bdc7ae2
831c4702e
82898656d
820585aa0
819044fc9
812a044e8
80d3039ff
808ac2f0f
805182419
80278191f
800c80e23
800080324
8003ff825
80167ed28
8037fe22c
80687d734
80a7fcc41
80f6bc153
81543b66e
81c0fab91
823c7a0bd
82c6b95f5
835ff8b3a
8407b808d
84be375ee
858336b60
8656b60e3
873875679
8828b4c23
8926f41e3
8a33337b9
8b4d72da6
8c75723ac
8daaf19cd
8eee31008
903eb0660
919c2fcd5
9306ef369
947e6ea1d
9602ae0f1
9793ad7e7
9930acf01
9ad9ec63e
9c8f2bda0
9e4feb528
a01c6acd8
a1f42a4af
a3d729cb0
a5c4e94da
a7bd68d2f
a9c0285b1
abcd27e5e
ade42773a
b004a7043
b22ee697c
b462262e5
b69e65c7e
b8e32564a
bb3065047
bd85e4a77
bfe3244db
c247e3f74
c4b423a41
c72723544
c9a0e307d
cc2122bed
cea7a2794
d133a2373
d3c561f8a
d65c61bd9
d8f821862
db98a1525
de3d61221
e0e620f58
e392a0cc9
e64260a76
e8f52085d
ebaaa0680
ee62a04df
f11ca037a
f3d860250
f695a0163
f953e00b2
fc12e003e
fed2a0006
1922000a
451e004b
710e00c8
9cee0181
c8be0277
f47603a9
120120517
14b8e06c1
176de08a6
1a2060ac7
1ccfa0d23
1f7ba0fba
2223e128c
24c7e1598
2767a18de
2a02e1c5d
2c9922015
2f2a22406
31b56282f
343ae2c90
36ba63128
3933235f7
3ba523afc
3e1064036
4074245a5
42d024b49
452465120
4770a572a
49b425d66
4bef263d3
4e2126a71
5049e713f
52692783c
547ee7f67
568a686c0
588ba8e45
7fffc0000
7fffc00c9
7fffc0192
7fffc025b
7fff80324
7fff003ed
7ffe804b6
7ffe0057f
7ffd80648
7ffd00711
7ffc407db
7ffb408a4
7ffa8096d
7ff980a36
7ff880aff
7ff740bc8
7ff640c91
7ff4c0d5a
7ff380e23
7ff200eec
7ff080fb5
7fef0107e
7fed41147
7feb8120f
7fe9c12d8
7fe8013a1
7fe60146a
7fe401533
7fe1c15fc
7fdf816c5
7fdd4178e
7fdb01857
7fd88191f
7fd6019e8
7fd381ab1
7fd0c1b7a
7fce01c43
7fcb41d0b
7fc841dd4
7fc581e9d
7fc241f65
7fbf4202e
7fbc020f7
7fb8c21bf
7fb582288
7fb202351
7fae82419
7faac24e2
7fa7425aa
7fa382673
7f9fc273b
7f9bc2804
7f97c28cc
7f93c2995
7f8fc2a5d
7f8b82b25
7f8742bee
7f82c2cb6
7f7e82d7e
7f7a02e46
7f7542f0f
7f70c2fd7
7f6c0309f
7f6703167
7f624322f
7f5d432f7
7f58433bf
7f5303487
7f4e0354f
7f4883617
7f43436df
7f3dc37a7
7f384386f
7f32c3937
7f2d039ff
7f2783ac6
7f2183b8e
7f1bc3c56
7f15c3d1d
7f0fc3de5
7f0983ead
7f0383f74
7efd0403c
7ef6c4103
7ef0441cb
7ee9c4292
7ee344359
7edc84421
7ed6044e8
7ecf045af
7ec844676
7ec14473d
7eba44804
7eb3048cb
7eac04992
7ea4c4a59
7e9d44b20
7e9604be7
7e8e84cae
7e86c4d75
7e7f44e3b
7e7784f02
7e6fc4fc9
7e67c508f
7e6005156
7e57c521c
7e4fc52e3
7e47853a9
7e3f4546f
7e3705536
7e2e855fc
7e26456c2
7e1d85788
7e150584e
7e0c45914
7e03859da
7dfa85aa0
7df1c5b66
7de8c5c2c
7ddf85cf2
7dd685db7
7dcd45e7d
7dc3c5f43
7dba86008
7db1060ce
7da786193
7d9dc6258
7d944631e
7d8a463e3
7d80864a8
7d768656d
7d6c86632
7d62866f7
7d58867bc
7d4e46881
7d4406946
7d3986a0b
7d2f06acf
7d2486b94
7d1a06c58
7d0f46d1d
7d0486de1
7cf9c6ea6
7ceec6f6a
7ce3c702e
7cd8c70f2
7ccdc71b6
7cc28727a
7cb74733e
7cabc7402
7ca0474c6
7c94c758a
7c894764d
7c7dc7711
7c72077d4
7c6607898
7c5a4795b
7c4e47a1e
7c4247ae2
7c3647ba5
7c2a07c68
7c1dc7d2b
7c1187dee
7c0507eb1
7bf887f73
7bec08036
7bdf480f9
7bd2c81bb
7bc60827e
7bb908340
7bac08402
7b9f084c5
7b9208587
7b8508649
7b77c870b
7b6a887cd
7b5d0888f
7b4f88950
7b4208a12
7b3488ad4
7b26c8b95
7b1908c56
7b0b48d18
7afd48dd9
7aef88e9a
7ae148f5b
7ad34901c
7ac5090dd
7ab6c919e
7aa88925f
7a9a0931f
7a8b893e0
7a7d094a0
7a6e89561
7a5fc9621
7a51096e1
7a42097a1
7a3349861
7a2449921
7a15099e1
7a0609aa1
79f6c9b60
79e789c20
79d809cdf
79c889d9e
79b909e5e
79a989f1d
7999c9fdc
798a4a09b
797a4a15a
796a8a219
795a8a2d7
794a8a396
793a8a454
792a4a513
791a0a5d1
7909ca68f
78f94a74d
78e8ca80b
78d84a8c9
78c7ca987
78b70aa44
78a64ab02
78958abbf
78848ac7d
78738ad3a
78628adf7
78518aeb4
78404af71
782f0b02e
781d8b0eb
780c4b1a7
77facb264
77e94b320
77d78b3dd
77c5cb499
77b40b555
77a24b611
77904b6cd
777e4b789
776c4b844
775a4b900
77480b9bb
7735cba76
77234bb32
77110bbed
76fe8bca8
76ec0bd63
76d94be1d
76c68bed8
76b3cbf92
76a10c04d
768e0c107
767b0c1c1
76680c27b
76550c335
7641cc3ef
762e8c4a9
761b0c562
7607cc61c
75f44c6d5
75e08c78e
75cd0c847
75b94c900
75a58c9b9
7591cca72
757dccb2b
7569ccbe3
7555ccc9c
75418cd54
752d8ce0c
75194cec4
7504ccf7c
74f08d034
74dc0d0eb
74c78d1a3
74b2cd25a
749e0d311
74894d3c8
74748d47f
745f8d536
744acd5ed
74358d6a4
74208d75a
740b4d810
73f60d8c7
73e0cd97d
73cb8da33
73b60dae9
73a08db9e
738acdc54
73754dd09
735f8ddbe
73498de74
7333cdf29
731dcdfde
7307ce092
72f1ce147
72db8e1fb
72c54e2b0
72af0e364
7298ce418
72824e4cc
726bce580
72554e633
723e8e6e7
7227ce79a
72110e84e
71fa4e901
71e34e9b4
71cc4ea67
71b54eb19
719e4ebcc
71870ec7e
716fced30
71588ede3
71410ee94
71298ef46
71120eff8
70fa8f0aa
70e2cf15b
70cb0f20c
70b34f2bd
709b8f36e
70838f41f
706b8f4d0
70538f580
703b4f631
70230f6e1
700acf791
6ff28f841
6fda0f8f1
6fc18f9a0
6fa90fa50
6f908faff
6f77cfbae
6f5f0fc5d
6f464fd0c
6f2d4fdbb
6f148fe69
6efb4ff18
6ee24ffc6
6ec950074
6eb010122
6e96d01d0
6e7d5027d
6e641032b
6e4a903d8
6e3110485
6e1750532
6dfd905df
6de3d068c
6dca10738
6db0507e5
6d9650891
6d7c5093d
6d62509e9
6d4810a95
6d2dd0b40
6d1390bec
6cf950c97
6cded0d42
6cc450ded
6ca9d0e98
6c8f50f42
6c7490fed
6c59d1097
6c3f11141
6c24511eb
6c0951295
6bee5133f
6bd3513e8
6bb811491
6b9d1153a
6b81d15e3
6b665168c
6b4b11735
6b2f917dd
6b1411886
6af89192e
6adcd19d6
6ac111a7d
6aa551b25
6a8991bcc
6a6d91c74
6a51d1d1b
6a3591dc2
6a1991e68
69fd91f0f
69e151fb5
69c51205c
69a892102
698c521a8
696fd224d
6953522f3
693692398
691a1243d
68fd524e2
68e092587
68c39262c
68a6926d0
6889d2775
686c92819
684f928bd
683252960
681512a04
67f7d2aa7
67da92b4b
67bd12bee
679f92c91
678212d33
676492dd6
6746d2e78
672912f1a
670b52fbc
66ed9305e
66cf930ff
66b1931a1
669393242
6675932e3
665753384
663913425
661ad34c5
65fc93565
65de13606
65bf936a5
65a113745
6582937e5
6563d3884
654513923
6526539c2
650793a61
64e893b00
64c993b9e
64aa93c3c
648b93cda
646c53d78
644d53e16
642e13eb3
640e93f51
63ef53fee
63cfd408a
63b054127
6390d41c4
637114260
6351942fc
6331d4398
6311d4434
62f2144cf
62d21456b
62b214606
6292146a1
62721473b
6251d47d6
623194870
62115490a
61f1149a4
61d094a3e
61b054ad8
618fd4b71
616f14c0a
614e94ca3
612dd4d3c
610d14dd4
60ec54e6d
60cb54f05
60aa94f9d
608995035
6068950cc
604755163
6026551fb
600515291
5fe3d5328
5fc2953bf
5fa115455
5f7f954eb
5f5e15581
5f3c95617
5f1b156ac
5ef955741
5ed7957d7
5eb5d586b
5e93d5900
5e7215995
5e5015a29
5e2e15abd
5e0c15b51
5de9d5be4
5dc795c78
5da595d0b
5d8315d9e
5d60d5e31
5d3e55ec3
5d1bd5f56
5cf955fe8
5cd6d607a
5cb45610b
5c919619d
5c6ed622e
5c4c162bf
5c2916350
5c06563e1
5be356471
5bc056502
5b9d16592
5b7a16621
5b56d66b1
5b3396740
5b10567cf
5aecd685e
5ac9968ed
5aa61697c
5a8296a0a
5a5f16a98
5a3b56b26
5a1796bb3
59f3d6c41
59d016cce
59ac56d5b
598856de8
596496e74
594096f01
591c56f8d
58f857019
58d4170a4
58afd7130
588b971bb
586757246
5842d72d1
581e9735b
57fa173e5
57d59746f
57b0d74f9
578c57583
57679760c
5742d7696
571e1771e
56f9177a7
56d457830
56af578b8
568a57940
5665579c8
564017a4f
561ad7ad7
55f5d7b5e
55d057be5
55ab17c6c
5585d7cf2
556057d78
553ad7dfe
551557e84
54efd7f0a
54ca17f8f
54a458014
547ed8099
5458d811d
5433181a2
540d58226
53e7582aa
53c15832d
539b583b1
537518434
534f184b7
5328d853a
5302985bc
52dc5863f
52b6186c1
528f98742
5269187c4
524298845
521c188c6
51f598947
51ced89c8
51a858a48
518198ac8
515ad8b48
5133d8bc8
510d18c47
50e618cc7
50bf18d46
509818dc4
507118e43
5049d8ec1
502298f3f
4ffb98fbd
4fd45903a
4facd90b8
4f8599135
4f5e191b1
4f369922e
4f0f192aa
4ee799326
4ec0193a2
4e985941e
4e7099499
4e48d9514
4e211958f
4df95960a
4dd159684
4da9596fe
4d8199778
4d59597f2
4d315986b
4d09598e4
4ce11995d
4cb8d99d6
4c9099a4e
4c6859ac6
4c3fd9b3e
4c1799bb6
4bef19c2d
4bc699ca4
4b9e19d1b
4b7599d92
4b4cd9e08
4b2459e7e
4afb99ef4
4ad2d9f6a
4aa9d9fdf
4a811a054
4a581a0c9
4a2f5a13e
4a065a1b2
49dd5a227
49b41a29a
498b1a30e
4961da382
49389a3f5
490f5a468
48e61a4da
48bcda54d
48935a5bf
486a1a631
48409a6a2
48171a714
47ed5a785
47c3da7f6
479a1a866
47709a8d6
4746da947
471d1a9b6
46f31aa26
46c95aa95
469f5ab04
46759ab73
464b9abe2
46219ac50
45f75acbe
45cd5ad2c
45a31ad99
4578dae07
454e9ae74
45245aee0
44fa1af4d
44cfdafb9
44a55b025
447adb091
44505b0fc
4425db167
43fb5b1d2
43d09b23d
43a61b2a7
437b5b311
43509b37b
4325db3e5
42fb1b44e
42d01b4b7
42a55b520
427a5b589
424f5b5f1
42245b659
41f95b6c1
41ce1b728
41a31b78f
4177db7f6
414c9b85d
41215b8c4
40f61b92a
40cadb990
409f5b9f5
40741ba5b
40489bac0
401d1bb25
3ff19bb89
3fc61bbed
3f9a5bc52
3f6edbcb5
3f431bd19
3f175bd7c
3eeb9bddf
3ebfdbe42
3e941bea4
3e681bf06
3e3c5bf68
3e105bfca
3de45c02b
3db85c08c
3d8c5c0ed
3d601c14e
3d341c1ae
3d07dc20e
3cdb9c26e
3caf5c2cd
3c831c32c
3c56dc38b
3c2a9c3ea
3bfe1c448
3bd19c4a6
3ba51c504
3b78dc562
3b4c1c5bf
3b1f9c61c
3af31c679
3ac65c6d5
3a99dc731
3a6d1c78d
3a405c7e9
3a139c844
39e69c89f
39b9dc8fa
398cdc955
39601c9af
39331ca09
39061ca63
38d91cabc
38ac1cb15
387edcb6e
3851dcbc7
38249cc1f
37f79cc77
37ca5cccf
379d1cd26
376f9cd7e
37425cdd5
37151ce2b
36e79ce82
36ba5ced8
368cdcf2e
365f5cf83
3631dcfd8
36041d02d
35d69d082
35a91d0d6
357b5d12b
354d9d17e
351fdd1d2
34f21d225
34c45d278
34969d2cb
3468dd31e
343add370
340d1d3c2
33df1d413
33b11d465
33831d4b6
33551d506
33271d557
32f8dd5a7
32cadd5f7
329c9d647
326e5d696
32401d6e5
3211dd734
31e39d782
31b55d7d1
31871d81f
31589d86c
312a5d8ba
30fbdd907
30cd5d954
309edd9a0
30705d9ec
3041dda38
30135da84
2fe49dacf
2fb61db1a
2f875db65
2f58ddbb0
2f2a1dbfa
2efb5dc44
2ecc9dc8d
2e9d9dcd7
2e6eddd20
2e401dd69
2e111ddb1
2de25ddf9
2db35de41
2d845de89
2d555ded0
2d265df17
2cf75df5e
2cc81dfa5
2c991dfeb
2c69de031
2c3ade076
2c0b9e0bc
2bdc5e101
2bad1e146
2b7dde18a
2b4e9e1ce
2b1f5e212
2aefde256
2ac09e299
2a911e2dc
2a61de31f
2a325e361
2a02de3a3
29d35e3e5
29a3de427
29745e468
2944de4a9
29151e4ea
28e59e52a
28b5de56a
28865e5aa
28569e5e9
2826de629
27f71e667
27c75e6a6
27979e6e4
27679e722
2737de760
27081e79e
26d81e7db
26a85e818
26785e854
26485e891
26185e8cd
25e85e908
25b85e944
25885e97f
25585e9ba
25281e9f4
24f81ea2e
24c7dea68
2497deaa2
24679eadb
24375eb14
24071eb4d
23d6deb85
23a69ebbe
23765ebf5
23461ec2d
23159ec64
22e55ec9b
22b51ecd2
22849ed08
22541ed3e
2223ded74
21f35edaa
21c2deddf
21925ee14
2161dee48
21315ee7c
21009eeb0
20d01eee4
209f9ef18
206edef4b
203e5ef7d
200d9efb0
1fdcdefe2
1fac5f014
1f7b9f046
1f4adf077
1f1a1f0a8
1ee95f0d9
1eb89f109
1e879f139
1e56df169
1e261f198
1df51f1c8
1dc45f1f7
1d935f225
1d629f253
1d319f281
1d009f2af
1ccf9f2dd
1c9e9f30a
1c6d9f337
1c3c9f363
1c0b9f38f
1bda9f3bb
1ba99f3e7
1b785f412
1b475f43d
1b161f468
1ae51f492
1ab3df4bc
1a82df4e6
1a519f510
1a205f539
19ef1f562
19bddf58a
198c9f5b2
195b5f5da
192a1f602
18f8df629
18c79f651
18961f677
1864df69e
18339f6c4
18021f6ea
17d0df70f
179f5f735
176ddf75a
173c9f77e
170b1f7a3
16d99f7c7
16a81f7ea
16769f80e
16451f831
16139f854
15e21f876
15b09f899
157f1f8ba
154d9f8dc
151bdf8fd
14ea5f91e
14b8df93f
14871f95f
14559f980
1423df99f
13f25f9bf
13c09f9de
138edf9fd
135d5fa1b
132b9fa3a
12f9dfa58
12c81fa75
12965fa93
12649fab0
1232dfacc
12011fae9
11cf5fb05
119d9fb21
116bdfb3c
113a1fb58
11085fb72
10d65fb8d
10a49fba7
1072dfbc1
1040dfbdb
100f1fbf4
fdd1fc0e
fab5fc26
f795fc3f
f475fc57
f159fc6f
ee39fc86
eb19fc9e
e7fdfcb4
e4ddfccb
e1bdfce1
de9dfcf7
db7dfd0d
d85dfd22
d53dfd38
d21dfd4c
cefdfd61
cbddfd75
c8bdfd89
c59dfd9c
c27dfdb0
bf5dfdc3
bc3dfdd5
b919fde8
b5f9fdfa
b2d9fe0b
afb9fe1d
ac95fe2e
a975fe3f
a655fe4f
a331fe5f
a011fe6f
9cedfe7f
99cdfe8e
96a9fe9d
9389feab
9065feba
8d45fec8
8a21fed6
86fdfee3
83ddfef0
80b9fefd
7d95ff09
7a75ff16
7751ff21
742dff2d
710dff38
6de9ff43
6ac5ff4e
67a1ff58
647dff62
615dff6c
5e39ff75
5b15ff7e
57f1ff87
54cdff90
51a9ff98
4e85ffa0
4b61ffa7
483dffae
451dffb5
41f9ffbc
3ed5ffc2
3bb1ffc8
388dffce
3569ffd3
3245ffd9
2f21ffdd
2bfdffe2
28d9ffe6
25b5ffea
2291ffed
1f6dfff1
1c45fff4
1921fff6
15fdfff8
12d9fffa
fb5fffc
c91fffe
96dffff
649ffff
325ffff
1ffff
ffcddffff
ff9b9ffff
ff695ffff
ff371fffe
ff04dfffc
fed29fffa
fea05fff8
fe6e1fff6
fe3bdfff4
fe095fff1
fdd71ffed
fda4dffea
fd729ffe6
fd405ffe2
fd0e1ffdd
fcdbdffd9
fca99ffd3
fc775ffce
fc451ffc8
fc12dffc2
fbe09ffbc
fbae5ffb5
fb7c5ffae
fb4a1ffa7
fb17dffa0
fae59ff98
fab35ff90
fa811ff87
fa4edff7e
fa1c9ff75
f9ea5ff6c
f9b85ff62
f9861ff58
f953dff4e
f9219ff43
f8ef5ff38
f8bd5ff2d
f88b1ff21
f858dff16
f826dff09
f7f49fefd
f7c25fef0
f7905fee3
f75e1fed6
f72bdfec8
f6f9dfeba
f6c79feab
f6959fe9d
f6635fe8e
f6315fe7f
f5ff1fe6f
f5cd1fe5f
f59adfe4f
f568dfe3f
f536dfe2e
f5049fe1d
f4d29fe0b
f4a09fdfa
f46e9fde8
f43c5fdd5
f40a5fdc3
f3d85fdb0
f3a65fd9c
f3745fd89
f3425fd75
f3105fd61
f2de5fd4c
f2ac5fd38
f27a5fd22
f2485fd0d
f2165fcf7
f1e45fce1
f1b25fccb
f1805fcb4
f14e9fc9e
f11c9fc86
f0ea9fc6f
f0b8dfc57
f086dfc3f
f054dfc26
f0231fc0e
eff11fbf4
efbf5fbdb
ef8d5fbc1
ef5b9fba7
ef29dfb8d
eef7dfb72
eec61fb58
ee945fb3c
ee629fb21
ee30dfb05
edff1fae9
edcd5facc
ed9b9fab0
ed69dfa93
ed381fa75
ed065fa58
ecd49fa3a
eca2dfa1b
ec715f9fd
ec3f9f9de
ec0ddf9bf
ebdc5f99f
ebaa9f980
eb791f95f
eb475f93f
eb15df91e
eae45f8fd
eab29f8dc
ea811f8ba
ea4f9f899
ea1e1f876
e9ec9f854
e9bb1f831
e9899f80e
e9581f7ea
e9269f7c7
e8f51f7a3
e8c39f77e
e8925f75a
e860df735
e82f5f70f
e7fe1f6ea
e7cc9f6c4
e79b5f69e
e76a1f677
e7389f651
e7075f629
e6d61f602
e6a4df5da
e6739f5b2
e6425f58a
e6111f562
e5dfdf539
e5ae9f510
e57d5f4e6
e54c5f4bc
e51b1f492
e4ea1f468
e4b8df43d
e487df412
e4569f3e7
e4259f3bb
e3f49f38f
e3c39f363
e3929f337
e3619f30a
e3309f2dd
e2ff9f2af
e2ce9f281
e29d9f253
e26cdf225
e23bdf1f7
e20b1f1c8
e1da1f198
e1a95f169
e1789f139
e1479f109
e116df0d9
e0e61f0a8
e0b55f077
e0849f046
e053df014
e0235efe2
dff29efb0
dfc1def7d
df915ef4b
df609ef18
df301eee4
deff9eeb0
decedee7c
de9e5ee48
de6ddee14
de3d5eddf
de0cdedaa
dddc5ed74
ddac1ed3e
dd7b9ed08
dd4b1ecd2
dd1adec9b
dcea9ec64
dcba1ec2d
dc89debf5
dc599ebbe
dc295eb85
dbf91eb4d
dbc8deb14
db989eadb
db685eaa2
db385ea68
db081ea2e
dad81e9f4
daa7de9ba
da77de97f
da47de944
da17de908
d9e7de8cd
d9b7de891
d987de854
d957de818
d9281e7db
d8f81e79e
d8c85e760
d8989e722
d8689e6e4
d838de6a6
d8091e667
d7d95e629
d7a99e5e9
d779de5aa
d74a5e56a
d71a9e52a
d6eb1e4ea
d6bb5e4a9
d68bde468
d65c5e427
d62cde3e5
d5fd5e3a3
d5cdde361
d59e5e31f
d56f1e2dc
d53f9e299
d5105e256
d4e0de212
d4b19e1ce
d4825e18a
d4531e146
d423de101
d3f49e0bc
d3c55e076
d3965e031
d3671dfeb
d3381dfa5
d308ddf5e
d2d9ddf17
d2aadded0
d27bdde89
d24cdde41
d21ddddf9
d1ef1ddb1
d1c01dd69
d1915dd20
d1629dcd7
d1339dc8d
d104ddc44
d0d61dbfa
d0a75dbb0
d078ddb65
d04a1db1a
d01b9dacf
cfecdda84
cfbe5da38
cf8fdd9ec
cf615d9a0
cf32dd954
cf045d907
ced5dd8ba
cea79d86c
ce791d81f
ce4add7d1
ce1c9d782
cdee5d734
cdc01d6e5
cd91dd696
cd639d647
cd355d5f7
cd075d5a7
ccd91d557
ccab1d506
cc7d1d4b6
cc4f1d465
cc211d413
cbf31d3c2
cbc55d370
cb975d31e
cb699d2cb
cb3bdd278
cb0e1d225
cae05d1d2
cab29d17e
ca84dd12b
ca571d0d6
ca299d082
c9fc1d02d
c9ce5cfd8
c9a0dcf83
c9735cf2e
c945dced8
c9189ce82
c8eb1ce2b
c8bddcdd5
c8909cd7e
c8631cd26
c835dcccf
c8089cc77
c7db9cc1f
c7ae5cbc7
c7815cb6e
c7541cb15
c7271cabc
c6fa1ca63
c6cd1ca09
c6a01c9af
c6735c955
c6465c8fa
c6199c89f
c5ec9c844
c5bfdc7e9
c5931c78d
c5665c731
c539dc6d5
c50d1c679
c4e09c61c
c4b41c5bf
c4875c562
c45b1c504
c42e9c4a6
c4021c448
c3d59c3ea
c3a95c38b
c37d1c32c
c350dc2cd
c3249c26e
c2f85c20e
c2cc1c1ae
c2a01c14e
c273dc0ed
c247dc08c
c21bdc02b
c1efdbfca
c1c3dbf68
c1981bf06
c16c1bea4
c1405be42
c1149bddf
c0e8dbd7c
c0bd1bd19
c0915bcb5
c065dbc52
c03a1bbed
c00e9bb89
bfe31bb25
bfb79bac0
bf8c1ba5b
bf60db9f5
bf355b990
bf0a1b92a
bededb8c4
beb39b85d
be885b7f6
be5d1b78f
be321b728
be06db6c1
bddbdb659
bdb0db5f1
bd85db589
bd5adb520
bd301b4b7
bd051b44e
bcda5b3e5
bcaf9b37b
bc84db311
bc5a1b2a7
bc2f9b23d
bc04db1d2
bbda5b167
bbafdb0fc
bb855b091
bb5adb025
bb305afb9
bb061af4d
badbdaee0
bab19ae74
ba875ae07
ba5d1ad99
ba32dad2c
ba08dacbe
b9de9ac50
b9b49abe2
b98a9ab73
b960dab04
b936daa95
b90d1aa26
b8e31a9b6
b8b95a947
b88f9a8d6
b8661a866
b83c5a7f6
b812da785
b7e91a714
b7bf9a6a2
b7961a631
b76cda5bf
b7435a54d
b71a1a4da
b6f0da468
b6c79a3f5
b69e5a382
b6751a30e
b64c1a29a
b622da227
b5f9da1b2
b5d0da13e
b5a81a0c9
b57f1a054
b55659fdf
b52d59f6a
b50499ef4
b4dbd9e7e
b4b359e08
b48a99d92
b46219d1b
b43999ca4
b41119c2d
b3e899bb6
b3c059b3e
b397d9ac6
b36f99a4e
b347599d6
b31f1995d
b2f6d98e4
b2ced986b
b2a6d97f2
b27e99778
b256d96fe
b22ed9684
b206d960a
b1df1958f
b1b759514
b18f99499
b167d941e
b140193a2
b11899326
b0f1192aa
b0c99922e
b0a2191b1
b07a99135
b053590b8
b02bd903a
b00498fbd
afdd98f3f
afb658ec1
af8f18e43
af6818dc4
af4118d46
af1a18cc7
aef318c47
aecc58bc8
aea558b48
ae7e98ac8
ae57d8a48
ae31589c8
ae0a98947
ade4188c6
adbd98845
ad97187c4
ad7098742
ad4a186c1
ad23d863f
acfd985bc
acd75853a
acb1184b7
ac8b18434
ac64d83b1
ac3ed832d
ac18d82aa
abf2d8226
abcd181a2
aba75811d
ab8158099
ab5bd8014
ab3617f8f
ab1057f0a
aaead7e84
aac557dfe
aa9fd7d78
aa7a57cf2
aa5517c6c
aa2fd7be5
aa0a57b5e
a9e557ad7
a9c017a4f
a99ad79c8
a975d7940
a950d78b8
a92bd7830
a907177a7
a8e21771e
a8bd57696
a8989760c
a873d7583
a84f574f9
a82a9746f
a806173e5
a7e19735b
a7bd572d1
a798d7246
a774971bb
a75057130
a72c170a4
a707d7019
a6e3d6f8d
a6bf96f01
a69b96e74
a677d6de8
a653d6d5b
a63016cce
a60c56c41
a5e896bb3
a5c4d6b26
a5a116a98
a57d96a0a
a55a1697c
a536968ed
a5135685e
a4efd67cf
a4cc96740
a4a9566b1
a48616621
a46316592
a43fd6502
a41cd6471
a3f9d63e1
a3d716350
a3b4162bf
a3915622e
a36e9619d
a34bd610b
a3295607a
a306d5fe8
a2e455f56
a2c1d5ec3
a29f55e31
a27d15d9e
a25a95d0b
a23895c78
a21655be4
a1f415b51
a1d215abd
a1b015a29
a18e15995
a16c55900
a14a5586b
a128957d7
a106d5741
a0e5156ac
a0c395617
a0a215581
a080954eb
a05f15455
a03d953bf
a01c55328
9ffb15291
9fd9d51fb
9fb8d5163
9f97950cc
9f7695035
9f5594f9d
9f34d4f05
9f13d4e6d
9ef314dd4
9ed254d3c
9eb194ca3
9e9114c0a
9e7054b71
9e4fd4ad8
9e2f94a3e
9e0f149a4
9deed490a
9dce94870
9dae547d6
9d8e1473b
9d6e146a1
9d4e14606
9d2e1456b
9d0e144cf
9cee54434
9cce54398
9cae942fc
9c8f14260
9c6f541c4
9c4fd4127
9c305408a
9c10d3fee
9bf193f51
9bd213eb3
9bb2d3e16
9b93d3d78
9b7493cda
9b5593c3c
9b3693b9e
9b1793b00
9af893a61
9ad9d39c2
9abb13923
9a9c53884
9a7d937e5
9a5f13745
9a40936a5
9a2213606
9a0393565
99e5534c5
99c713425
99a8d3384
998a932e3
996c93242
994e931a1
9930930ff
99129305e
98f4d2fbc
98d712f1a
98b952e78
989b92dd6
987e12d33
986092c91
984312bee
982592b4b
980852aa7
97eb12a04
97cdd2960
97b0928bd
979392819
977652775
9759926d0
973c9262c
971f92587
9702d24e2
96e61243d
96c992398
96acd22f3
96905224d
9673d21a8
965792102
963b1205c
961ed1fb5
960291f0f
95e691e68
95ca91dc2
95ae51d1b
959291c74
957691bcc
955ad1b25
953f11a7d
9523519d6
95079192e
94ec11886
94d0917dd
94b511735
9499d168c
947e515e3
94631153a
944811491
942cd13e8
9411d133f
93f6d1295
93dbd11eb
93c111141
93a651097
938b90fed
9370d0f42
935650e98
933bd0ded
932150d42
9306d0c97
92ec90bec
92d250b40
92b810a95
929dd09e9
9283d093d
9269d0891
924fd07e5
923610738
921c5068c
9202905df
91e8d0532
91cf10485
91b5903d8
919c1032b
9182d027d
9169501d0
915010122
9136d0074
911dcffc6
9104cff18
90eb8fe69
90d2cfdbb
90b9cfd0c
90a10fc5d
90884fbae
906f8faff
90570fa50
903e8f9a0
90260f8f1
900d8f841
8ff54f791
8fdd0f6e1
8fc4cf631
8fac8f580
8f948f4d0
8f7c8f41f
8f648f36e
8f4ccf2bd
8f350f20c
8f1d4f15b
8f058f0aa
8eee0eff8
8ed68ef46
8ebf0ee94
8ea78ede3
8e904ed30
8e790ec7e
8e61cebcc
8e4aceb19
8e33cea67
8e1cce9b4
8e05ce901
8def0e84e
8dd84e79a
8dc18e6e7
8daace633
8d944e580
8d7dce4cc
8d674e418
8d510e364
8d3ace2b0
8d248e1fb
8d0e4e147
8cf84e092
8ce24dfde
8ccc4df29
8cb68de74
8ca08ddbe
8c8acdd09
8c754dc54
8c5f8db9e
8c4a0dae9
8c348da33
8c1f4d97d
8c0a0d8c7
8bf4cd810
8bdf8d75a
8bca8d6a4
8bb54d5ed
8ba08d536
8b8b8d47f
8b76cd3c8
8b620d311
8b4d4d25a
8b388d1a3
8b240d0eb
8b0f8d034
8afb4cf7c
8ae6ccec4
8ad28ce0c
8abe8cd54
8aaa4cc9c
8a964cbe3
8a824cb2b
8a6e4ca72
8a5a8c9b9
8a46cc900
8a330c847
8a1f8c78e
8a0bcc6d5
89f84c61c
89e50c562
89d18c4a9
89be4c3ef
89ab0c335
89980c27b
89850c1c1
89720c107
895f0c04d
894c4bf92
89398bed8
8926cbe1d
89140bd63
89018bca8
88ef0bbed
88dccbb32
88ca4ba76
88b80b9bb
88a5cb900
8893cb844
8881cb789
886fcb6cd
885dcb611
884c0b555
883a4b499
88288b3dd
8816cb320
88054b264
87f3cb1a7
87e28b0eb
87d10b02e
87bfcaf71
87ae8aeb4
879d8adf7
878c8ad3a
877b8ac7d
876a8abbf
8759cab02
87490aa44
87384a987
8727ca8c9
87174a80b
8706ca74d
86f64a68f
86e60a5d1
86d5ca513
86c58a454
86b58a396
86a58a2d7
86958a219
8685ca15a
8675ca09b
866649fdc
865689f1d
864709e5e
863789d9e
862809cdf
861889c20
860949b60
85fa09aa1
85eb099e1
85dbc9921
85ccc9861
85be097a1
85af096e1
85a049621
859189561
8583094a0
8574893e0
85660931f
85578925f
85494919e
853b090dd
852cc901c
851ec8f5b
851088e9a
8502c8dd9
84f4c8d18
84e708c56
84d948b95
84cb88ad4
84be08a12
84b088950
84a30888f
8495887cd
84884870b
847b08649
846e08587
8461084c5
845408402
844708340
843a0827e
842d481bb
8420c80f9
841408036
840787f73
83fb07eb1
83ee87dee
83e247d2b
83d607c68
83c9c7ba5
83bdc7ae2
83b1c7a1e
83a5c795b
839a07898
838e077d4
838247711
8376c764d
836b4758a
835fc74c6
835447402
8348c733e
833d8727a
8332471b6
8327470f2
831c4702e
831146f6a
830646ea6
82fb86de1
82f0c6d1d
82e606c58
82db86b94
82d106acf
82c686a0b
82bc06946
82b1c6881
82a7867bc
829d866f7
829386632
82898656d
827f864a8
8275c63e3
826bc631e
826246258
825886193
824f060ce
824586008
823c45f43
8232c5e7d
822985db7
822085cf2
821745c2c
820e45b66
820585aa0
81fc859da
81f3c5914
81eb0584e
81e285788
81d9c56c2
81d1855fc
81c905536
81c0c546f
81b8853a9
81b0452e3
81a84521c
81a005156
81984508f
819044fc9
818884f02
8180c4e3b
817944d75
817184cae
816a04be7
8162c4b20
815b44a59
815404992
814d048cb
8145c4804
813ec473d
8137c4676
8131045af
812a044e8
812384421
811cc4359
811644292
810fc41cb
810944103
81030403c
80fc83f74
80f683ead
80f043de5
80ea43d1d
80e443c56
80de83b8e
80d883ac6
80d3039ff
80cd43937
80c7c386f
80c2437a7
80bcc36df
80b783617
80b20354f
80ad03487
80a7c33bf
80a2c32f7
809dc322f
809903167
80940309f
808f42fd7
808ac2f0f
808602e46
808182d7e
807d42cb6
8078c2bee
807482b25
807042a5d
806c42995
8068428cc
806442804
80604273b
805c82673
8058c25aa
8055424e2
805182419
804e02351
804a82288
8047421bf
8044020f7
8040c202e
803dc1f65
803a81e9d
8037c1dd4
8034c1d0b
803201c43
802f41b7a
802c81ab1
802a019e8
80278191f
802501857
8022c178e
8020816c5
801e415fc
801c01533
801a0146a
8018013a1
8016412d8
80148120f
8012c1147
80110107e
800f80fb5
800e00eec
800c80e23
800b40d5a
8009c0c91
8008c0bc8
800780aff
800680a36
80058096d
8004c08a4
8003c07db
800300711
800280648
80020057f
8001804b6
8001003ed
800080324
80004025b
800040192
8000400c9
7fffc0000
7fffc0065
7fffc00c9
7fffc012e
7fffc0192
7fffc01f7
7fffc025b
7fff802c0
7fff80324
7fff40389
7fff003ed
7ffec0452
7ffe804b6
7ffe4051b
7ffe0057f
7ffdc05e4
7ffd80648
7ffd406ad
7ffd00711
7ffc80776
7ffc407db
7ffbc083f
7ffb408a4
7ffb00908
7ffa8096d
7ffa009d1
7ff980a36
7ff900a9a
7ff880aff
7ff800b63
7ff740bc8
7ff6c0c2c
7ff640c91
7ff580cf5
7ff4c0d5a
7ff440dbe
7ff380e23
7ff2c0e87
7ff200eec
7ff140f50
7ff080fb5
7fefc1019
7fef0107e
7fee410e2
7fed41147
7fec811ab
7feb8120f
7feac1274
7fe9c12d8
7fe8c133d
7fe8013a1
7fe701406
7fe60146a
7fe5014cf
7fe401533
7fe2c1598
7fe1c15fc
7fe0c1660
7fdf816c5
7fde81729
7fdd4178e
7fdc417f2
7fdb01857
7fd9c18bb
7fd88191f
7fd741984
7fd6019e8
7fd4c1a4d
7fd381ab1
7fd201b15
7fd0c1b7a
7fcf81bde
7fce01c43
7fccc1ca7
7fcb41d0b
7fc9c1d70
7fc841dd4
7fc6c1e38
7fc581e9d
7fc3c1f01
7fc241f65
7fc0c1fca
7fbf4202e
7fbd82092
7fbc020f7
7fba8215b
7fb8c21bf
7fb702224
7fb582288
7fb3c22ec
7fb202351
7fb0423b5
7fae82419
7facc247d
7faac24e2
7fa902546
7fa7425aa
7fa54260f
7fa382673
7fa1826d7
7f9fc273b
7f9dc279f
7f9bc2804
7f99c2868
7f97c28cc
7f95c2930
7f93c2995
7f91c29f9
7f8fc2a5d
7f8d82ac1
7f8b82b25
7f8942b89
7f8742bee
7f8502c52
7f82c2cb6
7f8082d1a
7f7e82d7e
7f7c42de2
7f7a02e46
7f7782eab
7f7542f0f
7f7302f73
7f70c2fd7
7f6e4303b
7f6c0309f
7f6983103
7f6703167
7f64c31cb
7f624322f
7f5fc3293
7f5d432f7
7f5ac335b
7f58433bf
7f55c3423
7f5303487
7f50834eb
7f4e0354f
7f4b435b3
7f4883617
7f460367b
7f43436df
7f4083743
7f3dc37a7
7f3b0380b
7f384386f
7f35838d3
7f32c3937
7f300399b
7f2d039ff
7f2a43a63
7f2783ac6
7f2483b2a
7f2183b8e
7f1ec3bf2
7f1bc3c56
7f18c3cba
7f15c3d1d
7f12c3d81
7f0fc3de5
7f0cc3e49
7f0983ead
7f0683f10
7f0383f74
7f0043fd8
7efd0403c
7efa0409f
7ef6c4103
7ef384167
7ef0441cb
7eed0422e
7ee9c4292
7ee6842f6
7ee344359
7ee0043bd
7edc84421
7ed944484
7ed6044e8
7ed28454b
7ecf045af
7ecbc4613
7ec844676
7ec4c46da
7ec14473d
7ebdc47a1
7eba44804
7eb6c4868
7eb3048cb
7eaf8492f
7eac04992
7ea8449f6
7ea4c4a59
7ea104abd
7e9d44b20
7e99c4b84
7e9604be7
7e9244c4b
7e8e84cae
7e8ac4d11
7e86c4d75
7e8304dd8
7e7f44e3b
7e7b44e9f
7e7784f02
7e7384f65
7e6fc4fc9
7e6bc502c
7e67c508f
7e64050f3
7e6005156
7e5c051b9
7e57c521c
7e53c5280
7e4fc52e3
7e4bc5346
7e47853a9
7e438540c
7e3f4546f
7e3b454d3
7e3705536
7e32c5599
7e2e855fc
7e2a8565f
7e26456c2
7e21c5725
7e1d85788
7e19457eb
7e150584e
7e10858b1
7e0c45914
7e07c5977
7e03859da
7dff05a3d
7dfa85aa0
7df645b03
7df1c5b66
7ded45bc9
7de8c5c2c
7de405c8f
7ddf85cf2
7ddb05d55
7dd685db7
7dd1c5e1a
7dcd45e7d
7dc885ee0
7dc3c5f43
7dbf45fa5
7dba86008
7db5c606b
7db1060ce
7dac46130
7da786193
7da2c61f6
7d9dc6258
7d99062bb
7d944631e
7d8f46380
7d8a463e3
7d8586445
7d80864a8
7d7b8650b
7d768656d
7d71865d0
7d6c86632
7d6786695
7d62866f7
7d5d8675a
7d58867bc
7d534681f
7d4e46881
7d49068e3
7d4406946
7d3ec69a8
7d3986a0b
7d3446a6d
7d2f06acf
7d29c6b31
7d2486b94
7d1f46bf6
7d1a06c58
7d1486cbb
7d0f46d1d
7d0a06d7f
7d0486de1
7cff06e43
7cf9c6ea6
7cf446f08
7ceec6f6a
7ce946fcc
7ce3c702e
7cde47090
7cd8c70f2
7cd347154
7ccdc71b6
7cc807218
7cc28727a
7cbcc72dc
7cb74733e
7cb1873a0
7cabc7402
7ca607464
7ca0474c6
7c9ac7528
7c94c758a
7c8f075eb
7c894764d
7c83876af
7c7dc7711
7c77c7773
7c72077d4
7c6c07836
7c6607898
7c60478f9
7c5a4795b
7c54479bd
7c4e47a1e
7c4847a80
7c4247ae2
7c3c47b43
7c3647ba5
7c3007c06
7c2a07c68
7c23c7cc9
7c1dc7d2b
7c1787d8c
7c1187dee
7c0b47e4f
7c0507eb1
7bfec7f12
7bf887f73
7bf247fd5
7bec08036
7be5c8097
7bdf480f9
7bd90815a
7bd2c81bb
7bcc4821d
7bc60827e
7bbf882df
7bb908340
7bb2883a1
7bac08402
7ba588464
7b9f084c5
7b9888526
7b9208587
7b8b885e8
7b8508649
7b7e486aa
7b77c870b
7b710876c
7b6a887cd
7b63c882e
7b5d0888f
7b56488ef
7b4f88950
7b48c89b1
7b4208a12
7b3b48a73
7b3488ad4
7b2dc8b34
7b26c8b95
7b2008bf6
7b1908c56
7b1248cb7
7b0b48d18
7b0448d78
7afd48dd9
7af688e3a
7aef88e9a
7ae888efb
7ae148f5b
7ada48fbc
7ad34901c
7acc4907d
7ac5090dd
7abe0913d
7ab6c919e
7aafc91fe
7aa88925f
7aa1492bf
7a9a0931f
7a92c937f
7a8b893e0
7a8449440
7a7d094a0
7a75c9500
7a6e89561
7a67095c1
7a5fc9621
7a5849681
7a51096e1
7a4989741
7a42097a1
7a3a89801
7a3349861
7a2bc98c1
7a2449921
7a1c89981
7a15099e1
7a0d89a41
7a0609aa1
79fe49b00
79f6c9b60
79ef09bc0
79e789c20
79dfc9c7f
79d809cdf
79d049d3f
79c889d9e
79c109dfe
79b909e5e
79b149ebd
79a989f1d
79a1c9f7c
7999c9fdc
79920a03b
798a4a09b
79824a0fa
797a4a15a
79728a1b9
796a8a219
79628a278
795a8a2d7
79528a336
794a8a396
79428a3f5
793a8a454
79324a4b3
792a4a513
79220a572
791a0a5d1
7911ca630
7909ca68f
79018a6ee
78f94a74d
78f10a7ac
78e8ca80b
78e08a86a
78d84a8c9
78d00a928
78c7ca987
78bf4a9e6
78b70aa44
78ae8aaa3
78a64ab02
789dcab61
78958abbf
788d0ac1e
78848ac7d
787c0acdb
78738ad3a
786b0ad99
78628adf7
785a0ae56
78518aeb4
7848caf13
78404af71
78378afd0
782f0b02e
78264b08c
781d8b0eb
78150b149
780c4b1a7
78038b206
77facb264
77f20b2c2
77e94b320
77e04b37f
77d78b3dd
77cecb43b
77c5cb499
77bd0b4f7
77b40b555
77ab4b5b3
77a24b611
77994b66f
77904b6cd
77874b72b
777e4b789
77754b7e6
776c4b844
77634b8a2
775a4b900
77510b95d
77480b9bb
773ecba19
7735cba76
772c8bad4
77234bb32
771a4bb8f
77110bbed
7707cbc4a
76fe8bca8
76f54bd05
76ec0bd63
76e28bdc0
76d94be1d
76d00be7b
76c68bed8
76bd4bf35
76b3cbf92
76aa8bff0
76a10c04d
76978c0aa
768e0c107
76848c164
767b0c1c1
76718c21e
76680c27b
765e8c2d8
76550c335
764b4c392
7641cc3ef
76380c44c
762e8c4a9
7624cc506
761b0c562
76114c5bf
7607cc61c
75fe0c679
75f44c6d5
75ea8c732
75e08c78e
75d6cc7eb
75cd0c847
75c34c8a4
75b94c900
75af8c95d
75a58c9b9
759b8ca16
7591cca72
7587ccace
757dccb2b
7573ccb87
7569ccbe3
755fccc3f
7555ccc9c
754bcccf8
75418cd54
75378cdb0
752d8ce0c
75234ce68
75194cec4
750f0cf20
7504ccf7c
74faccfd8
74f08d034
74e64d08f
74dc0d0eb
74d1cd147
74c78d1a3
74bd0d1fe
74b2cd25a
74a88d2b6
749e0d311
7493cd36d
74894d3c8
747f0d424
74748d47f
746a0d4db
745f8d536
74554d592
744acd5ed
74404d648
74358d6a4
742b0d6ff
74208d75a
74160d7b5
740b4d810
7400cd86c
73f60d8c7
73eb8d922
73e0cd97d
73d60d9d8
73cb8da33
73c0cda8e
73b60dae9
73ab4db43
73a08db9e
73958dbf9
738acdc54
73800dcae
73754dd09
736a4dd64
735f8ddbe
73548de19
73498de74
733ecdece
7333cdf29
7328cdf83
731dcdfde
7312ce038
7307ce092
72fcce0ed
72f1ce147
72e68e1a1
72db8e1fb
72d08e256
72c54e2b0
72ba4e30a
72af0e364
72a3ce3be
7298ce418
728d8e472
72824e4cc
72770e526
726bce580
72608e5da
72554e633
7249ce68d
723e8e6e7
72334e741
7227ce79a
721c8e7f4
72110e84e
7205ce8a7
71fa4e901
71eece95a
71e34e9b4
71d7cea0d
71cc4ea67
71c0ceac0
71b54eb19
71a9ceb72
719e4ebcc
71928ec25
71870ec7e
717b4ecd7
716fced30
71640ed89
71588ede3
714ccee3c
71410ee94
71354eeed
71298ef46
711dcef9f
71120eff8
71064f051
70fa8f0aa
70eecf102
70e2cf15b
70d70f1b4
70cb0f20c
70bf4f265
70b34f2bd
70a74f316
709b8f36e
708f8f3c7
70838f41f
70778f477
706b8f4d0
705f8f528
70538f580
70474f5d8
703b4f631
702f4f689
70230f6e1
70170f739
700acf791
6ffecf7e9
6ff28f841
6fe64f899
6fda0f8f1
6fcdcf948
6fc18f9a0
6fb54f9f8
6fa90fa50
6f9ccfaa7
6f908faff
6f840fb57
6f77cfbae
6f6b8fc06
6f5f0fc5d
6f528fcb5
6f464fd0c
6f39cfd63
6f2d4fdbb
6f20cfe12
6f148fe69
6f080fec1
6efb4ff18
6eeecff6f
6ee24ffc6
6ed5d001d
6ec950074
6ebc900cb
6eb010122
6ea350179
6e96d01d0
6e8a10227
6e7d5027d
6e70902d4
6e641032b
6e5750382
6e4a903d8
6e3dd042f
6e3110485
6e24104dc
6e1750532
6e0a90589
6dfd905df
6df0d0636
6de3d068c
6dd7106e2
6dca10738
6dbd1078f
6db0507e5
6da35083b
6d9650891
6d89508e7
6d7c5093d
6d6f50993
6d62509e9
6d5510a3f
6d4810a95
6d3b10aeb
6d2dd0b40
6d20d0b96
6d1390bec
6d0690c41
6cf950c97
6cec10ced
6cded0d42
6cd190d98
6cc450ded
6cb710e42
6ca9d0e98
6c9c90eed
6c8f50f42
6c8210f98
6c7490fed
6c6751042
6c59d1097
6c4c910ec
6c3f11141
6c3191196
6c24511eb
6c16d1240
6c0951295
6bfbd12ea
6bee5133f
6be0d1393
6bd3513e8
6bc5d143d
6bb811491
6baa914e6
6b9d1153a
6b8f5158f
6b81d15e3
6b7411638
6b665168c
6b58d16e1
6b4b11735
6b3d51789
6b2f917dd
6b21d1831
6b1411886
6b06518da
6af89192e
6aea91982
6adcd19d6
6acf11a2a
6ac111a7d
6ab351ad1
6aa551b25
6a9791b79
6a8991bcc
6a7b91c20
6a6d91c74
6a5fd1cc7
6a51d1d1b
6a43d1d6e
6a3591dc2
6a2791e15
6a1991e68
6a0b91ebc
69fd91f0f
69ef51f62
69e151fb5
69d312009
69c51205c
69b6d20af
69a892102
699a52155
698c521a8
697e121fa
696fd224d
6961922a0
6953522f3
6944d2346
693692398
6928523eb
691a1243d
690b92490
68fd524e2
68eed2535
68e092587
68d2125da
68c39262c
68b51267e
68a6926d0
689852723
6889d2775
687b527c7
686c92819
685e1286b
684f928bd
68411290f
683252960
6823d29b2
681512a04
680692a56
67f7d2aa7
67e952af9
67da92b4b
67cbd2b9c
67bd12bee
67ae52c3f
679f92c91
6790d2ce2
678212d33
677352d85
676492dd6
675592e27
6746d2e78
673812ec9
672912f1a
671a52f6b
670b52fbc
66fc5300d
66ed9305e
66de930af
66cf930ff
66c093150
66b1931a1
66a2931f2
669393242
668493293
6675932e3
666653334
665753384
6648533d4
663913425
662a13475
661ad34c5
660b93515
65fc93565
65ed535b6
65de13606
65ced3656
65bf936a5
65b0536f5
65a113745
6591d3795
6582937e5
657313834
6563d3884
6554938d4
654513923
6535d3973
6526539c2
6516d3a12
650793a61
64f813ab0
64e893b00
64d913b4f
64c993b9e
64ba13bed
64aa93c3c
649b13c8b
648b93cda
647c13d29
646c53d78
645cd3dc7
644d53e16
643d93e65
642e13eb3
641e53f02
640e93f51
63ff13f9f
63ef53fee
63df9403c
63cfd408a
63c0140d9
63b054127
63a094175
6390d41c4
638114212
637114260
6361542ae
6351942fc
63419434a
6331d4398
6321d43e6
6311d4434
630214481
62f2144cf
62e21451d
62d21456b
62c2145b8
62b214606
62a214653
6292146a1
6282146ee
62721473b
626214789
6251d47d6
6241d4823
623194870
6221948bd
62115490a
620154957
61f1149a4
61e0d49f1
61d094a3e
61c094a8b
61b054ad8
61a014b24
618fd4b71
617f54bbe
616f14c0a
615ed4c57
614e94ca3
613e14cef
612dd4d3c
611d94d88
610d14dd4
60fcd4e21
60ec54e6d
60dbd4eb9
60cb54f05
60bb14f51
60aa94f9d
609a14fe9
608995035
607915080
6068950cc
605815118
604755163
6036d51af
6026551fb
601595246
600515291
5ff4552dd
5fe3d5328
5fd315373
5fc2953bf
5fb1d540a
5fa115455
5f90554a0
5f7f954eb
5f6ed5536
5f5e15581
5f4d555cc
5f3c95617
5f2bd5661
5f1b156ac
5f0a156f7
5ef955741
5ee85578c
5ed7957d7
5ec695821
5eb5d586b
5ea4d58b6
5e93d5900
5e831594a
5e7215995
5e61159df
5e5015a29
5e3f15a73
5e2e15abd
5e1d15b07
5e0c15b51
5dfad5b9b
5de9d5be4
5dd8d5c2e
5dc795c78
5db695cc1
5da595d0b
5d9455d54
5d8315d9e
5d7215de7
5d60d5e31
5d4f95e7a
5d3e55ec3
5d2d15f0c
5d1bd5f56
5d0a95f9f
5cf955fe8
5ce816031
5cd6d607a
5cc5960c3
5cb45610b
5ca2d6154
5c919619d
5c80161e6
5c6ed622e
5c5d56277
5c4c162bf
5c3a96308
5c2916350
5c1796399
5c06563e1
5bf4d6429
5be356471
5bd1d64b9
5bc056502
5bae9654a
5b9d16592
5b8b965d9
5b7a16621
5b6856669
5b56d66b1
5b45566f9
5b3396740
5b21d6788
5b10567cf
5afe96817
5aecd685e
5adb568a6
5ac9968ed
5ab7d6934
5aa61697c
5a94569c3
5a8296a0a
5a70d6a51
5a5f16a98
5a4d16adf
5a3b56b26
5a2996b6d
5a1796bb3
5a05d6bfa
59f3d6c41
59e216c87
59d016cce
59be56d15
59ac56d5b
599a56da1
598856de8
597656e2e
596496e74
595296eba
594096f01
592e56f47
591c56f8d
590a56fd3
58f857019
58e65705e
58d4170a4
58c2170ea
58afd7130
589dd7175
588b971bb
587997200
586757246
58551728b
5842d72d1
5830d7316
581e9735b
580c573a0
57fa173e5
57e7d742a
57d59746f
57c3174b4
57b0d74f9
579e9753e
578c57583
5779d75c8
57679760c
575517651
5742d7696
5730576da
571e1771e
570b97763
56f9177a7
56e6d77eb
56d457830
56c1d7874
56af578b8
569cd78fc
568a57940
5677d7984
5665579c8
565297a0c
564017a4f
562d97a93
561ad7ad7
560857b1a
55f5d7b5e
55e317ba1
55d057be5
55bdd7c28
55ab17c6c
559857caf
5585d7cf2
557317d35
556057d78
554d97dbb
553ad7dfe
552817e41
551557e84
550297ec7
54efd7f0a
54dcd7f4c
54ca17f8f
54b757fd1
54a458014
549198056
547ed8099
546bd80db
5458d811d
544618160
5433181a2
5420181e4
540d58226
53fa58268
53e7582aa
53d4582ec
53c15832d
53ae5836f
539b583b1
5388583f3
537518434
536218476
534f184b7
533bd84f8
5328d853a
5315d857b
5302985bc
52ef985fd
52dc5863f
52c918680
52b6186c1
52a2d8702
528f98742
527c58783
5269187c4
5255d8805
524298845
522f58886
521c188c6
5208d8907
51f598947
51e258988
51ced89c8
51bb98a08
51a858a48
5194d8a88
518198ac8
516e18b08
515ad8b48
514758b88
5133d8bc8
512058c08
510d18c47
50f998c87
50e618cc7
50d298d06
50bf18d46
50ab98d85
509818dc4
508498e04
507118e43
505d58e82
5049d8ec1
503658f00
502298f3f
500f18f7e
4ffb98fbd
4fe7d8ffc
4fd45903a
4fc099079
4facd90b8
4f99590f6
4f8599135
4f71d9173
4f5e191b1
4f4a591f0
4f369922e
4f22d926c
4f0f192aa
4efb592e8
4ee799326
4ed3d9364
4ec0193a2
4eac193e0
4e985941e
4e849945b
4e7099499
4e5cd94d7
4e48d9514
4e3519552
4e211958f
4e0d195cc
4df95960a
4de559647
4dd159684
4dbd596c1
4da9596fe
4d959973b
4d8199778
4d6d997b5
4d59597f2
4d455982e
4d315986b
4d1d598a8
4d09598e4
4cf519921
4ce11995d
4ccd19999
4cb8d99d6
4ca4d9a12
4c9099a4e
4c7c99a8a
4c6859ac6
4c5419b02
4c3fd9b3e
4c2bd9b7a
4c1799bb6
4c0359bf1
4bef19c2d
4bdad9c69
4bc699ca4
4bb259ce0
4b9e19d1b
4b89d9d56
4b7599d92
4b6159dcd
4b4cd9e08
4b3899e43
4b2459e7e
4b0fd9eb9
4afb99ef4
4ae719f2f
4ad2d9f6a
4abe59fa5
4aa9d9fdf
4a959a01a
4a811a054
4a6c9a08f
4a581a0c9
4a43da104
4a2f5a13e
4a1ada178
4a065a1b2
49f1da1ed
49dd5a227
49c8da261
49b41a29a
499f9a2d4
498b1a30e
49769a348
4961da382
494d5a3bb
49389a3f5
49241a42e
490f5a468
48fada4a1
48e61a4da
48d19a513
48bcda54d
48a81a586
48935a5bf
487e9a5f8
486a1a631
48555a669
48409a6a2
482bda6db
48171a714
48025a74c
47ed5a785
47d89a7bd
47c3da7f6
47af1a82e
479a1a866
47855a89e
47709a8d6
475b9a90f
4746da947
4731da97f
471d1a9b6
47081a9ee
46f31aa26
46de5aa5e
46c95aa95
46b45aacd
469f5ab04
468a9ab3c
46759ab73
46609abaa
464b9abe2
46369ac19
46219ac50
460c5ac87
45f75acbe
45e25acf5
45cd5ad2c
45b85ad63
45a31ad99
458e1add0
4578dae07
4563dae3d
454e9ae74
45399aeaa
45245aee0
450f5af17
44fa1af4d
44e4daf83
44cfdafb9
44ba9afef
44a55b025
44901b05b
447adb091
44659b0c6
44505b0fc
443b1b132
4425db167
44109b19d
43fb5b1d2
43e61b208
43d09b23d
43bb5b272
43a61b2a7
43909b2dc
437b5b311
43661b346
43509b37b
433b5b3b0
4325db3e5
43105b41a
42fb1b44e
42e59b483
42d01b4b7
42badb4ec
42a55b520
428fdb554
427a5b589
4264db5bd
424f5b5f1
4239db625
42245b659
420edb68d
41f95b6c1
41e3db6f4
41ce1b728
41b89b75c
41a31b78f
418d9b7c3
4177db7f6
41625b82a
414c9b85d
41371b890
41215b8c4
410bdb8f7
40f61b92a
40e09b95d
40cadb990
40b51b9c2
409f5b9f5
4089dba28
40741ba5b
405e5ba8d
40489bac0
4032dbaf2
401d1bb25
40075bb57
3ff19bb89
3fdbdbbbb
3fc61bbed
3fb05bc20
3f9a5bc52
3f849bc83
3f6edbcb5
3f58dbce7
3f431bd19
3f2d5bd4a
3f175bd7c
3f019bdae
3eeb9bddf
3ed5dbe10
3ebfdbe42
3ea9dbe73
3e941bea4
3e7e1bed5
3e681bf06
3e521bf37
3e3c5bf68
3e265bf99
3e105bfca
3dfa5bffb
3de45c02b
3dce5c05c
3db85c08c
3da25c0bd
3d8c5c0ed
3d761c11d
3d601c14e
3d4a1c17e
3d341c1ae
3d1ddc1de
3d07dc20e
3cf1dc23e
3cdb9c26e
3cc59c29d
3caf5c2cd
3c995c2fd
3c831c32c
3c6d1c35c
3c56dc38b
3c409c3bb
3c2a9c3ea
3c145c419
3bfe1c448
3be7dc477
3bd19c4a6
3bbb5c4d5
3ba51c504
3b8f1c533
3b78dc562
3b625c590
3b4c1c5bf
3b35dc5ed
3b1f9c61c
3b095c64a
3af31c679
3adc9c6a7
3ac65c6d5
3ab01c703
3a99dc731
3a835c75f
3a6d1c78d
3a569c7bb
3a405c7e9
3a29dc817
3a139c844
39fd1c872
39e69c89f
39d05c8cd
39b9dc8fa
39a35c927
398cdc955
39769c982
39601c9af
39499c9dc
39331ca09
391c9ca36
39061ca63
38ef9ca8f
38d91cabc
38c29cae9
38ac1cb15
38959cb42
387edcb6e
38685cb9a
3851dcbc7
383b5cbf3
38249cc1f
380e1cc4b
37f79cc77
37e0dcca3
37ca5cccf
37b39ccfb
379d1cd26
37865cd52
376f9cd7e
37591cda9
37425cdd5
372b9ce00
37151ce2b
36fe5ce56
36e79ce82
36d0dcead
36ba5ced8
36a39cf03
368cdcf2e
36761cf58
365f5cf83
36489cfae
3631dcfd8
361b1d003
36041d02d
35ed5d058
35d69d082
35bfdd0ac
35a91d0d6
35921d101
357b5d12b
35649d155
354d9d17e
3536dd1a8
351fdd1d2
35091d1fc
34f21d225
34db5d24f
34c45d278
34ad9d2a2
34969d2cb
347f9d2f4
3468dd31e
3451dd347
343add370
3423dd399
340d1d3c2
33f61d3eb
33df1d413
33c81d43c
33b11d465
339a1d48d
33831d4b6
336c1d4de
33551d506
333e1d52f
33271d557
330fdd57f
32f8dd5a7
32e1dd5cf
32cadd5f7
32b39d61f
329c9d647
32859d66e
326e5d696
32575d6be
32401d6e5
32291d70d
3211dd734
31fadd75b
31e39d782
31cc9d7aa
31b55d7d1
319e5d7f8
31871d81f
316fdd845
31589d86c
31419d893
312a5d8ba
31131d8e0
30fbdd907
30e49d92d
30cd5d954
30b61d97a
309edd9a0
30879d9c6
30705d9ec
30591da12
3041dda38
302a9da5e
30135da84
2ffc1daaa
2fe49dacf
2fcd5daf5
2fb61db1a
2f9eddb40
2f875db65
2f701db8a
2f58ddbb0
2f415dbd5
2f2a1dbfa
2f129dc1f
2efb5dc44
2ee3ddc69
2ecc9dc8d
2eb51dcb2
2e9d9dcd7
2e865dcfb
2e6eddd20
2e575dd44
2e401dd69
2e289dd8d
2e111ddb1
2df99ddd5
2de25ddf9
2dcadde1d
2db35de41
2d9bdde65
2d845de89
2d6cddead
2d555ded0
2d3dddef4
2d265df17
2d0eddf3b
2cf75df5e
2cdfddf81
2cc81dfa5
2cb09dfc8
2c991dfeb
2c819e00e
2c69de031
2c525e054
2c3ade076
2c231e099
2c0b9e0bc
2bf41e0de
2bdc5e101
2bc4de123
2bad1e146
2b959e168
2b7dde18a
2b665e1ac
2b4e9e1ce
2b36de1f0
2b1f5e212
2b079e234
2aefde256
2ad85e277
2ac09e299
2aa8de2ba
2a911e2dc
2a799e2fd
2a61de31f
2a4a1e340
2a325e361
2a1a9e382
2a02de3a3
29eb1e3c4
29d35e3e5
29bb9e406
29a3de427
298c1e447
29745e468
295c9e488
2944de4a9
292cde4c9
29151e4ea
28fd5e50a
28e59e52a
28cd9e54a
28b5de56a
289e1e58a
28865e5aa
286e5e5ca
28569e5e9
283e9e609
2826de629
280ede648
27f71e667
27df1e687
27c75e6a6
27af5e6c5
27979e6e4
277f9e704
27679e722
274fde741
2737de760
271fde77f
27081e79e
26f01e7bc
26d81e7db
26c01e7f9
26a85e818
26905e836
26785e854
26605e872
26485e891
26305e8af
26185e8cd
26005e8ea
25e85e908
25d05e926
25b85e944
25a05e961
25885e97f
25705e99c
25585e9ba
25401e9d7
25281e9f4
25101ea11
24f81ea2e
24dfdea4b
24c7dea68
24afdea85
2497deaa2
247f9eabf
24679eadb
244f5eaf8
24375eb14
241f5eb31
24071eb4d
23ef1eb69
23d6deb85
23bedeba2
23a69ebbe
238e9ebda
23765ebf5
235e1ec11
23461ec2d
232ddec49
23159ec64
22fd9ec80
22e55ec9b
22cd1ecb7
22b51ecd2
229cdeced
22849ed08
226c5ed23
22541ed3e
223bded59
2223ded74
220b9ed8f
21f35edaa
21db1edc4
21c2deddf
21aa9edf9
21925ee14
217a1ee2e
2161dee48
21499ee62
21315ee7c
21191ee96
21009eeb0
20e85eeca
20d01eee4
20b7deefe
209f9ef18
20875ef31
206edef4b
20569ef64
203e5ef7d
2025def97
200d9efb0
1ff55efc9
1fdcdefe2
1fc49effb
1fac5f014
1f93df02d
1f7b9f046
1f631f05e
1f4adf077
1f325f08f
1f1a1f0a8
1f019f0c0
1ee95f0d9
1ed0df0f1
1eb89f109
1ea01f121
1e879f139
1e6f5f151
1e56df169
1e3e5f181
1e261f198
1e0d9f1b0
1df51f1c8
1ddcdf1df
1dc45f1f7
1dabdf20e
1d935f225
1d7adf23c
1d629f253
1d4a1f26b
1d319f281
1d191f298
1d009f2af
1ce81f2c6
1ccf9f2dd
1cb71f2f3
1c9e9f30a
1c861f320
1c6d9f337
1c551f34d
1c3c9f363
1c241f379
1c0b9f38f
1bf31f3a5
1bda9f3bb
1bc21f3d1
1ba99f3e7
1b90df3fc
1b785f412
1b5fdf428
1b475f43d
1b2edf452
1b161f468
1afd9f47d
1ae51f492
1acc5f4a7
1ab3df4bc
1a9b5f4d1
1a82df4e6
1a6a1f4fb
1a519f510
1a38df524
1a205f539
1a07df54d
19ef1f562
19d69f576
19bddf58a
19a55f59e
198c9f5b2
19741f5c6
195b5f5da
1942df5ee
192a1f602
19115f616
18f8df629
18e01f63d
18c79f651
18aedf664
18961f677
187d9f68b
1864df69e
184c1f6b1
18339f6c4
181adf6d7
18021f6ea
17e95f6fd
17d0df70f
17b81f722
179f5f735
17869f747
176ddf75a
17555f76c
173c9f77e
1723df790
170b1f7a3
16f25f7b5
16d99f7c7
16c0df7d9
16a81f7ea
168f5f7fc
16769f80e
165ddf81f
16451f831
162c5f842
16139f854
15fadf865
15e21f876
15c95f887
15b09f899
1597df8aa
157f1f8ba
15665f8cb
154d9f8dc
1534df8ed
151bdf8fd
15031f90e
14ea5f91e
14d19f92f
14b8df93f
14a01f94f
14871f95f
146e5f970
14559f980
143cdf990
1423df99f
140b1f9af
13f25f9bf
13d95f9ce
13c09f9de
13a7df9ed
138edf9fd
13761fa0c
135d5fa1b
13445fa2b
132b9fa3a
1312dfa49
12f9dfa58
12e11fa67
12c81fa75
12af5fa84
12965fa93
127d9faa1
12649fab0
124bdfabe
1232dfacc
121a1fadb
12011fae9
11e85faf7
11cf5fb05
11b69fb13
119d9fb21
1184dfb2f
116bdfb3c
1152dfb4a
113a1fb58
11211fb65
11085fb72
10ef5fb80
10d65fb8d
10bd9fb9a
10a49fba7
108b9fbb4
1072dfbc1
1059dfbce
1040dfbdb
1027dfbe8
100f1fbf4
ff61fc01
fdd1fc0e
fc41fc1a
fab5fc26
f925fc33
f795fc3f
f605fc4b
f475fc57
f2e9fc63
f159fc6f
efc9fc7b
ee39fc86
eca9fc92
eb19fc9e
e98dfca9
e7fdfcb4
e66dfcc0
e4ddfccb
e34dfcd6
e1bdfce1
e02dfcec
de9dfcf7
dd0dfd02
db7dfd0d
d9edfd18
d85dfd22
d6cdfd2d
d53dfd38
d3adfd42
d21dfd4c
d08dfd57
cefdfd61
cd6dfd6b
cbddfd75
ca4dfd7f
c8bdfd89
c72dfd93
c59dfd9c
c40dfda6
c27dfdb0
c0edfdb9
bf5dfdc3
bdcdfdcc
bc3dfdd5
baadfdde
b919fde8
b789fdf1
b5f9fdfa
b469fe02
b2d9fe0b
b149fe14
afb9fe1d
ae25fe25
ac95fe2e
ab05fe36
a975fe3f
a7e5fe47
a655fe4f
a4c1fe57
a331fe5f
a1a1fe67
a011fe6f
9e7dfe77
9cedfe7f
9b5dfe86
99cdfe8e
983dfe95
96a9fe9d
9519fea4
9389feab
91f5feb3
9065feba
8ed5fec1
8d45fec8
8bb1fecf
8a21fed6
8891fedc
86fdfee3
856dfeea
83ddfef0
8249fef6
80b9fefd
7f29ff03
7d95ff09
7c05ff0f
7a75ff16
78e1ff1b
7751ff21
75c1ff27
742dff2d
729dff33
710dff38
6f79ff3e
6de9ff43
6c55ff48
6ac5ff4e
6935ff53
67a1ff58
6611ff5d
647dff62
62edff67
615dff6c
5fc9ff71
5e39ff75
5ca5ff7a
5b15ff7e
5981ff83
57f1ff87
5661ff8b
54cdff90
533dff94
51a9ff98
5019ff9c
4e85ffa0
4cf5ffa3
4b61ffa7
49d1ffab
483dffae
46adffb2
451dffb5
4389ffb9
41f9ffbc
4065ffbf
3ed5ffc2
3d41ffc5
3bb1ffc8
3a1dffcb
388dffce
36f9ffd1
3569ffd3
33d5ffd6
3245ffd9
30b1ffdb
2f21ffdd
2d8dffe0
2bfdffe2
2a69ffe4
28d9ffe6
2745ffe8
25b5ffea
2421ffec
2291ffed
20fdffef
1f6dfff1
1dd9fff2
1c45fff4
1ab5fff5
1921fff6
1791fff7
15fdfff8
146dfff9
12d9fffa
1149fffb
fb5fffc
e25fffd
c91fffe
b01fffe
96dffff
7ddffff
649ffff
4b9ffff
325ffff
195ffff
7fffc0000
7fffc012e
7fffc025b
7fff40389
7ffe804b6
7ffdc05e4
7ffd00711
7ffbc083f
7ffa8096d
7ff900a9a
7ff740bc8
7ff580cf5
7ff380e23
7ff140f50
7fef0107e
7fec811ab
7fe9c12d8
7fe701406
7fe401533
7fe0c1660
7fdd4178e
7fd9c18bb
7fd6019e8
7fd201b15
7fce01c43
7fc9c1d70
7fc581e9d
7fc0c1fca
7fbc020f7
7fb702224
7fb202351
7facc247d
7fa7425aa
7fa1826d7
7f9bc2804
7f95c2930
7f8fc2a5d
7f8942b89
7f82c2cb6
7f7c42de2
7f7542f0f
7f6e4303b
7f6703167
7f5fc3293
7f58433bf
7f50834eb
7f4883617
7f4083743
7f384386f
7f300399b
7f2783ac6
7f1ec3bf2
7f15c3d1d
7f0cc3e49
7f0383f74
7efa0409f
7ef0441cb
7ee6842f6
7edc84421
7ed28454b
7ec844676
7ebdc47a1
7eb3048cb
7ea8449f6
7e9d44b20
7e9244c4b
7e86c4d75
7e7b44e9f
7e6fc4fc9
7e64050f3
7e57c521c
7e4bc5346
7e3f4546f
7e32c5599
7e26456c2
7e19457eb
7e0c45914
7dff05a3d
7df1c5b66
7de405c8f
7dd685db7
7dc885ee0
7dba86008
7dac46130
7d9dc6258
7d8f46380
7d80864a8
7d71865d0
7d62866f7
7d534681f
7d4406946
7d3446a6d
7d2486b94
7d1486cbb
7d0486de1
7cf446f08
7ce3c702e
7cd347154
7cc28727a
7cb1873a0
7ca0474c6
7c8f075eb
7c7dc7711
7c6c07836
7c5a4795b
7c4847a80
7c3647ba5
7c23c7cc9
7c1187dee
7bfec7f12
7bec08036
7bd90815a
7bc60827e
7bb2883a1
7b9f084c5
7b8b885e8
7b77c870b
7b63c882e
7b4f88950
7b3b48a73
7b26c8b95
7b1248cb7
7afd48dd9
7ae888efb
7ad34901c
7abe0913d
7aa88925f
7a92c937f
7a7d094a0
7a67095c1
7a51096e1
7a3a89801
7a2449921
7a0d89a41
79f6c9b60
79dfc9c7f
79c889d9e
79b149ebd
7999c9fdc
79824a0fa
796a8a219
79528a336
793a8a454
79220a572
7909ca68f
78f10a7ac
78d84a8c9
78bf4a9e6
78a64ab02
788d0ac1e
78738ad3a
785a0ae56
78404af71
78264b08c
780c4b1a7
77f20b2c2
77d78b3dd
77bd0b4f7
77a24b611
77874b72b
776c4b844
77510b95d
7735cba76
771a4bb8f
76fe8bca8
76e28bdc0
76c68bed8
76aa8bff0
768e0c107
76718c21e
76550c335
76380c44c
761b0c562
75fe0c679
75e08c78e
75c34c8a4
75a58c9b9
7587ccace
7569ccbe3
754bcccf8
752d8ce0c
750f0cf20
74f08d034
74d1cd147
74b2cd25a
7493cd36d
74748d47f
74554d592
74358d6a4
74160d7b5
73f60d8c7
73d60d9d8
73b60dae9
73958dbf9
73754dd09
73548de19
7333cdf29
7312ce038
72f1ce147
72d08e256
72af0e364
728d8e472
726bce580
7249ce68d
7227ce79a
7205ce8a7
71e34e9b4
71c0ceac0
719e4ebcc
717b4ecd7
71588ede3
71354eeed
71120eff8
70eecf102
70cb0f20c
70a74f316
70838f41f
705f8f528
703b4f631
70170f739
6ff28f841
6fcdcf948
6fa90fa50
6f840fb57
6f5f0fc5d
6f39cfd63
6f148fe69
6eeecff6f
6ec950074
6ea350179
6e7d5027d
6e5750382
6e3110485
6e0a90589
6de3d068c
6dbd1078f
6d9650891
6d6f50993
6d4810a95
6d20d0b96
6cf950c97
6cd190d98
6ca9d0e98
6c8210f98
6c59d1097
6c3191196
6c0951295
6be0d1393
6bb811491
6b8f5158f
6b665168c
6b3d51789
6b1411886
6aea91982
6ac111a7d
6a9791b79
6a6d91c74
6a43d1d6e
6a1991e68
69ef51f62
69c51205c
699a52155
696fd224d
6944d2346
691a1243d
68eed2535
68c39262c
689852723
686c92819
68411290f
681512a04
67e952af9
67bd12bee
6790d2ce2
676492dd6
673812ec9
670b52fbc
66de930af
66b1931a1
668493293
665753384
662a13475
65fc93565
65ced3656
65a113745
657313834
654513923
6516d3a12
64e893b00
64ba13bed
648b93cda
645cd3dc7
642e13eb3
63ff13f9f
63cfd408a
63a094175
637114260
63419434a
6311d4434
62e21451d
62b214606
6282146ee
6251d47d6
6221948bd
61f1149a4
61c094a8b
618fd4b71
615ed4c57
612dd4d3c
60fcd4e21
60cb54f05
609a14fe9
6068950cc
6036d51af
600515291
5fd315373
5fa115455
5f6ed5536
5f3c95617
5f0a156f7
5ed7957d7
5ea4d58b6
5e7215995
5e3f15a73
5e0c15b51
5dd8d5c2e
5da595d0b
5d7215de7
5d3e55ec3
5d0a95f9f
5cd6d607a
5ca2d6154
5c6ed622e
5c3a96308
5c06563e1
5bd1d64b9
5b9d16592
5b6856669
5b3396740
5afe96817
5ac9968ed
5a94569c3
5a5f16a98
5a2996b6d
59f3d6c41
59be56d15
598856de8
595296eba
591c56f8d
58e65705e
58afd7130
587997200
5842d72d1
580c573a0
57d59746f
579e9753e
57679760c
5730576da
56f9177a7
56c1d7874
568a57940
565297a0c
561ad7ad7
55e317ba1
55ab17c6c
557317d35
553ad7dfe
550297ec7
54ca17f8f
549198056
5458d811d
5420181e4
53e7582aa
53ae5836f
537518434
533bd84f8
5302985bc
52c918680
528f98742
5255d8805
521c188c6
51e258988
51a858a48
516e18b08
5133d8bc8
50f998c87
50bf18d46
508498e04
5049d8ec1
500f18f7e
4fd45903a
4f99590f6
4f5e191b1
4f22d926c
4ee799326
4eac193e0
4e7099499
4e3519552
4df95960a
4dbd596c1
4d8199778
4d455982e
4d09598e4
4ccd19999
4c9099a4e
4c5419b02
4c1799bb6
4bdad9c69
4b9e19d1b
4b6159dcd
4b2459e7e
4ae719f2f
4aa9d9fdf
4a6c9a08f
4a2f5a13e
49f1da1ed
49b41a29a
49769a348
49389a3f5
48fada4a1
48bcda54d
487e9a5f8
48409a6a2
48025a74c
47c3da7f6
47855a89e
4746da947
47081a9ee
46c95aa95
468a9ab3c
464b9abe2
460c5ac87
45cd5ad2c
458e1add0
454e9ae74
450f5af17
44cfdafb9
44901b05b
44505b0fc
44109b19d
43d09b23d
43909b2dc
43509b37b
43105b41a
42d01b4b7
428fdb554
424f5b5f1
420edb68d
41ce1b728
418d9b7c3
414c9b85d
410bdb8f7
40cadb990
4089dba28
40489bac0
40075bb57
3fc61bbed
3f849bc83
3f431bd19
3f019bdae
3ebfdbe42
3e7e1bed5
3e3c5bf68
3dfa5bffb
3db85c08c
3d761c11d
3d341c1ae
3cf1dc23e
3caf5c2cd
3c6d1c35c
3c2a9c3ea
3be7dc477
3ba51c504
3b625c590
3b1f9c61c
3adc9c6a7
3a99dc731
3a569c7bb
3a139c844
39d05c8cd
398cdc955
39499c9dc
39061ca63
38c29cae9
387edcb6e
383b5cbf3
37f79cc77
37b39ccfb
376f9cd7e
372b9ce00
36e79ce82
36a39cf03
365f5cf83
361b1d003
35d69d082
35921d101
354d9d17e
35091d1fc
34c45d278
347f9d2f4
343add370
33f61d3eb
33b11d465
336c1d4de
33271d557
32e1dd5cf
329c9d647
32575d6be
3211dd734
31cc9d7aa
31871d81f
31419d893
30fbdd907
30b61d97a
30705d9ec
302a9da5e
2fe49dacf
2f9eddb40
2f58ddbb0
2f129dc1f
2ecc9dc8d
2e865dcfb
2e401dd69
2df99ddd5
2db35de41
2d6cddead
2d265df17
2cdfddf81
2c991dfeb
2c525e054
2c0b9e0bc
2bc4de123
2b7dde18a
2b36de1f0
2aefde256
2aa8de2ba
2a61de31f
2a1a9e382
29d35e3e5
298c1e447
2944de4a9
28fd5e50a
28b5de56a
286e5e5ca
2826de629
27df1e687
27979e6e4
274fde741
27081e79e
26c01e7f9
26785e854
26305e8af
25e85e908
25a05e961
25585e9ba
25101ea11
24c7dea68
247f9eabf
24375eb14
23ef1eb69
23a69ebbe
235e1ec11
23159ec64
22cd1ecb7
22849ed08
223bded59
21f35edaa
21aa9edf9
2161dee48
21191ee96
20d01eee4
20875ef31
203e5ef7d
1ff55efc9
1fac5f014
1f631f05e
1f1a1f0a8
1ed0df0f1
1e879f139
1e3e5f181
1df51f1c8
1dabdf20e
1d629f253
1d191f298
1ccf9f2dd
1c861f320
1c3c9f363
1bf31f3a5
1ba99f3e7
1b5fdf428
1b161f468
1acc5f4a7
1a82df4e6
1a38df524
19ef1f562
19a55f59e
195b5f5da
19115f616
18c79f651
187d9f68b
18339f6c4
17e95f6fd
179f5f735
17555f76c
170b1f7a3
16c0df7d9
16769f80e
162c5f842
15e21f876
1597df8aa
154d9f8dc
15031f90e
14b8df93f
146e5f970
1423df99f
13d95f9ce
138edf9fd
13445fa2b
12f9dfa58
12af5fa84
12649fab0
121a1fadb
11cf5fb05
1184dfb2f
113a1fb58
10ef5fb80
10a49fba7
1059dfbce
100f1fbf4
fc41fc1a
f795fc3f
f2e9fc63
ee39fc86
e98dfca9
e4ddfccb
e02dfcec
db7dfd0d
d6cdfd2d
d21dfd4c
cd6dfd6b
c8bdfd89
c40dfda6
bf5dfdc3
baadfdde
b5f9fdfa
b149fe14
ac95fe2e
a7e5fe47
a331fe5f
9e7dfe77
99cdfe8e
9519fea4
9065feba
8bb1fecf
86fdfee3
8249fef6
7d95ff09
78e1ff1b
742dff2d
6f79ff3e
6ac5ff4e
6611ff5d
615dff6c
5ca5ff7a
57f1ff87
533dff94
4e85ffa0
49d1ffab
451dffb5
4065ffbf
3bb1ffc8
36f9ffd1
3245ffd9
2d8dffe0
28d9ffe6
2421ffec
1f6dfff1
1ab5fff5
15fdfff8
1149fffb
c91fffe
7ddffff
325ffff
ffe6dffff
ff9b9ffff
ff501fffe
ff04dfffc
feb95fff9
fe6e1fff6
fe229fff2
fdd71ffed
fd8bdffe8
fd405ffe2
fcf51ffdb
fca99ffd3
fc5e5ffcb
fc12dffc2
fbc79ffb9
fb7c5ffae
fb30dffa3
fae59ff98
fa9a1ff8b
fa4edff7e
fa039ff71
f9b85ff62
f96cdff53
f9219ff43
f8d65ff33
f88b1ff21
f83fdff0f
f7f49fefd
f7a95feea
f75e1fed6
f712dfec1
f6c79feab
f67c5fe95
f6315fe7f
f5e61fe67
f59adfe4f
f54fdfe36
f5049fe1d
f4b99fe02
f46e9fde8
f4235fdcc
f3d85fdb0
f38d5fd93
f3425fd75
f2f75fd57
f2ac5fd38
f2615fd18
f2165fcf7
f1cb5fcd6
f1805fcb4
f1359fc92
f0ea9fc6f
f09fdfc4b
f054dfc26
f00a1fc01
efbf5fbdb
ef749fbb4
ef29dfb8d
eedf1fb65
ee945fb3c
ee499fb13
edff1fae9
edb45fabe
ed69dfa93
ed1f1fa67
ecd49fa3a
ec8a1fa0c
ec3f9f9de
ebf51f9af
ebaa9f980
eb601f94f
eb15df91e
eacb5f8ed
ea811f8ba
ea36df887
e9ec9f854
e9a25f81f
e9581f7ea
e90ddf7b5
e8c39f77e
e8799f747
e82f5f70f
e7e55f6d7
e79b5f69e
e7515f664
e7075f629
e6bd5f5ee
e6739f5b2
e6299f576
e5dfdf539
e5961f4fb
e54c5f4bc
e5029f47d
e4b8df43d
e46f5f3fc
e4259f3bb
e3dc1f379
e3929f337
e3491f2f3
e2ff9f2af
e2b61f26b
e26cdf225
e2235f1df
e1da1f198
e190df151
e1479f109
e0fe9f0c0
e0b55f077
e06c5f02d
e0235efe2
dfda5ef97
df915ef4b
df485eefe
deff9eeb0
deb69ee62
de6ddee14
de251edc4
dddc5ed74
dd93ded23
dd4b1ecd2
dd029ec80
dcba1ec2d
dc719ebda
dc295eb85
dbe0deb31
db989eadb
db505ea85
db081ea2e
dac01e9d7
da77de97f
da2fde926
d9e7de8cd
d99fde872
d957de818
d9101e7bc
d8c85e760
d8809e704
d838de6a6
d7f15e648
d7a99e5e9
d7621e58a
d71a9e52a
d6d35e4c9
d68bde468
d6449e406
d5fd5e3a3
d5b61e340
d56f1e2dc
d527de277
d4e0de212
d499de1ac
d4531e146
d40c1e0de
d3c55e076
d37e9e00e
d3381dfa5
d2f15df3b
d2aadded0
d2645de65
d21ddddf9
d1d79dd8d
d1915dd20
d14b1dcb2
d104ddc44
d0beddbd5
d078ddb65
d032ddaf5
cfecdda84
cfa71da12
cf615d9a0
cf1b9d92d
ced5dd8ba
ce905d845
ce4add7d1
ce055d75b
cdc01d6e5
cd7a9d66e
cd355d5f7
ccf05d57f
ccab1d506
cc661d48d
cc211d413
cbdc5d399
cb975d31e
cb529d2a2
cb0e1d225
cac95d1a8
ca84dd12b
ca405d0ac
c9fc1d02d
c9b79cfae
c9735cf2e
c92f5cead
c8eb1ce2b
c8a71cda9
c8631cd26
c81f5cca3
c7db9cc1f
c797dcb9a
c7541cb15
c7109ca8f
c6cd1ca09
c6899c982
c6465c8fa
c6031c872
c5bfdc7e9
c57cdc75f
c539dc6d5
c4f6dc64a
c4b41c5bf
c4711c533
c42e9c4a6
c3ebdc419
c3a95c38b
c366dc2fd
c3249c26e
c2e25c1de
c2a01c14e
c25ddc0bd
c21bdc02b
c1d9dbf99
c1981bf06
c1565be73
c1149bddf
c0d2dbd4a
c0915bcb5
c04fdbc20
c00e9bb89
bfcd5baf2
bf8c1ba5b
bf4b1b9c2
bf0a1b92a
bec91b890
be885b7f6
be479b75c
be06db6c1
bdc65b625
bd85db589
bd455b4ec
bd051b44e
bcc4db3b0
bc84db311
bc44db272
bc04db1d2
bbc51b132
bb855b091
bb459afef
bb061af4d
bac69aeaa
ba875ae07
ba47dad63
ba08dacbe
b9c99ac19
b98a9ab73
b94bdaacd
b90d1aa26
b8ce5a97f
b88f9a8d6
b8511a82e
b812da785
b7d45a6db
b7961a631
b7581a586
b71a1a4da
b6dc1a42e
b69e5a382
b6609a2d4
b622da227
b5e55a178
b5a81a0c9
b56a9a01a
b52d59f6a
b4f059eb9
b4b359e08
b47659d56
b43999ca4
b3fcd9bf1
b3c059b3e
b38399a8a
b347599d6
b30b19921
b2ced986b
b292997b5
b256d96fe
b21ad9647
b1df1958f
b1a3594d7
b167d941e
b12c59364
b0f1192aa
b0b5d91f0
b07a99135
b03f99079
b00498fbd
afc9d8f00
af8f18e43
af5498d85
af1a18cc7
aedfd8c08
aea558b48
ae6b58a88
ae31589c8
adf758907
adbd98845
ad83d8783
ad4a186c1
ad10985fd
acd75853a
ac9e18476
ac64d83b1
ac2bd82ec
abf2d8226
abba18160
ab8158099
ab48d7fd1
ab1057f0a
aad817e41
aa9fd7d78
aa67d7caf
aa2fd7be5
a9f7d7b1a
a9c017a4f
a98857984
a950d78b8
a919577eb
a8e21771e
a8ab17651
a873d7583
a83d174b4
a806173e5
a7cf57316
a798d7246
a76257175
a72c170a4
a6f5d6fd3
a6bf96f01
a689d6e2e
a653d6d5b
a61e16c87
a5e896bb3
a5b316adf
a57d96a0a
a54856934
a5135685e
a4de56788
a4a9566b1
a474965d9
a43fd6502
a40b56429
a3d716350
a3a2d6277
a36e9619d
a33a960c3
a306d5fe8
a2d315f0c
a29f55e31
a26bd5d54
a23895c78
a20555b9b
a1d215abd
a19f159df
a16c55900
a13995821
a106d5741
a0d455661
a0a215581
a06fd54a0
a03d953bf
a00bd52dd
9fd9d51fb
9fa815118
9f7695035
9f4514f51
9f13d4e6d
9ee294d88
9eb194ca3
9e80d4bbe
9e4fd4ad8
9e1f549f1
9deed490a
9dbe54823
9d8e1473b
9d5e14653
9d2e1456b
9cfe14481
9cce54398
9c9ed42ae
9c6f541c4
9c40140d9
9c10d3fee
9be1d3f02
9bb2d3e16
9b8413d29
9b5593c3c
9b2713b4f
9af893a61
9aca53973
9a9c53884
9a6e53795
9a40936a5
9a12d35b6
99e5534c5
99b7d33d4
998a932e3
995d931f2
9930930ff
9903d300d
98d712f1a
98aa92e27
987e12d33
9851d2c3f
982592b4b
97f992a56
97cdd2960
97a21286b
977652775
974b1267e
971f92587
96f492490
96c992398
969e922a0
9673d21a8
9649520af
961ed1fb5
95f491ebc
95ca91dc2
95a051cc7
957691bcc
954cd1ad1
9523519d6
94f9d18da
94d0917dd
94a7516e1
947e515e3
9455914e6
942cd13e8
9404512ea
93dbd11eb
93b3910ec
938b90fed
936390eed
933bd0ded
931410ced
92ec90bec
92c510aeb
929dd09e9
9276d08e7
924fd07e5
9229106e2
9202905df
91dc104dc
91b5903d8
918f902d4
9169501d0
9143900cb
911dcffc6
90f80fec1
90d2cfdbb
90ad8fcb5
90884fbae
90634faa7
903e8f9a0
9019cf899
8ff54f791
8fd0cf689
8fac8f580
8f888f477
8f648f36e
8f40cf265
8f1d4f15b
8ef9cf051
8ed68ef46
8eb34ee3c
8e904ed30
8e6d8ec25
8e4aceb19
8e284ea0d
8e05ce901
8de38e7f4
8dc18e6e7
8d9f8e5da
8d7dce4cc
8d5c4e3be
8d3ace2b0
8d198e1a1
8cf84e092
8cd74df83
8cb68de74
8c95cdd64
8c754dc54
8c54cdb43
8c348da33
8c148d922
8bf4cd810
8bd50d6ff
8bb54d5ed
8b960d4db
8b76cd3c8
8b578d2b6
8b388d1a3
8b19cd08f
8afb4cf7c
8adccce68
8abe8cd54
8aa04cc3f
8a824cb2b
8a648ca16
8a46cc900
8a294c7eb
8a0bcc6d5
89eecc5bf
89d18c4a9
89b4cc392
89980c27b
897b8c164
895f0c04d
8942cbf35
8926cbe1d
890acbd05
88ef0bbed
88d38bad4
88b80b9bb
889ccb8a2
8881cb789
8866cb66f
884c0b555
88314b43b
8816cb320
87fc8b206
87e28b0eb
87c88afd0
87ae8aeb4
87950ad99
877b8ac7d
87624ab61
87490aa44
87300a928
87174a80b
86fe8a6ee
86e60a5d1
86cdca4b3
86b58a396
869d8a278
8685ca15a
866e0a03b
865689f1d
863f09dfe
862809cdf
861109bc0
85fa09aa1
85e389981
85ccc9861
85b689741
85a049621
858a49500
8574893e0
855ec92bf
85494919e
8533c907d
851ec8f5b
850988e3a
84f4c8d18
84e008bf6
84cb88ad4
84b7489b1
84a30888f
848f0876c
847b08649
846788526
845408402
8440882df
842d481bb
841a48097
840787f73
83f4c7e4f
83e247d2b
83d007c06
83bdc7ae2
83abc79bd
839a07898
838847773
8376c764d
836547528
835447402
8343472dc
8332471b6
8321c7090
831146f6a
830106e43
82f0c6d1d
82e0c6bf6
82d106acf
82c1469a8
82b1c6881
82a28675a
829386632
82848650b
8275c63e3
8267062bb
825886193
824a4606b
823c45f43
822e45e1a
822085cf2
8212c5bc9
820585aa0
81f845977
81eb0584e
81de45725
81d1855fc
81c4c54d3
81b8853a9
81ac45280
81a005156
81944502c
818884f02
817d04dd8
817184cae
816644b84
815b44a59
81508492f
8145c4804
813b446da
8131045af
8126c4484
811cc4359
81130422e
810944103
80ffc3fd8
80f683ead
80ed43d81
80e443c56
80db83b2a
80d3039ff
80ca838d3
80c2437a7
80ba0367b
80b20354f
80aa43423
80a2c32f7
809b431cb
80940309f
808d02f73
808602e46
807f82d1a
8078c2bee
807282ac1
806c42995
806642868
80604273b
805ac260f
8055424e2
804fc23b5
804a82288
80458215b
8040c202e
803c41f01
8037c1dd4
803341ca7
802f41b7a
802b41a4d
80278191f
8023c17f2
8020816c5
801d41598
801a0146a
80174133d
80148120f
8011c10e2
800f80fb5
800d40e87
800b40d5a
800940c2c
800780aff
8006009d1
8004c08a4
800380776
800280648
8001c051b
8001003ed
8000802c0
800040192
800040065
80007ff37
80007fe09
8000bfcdc
80017fbae
80023fa81
8002ff953
8003ff825
80053f6f8
8006bf5ca
80083f49d
8009ff36f
800bff242
800e3f114
80107efe7
8012feeb9
80157ed8c
80183ec5f
801b3eb31
801e7ea04
8021be8d7
80253e7a9
8028fe67c
802cbe54f
8030be422
8034fe2f5
80397e1c8
803dfe09b
8042bdf6e
80477de41
804c7dd14
8051bdbe7
80573daba
805cbd98d
80627d861
80687d734
806e7d607
8074bd4db
807b3d3ae
8081bd282
8088bd155
808f7d029
8096bcefd
809dfcdd1
80a57cca5
80ad3cb79
80b4fca4d
80bcfc921
80c53c7f5
80cd7c6c9
80d5fc59d
80debc472
80e77c346
80f07c21b
80f9bc0f0
81033bfc4
810cbbe99
81167bd6e
81203bc43
812a3bb18
81347b9ed
813efb8c3
81497b798
81543b66e
815f3b543
816a3b419
81757b2ef
8180fb1c5
818cbb09b
81987af71
81a43ae47
81b07ad1d
81bcbabf4
81c93aaca
81d5ba9a1
81e2ba878
81efba74f
81fcba626
8209fa4fd
82177a3d4
82253a2ab
8232fa183
8240fa05b
824f39f32
825d79e0a
826bf9ce2
827ab9bbb
8289b9a93
8298b996b
82a7b9844
82b73971d
82c6b95f5
82d6794cf
82e6393a8
82f639281
83067915a
8316f9034
832778f0e
833838de8
8348f8cc2
835a38b9c
836b78a76
837cb8951
838e3882c
839ff8707
83b1f85e2
83c3f84bd
83d638398
83e8b8274
83fb3814f
840df802b
8420f7f07
8433f7de3
844737cc0
845ab7b9c
846e37a79
8481f7956
8495b7833
84a9f7711
84be375ee
84d2774cc
84e7373aa
84fbf7288
8510b7166
8525f7044
853b36f23
855076e02
856636ce1
857bf6bc0
8591b6a9f
85a7f697f
85be3685f
85d47673f
85eb3661f
8601f6500
8618b63e0
862ff62c1
8647361a2
865e76084
8675f5f65
868db5e47
86a5b5d29
86bdb5c0b
86d5f5aed
86ee759d0
8706f58b3
871fb5796
873875679
8751b555d
876ab5441
878435325
879db5209
87b7750ed
87d134fd2
87eb34eb7
880574d9c
881ff4c81
883a74b67
8854f4a4d
886ff4933
888af481a
88a5f4700
88c1745e7
88dcf44ce
88f8743b6
89143429d
893034185
894c7406e
8968b3f56
898533e3f
89a1b3d28
89be73c11
89db73afa
89f8739e4
8a15b38ce
8a33337b9
8a50b36a3
8a6e7358e
8a8c73479
8aaa73364
8ac8b3250
8ae6f313c
8b0573028
8b2432f15
8b4332e02
8b6232cef
8b8132bdc
8ba0b2aca
8bbff29b8
8bdfb28a6
8bff72794
8c1f72683
8c3f72572
8c5fb2462
8c8032352
8ca0b2242
8cc172132
8ce272022
8d0371f13
8d24b1e05
8d45f1cf6
8d6771be8
8d8931ada
8daaf19cd
8dccf18bf
8def317b2
8e11716a6
8e33f1599
8e567148e
8e7931382
8e9c31277
8ebf3116c
8ee271061
8f05b0f56
8f2930e4c
8f4cf0d43
8f70b0c39
8f94b0b30
8fb8f0a28
8fdd3091f
900170817
90263070f
904af0608
906fb0501
9094b03fa
90b9f02f4
90df701ee
9104f00e8
912a6ffe3
91502fede
91762fdd9
919c2fcd5
91c26fbd1
91e8eface
920f6f9ca
92362f8c8
925cef7c5
9283ef6c3
92ab2f5c1
92d26f4c0
92f9af3bf
93216f2be
93492f1be
9370ef0be
9398eefbe
93c12eebf
93e96edc0
9411eecc1
943a6ebc3
94632eac6
948c2e9c8
94b52e8cb
94de6e7cf
9507ae6d2
95312e5d6
955aee4db
9584ae3e0
95ae6e2e5
95d8ae1eb
9602ae0f1
962d2dff7
9657adefe
96822de06
96acedd0d
96d7edc15
9702edb1e
972e2da26
9759ad930
9784ed839
97b0ad743
97dc6d64e
98086d559
98346d464
9860ad36f
988ced27b
98b96d188
98e5ed095
9912acfa2
993faceb0
996cacdbe
9999ecccc
99c72cbdb
99f4acaeb
9a222c9fa
9a4fec90b
9a7dac81b
9aabac72c
9ad9ec63e
9b082c550
9b36ac462
9b652c375
9b93ec288
9bc2ac19b
9bf1ac0af
9c20abfc4
9c4febed9
9c7f2bdee
9caeabd04
9cde6bc1a
9d0e2bb31
9d3e2ba48
9d6e2b95f
9d9e2b877
9dceab790
9dfeeb6a9
9e2fab5c2
9e602b4dc
9e912b3f6
9ec22b311
9ef32b22c
9f246b147
9f55ab063
9f872af80
9fb8eae9d
9feaaadba
a01c6acd8
a04e6abf6
a080aab15
a0b2eaa34
a0e52a954
a117ea874
a14a6a795
a17d2a6b6
a1b02a5d7
a1e32a4f9
a2166a41c
a249aa33f
a27d2a262
a2b0aa186
a2e46a0aa
a31829fcf
a34be9ef5
a38029e1a
a3b429d41
a3e8a9c67
a41ce9b8f
a451a9ab6
a486299df
a4bae9907
a4efe9831
a524e975a
a55a29684
a58f695af
a5c4e94da
a5fa69406
a63029332
a665e925f
a69ba918c
a6d1e90b9
a707e8fe7
a73e28f16
a774a8e45
a7ab28d75
a7e1a8ca5
a81868bd6
a84f68b07
a88668a38
a8bd6896a
a8f4a889d
a92be87d0
a96368704
a99ae8638
a9d2a856d
aa0a684a2
aa42683d8
aa7a6830e
aab2a8245
aaeae817c
ab23680b4
ab5be7fec
ab9467f25
abcd27e5e
ac05e7d98
ac3ee7cd3
ac77e7c0d
acb127b49
acea67a85
ad23e79c1
ad5d678fe
ad972783c
add0e777a
ae0aa76b9
ae44a75f8
ae7ea7538
aeb8e7478
aef3273b9
af2da72fa
af682723c
afa2e717e
afdda70c1
b01867004
b05366f48
b08e66e8d
b0c9a6dd2
b104e6d18
b14026c5e
b17ba6ba5
b1b766aec
b1f326a34
b22ee697c
b26aa68c5
b2a6e680e
b2e2e6758
b31f266a3
b35b665ee
b397e653a
b3d466486
b411263d3
b44de6320
b48aa626e
b4c7a61bd
b504a610c
b541e605b
b57f25fac
b5bc65efc
b5f9e5e4e
b63765d9f
b67525cf2
b6b2e5c45
b6f0e5b98
b72ea5aed
b76ce5a41
b7aae5997
b7e9258ec
b827a5843
b8662579a
b8a4a56f1
b8e32564a
b921e55a2
b960e54fc
b99fa5456
b9dea53b0
ba1de530b
ba5d25267
ba9c651c3
badbe5120
bb1b6507d
bb5ae4fdb
bb9aa4f3a
bbda64e99
bc1a24df8
bc5a24d59
bc9a24cba
bcda64c1b
bd1aa4b7d
bd5ae4ae0
bd9b64a43
bddbe49a7
be1c6490c
be5d24871
be9de47d6
bedee473c
bf1fa46a3
bf60e460b
bfa1e4573
bfe3244db
c02464445
c065e43ae
c0a764319
c0e8e4284
c12a641f0
c16c2415c
c1ae240c9
c1efe4036
c231e3fa4
c273e3f13
c2b623e82
c2f863df2
c33aa3d63
c37d23cd4
c3bfa3c45
c40223bb8
c444e3b2b
c48763a9e
c4ca63a13
c50d23987
c550238fd
c59323873
c5d6637e9
c619a3761
c65ce36d9
c6a023651
c6e3a35ca
c72723544
c76aa34be
c7ae63439
c7f2233b5
c835e3331
c879e32ae
c8bde322b
c901e31aa
c945e3128
c98a230a8
c9ce63028
ca12e2fa8
ca5722f2a
ca9ba2eab
cae062e2e
cb24e2db1
cb69a2d35
cbae62cb9
cbf322c3e
cc3822bc4
cc7d22b4a
ccc222ad1
cd0762a59
cd4ca29e1
cd91e296a
cdd7228f3
ce1ca287e
ce61e2808
cea7a2794
ceed22720
cf32e26ac
cf78a263a
cfbe625c8
d00422556
d04a224e6
d09022476
d0d622406
d11c62397
d162a2329
d1a8e22bc
d1ef2224f
d235621e3
d27be2177
d2c26210c
d308e20a2
d34fa2038
d39661fcf
d3dd21f67
d423e1eff
d46aa1e98
d4b1a1e32
d4f8a1dcc
d53fa1d67
d586a1d03
d5cde1c9f
d61521c3c
d65c61bd9
d6a3a1b78
d6eb21b16
d732a1ab6
d779e1a56
d7c1a19f7
d80921999
d850e193b
d898a18de
d8e061881
d92821825
d96fe17ca
d9b7e176f
d9ffe1716
da47e16bc
da8fe1664
dad82160c
db20615b5
db686155e
dbb0e1508
dbf9214b3
dc416145e
dc89e140b
dcd2613b7
dd1ae1365
dd6361313
ddac212c2
ddf4a1271
de3d61221
de86211d2
decee1184
df17e1136
df60a10e8
dfa9a109c
dff2a1050
e03ba1005
e084a0fba
e0cde0f71
e116e0f27
e16020edf
e1a960e97
e1f2a0e50
e23be0e09
e28560dc4
e2cea0d7f
e31820d3a
e361a0cf6
e3ab20cb3
e3f4a0c71
e43e20c2f
e487e0bee
e4d160bae
e51b20b6e
e564e0b2f
e5aea0af0
e5f860ab3
e64260a76
e68c20a3a
e6d6209fe
e720209c3
e76a20989
e7b42094f
e7fe20916
e848208de
e892608a6
e8dc60870
e926a0839
e970e0804
e9bb207cf
ea056079b
ea4fa0767
ea99e0735
eae460703
eb2ea06d1
eb79206a1
ebc360670
ec0de0641
ec5860613
eca2e05e5
eced605b7
ed382058b
ed82a055f
edcd60534
ee17e0509
ee62a04df
eead604b6
eef7e048e
ef42a0466
ef8d6043f
efd860418
f023203f2
f06de03cd
f0b8e03a9
f103a0385
f14ea0362
f19960340
f1e46031f
f22f602fe
f27a602de
f2c5602be
f3106029f
f35b60281
f3a660264
f3f160247
f43c6022b
f487a020f
f4d2a01f5
f51de01db
f568e01c1
f5b4201a9
f5ff20191
f64a6017a
f695a0163
f6e0e014d
f72be0138
f77720124
f7c260110
f80da00fd
f858e00ea
f8a4200d9
f8ef600c8
f93ae00b8
f986200a8
f9d160099
fa1ca008b
fa682007d
fab360070
fafea0064
fb4a20059
fb956004e
fbe0a0044
fc2c2003b
fc7760032
fcc2e002a
fd0e20023
fd59a001c
fda4e0016
fdf060011
fe3be000c
fe8720009
fed2a0006
ff1de0003
ff6960001
ffb4a0001
7fffc0000
7fffc0032
7fffc0065
7fffc0097
7fffc00c9
7fffc00fb
7fffc012e
7fffc0160
7fffc0192
7fffc01c4
7fffc01f7
7fffc0229
7fffc025b
7fff8028d
7fff802c0
7fff802f2
7fff80324
7fff40357
7fff40389
7fff403bb
7fff003ed
7fff00420
7ffec0452
7ffec0484
7ffe804b6
7ffe804e9
7ffe4051b
7ffe4054d
7ffe0057f
7ffe005b2
7ffdc05e4
7ffdc0616
7ffd80648
7ffd8067b
7ffd406ad
7ffd006df
7ffd00711
7ffcc0744
7ffc80776
7ffc407a8
7ffc407db
7ffc0080d
7ffbc083f
7ffb80871
7ffb408a4
7ffb008d6
7ffb00908
7ffac093a
7ffa8096d
7ffa4099f
7ffa009d1
7ff9c0a03
7ff980a36
7ff940a68
7ff900a9a
7ff8c0acc
7ff880aff
7ff840b31
7ff800b63
7ff780b95
7ff740bc8
7ff700bfa
7ff6c0c2c
7ff680c5e
7ff640c91
7ff5c0cc3
7ff580cf5
7ff540d27
7ff4c0d5a
7ff480d8c
7ff440dbe
7ff3c0df0
7ff380e23
7ff340e55
7ff2c0e87
7ff280eb9
7ff200eec
7ff1c0f1e
7ff140f50
7ff100f82
7ff080fb5
7ff040fe7
7fefc1019
7fef8104b
7fef0107e
7fee810b0
7fee410e2
7fedc1114
7fed41147
7fed01179
7fec811ab
7fec011dd
7feb8120f
7feb41242
7feac1274
7fea412a6
7fe9c12d8
7fe94130b
7fe8c133d
7fe88136f
7fe8013a1
7fe7813d4
7fe701406
7fe681438
7fe60146a
7fe58149c
7fe5014cf
7fe481501
7fe401533
7fe381565
7fe2c1598
7fe2415ca
7fe1c15fc
7fe14162e
7fe0c1660
7fe041693
7fdf816c5
7fdf016f7
7fde81729
7fde0175c
7fdd4178e
7fdcc17c0
7fdc417f2
7fdb81824
7fdb01857
7fda41889
7fd9c18bb
7fd9418ed
7fd88191f
7fd801952
7fd741984
7fd6c19b6
7fd6019e8
7fd581a1a
7fd4c1a4d
7fd401a7f
7fd381ab1
7fd2c1ae3
7fd201b15
7fd181b48
7fd0c1b7a
7fd001bac
7fcf81bde
7fcec1c10
7fce01c43
7fcd41c75
7fccc1ca7
7fcc01cd9
7fcb41d0b
7fca81d3d
7fc9c1d70
7fc901da2
7fc841dd4
7fc781e06
7fc6c1e38
7fc641e6b
7fc581e9d
7fc481ecf
7fc3c1f01
7fc301f33
7fc241f65
7fc181f98
7fc0c1fca
7fc001ffc
7fbf4202e
7fbe82060
7fbd82092
7fbcc20c5
7fbc020f7
7fbb42129
7fba8215b
7fb98218d
7fb8c21bf
7fb8021f2
7fb702224
7fb642256
7fb582288
7fb4822ba
7fb3c22ec
7fb2c231e
7fb202351
7fb102383
7fb0423b5
7faf423e7
7fae82419
7fad8244b
7facc247d
7fabc24b0
7faac24e2
7faa02514
7fa902546
7fa842578
7fa7425aa
7fa6425dc
7fa54260f
7fa482641
7fa382673
7fa2826a5
7fa1826d7
7fa082709
7f9fc273b
7f9ec276d
7f9dc279f
7f9cc27d2
7f9bc2804
7f9ac2836
7f99c2868
7f98c289a
7f97c28cc
7f96c28fe
7f95c2930
7f94c2962
7f93c2995
7f92c29c7
7f91c29f9
7f90c2a2b
7f8fc2a5d
7f8e82a8f
7f8d82ac1
7f8c82af3
7f8b82b25
7f8a82b57
7f8942b89
7f8842bbc
7f8742bee
7f8602c20
7f8502c52
7f8402c84
7f82c2cb6
7f81c2ce8
7f8082d1a
7f7f82d4c
7f7e82d7e
7f7d42db0
7f7c42de2
7f7b02e14
7f7a02e46
7f78c2e79
7f7782eab
7f7682edd
7f7542f0f
7f7442f41
7f7302f73
7f71c2fa5
7f70c2fd7
7f6f83009
7f6e4303b
7f6d0306d
7f6c0309f
7f6ac30d1
7f6983103
7f6843135
7f6703167
7f6603199
7f64c31cb
7f63831fd
7f624322f
7f6103261
7f5fc3293
7f5e832c5
7f5d432f7
7f5c03329
7f5ac335b
7f598338d
7f58433bf
7f57033f1
7f55c3423
7f5443455
7f5303487
7f51c34b9
7f50834eb
7f4f4351d
7f4e0354f
7f4c83581
7f4b435b3
7f4a035e5
7f4883617
7f4743649
7f460367b
7f44836ad
7f43436df
7f4203711
7f4083743
7f3f43775
7f3dc37a7
7f3c837d9
7f3b0380b
7f39c383d
7f384386f
7f37038a1
7f35838d3
7f3443905
7f32c3937
7f3143969
7f300399b
7f2e839cd
7f2d039ff
7f2bc3a31
7f2a43a63
7f28c3a94
7f2783ac6
7f2603af8
7f2483b2a
7f2303b5c
7f2183b8e
7f2003bc0
7f1ec3bf2
7f1d43c24
7f1bc3c56
7f1a43c88
7f18c3cba
7f1743cec
7f15c3d1d
7f1443d4f
7f12c3d81
7f1143db3
7f0fc3de5
7f0e43e17
7f0cc3e49
7f0b03e7b
7f0983ead
7f0803ede
7f0683f10
7f0503f42
7f0383f74
7f01c3fa6
7f0043fd8
7efec400a
7efd0403c
7efb8406e
7efa0409f
7ef8440d1
7ef6c4103
7ef544135
7ef384167
7ef204199
7ef0441cb
7eeec41fc
7eed0422e
7eeb84260
7ee9c4292
7ee8442c4
7ee6842f6
7ee504327
7ee344359
7ee18438b
7ee0043bd
7ede443ef
7edc84421
7edb04452
7ed944484
7ed7844b6
7ed6044e8
7ed44451a
7ed28454b
7ed0c457d
7ecf045af
7ecd845e1
7ecbc4613
7eca04644
7ec844676
7ec6846a8
7ec4c46da
7ec30470b
7ec14473d
7ebf8476f
7ebdc47a1
7ebc047d3
7eba44804
7eb884836
7eb6c4868
7eb50489a
7eb3048cb
7eb1448fd
7eaf8492f
7eadc4961
7eac04992
7eaa449c4
7ea8449f6
7ea684a28
7ea4c4a59
7ea2c4a8b
7ea104abd
7e9f44aef
7e9d44b20
7e9b84b52
7e99c4b84
7e97c4bb5
7e9604be7
7e9404c19
7e9244c4b
7e9044c7c
7e8e84cae
7e8c84ce0
7e8ac4d11
7e88c4d43
7e86c4d75
7e8504da6
7e8304dd8
7e8144e0a
7e7f44e3b
7e7d44e6d
7e7b44e9f
7e7984ed0
7e7784f02
7e7584f34
7e7384f65
7e71c4f97
7e6fc4fc9
7e6dc4ffa
7e6bc502c
7e69c505e
7e67c508f
7e65c50c1
7e64050f3
7e6205124
7e6005156
7e5e05187
7e5c051b9
7e5a051eb
7e57c521c
7e55c524e
7e53c5280
7e51c52b1
7e4fc52e3
7e4dc5314
7e4bc5346
7e49c5378
7e47853a9
7e45853db
7e438540c
7e418543e
7e3f4546f
7e3d454a1
7e3b454d3
7e3905504
7e3705536
7e3505567
7e32c5599
7e30c55ca
7e2e855fc
7e2c8562e
7e2a8565f
7e2845691
7e26456c2
7e24056f4
7e21c5725
7e1fc5757
7e1d85788
7e1b857ba
7e19457eb
7e170581d
7e150584e
7e12c5880
7e10858b1
7e0e858e3
7e0c45914
7e0a05946
7e07c5977
7e05c59a9
7e03859da
7e0145a0c
7dff05a3d
7dfcc5a6f
7dfa85aa0
7df845ad2
7df645b03
7df405b35
7df1c5b66
7def85b98
7ded45bc9
7deb05bfb
7de8c5c2c
7de685c5d
7de405c8f
7de1c5cc0
7ddf85cf2
7ddd45d23
7ddb05d55
7dd8c5d86
7dd685db7
7dd405de9
7dd1c5e1a
7dcf85e4c
7dcd45e7d
7dcac5eae
7dc885ee0
7dc645f11
7dc3c5f43
7dc185f74
7dbf45fa5
7dbcc5fd7
7dba86008
7db80603a
7db5c606b
7db34609c
7db1060ce
7dae860ff
7dac46130
7da9c6162
7da786193
7da5061c4
7da2c61f6
7da046227
7d9dc6258
7d9b8628a
7d99062bb
7d96862ec
7d944631e
7d91c634f
7d8f46380
7d8cc63b2
7d8a463e3
7d8806414
7d8586445
7d8306477
7d80864a8
7d7e064d9
7d7b8650b
7d790653c
7d768656d
7d740659e
7d71865d0
7d6f06601
7d6c86632
7d6a06663
7d6786695
7d65066c6
7d62866f7
7d6006728
7d5d8675a
7d5b0678b
7d58867bc
7d55c67ed
7d534681f
7d50c6850
7d4e46881
7d4b868b2
7d49068e3
7d4686915
7d4406946
7d4146977
7d3ec69a8
7d3c069d9
7d3986a0b
7d3706a3c
7d3446a6d
7d31c6a9e
7d2f06acf
7d2c86b00
7d29c6b31
7d2746b63
7d2486b94
7d2206bc5
7d1f46bf6
7d1c86c27
7d1a06c58
7d1746c89
7d1486cbb
7d1206cec
7d0f46d1d
7d0c86d4e
7d0a06d7f
7d0746db0
7d0486de1
7d01c6e12
7cff06e43
7cfc86e74
7cf9c6ea6
7cf706ed7
7cf446f08
7cf186f39
7ceec6f6a
7cec06f9b
7ce946fcc
7ce686ffd
7ce3c702e
7ce10705f
7cde47090
7cdb870c1
7cd8c70f2
7cd607123
7cd347154
7cd087185
7ccdc71b6
7ccac71e7
7cc807218
7cc547249
7cc28727a
7cbf872ab
7cbcc72dc
7cba0730d
7cb74733e
7cb44736f
7cb1873a0
7caec73d1
7cabc7402
7ca907433
7ca607464
7ca347495
7ca0474c6
7c9d874f7
7c9ac7528
7c97c7559
7c94c758a
7c92075bb
7c8f075eb
7c8c4761c
7c894764d
7c868767e
7c83876af
7c80876e0
7c7dc7711
7c7ac7742
7c77c7773
7c74c77a3
7c72077d4
7c6f07805
7c6c07836
7c6907867
7c6607898
7c63478c9
7c60478f9
7c5d4792a
7c5a4795b
7c574798c
7c54479bd
7c51479ee
7c4e47a1e
7c4b47a4f
7c4847a80
7c4547ab1
7c4247ae2
7c3f47b12
7c3c47b43
7c3947b74
7c3647ba5
7c3307bd6
7c3007c06
7c2d07c37
7c2a07c68
7c2707c99
7c23c7cc9
7c20c7cfa
7c1dc7d2b
7c1ac7d5c
7c1787d8c
7c1487dbd
7c1187dee
7c0e47e1f
7c0b47e4f
7c0807e80
7c0507eb1
7c0207ee1
7bfec7f12
7bfbc7f43
7bf887f73
7bf587fa4
7bf247fd5
7bef48005
7bec08036
7be8c8067
7be5c8097
7be2880c8
7bdf480f9
7bdc48129
7bd90815a
7bd5c818b
7bd2c81bb
7bcf881ec
7bcc4821d
7bc90824d
7bc60827e
7bc2c82ae
7bbf882df
7bbc48310
7bb908340
7bb5c8371
7bb2883a1
7baf483d2
7bac08402
7ba8c8433
7ba588464
7ba248494
7b9f084c5
7b9bc84f5
7b9888526
7b9548556
7b9208587
7b8ec85b7
7b8b885e8
7b8848618
7b8508649
7b8188679
7b7e486aa
7b7b086da
7b77c870b
7b744873b
7b710876c
7b6dc879c
7b6a887cd
7b67087fd
7b63c882e
7b604885e
7b5d0888f
7b59c88bf
7b56488ef
7b5308920
7b4f88950
7b4c48981
7b48c89b1
7b45889e2
7b4208a12
7b3ec8a42
7b3b48a73
7b37c8aa3
7b3488ad4
7b3108b04
7b2dc8b34
7b2a48b65
7b26c8b95
7b2348bc5
7b2008bf6
7b1c88c26
7b1908c56
7b1588c87
7b1248cb7
7b0ec8ce7
7b0b48d18
7b07c8d48
7b0448d78
7b00c8da9
7afd48dd9
7af9c8e09
7af688e3a
7af308e6a
7aef88e9a
7aec08eca
7ae888efb
7ae4c8f2b
7ae148f5b
7addc8f8b
7ada48fbc
7ad6c8fec
7ad34901c
7acfc904c
7acc4907d
7ac8890ad
7ac5090dd
7ac18910d
7abe0913d
7aba4916e
7ab6c919e
7ab3491ce
7aafc91fe
7aac0922e
7aa88925f
7aa4c928f
7aa1492bf
7a9dc92ef
7a9a0931f
7a968934f
7a92c937f
7a8f493b0
7a8b893e0
7a8809410
7a8449440
7a80c9470
7a7d094a0
7a79494d0
7a75c9500
7a7209530
7a6e89561
7a6ac9591
7a67095c1
7a63495f1
7a5fc9621
7a5c09651
7a5849681
7a54896b1
7a51096e1
7a4d49711
7a4989741
7a45c9771
7a42097a1
7a3e497d1
7a3a89801
7a3709831
7a3349861
7a2f89891
7a2bc98c1
7a28098f1
7a2449921
7a2089951
7a1c89981
7a18c99b1
7a15099e1
7a1149a11
7a0d89a41
7a09c9a71
7a0609aa1
7a0249ad0
79fe49b00
79fa89b30
79f6c9b60
79f309b90
79ef09bc0
79eb49bf0
79e789c20
79e389c50
79dfc9c7f
79dc09caf
79d809cdf
79d449d0f
79d049d3f
79cc89d6f
79c889d9e
79c4c9dce
79c109dfe
79bd09e2e
79b909e5e
79b549e8e
79b149ebd
79ad89eed
79a989f1d
79a589f4d
79a1c9f7c
799dc9fac
7999c9fdc
79960a00c
79920a03b
798e0a06b
798a4a09b
79864a0cb
79824a0fa
797e4a12a
797a4a15a
79764a189
79728a1b9
796e8a1e9
796a8a219
79668a248
79628a278
795e8a2a8
795a8a2d7
79568a307
79528a336
794e8a366
794a8a396
79468a3c5
79428a3f5
793e8a425
793a8a454
79364a484
79324a4b3
792e4a4e3
792a4a513
79264a542
79220a572
791e0a5a1
791a0a5d1
79160a600
7911ca630
790dca660
7909ca68f
79058a6bf
79018a6ee
78fd8a71e
78f94a74d
78f54a77d
78f10a7ac
78ed0a7dc
78e8ca80b
78e4ca83b
78e08a86a
78dc8a89a
78d84a8c9
78d44a8f8
78d00a928
78cbca957
78c7ca987
78c38a9b6
78bf4a9e6
78bb4aa15
78b70aa44
78b2caa74
78ae8aaa3
78aa8aad3
78a64ab02
78a20ab31
789dcab61
7899cab90
78958abbf
78914abef
788d0ac1e
7888cac4d
78848ac7d
78804acac
787c0acdb
7877cad0b
78738ad3a
786f4ad69
786b0ad99
7866cadc8
78628adf7
785e4ae27
785a0ae56
7855cae85
78518aeb4
784d0aee4
7848caf13
78448af42
78404af71
783c0afa0
78378afd0
78334afff
782f0b02e
782a8b05d
78264b08c
78220b0bc
781d8b0eb
78194b11a
78150b149
78108b178
780c4b1a7
7807cb1d7
78038b206
77ff0b235
77facb264
77f64b293
77f20b2c2
77ed8b2f1
77e94b320
77e4cb34f
77e04b37f
77dc0b3ae
77d78b3dd
77d34b40c
77cecb43b
77ca4b46a
77c5cb499
77c18b4c8
77bd0b4f7
77b88b526
77b40b555
77afcb584
77ab4b5b3
77a6cb5e2
77a24b611
779dcb640
77994b66f
7794cb69e
77904b6cd
778bcb6fc
77874b72b
7782cb75a
777e4b789
7779cb7b7
77754b7e6
7770cb815
776c4b844
7767cb873
77634b8a2
775ecb8d1
775a4b900
7755cb92f
77510b95d
774c8b98c
77480b9bb
77438b9ea
773ecba19
773a4ba48
7735cba76
77314baa5
772c8bad4
77280bb03
77234bb32
771ecbb60
771a4bb8f
77158bbbe
77110bbed
770c4bc1b
7707cbc4a
77030bc79
76fe8bca8
76f9cbcd6
76f54bd05
76f08bd34
76ec0bd63
76e74bd91
76e28bdc0
76de0bdef
76d94be1d
76d48be4c
76d00be7b
76cb4bea9
76c68bed8
76c20bf07
76bd4bf35
76b88bf64
76b3cbf92
76af0bfc1
76aa8bff0
76a5cc01e
76a10c04d
769c4c07b
76978c0aa
7692cc0d9
768e0c107
76894c136
76848c164
767fcc193
767b0c1c1
76764c1f0
76718c21e
766ccc24d
76680c27b
76634c2aa
765e8c2d8
7659cc307
76550c335
76500c364
764b4c392
76468c3c1
7641cc3ef
763ccc41e
76380c44c
76334c47a
762e8c4a9
76298c4d7
7624cc506
76200c534
761b0c562
76164c591
76114c5bf
760c8c5ed
7607cc61c
7602cc64a
75fe0c679
75f90c6a7
75f44c6d5
75ef4c703
75ea8c732
75e58c760
75e08c78e
75dbcc7bd
75d6cc7eb
75d20c819
75cd0c847
75c80c876
75c34c8a4
75be4c8d2
75b94c900
75b44c92f
75af8c95d
75aa8c98b
75a58c9b9
75a08c9e8
759b8ca16
7596cca44
7591cca72
758cccaa0
7587ccace
7582ccafd
757dccb2b
7578ccb59
7573ccb87
756eccbb5
7569ccbe3
7564ccc11
755fccc3f
755accc6d
7555ccc9c
7550cccca
754bcccf8
7546ccd26
75418cd54
753c8cd82
75378cdb0
75328cdde
752d8ce0c
75284ce3a
75234ce68
751e4ce96
75194cec4
75140cef2
750f0cf20
750a0cf4e
7504ccf7c
74ffccfaa
74faccfd8
74f58d006
74f08d034
74eb4d061
74e64d08f
74e10d0bd
74dc0d0eb
74d6cd119
74d1cd147
74cc8d175
74c78d1a3
74c24d1d1
74bd0d1fe
74b80d22c
74b2cd25a
74ad8d288
74a88d2b6
74a34d2e3
749e0d311
74990d33f
7493cd36d
748e8d39b
74894d3c8
74844d3f6
747f0d424
7479cd452
74748d47f
746f4d4ad
746a0d4db
7464cd509
745f8d536
745a8d564
74554d592
74500d5bf
744acd5ed
74458d61b
74404d648
743b0d676
74358d6a4
74304d6d1
742b0d6ff
7425cd72c
74208d75a
741b4d788
74160d7b5
7410cd7e3
740b4d810
74060d83e
7400cd86c
73fb8d899
73f60d8c7
73f0cd8f4
73eb8d922
73e60d94f
73e0cd97d
73db8d9aa
73d60d9d8
73d0cda05
73cb8da33
73c60da60
73c0cda8e
73bb4dabb
73b60dae9
73b08db16
73ab4db43
73a5cdb71
73a08db9e
739b0dbcc
73958dbf9
73904dc26
738acdc54
73858dc81
73800dcae
737a8dcdc
73754dd09
736fcdd37
736a4dd64
7364cdd91
735f8ddbe
735a0ddec
73548de19
734f0de46
73498de74
73444dea1
733ecdece
73394defb
7333cdf29
732e4df56
7328cdf83
73234dfb0
731dcdfde
73184e00b
7312ce038
730d4e065
7307ce092
73024e0bf
72fcce0ed
72f74e11a
72f1ce147
72ec4e174
72e68e1a1
72e10e1ce
72db8e1fb
72d60e229
72d08e256
72cace283
72c54e2b0
72bfce2dd
72ba4e30a
72b48e337
72af0e364
72a98e391
72a3ce3be
729e4e3eb
7298ce418
72930e445
728d8e472
7287ce49f
72824e4cc
727c8e4f9
72770e526
72714e553
726bce580
72660e5ad
72608e5da
725ace607
72554e633
724f8e660
7249ce68d
72444e6ba
723e8e6e7
7238ce714
72334e741
722d8e76e
7227ce79a
72224e7c7
721c8e7f4
7216ce821
72110e84e
720b4e87a
7205ce8a7
72000e8d4
71fa4e901
71f48e92d
71eece95a
71e90e987
71e34e9b4
71dd8e9e0
71d7cea0d
71d20ea3a
71cc4ea67
71c68ea93
71c0ceac0
71bb0eaed
71b54eb19
71af8eb46
71a9ceb72
71a40eb9f
719e4ebcc
71988ebf8
71928ec25
718ccec52
71870ec7e
71814ecab
717b4ecd7
71758ed04
716fced30
716a0ed5d
71640ed89
715e4edb6
71588ede3
71528ee0f
714ccee3c
71470ee68
71410ee94
713b4eec1
71354eeed
712f8ef1a
71298ef46
7123cef73
711dcef9f
71180efcc
71120eff8
710c4f024
71064f051
71004f07d
70fa8f0aa
70f48f0d6
70eecf102
70e8cf12f
70e2cf15b
70dccf187
70d70f1b4
70d10f1e0
70cb0f20c
70c50f238
70bf4f265
70b94f291
70b34f2bd
70ad4f2ea
70a74f316
70a18f342
709b8f36e
70958f39a
708f8f3c7
70898f3f3
70838f41f
707d8f44b
70778f477
70718f4a4
706b8f4d0
70658f4fc
705f8f528
70598f554
70538f580
704d8f5ac
70474f5d8
70414f604
703b4f631
70354f65d
702f4f689
70290f6b5
70230f6e1
701d0f70d
70170f739
7010cf765
700acf791
7004cf7bd
6ffecf7e9
6ff88f815
6ff28f841
6fec4f86d
6fe64f899
6fe04f8c5
6fda0f8f1
6fd40f91c
6fcdcf948
6fc7cf974
6fc18f9a0
6fbb8f9cc
6fb54f9f8
6faf4fa24
6fa90fa50
6fa30fa7b
6f9ccfaa7
6f968fad3
6f908faff
6f8a4fb2b
6f840fb57
6f7e0fb82
6f77cfbae
6f718fbda
6f6b8fc06
6f654fc31
6f5f0fc5d
6f58cfc89
6f528fcb5
6f4c8fce0
6f464fd0c
6f400fd38
6f39cfd63
6f338fd8f
6f2d4fdbb
6f270fde6
6f20cfe12
6f1a8fe3e
6f148fe69
6f0e4fe95
6f080fec1
6f01cfeec
6efb4ff18
6ef50ff43
6eeecff6f
6ee88ff9a
6ee24ffc6
6edc0fff1
6ed5d001d
6ecf90049
6ec950074
6ec2d00a0
6ebc900cb
6eb6500f7
6eb010122
6ea9d014d
6ea350179
6e9d101a4
6e96d01d0
6e90501fb
6e8a10227
6e83d0252
6e7d5027d
6e77102a9
6e70902d4
6e6a50300
6e641032b
6e5d90356
6e5750382
6e50d03ad
6e4a903d8
6e4410404
6e3dd042f
6e375045a
6e3110485
6e2a904b1
6e24104dc
6e1dd0507
6e1750532
6e10d055e
6e0a90589
6e04105b4
6dfd905df
6df75060a
6df0d0636
6dea50661
6de3d068c
6ddd906b7
6dd7106e2
6dd09070d
6dca10738
6dc390764
6dbd1078f
6db6d07ba
6db0507e5
6da9d0810
6da35083b
6d9cd0866
6d9650891
6d8fd08bc
6d89508e7
6d82d0912
6d7c5093d
6d75d0968
6d6f50993
6d68d09be
6d62509e9
6d5bd0a14
6d5510a3f
6d4e90a6a
6d4810a95
6d4190ac0
6d3b10aeb
6d3450b15
6d2dd0b40
6d2750b6b
6d20d0b96
6d1a10bc1
6d1390bec
6d0d10c17
6d0690c41
6cffd0c6c
6cf950c97
6cf290cc2
6cec10ced
6ce590d17
6cded0d42
6cd850d6d
6cd190d98
6ccb10dc2
6cc450ded
6cbdd0e18
6cb710e42
6cb090e6d
6ca9d0e98
6ca350ec2
6c9c90eed
6c95d0f18
6c8f50f42
6c8890f6d
6c8210f98
6c7b50fc2
6c7490fed
6c6dd1017
6c6751042
6c609106d
6c59d1097
6c53110c2
6c4c910ec
6c45d1117
6c3f11141
6c385116c
6c3191196
6c2b111c1
6c24511eb
6c1d91216
6c16d1240
6c101126b
6c0951295
6c02912bf
6bfbd12ea
6bf511314
6bee5133f
6be791369
6be0d1393
6bda113be
6bd3513e8
6bcc91412
6bc5d143d
6bbed1467
6bb811491
6bb1514bc
6baa914e6
6ba3d1510
6b9d1153a
6b9611565
6b8f5158f
6b88915b9
6b81d15e3
6b7ad160e
6b7411638
6b6d51662
6b665168c
6b5f916b6
6b58d16e1
6b51d170b
6b4b11735
6b441175f
6b3d51789
6b36517b3
6b2f917dd
6b28d1807
6b21d1831
6b1b1185c
6b1411886
6b0d118b0
6b06518da
6aff51904
6af89192e
6af191958
6aea91982
6ae3d19ac
6adcd19d6
6ad5d1a00
6acf11a2a
6ac811a53
6ac111a7d
6aba51aa7
6ab351ad1
6aac51afb
6aa551b25
6a9e51b4f
6a9791b79
6a9091ba3
6a8991bcc
6a8291bf6
6a7b91c20
6a7491c4a
6a6d91c74
6a6691c9d
6a5fd1cc7
6a58d1cf1
6a51d1d1b
6a4ad1d45
6a43d1d6e
6a3cd1d98
6a3591dc2
6a2e91deb
6a2791e15
6a2091e3f
6a1991e68
6a1291e92
6a0b91ebc
6a0491ee5
69fd91f0f
69f651f39
69ef51f62
69e851f8c
69e151fb5
69da11fdf
69d312009
69cc12032
69c51205c
69bdd2085
69b6d20af
69afd20d8
69a892102
69a19212b
699a52155
69935217e
698c521a8
6985121d1
697e121fa
6976d2224
696fd224d
696892277
6961922a0
695a522c9
6953522f3
694c1231c
6944d2346
693dd236f
693692398
692f923c2
6928523eb
692112414
691a1243d
6912d2467
690b92490
6904524b9
68fd524e2
68f61250c
68eed2535
68e79255e
68e092587
68d9525b0
68d2125da
68cad2603
68c39262c
68bc52655
68b51267e
68add26a7
68a6926d0
689f926f9
689852723
68911274c
6889d2775
68829279e
687b527c7
6873d27f0
686c92819
686552842
685e1286b
6856d2894
684f928bd
6848528e6
68411290f
6839d2938
683252960
682b12989
6823d29b2
681c929db
681512a04
680dd2a2d
680692a56
67ff52a7f
67f7d2aa7
67f092ad0
67e952af9
67e1d2b22
67da92b4b
67d352b73
67cbd2b9c
67c492bc5
67bd12bee
67b5d2c16
67ae52c3f
67a712c68
679f92c91
679852cb9
6790d2ce2
678992d0b
678212d33
677ad2d5c
677352d85
676bd2dad
676492dd6
675d12dfe
675592e27
674e52e4f
6746d2e78
673f52ea1
673812ec9
673092ef2
672912f1a
672192f43
671a52f6b
6712d2f94
670b52fbc
6703d2fe5
66fc5300d
66f513035
66ed9305e
66e613086
66de930af
66d7130d7
66cf930ff
66c813128
66c093150
66b913179
66b1931a1
66aa131c9
66a2931f2
669b1321a
669393242
668c1326a
668493293
667d132bb
6675932e3
666dd330b
666653334
665ed335c
665753384
664fd33ac
6648533d4
6640933fd
663913425
66319344d
662a13475
66225349d
661ad34c5
6613534ed
660b93515
66041353d
65fc93565
65f4d358d
65ed535b6
65e5935de
65de13606
65d65362e
65ced3656
65c75367e
65bf936a5
65b8136cd
65b0536f5
65a8d371d
65a113745
65995376d
6591d3795
658a137bd
6582937e5
657ad380d
657313834
656b9385c
6563d3884
655c138ac
6554938d4
654cd38fb
654513923
653d5394b
6535d3973
652e1399b
6526539c2
651e939ea
6516d3a12
650f53a39
650793a61
64ffd3a89
64f813ab0
64f053ad8
64e893b00
64e0d3b27
64d913b4f
64d153b76
64c993b9e
64c1d3bc6
64ba13bed
64b253c15
64aa93c3c
64a2d3c64
649b13c8b
649353cb3
648b93cda
6483d3d02
647c13d29
647453d51
646c53d78
646493da0
645cd3dc7
645513dee
644d53e16
644553e3d
643d93e65
6435d3e8c
642e13eb3
642613edb
641e53f02
641693f29
640e93f51
6406d3f78
63ff13f9f
63f713fc6
63ef53fee
63e754015
63df9403c
63d794063
63cfd408a
63c8140b2
63c0140d9
63b854100
63b054127
63a89414e
63a094175
63989419d
6390d41c4
6388d41eb
638114212
637914239
637114260
636954287
6361542ae
6359542d5
6351942fc
634994323
63419434a
633994371
6331d4398
6329d43bf
6321d43e6
6319d440d
6311d4434
630a1445b
630214481
62fa144a8
62f2144cf
62ea144f6
62e21451d
62da14544
62d21456b
62ca14591
62c2145b8
62ba145df
62b214606
62aa1462c
62a214653
629a1467a
6292146a1
628a146c7
6282146ee
627a14715
62721473b
626a14762
626214789
6259d47af
6251d47d6
6249d47fc
6241d4823
6239d484a
623194870
622994897
6221948bd
6219948e4
62115490a
620954931
620154957
61f91497e
61f1149a4
61e9149cb
61e0d49f1
61d8d4a18
61d094a3e
61c894a64
61c094a8b
61b854ab1
61b054ad8
61a814afe
61a014b24
6197d4b4b
618fd4b71
618794b97
617f54bbe
617754be4
616f14c0a
616714c30
615ed4c57
615694c7d
614e94ca3
614654cc9
613e14cef
613614d16
612dd4d3c
612594d62
611d94d88
611554dae
610d14dd4
6104d4dfa
60fcd4e21
60f494e47
60ec54e6d
60e414e93
60dbd4eb9
60d394edf
60cb54f05
60c354f2b
60bb14f51
60b2d4f77
60aa94f9d
60a254fc3
609a14fe9
6091d500f
608995035
60815505a
607915080
6070d50a6
6068950cc
6060550f2
605815118
604f9513e
604755163
603f15189
6036d51af
602e951d5
6026551fb
601e15220
601595246
600d5526c
600515291
5ffcd52b7
5ff4552dd
5fec15302
5fe3d5328
5fdb9534e
5fd315373
5fcad5399
5fc2953bf
5fba153e4
5fb1d540a
5fa95542f
5fa115455
5f98d547b
5f90554a0
5f88154c6
5f7f954eb
5f7755511
5f6ed5536
5f669555c
5f5e15581
5f55d55a6
5f4d555cc
5f45155f1
5f3c95617
5f341563c
5f2bd5661
5f2355687
5f1b156ac
5f12956d2
5f0a156f7
5f01d571c
5ef955741
5ef0d5767
5ee85578c
5ee0157b1
5ed7957d7
5ecf157fc
5ec695821
5ebe55846
5eb5d586b
5ead55891
5ea4d58b6
5e9c558db
5e93d5900
5e8b95925
5e831594a
5e7a9596f
5e7215995
5e69959ba
5e61159df
5e5895a04
5e5015a29
5e4795a4e
5e3f15a73
5e3695a98
5e2e15abd
5e2595ae2
5e1d15b07
5e1495b2c
5e0c15b51
5e0395b76
5dfad5b9b
5df255bbf
5de9d5be4
5de155c09
5dd8d5c2e
5dd055c53
5dc795c78
5dbf15c9d
5db695cc1
5dae15ce6
5da595d0b
5d9cd5d30
5d9455d54
5d8bd5d79
5d8315d9e
5d7a95dc3
5d7215de7
5d6955e0c
5d60d5e31
5d5855e55
5d4f95e7a
5d4715e9f
5d3e55ec3
5d35d5ee8
5d2d15f0c
5d2495f31
5d1bd5f56
5d1355f7a
5d0a95f9f
5d0215fc3
5cf955fe8
5cf0d600c
5ce816031
5cdf96055
5cd6d607a
5cce1609e
5cc5960c3
5cbcd60e7
5cb45610b
5cab96130
5ca2d6154
5c9a16179
5c919619d
5c88d61c1
5c80161e6
5c779620a
5c6ed622e
5c6616253
5c5d56277
5c549629b
5c4c162bf
5c43562e4
5c3a96308
5c31d632c
5c2916350
5c2056374
5c1796399
5c0ed63bd
5c06563e1
5bfd96405
5bf4d6429
5bec1644d
5be356471
5bda96495
5bd1d64b9
5bc9164de
5bc056502
5bb796526
5bae9654a
5ba5d656e
5b9d16592
5b94565b6
5b8b965d9
5b82d65fd
5b7a16621
5b7156645
5b6856669
5b5f9668d
5b56d66b1
5b4e166d5
5b45566f9
5b3c5671c
5b3396740
5b2ad6764
5b21d6788
5b19167ac
5b10567cf
5b07967f3
5afe96817
5af5d683b
5aecd685e
5ae416882
5adb568a6
5ad2568c9
5ac9968ed
5ac096911
5ab7d6934
5aaed6958
5aa61697c
5a9d1699f
5a94569c3
5a8b569e6
7fffc0000
7fffc00fb
7fffc01f7
7fff802f2
7fff003ed
7ffe804e9
7ffdc05e4
7ffd006df
7ffc407db
7ffb008d6
7ffa009d1
7ff8c0acc
7ff740bc8
7ff5c0cc3
7ff440dbe
7ff280eb9
7ff080fb5
7fee810b0
7fec811ab
7fea412a6
7fe8013a1
7fe58149c
7fe2c1598
7fe041693
7fdd4178e
7fda41889
7fd741984
7fd401a7f
7fd0c1b7a
7fcd41c75
7fc9c1d70
7fc641e6b
7fc241f65
7fbe82060
7fba8215b
7fb642256
7fb202351
7fad8244b
7fa902546
7fa482641
7f9fc273b
7f9ac2836
7f95c2930
7f90c2a2b
7f8b82b25
7f8602c20
7f8082d1a
7f7b02e14
7f7542f0f
7f6f83009
7f6983103
7f63831fd
7f5d432f7
7f57033f1
7f50834eb
7f4a035e5
7f43436df
7f3c837d9
7f35838d3
7f2e839cd
7f2783ac6
7f2003bc0
7f18c3cba
7f1143db3
7f0983ead
7f01c3fa6
7efa0409f
7ef204199
7ee9c4292
7ee18438b
7ed944484
7ed0c457d
7ec844676
7ebf8476f
7eb6c4868
7eadc4961
7ea4c4a59
7e9b84b52
7e9244c4b
7e88c4d43
7e7f44e3b
7e7584f34
7e6bc502c
7e6205124
7e57c521c
7e4dc5314
7e438540c
7e3905504
7e2e855fc
7e24056f4
7e19457eb
7e0e858e3
7e03859da
7df845ad2
7ded45bc9
7de1c5cc0
7dd685db7
7dcac5eae
7dbf45fa5
7db34609c
7da786193
7d9b8628a
7d8f46380
7d8306477
7d768656d
7d6a06663
7d5d8675a
7d50c6850
7d4406946
7d3706a3c
7d29c6b31
7d1c86c27
7d0f46d1d
7d01c6e12
7cf446f08
7ce686ffd
7cd8c70f2
7ccac71e7
7cbcc72dc
7caec73d1
7ca0474c6
7c92075bb
7c83876af
7c74c77a3
7c6607898
7c574798c
7c4847a80
7c3947b74
7c2a07c68
7c1ac7d5c
7c0b47e4f
7bfbc7f43
7bec08036
7bdc48129
7bcc4821d
7bbc48310
7bac08402
7b9bc84f5
7b8b885e8
7b7b086da
7b6a887cd
7b59c88bf
7b48c89b1
7b37c8aa3
7b26c8b95
7b1588c87
7b0448d78
7af308e6a
7ae148f5b
7acfc904c
7abe0913d
7aac0922e
7a9a0931f
7a8809410
7a75c9500
7a63495f1
7a51096e1
7a3e497d1
7a2bc98c1
7a18c99b1
7a0609aa1
79f309b90
79dfc9c7f
79cc89d6f
79b909e5e
79a589f4d
79920a03b
797e4a12a
796a8a219
79568a307
79428a3f5
792e4a4e3
791a0a5d1
79058a6bf
78f10a7ac
78dc8a89a
78c7ca987
78b2caa74
789dcab61
7888cac4d
78738ad3a
785e4ae27
7848caf13
78334afff
781d8b0eb
7807cb1d7
77f20b2c2
77dc0b3ae
77c5cb499
77afcb584
77994b66f
7782cb75a
776c4b844
7755cb92f
773ecba19
77280bb03
77110bbed
76f9cbcd6
76e28bdc0
76cb4bea9
76b3cbf92
769c4c07b
76848c164
766ccc24d
76550c335
763ccc41e
7624cc506
760c8c5ed
75f44c6d5
75dbcc7bd
75c34c8a4
75aa8c98b
7591cca72
7578ccb59
755fccc3f
7546ccd26
752d8ce0c
75140cef2
74faccfd8
74e10d0bd
74c78d1a3
74ad8d288
7493cd36d
7479cd452
745f8d536
74458d61b
742b0d6ff
7410cd7e3
73f60d8c7
73db8d9aa
73c0cda8e
73a5cdb71
738acdc54
736fcdd37
73548de19
73394defb
731dcdfde
73024e0bf
72e68e1a1
72cace283
72af0e364
72930e445
72770e526
725ace607
723e8e6e7
72224e7c7
7205ce8a7
71e90e987
71cc4ea67
71af8eb46
71928ec25
71758ed04
71588ede3
713b4eec1
711dcef9f
71004f07d
70e2cf15b
70c50f238
70a74f316
70898f3f3
706b8f4d0
704d8f5ac
702f4f689
7010cf765
6ff28f841
6fd40f91c
6fb54f9f8
6f968fad3
6f77cfbae
6f58cfc89
6f39cfd63
6f1a8fe3e
6efb4ff18
6edc0fff1
6ebc900cb
6e9d101a4
6e7d5027d
6e5d90356
6e3dd042f
6e1dd0507
6dfd905df
6ddd906b7
6dbd1078f
6d9cd0866
6d7c5093d
6d5bd0a14
6d3b10aeb
6d1a10bc1
6cf950c97
6cd850d6d
6cb710e42
6c95d0f18
6c7490fed
6c53110c2
6c3191196
6c101126b
6bee5133f
6bcc91412
6baa914e6
6b88915b9
6b665168c
6b441175f
6b21d1831
6aff51904
6adcd19d6
6aba51aa7
6a9791b79
6a7491c4a
6a51d1d1b
6a2e91deb
6a0b91ebc
69e851f8c
69c51205c
69a19212b
697e121fa
695a522c9
693692398
6912d2467
68eed2535
68cad2603
68a6926d0
68829279e
685e1286b
6839d2938
681512a04
67f092ad0
67cbd2b9c
67a712c68
678212d33
675d12dfe
673812ec9
6712d2f94
66ed9305e
66c813128
66a2931f2
667d132bb
665753384
66319344d
660b93515
65e5935de
65bf936a5
65995376d
657313834
654cd38fb
6526539c2
64ffd3a89
64d913b4f
64b253c15
648b93cda
646493da0
643d93e65
641693f29
63ef53fee
63c8140b2
63a094175
637914239
6351942fc
6329d43bf
630214481
62da14544
62b214606
628a146c7
626214789
6239d484a
62115490a
61e9149cb
61c094a8b
6197d4b4b
616f14c0a
614654cc9
611d94d88
60f494e47
60cb54f05
60a254fc3
607915080
604f9513e
6026551fb
5ffcd52b7
5fd315373
5fa95542f
5f7f954eb
5f55d55a6
5f2bd5661
5f01d571c
5ed7957d7
5ead55891
5e831594a
5e5895a04
5e2e15abd
5e0395b76
5dd8d5c2e
5dae15ce6
5d8315d9e
5d5855e55
5d2d15f0c
5d0215fc3
5cd6d607a
5cab96130
5c80161e6
5c549629b
5c2916350
5bfd96405
5bd1d64b9
5ba5d656e
5b7a16621
5b4e166d5
5b21d6788
5af5d683b
5ac9968ed
5a9d1699f
5a70d6a51
5a4456b02
5a1796bb3
59eb16c64
59be56d15
599156dc5
596496e74
593796f24
590a56fd3
58dd17081
58afd7130
5882971de
58551728b
582797338
57fa173e5
57cc57492
579e9753e
5770d75ea
5742d7696
5714d7741
56e6d77eb
56b897896
568a57940
565bd79ea
562d97a93
55ff17b3c
55d057be5
55a1d7c8d
557317d35
554457ddd
551557e84
54e657f2b
54b757fd1
548818078
5458d811d
5429981c3
53fa58268
53cad830d
539b583b1
536b98455
533bd84f8
530c1859c
52dc5863f
52ac586e1
527c58783
524c58825
521c188c6
51ebd8967
51bb98a08
518b18aa8
515ad8b48
512a18be8
50f998c87
50c8d8d26
509818dc4
506758e62
503658f00
500558f9d
4fd45903a
4fa3190d7
4f71d9173
4f409920f
4f0f192aa
4edd99345
4eac193e0
4e7a9947a
4e48d9514
4e17195ae
4de559647
4db3596e0
4d8199778
4d4f59810
4d1d598a8
4ceb1993f
4cb8d99d6
4c8699a6c
4c5419b02
4c2199b98
4bef19c2d
4bbc99cc2
4b89d9d56
4b5719deb
4b2459e7e
4af159f12
4abe59fa5
4a8b5a037
4a581a0c9
4a251a15b
49f1da1ed
49be5a27e
498b1a30e
49579a39e
49241a42e
48f09a4be
48bcda54d
48891a5db
48555a669
48215a6f7
47ed5a785
47b95a812
47855a89e
47515a92b
471d1a9b6
46e8daa42
46b45aacd
46801ab57
464b9abe2
46171ac6c
45e25acf5
45ad9ad7e
4578dae07
45441ae8f
450f5af17
44da5af9e
44a55b025
44705b0ac
443b1b132
4405db1b7
43d09b23d
439b5b2c2
43661b346
43309b3ca
42fb1b44e
42c55b4d1
428fdb554
425a1b5d7
42245b659
41ee9b6db
41b89b75c
41829b7dd
414c9b85d
41169b8dd
40e09b95d
40aa5b9dc
40741ba5b
403ddbad9
40075bb57
3fd0dbbd4
3f9a5bc52
3f63dbcce
3f2d5bd4a
3ef69bdc6
3ebfdbe42
3e891bebd
3e521bf37
3e1b5bfb1
3de45c02b
3dad5c0a4
3d761c11d
3d3f1c196
3d07dc20e
3cd09c286
3c995c2fd
3c61dc373
3c2a9c3ea
3bf31c460
3bbb5c4d5
3b83dc54a
3b4c1c5bf
3b149c633
3adc9c6a7
3aa4dc71a
3a6d1c78d
3a351c800
39fd1c872
39c51c8e3
398cdc955
3954dc9c5
391c9ca36
38e45caa6
38ac1cb15
38739cb84
383b5cbf3
3802dcc61
37ca5cccf
37919cd3c
37591cda9
37205ce16
36e79ce82
36aedceed
36761cf58
363d1cfc3
36041d02d
35cb1d097
35921d101
35591d16a
351fdd1d2
34e6dd23a
34ad9d2a2
34745d309
343add370
34019d3d6
33c81d43c
338e9d4a1
33551d506
331b5d56b
32e1dd5cf
32a81d633
326e5d696
32349d6f9
31fadd75b
31c0dd7bd
31871d81f
314d1d880
31131d8e0
30d91d940
309edd9a0
3064dd9ff
302a9da5e
2ff05dabc
2fb61db1a
2f7bddb78
2f415dbd5
2f06ddc31
2ecc9dc8d
2e921dce9
2e575dd44
2e1cddd9f
2de25ddf9
2da79de53
2d6cddead
2d321df06
2cf75df5e
2cbc5dfb6
2c819e00e
2c469e065
2c0b9e0bc
2bd09e112
2b959e168
2b5a5e1bd
2b1f5e212
2ae41e267
2aa8de2ba
2a6d9e30e
2a325e361
29f71e3b4
29bb9e406
29801e458
2944de4a9
29095e4fa
28cd9e54a
28921e59a
28569e5e9
281ade638
27df1e687
27a39e6d5
27679e722
272bde770
26f01e7bc
26b41e809
26785e854
263c5e8a0
26005e8ea
25c45e935
25885e97f
254c1e9c8
25101ea11
24d3dea5a
2497deaa2
245b9eae9
241f5eb31
23e2deb77
23a69ebbe
236a5ec03
232ddec49
22f15ec8d
22b51ecd2
22789ed16
223bded59
21ff5ed9c
21c2deddf
21861ee21
21499ee62
210cdeea3
20d01eee4
20935ef24
20569ef64
2019defa3
1fdcdefe2
1fa01f020
1f631f05e
1f265f09c
1ee95f0d9
1eac5f115
1e6f5f151
1e325f18d
1df51f1c8
1db81f202
1d7adf23c
1d3ddf276
1d009f2af
1cc35f2e8
1c861f320
1c48df358
1c0b9f38f
1bce5f3c6
1b90df3fc
1b539f432
1b161f468
1ad8df49d
1a9b5f4d1
1a5ddf505
1a205f539
19e2df56c
19a55f59e
19679f5d0
192a1f602
18ec9f633
18aedf664
18711f694
18339f6c4
17f5df6f3
17b81f722
177a5f750
173c9f77e
16fedf7ac
16c0df7d9
16831f805
16451f831
16075f85c
15c95f887
158b9f8b2
154d9f8dc
150f9f906
14d19f92f
14939f957
14559f980
14179f9a7
13d95f9ce
139b5f9f5
135d5fa1b
131f1fa41
12e11fa67
12a2dfa8b
12649fab0
12269fad4
11e85faf7
11aa1fb1a
116bdfb3c
112d9fb5e
10ef5fb80
10b11fba1
1072dfbc1
10345fbe1
ff61fc01
fb79fc20
f795fc3f
f3b1fc5d
efc9fc7b
ebe1fc98
e7fdfcb4
e415fcd1
e02dfcec
dc45fd08
d85dfd22
d475fd3d
d08dfd57
cca5fd70
c8bdfd89
c4d5fda1
c0edfdb9
bd05fdd1
b919fde8
b531fdfe
b149fe14
ad5dfe2a
a975fe3f
a589fe53
a1a1fe67
9db5fe7b
99cdfe8e
95e1fea1
91f5feb3
8e0dfec4
8a21fed6
8635fee6
8249fef6
7e61ff06
7a75ff16
7689ff24
729dff33
6eb1ff40
6ac5ff4e
66d9ff5b
62edff67
5f01ff73
5b15ff7e
5729ff89
533dff94
4f51ff9e
4b61ffa7
4775ffb0
4389ffb9
3f9dffc1
3bb1ffc8
37c1ffcf
33d5ffd6
2fe9ffdc
2bfdffe2
280dffe7
2421ffec
2035fff0
1c45fff4
1859fff7
146dfff9
1081fffc
c91fffe
8a5ffff
4b9ffff
c9ffff
ffcddffff
ff8f1ffff
ff501fffe
ff115fffd
fed29fffa
fe939fff8
fe54dfff5
fe161fff1
fdd71ffed
fd985ffe9
fd599ffe4
fd1adffde
fcdbdffd9
fc9d1ffd2
fc5e5ffcb
fc1f9ffc4
fbe09ffbc
fba1dffb4
fb631ffab
fb245ffa2
fae59ff98
faa6dff8e
fa681ff83
fa291ff78
f9ea5ff6c
f9ab9ff60
f96cdff53
f92e1ff46
f8ef5ff38
f8b0dff2a
f8721ff1b
f8335ff0c
f7f49fefd
f7b5dfeed
f7771fedc
f7389fecb
f6f9dfeba
f6bb1fea8
f67c5fe95
f63ddfe82
f5ff1fe6f
f5c09fe5b
f581dfe47
f5435fe32
f5049fe1d
f4c61fe07
f4879fdf1
f448dfdda
f40a5fdc3
f3cbdfdab
f38d5fd93
f34edfd7a
f3105fd61
f2d1dfd47
f2935fd2d
f254dfd12
f2165fcf7
f1d7dfcdc
f1995fcc0
f15b1fca3
f11c9fc86
f0de1fc69
f09fdfc4b
f0615fc2c
f0231fc0e
efe49fbee
efa65fbce
ef681fbae
ef29dfb8d
eeeb9fb6c
eead5fb4a
ee6f1fb28
ee30dfb05
edf29fae2
edb45fabe
ed761fa9a
ed381fa75
ecf9dfa50
ecbbdfa2b
ec7d9fa05
ec3f9f9de
ec019f9b7
ebc35f990
eb855f968
eb475f93f
eb095f916
eacb5f8ed
ea8d9f8c3
ea4f9f899
ea119f86e
e9d3df842
e995df817
e9581f7ea
e91a1f7be
e8dc5f790
e89e9f763
e860df735
e8231f706
e7e55f6d7
e7a79f6a7
e76a1f677
e72c5f647
e6eedf616
e6b11f5e4
e6739f5b2
e6361f580
e5f85f54d
e5badf51a
e57d5f4e6
e5401f4b2
e5029f47d
e4c51f448
e487df412
e44a5f3dc
e40d1f3a5
e3cfdf36e
e3929f337
e3555f2fe
e3181f2c6
e2dadf28d
e29d9f253
e2609f21a
e2235f1df
e1e65f1a4
e1a95f169
e16c5f12d
e12f5f0f1
e0f25f0b4
e0b55f077
e0785f039
e03b9effb
dffedefbd
dfc1def7d
df851ef3e
df485eefe
df0b9eebd
decedee7c
de925ee3b
de559edf9
de191edb7
dddc5ed74
dd9fded31
dd635eced
dd26deca9
dcea9ec64
dcae1ec1f
dc719ebda
dc355eb93
dbf91eb4d
dbbcdeb06
db809eabf
db445ea77
db081ea2e
dacc1e9e5
da8fde99c
da53de952
da17de908
d9dbde8be
d99fde872
d963de827
d9281e7db
d8ec1e78e
d8b05e741
d8749e6f4
d838de6a6
d7fd1e658
d7c19e609
d785de5ba
d74a5e56a
d70ede51a
d6d35e4c9
d697de478
d65c5e427
d620de3d5
d5e59e382
d5aa5e32f
d56f1e2dc
d533de288
d4f89e234
d4bd5e1df
d4825e18a
d4471e134
d40c1e0de
d3d11e088
d3965e031
d35b5dfd9
d3205df81
d2e59df29
d2aadded0
d2701de77
d2355de1d
d1fadddc3
d1c01dd69
d1859dd0e
d14b1dcb2
d1109dc56
d0d61dbfa
d09bddb9d
d0615db40
d0271dae2
cfecdda84
cfb29da25
cf789d9c6
cf3e5d967
cf045d907
ceca5d8a6
ce905d845
ce565d7e4
ce1c9d782
cde29d720
cda8dd6be
cd6f1d65b
cd355d5f7
ccfbdd593
ccc21d52f
cc889d4ca
cc4f1d465
cc159d3ff
cbdc5d399
cba2dd332
cb699d2cb
cb305d264
caf71d1fc
cabddd193
ca84dd12b
ca4bdd0c1
ca12dd058
c9d9dcfee
c9a0dcf83
c9681cf18
c92f5cead
c8f69ce41
c8bddcdd5
c8851cd68
c84c9ccfb
c8141cc8d
c7db9cc1f
c7a31cbb1
c76a9cb42
c7325cad2
c6fa1ca63
c6c1dc9f2
c6899c982
c6519c911
c6199c89f
c5e19c82d
c5a99c7bb
c5719c748
c539dc6d5
c5021c662
c4ca5c5ed
c4929c579
c45b1c504
c4235c48f
c3ebdc419
c3b45c3a3
c37d1c32c
c3459c2b5
c30e5c23e
c2d71c1c6
c2a01c14e
c268dc0d5
c231dc05c
c1fadbfe2
c1c3dbf68
c18d1beee
c1565be73
c11f9bdf8
c0e8dbd7c
c0b21bd00
c07b9bc83
c0451bc07
c00e9bb89
bfd81bb0b
bfa1dba8d
bf6b9ba0f
bf355b990
beff1b910
bec91b890
be931b810
be5d1b78f
be271b70e
bdf15b68d
bdbb9b60b
bd85db589
bd501b506
bd1a9b483
bce51b3ff
bcaf9b37b
bc7a1b2f7
bc44db272
bc0f9b1ed
bbda5b167
bba51b0e1
bb701b05b
bb3b1afd4
bb061af4d
bad11aec5
ba9c5ae3d
ba679adb5
ba32dad2c
b9fe5aca3
b9c99ac19
b9951ab8f
b960dab04
b92c5aa79
b8f81a9ee
b8c3da963
b88f9a8d6
b85b9a84a
b8279a7bd
b7f39a730
b7bf9a6a2
b78bda614
b7581a586
b7245a4f7
b6f0da468
b6bd1a3d8
b6899a348
b6565a2b7
b622da227
b5ef9a195
b5bc5a104
b5895a072
b55659fdf
b52359f4d
b4f059eb9
b4bd59e26
b48a99d92
b457d9cfd
b42559c69
b3f2d9bd4
b3c059b3e
b38dd9aa8
b35b59a12
b3291997b
b2f6d98e4
b2c4d984d
b292997b5
b2609971d
b22ed9684
b1fcd95eb
b1cb19552
b199594b8
b167d941e
b13659383
b104d92e8
b0d35924d
b0a2191b1
b070d9115
b03f99079
b00e98fdc
afdd98f3f
afac98ea2
af7b98e04
af4ad8d65
af1a18cc7
aee958c28
aeb8d8b88
ae8858ae8
ae57d8a48
ae27989a8
adf758907
adc718866
ad97187c4
ad6718722
ad3718680
ad07185dd
acd75853a
aca798496
ac77d83f3
ac485834e
ac18d82aa
abe998205
abba18160
ab8ad80ba
ab5bd8014
ab2c97f6e
aafd97ec7
aace97e20
aa9fd7d78
aa7117cd0
aa4257c28
aa13d7b80
a9e557ad7
a9b6d7a2e
a98857984
a95a178da
a92bd7830
a8fdd7785
a8cfd76da
a8a1d762f
a873d7583
a846174d7
a8185742a
a7ead737e
a7bd572d1
a78fd7223
a76257175
a735170c7
a707d7019
a6dad6f6a
a6ad96eba
a680d6e0b
a653d6d5b
a62716cab
a5fa56bfa
a5cdd6b49
a5a116a98
a574d69e6
a54856934
a51c16882
a4efd67cf
a4c3d671c
a497d6669
a46bd65b6
a43fd6502
a4141644d
a3e896399
a3bcd62e4
a3915622e
a36616179
a33a960c3
a30f5600c
a2e455f56
a2b915e9f
a28e15de7
a26355d30
a23895c78
a20dd5bbf
a1e315b07
a1b895a4e
a18e15995
a163d58db
a13995821
a10f55767
a0e5156ac
a0bb155f1
a09155536
a0675547b
a03d953bf
a01415302
9fea95246
9fc115189
9f97950cc
9f6e5500f
9f4514f51
9f1c14e93
9ef314dd4
9eca14d16
9ea154c57
9e7894b97
9e4fd4ad8
9e2754a18
9dfed4957
9dd694897
9dae547d6
9d8614715
9d5e14653
9d3614591
9d0e144cf
9ce65440d
9cbe9434a
9c96d4287
9c6f541c4
9c47d4100
9c209403c
9bf953f78
9bd213eb3
9bab13dee
9b8413d29
9b5d53c64
9b3693b9e
9b0fd3ad8
9ae953a12
9ac2d394b
9a9c53884
9a76137bd
9a4fd36f5
9a29d362e
9a0393565
99ddd349d
99b7d33d4
99925330b
996c93242
994713179
9921930af
98fc52fe5
98d712f1a
98b1d2e4f
988cd2d85
9867d2cb9
984312bee
981e52b22
97f992a56
97d512989
97b0928bd
978c527f0
9767d2723
9743d2655
971f92587
96fbd24b9
96d7d23eb
96b41231c
96905224d
966cd217e
9649520af
962611fdf
960291f0f
95df91e3f
95bc51d6e
959991c9d
957691bcc
9553d1afb
953111a2a
950e91958
94ec11886
94c9d17b3
94a7516e1
94855160e
94631153a
944151467
941f51393
93fd912bf
93dbd11eb
93ba51117
9398d1042
937790f6d
935650e98
933510dc2
931410ced
92f310c17
92d250b40
92b190a6a
9290d0993
9270508bc
924fd07e5
922f9070d
920f50636
91ef5055e
91cf10485
91af503ad
918f902d4
916fd01fb
915010122
913090049
91114ff6f
90f1cfe95
90d2cfdbb
90b38fce0
90948fc06
9075cfb2b
90570fa50
90384f974
9019cf899
8ffb4f7bd
8fdd0f6e1
8fbecf604
8fa08f528
8f828f44b
8f648f36e
8f46cf291
8f290f1b4
8f0b8f0d6
8eee0eff8
8ed08ef1a
8eb34ee3c
8e960ed5d
8e790ec7e
8e5c0eb9f
8e3f4eac0
8e228e9e0
8e05ce901
8de94e821
8dccce741
8db08e660
8d944e580
8d784e49f
8d5c4e3be
8d404e2dd
8d248e1fb
8d08ce11a
8ced4e038
8cd1cdf56
8cb68de74
8c9b4dd91
8c800dcae
8c650dbcc
8c4a0dae9
8c2f4da05
8c148d922
8bfa0d83e
8bdf8d75a
8bc50d676
8baacd592
8b90cd4ad
8b76cd3c8
8b5ccd2e3
8b430d1fe
8b294d119
8b0f8d034
8af60cf4e
8adccce68
8ac38cd82
8aaa4cc9c
8a914cbb5
8a784cace
8a5f8c9e8
8a46cc900
8a2e0c819
8a158c732
89fd4c64a
89e50c562
89cccc47a
89b4cc392
899ccc2aa
89850c1c1
896d4c0d9
89558bff0
893e0bf07
8926cbe1d
890f8bd34
88f84bc4a
88e14bb60
88ca4ba76
88b38b98c
889ccb8a2
88864b7b7
886fcb6cd
88594b5e2
88430b4f7
882ccb40c
8816cb320
88010b235
87eb0b149
87d58b05d
87bfcaf71
87aa4ae85
87950ad99
877fcacac
876a8abbf
87558aad3
8740ca9e6
872bca8f8
87174a80b
87028a71e
86ee4a630
86d9ca542
86c58a454
86b18a366
869d8a278
8689ca189
8675ca09b
866249fac
864ec9ebd
863b49dce
862809cdf
8614c9bf0
8601c9b00
85eec9a11
85dbc9921
85c909831
85b689741
85a409651
859189561
857f49470
856d4937f
855b4928f
85494919e
8537890ad
8525c8fbc
851408eca
8502c8dd9
84f148ce7
84e008bf6
84cf08b04
84be08a12
84ad08920
849c4882e
848bc873b
847b08649
846ac8556
845a88464
844a48371
843a0827e
842a4818b
841a48097
840a87fa4
83fb07eb1
83eb87dbd
83dc47cc9
83cd07bd6
83bdc7ae2
83aec79ee
839fc78f9
839107805
838247711
8373c761c
836547528
835707433
8348c733e
833ac7249
832cc7154
831f0705f
831146f6a
830386e74
82f606d7f
82e8c6c89
82db86b94
82ce46a9e
82c1469a8
82b4868b2
82a7867bc
829b066c6
828e865d0
8282064d9
8275c63e3
8269862ec
825d461f6
8251860ff
824586008
8239c5f11
822e45e1a
8222c5d23
821745c2c
820c05b35
820105a3d
81f605946
81eb0584e
81e045757
81d58565f
81cb05567
81c0c546f
81b645378
81ac45280
81a205187
81984508f
818e44f97
8184c4e9f
817b04da6
817184cae
816844bb5
815f04abd
8155c49c4
814d048cb
8144047d3
813b446da
8132845e1
812a044e8
8121c43ef
8119842f6
8111441fc
810944103
81014400a
80f983f10
80f1c3e17
80ea43d1d
80e2c3c24
80db83b2a
80d443a31
80cd43937
80c64383d
80bf83743
80b8c3649
80b20354f
80abc3455
80a54335b
809f03261
809903167
80930306d
808d02f73
808742e79
808182d7e
807c02c84
8076c2b89
807182a8f
806c42995
80674289a
80624279f
805d826a5
8058c25aa
8054424b0
804fc23b5
804b822ba
8047421bf
8043420c5
803f41fca
803b81ecf
8037c1dd4
803401cd9
803081bde
802d41ae3
802a019e8
8026c18ed
8023c17f2
8021016f7
801e415fc
801b81501
801901406
8016c130b
80148120f
801241114
801041019
800e40f1e
800c80e23
800ac0d27
800940c2c
8007c0b31
800680a36
80054093a
80044083f
800340744
800280648
8001c054d
800140452
8000c0357
80004025b
800040160
800040065
80007ff69
80007fe6e
8000bfd73
8000ffc77
80017fb7c
80023fa81
8002bf985
8003bf88a
8004bf78f
8005bf693
8006ff598
80083f49d
8009bf3a2
800b7f2a6
800cff1ab
800eff0b0
8010befb5
8012feeb9
8014fedbe
80177ecc3
8019bebc8
801c3eacd
801efe9d2
8021be8d7
8024be7dc
8027be6e1
802abe5e6
802e3e4eb
80317e3f0
8034fe2f5
8038be1fa
803c7e0ff
80403e004
80443df09
80483de0e
804c7dd14
8050fdc19
80557db1e
8059fda24
805ebd929
80637d82e
80687d734
806d7d639
8072bd53f
8077fd444
807d7d34a
8082fd250
8088bd155
808e7d05b
80943cf61
809a3ce67
80a07cd6d
80a6bcc73
80ad3cb79
80b3bca7f
80ba3c985
80c0fc88b
80c7fc791
80cefc697
80d5fc59d
80dd3c4a4
80e47c3aa
80ebfc2b1
80f37c1b7
80fb3c0be
81033bfc4
810afbecb
81133bdd2
811b3bcd9
8123bbbdf
812bfbae6
81347b9ed
813d3b8f5
8145fb7fc
814efb703
8157fb60a
8160fb511
816a3b419
8173bb320
817d3b228
8186bb130
81907b037
819a7af3f
81a43ae47
81ae7ad4f
81b8bac57
81c2fab5f
81cd7aa67
81d7fa96f
81e2ba878
81ed7a780
81f87a689
82037a591
820e7a49a
8219ba3a3
82253a2ab
8230ba1b4
823c7a0bd
824839fc6
8253f9ed0
825ff9dd9
826bf9ce2
827839bec
8284b9af5
8291399ff
829db9909
82aa79813
82b73971d
82c439627
82d139531
82de3943b
82ebb9345
82f8f9250
83067915a
831439065
8321f8f70
832fb8e7b
833db8d86
834bf8c91
835a38b9c
836878aa7
8376f89b3
8385788be
8394387ca
83a2f86d6
83b1f85e2
83c0f84ee
83d0383fa
83df78306
83eeb8212
83fe3811f
840df802b
841db7f38
842d77e45
843d77d52
844db7c5f
845df7b6c
846e37a79
847eb7987
848f37894
849ff77a2
84b0b76b0
84c1775be
84d2774cc
84e3b73da
84f4f72e8
8506771f7
8517b7105
852977014
853b36f23
854cf6e32
855ef6d41
8570f6c50
858336b60
859576a6f
85a7f697f
85ba7688f
85ccf679f
85dfb66af
85f2b65bf
8605b64d0
8618b63e0
862bf62f1
863f36202
8652b6113
866676024
8679f5f35
868db5e47
86a1b5d58
86b5b5c6a
86c9f5b7c
86de35a8e
86f2759a0
8706f58b3
871b757c5
8730356d8
8744f55eb
8759f54fe
876ef5411
878435325
879975238
87aeb514c
87c435060
87d9f4f74
87efb4e88
880574d9c
881b74cb1
883174bc5
8847b4ada
885df49ef
887474904
888af481a
88a17472f
88b834645
88cef455b
88e5f4471
88fd34387
89143429d
892bb41b4
8942f40cb
895a73fe2
897233ef9
8989f3e10
89a1b3d28
89b9b3c3f
89d1b3b57
89e9f3a6f
8a0233987
8a1ab38a0
8a33337b9
8a4bf36d1
8a64b35ea
8a7d73503
8a967341d
8aaf73336
8ac8b3250
8ae1f316a
8afb73084
8b14f2f9f
8b2e72eb9
8b4832dd4
8b6232cef
8b7bf2c0a
8b9632b25
8bb032a41
8bcab295c
8be4f2878
8bff72794
8c1a326b1
8c34b25cd
8c4fb24ea
8c6ab2407
8c85b2324
8ca0b2242
8cbbf215f
8cd77207d
8cf2f1f9b
8d0e71eb9
8d2a31dd7
8d45f1cf6
8d61f1c15
8d7df1b34
8d9a31a53
8db671973
8dd2b1892
8def317b2
8e0bb16d3
8e28715f3
8e4531513
8e61f1434
8e7ef1355
8e9c31277
8eb931198
8ed6b10ba
8ef3f0fdc
8f1170efe
8f2f30e20
8f4cf0d43
8f6ab0c66
8f88b0b89
8fa6b0aac
8fc4f09cf
8fe3308f3
900170817
901ff073b
903eb0660
905d30585
907c304a9
909af03cf
90b9f02f4
90d93021a
90f83013f
9117b0066
9136eff8c
91566feb3
91762fdd9
9195efd00
91b5afc28
91d5afb4f
91f5afa77
9215ef99f
92362f8c8
92566f7f0
9276ef719
92976f642
92b82f56b
92d8ef495
92f9af3bf
931aaf2e9
933bef213
935cef13e
937e2f068
939faef93
93c12eebf
93e2aedea
94046ed16
94262ec42
94482eb6f
946a2ea9b
948c2e9c8
94ae6e8f5
94d0ae823
94f32e750
9515ae67e
95382e5ad
955aee4db
957dae40a
95a06e339
95c36e268
95e6ae198
9609ee0c7
962d2dff7
96506df28
9673ede58
9697add89
96bb6dcba
96df2dbec
9702edb1e
9726eda50
974b2d982
976f2d8b4
9793ad7e7
97b7ed71a
97dc6d64e
9800ed581
9825ad4b5
984a6d3ea
986f6d31e
98946d253
98b96d188
98dead0bd
9903ecff3
99292cf29
994eace5f
99742cd96
9999ecccc
99bfacc03
99e56cb3b
9a0b6ca73
9a316c9aa
9a576c8e3
9a7dac81b
9aa42c754
9aca6c68d
9af0ec5c7
9b17ac500
9b3e6c43a
9b652c375
9b8bec2af
9bb2ec1ea
9bda2c125
9c012c061
9c28abf9d
9c4febed9
9c776be15
9c9eebd52
9cc6abc8f
9cee6bbcc
9d162bb0a
9d3e2ba48
9d662b986
9d8e2b8c5
9db66b804
9ddeab743
9e072b682
9e2fab5c2
9e582b502
9e80eb442
9ea9ab383
9ed26b2c4
9efb6b206
9f246b147
9f4d6b089
9f76aafcb
9f9feaf0e
9fc96ae51
9ff2ead94
a01c6acd8
a0462ac1c
a06feab60
a099aaaa4
a0c3aa9e9
a0edaa92e
a117ea874
a141ea7ba
a16c6a700
a196aa646
a1c12a58d
a1ebaa4d4
a2166a41c
a2412a363
a26bea2ac
a296ea1f4
a2c1ea13d
a2ecea086
a31829fcf
a34369f19
a36ea9e63
a39a29dad
a3c5a9cf8
a3f169c43
a41ce9b8f
a448a9ada
a474a9a27
a4a0a9973
a4cca98c0
a4f8a980d
a524e975a
a551696a8
7fffc0000
7fffc0097
7fffc012e
7fffc01c4
7fffc025b
7fff802f2
7fff40389
7fff00420
7ffe804b6
7ffe4054d
7ffdc05e4
7ffd8067b
7ffd00711
7ffc407a8
7ffbc083f
7ffb008d6
7ffa8096d
7ff9c0a03
7ff900a9a
7ff840b31
7ff740bc8
7ff680c5e
7ff580cf5
7ff480d8c
7ff380e23
7ff280eb9
7ff140f50
7ff040fe7
7fef0107e
7fedc1114
7fec811ab
7feb41242
7fe9c12d8
7fe88136f
7fe701406
7fe58149c
7fe401533
7fe2415ca
7fe0c1660
7fdf016f7
7fdd4178e
7fdb81824
7fd9c18bb
7fd801952
7fd6019e8
7fd401a7f
7fd201b15
7fd001bac
7fce01c43
7fcc01cd9
7fc9c1d70
7fc781e06
7fc581e9d
7fc301f33
7fc0c1fca
7fbe82060
7fbc020f7
7fb98218d
7fb702224
7fb4822ba
7fb202351
7faf423e7
7facc247d
7faa02514
7fa7425aa
7fa482641
7fa1826d7
7f9ec276d
7f9bc2804
7f98c289a
7f95c2930
7f92c29c7
7f8fc2a5d
7f8c82af3
7f8942b89
7f8602c20
7f82c2cb6
7f7f82d4c
7f7c42de2
7f78c2e79
7f7542f0f
7f71c2fa5
7f6e4303b
7f6ac30d1
7f6703167
7f63831fd
7f5fc3293
7f5c03329
7f58433bf
7f5443455
7f50834eb
7f4c83581
7f4883617
7f44836ad
7f4083743
7f3c837d9
7f384386f
7f3443905
7f300399b
7f2bc3a31
7f2783ac6
7f2303b5c
7f1ec3bf2
7f1a43c88
7f15c3d1d
7f1143db3
7f0cc3e49
7f0803ede
7f0383f74
7efec400a
7efa0409f
7ef544135
7ef0441cb
7eeb84260
7ee6842f6
7ee18438b
7edc84421
7ed7844b6
7ed28454b
7ecd845e1
7ec844676
7ec30470b
7ebdc47a1
7eb884836
7eb3048cb
7eadc4961
7ea8449f6
7ea2c4a8b
7e9d44b20
7e97c4bb5
7e9244c4b
7e8c84ce0
7e86c4d75
7e8144e0a
7e7b44e9f
7e7584f34
7e6fc4fc9
7e69c505e
7e64050f3
7e5e05187
7e57c521c
7e51c52b1
7e4bc5346
7e45853db
7e3f4546f
7e3905504
7e32c5599
7e2c8562e
7e26456c2
7e1fc5757
7e19457eb
7e12c5880
7e0c45914
7e05c59a9
7dff05a3d
7df845ad2
7df1c5b66
7deb05bfb
7de405c8f
7ddd45d23
7dd685db7
7dcf85e4c
7dc885ee0
7dc185f74
7dba86008
7db34609c
7dac46130
7da5061c4
7d9dc6258
7d96862ec
7d8f46380
7d8806414
7d80864a8
7d790653c
7d71865d0
7d6a06663
7d62866f7
7d5b0678b
7d534681f
7d4b868b2
7d4406946
7d3c069d9
7d3446a6d
7d2c86b00
7d2486b94
7d1c86c27
7d1486cbb
7d0c86d4e
7d0486de1
7cfc86e74
7cf446f08
7cec06f9b
7ce3c702e
7cdb870c1
7cd347154
7ccac71e7
7cc28727a
7cba0730d
7cb1873a0
7ca907433
7ca0474c6
7c97c7559
7c8f075eb
7c868767e
7c7dc7711
7c74c77a3
7c6c07836
7c63478c9
7c5a4795b
7c51479ee
7c4847a80
7c3f47b12
7c3647ba5
7c2d07c37
7c23c7cc9
7c1ac7d5c
7c1187dee
7c0807e80
7bfec7f12
7bf587fa4
7bec08036
7be2880c8
7bd90815a
7bcf881ec
7bc60827e
7bbc48310
7bb2883a1
7ba8c8433
7b9f084c5
7b9548556
7b8b885e8
7b8188679
7b77c870b
7b6dc879c
7b63c882e
7b59c88bf
7b4f88950
7b45889e2
7b3b48a73
7b3108b04
7b26c8b95
7b1c88c26
7b1248cb7
7b07c8d48
7afd48dd9
7af308e6a
7ae888efb
7addc8f8b
7ad34901c
7ac8890ad
7abe0913d
7ab3491ce
7aa88925f
7a9dc92ef
7a92c937f
7a8809410
7a7d094a0
7a7209530
7a67095c1
7a5c09651
7a51096e1
7a45c9771
7a3a89801
7a2f89891
7a2449921
7a18c99b1
7a0d89a41
7a0249ad0
79f6c9b60
79eb49bf0
79dfc9c7f
79d449d0f
79c889d9e
79bd09e2e
79b149ebd
79a589f4d
7999c9fdc
798e0a06b
79824a0fa
79764a189
796a8a219
795e8a2a8
79528a336
79468a3c5
793a8a454
792e4a4e3
79220a572
79160a600
7909ca68f
78fd8a71e
78f10a7ac
78e4ca83b
78d84a8c9
78cbca957
78bf4a9e6
78b2caa74
78a64ab02
7899cab90
788d0ac1e
78804acac
78738ad3a
7866cadc8
785a0ae56
784d0aee4
78404af71
78334afff
78264b08c
78194b11a
780c4b1a7
77ff0b235
77f20b2c2
77e4cb34f
77d78b3dd
77ca4b46a
77bd0b4f7
77afcb584
77a24b611
7794cb69e
77874b72b
7779cb7b7
776c4b844
775ecb8d1
77510b95d
77438b9ea
7735cba76
77280bb03
771a4bb8f
770c4bc1b
76fe8bca8
76f08bd34
76e28bdc0
76d48be4c
76c68bed8
76b88bf64
76aa8bff0
769c4c07b
768e0c107
767fcc193
76718c21e
76634c2aa
76550c335
76468c3c1
76380c44c
76298c4d7
761b0c562
760c8c5ed
75fe0c679
75ef4c703
75e08c78e
75d20c819
75c34c8a4
75b44c92f
75a58c9b9
7596cca44
7587ccace
7578ccb59
7569ccbe3
755accc6d
754bcccf8
753c8cd82
752d8ce0c
751e4ce96
750f0cf20
74ffccfaa
74f08d034
74e10d0bd
74d1cd147
74c24d1d1
74b2cd25a
74a34d2e3
7493cd36d
74844d3f6
74748d47f
7464cd509
74554d592
74458d61b
74358d6a4
7425cd72c
74160d7b5
74060d83e
73f60d8c7
73e60d94f
73d60d9d8
73c60da60
73b60dae9
73a5cdb71
73958dbf9
73858dc81
73754dd09
7364cdd91
73548de19
73444dea1
7333cdf29
73234dfb0
7312ce038
73024e0bf
72f1ce147
72e10e1ce
72d08e256
72bfce2dd
72af0e364
729e4e3eb
728d8e472
727c8e4f9
726bce580
725ace607
7249ce68d
7238ce714
7227ce79a
7216ce821
7205ce8a7
71f48e92d
71e34e9b4
71d20ea3a
71c0ceac0
71af8eb46
719e4ebcc
718ccec52
717b4ecd7
716a0ed5d
71588ede3
71470ee68
71354eeed
7123cef73
71120eff8
71004f07d
70eecf102
70dccf187
70cb0f20c
70b94f291
70a74f316
70958f39a
70838f41f
70718f4a4
705f8f528
704d8f5ac
703b4f631
70290f6b5
70170f739
7004cf7bd
6ff28f841
6fe04f8c5
6fcdcf948
6fbb8f9cc
6fa90fa50
6f968fad3
6f840fb57
6f718fbda
6f5f0fc5d
6f4c8fce0
6f39cfd63
6f270fde6
6f148fe69
6f01cfeec
6eeecff6f
6edc0fff1
6ec950074
6eb6500f7
6ea350179
6e90501fb
6e7d5027d
6e6a50300
6e5750382
6e4410404
6e3110485
6e1dd0507
6e0a90589
6df75060a
6de3d068c
6dd09070d
6dbd1078f
6da9d0810
6d9650891
6d82d0912
6d6f50993
6d5bd0a14
6d4810a95
6d3450b15
6d20d0b96
6d0d10c17
6cf950c97
6ce590d17
6cd190d98
6cbdd0e18
6ca9d0e98
6c95d0f18
6c8210f98
6c6dd1017
6c59d1097
6c45d1117
6c3191196
6c1d91216
6c0951295
6bf511314
6be0d1393
6bcc91412
6bb811491
6ba3d1510
6b8f5158f
6b7ad160e
6b665168c
6b51d170b
6b3d51789
6b28d1807
6b1411886
6aff51904
6aea91982
6ad5d1a00
6ac111a7d
6aac51afb
6a9791b79
6a8291bf6
6a6d91c74
6a58d1cf1
6a43d1d6e
6a2e91deb
6a1991e68
6a0491ee5
69ef51f62
69da11fdf
69c51205c
69afd20d8
699a52155
6985121d1
696fd224d
695a522c9
6944d2346
692f923c2
691a1243d
6904524b9
68eed2535
68d9525b0
68c39262c
68add26a7
689852723
68829279e
686c92819
6856d2894
68411290f
682b12989
681512a04
67ff52a7f
67e952af9
67d352b73
67bd12bee
67a712c68
6790d2ce2
677ad2d5c
676492dd6
674e52e4f
673812ec9
672192f43
670b52fbc
66f513035
66de930af
66c813128
66b1931a1
669b1321a
668493293
666dd330b
665753384
6640933fd
662a13475
6613534ed
65fc93565
65e5935de
65ced3656
65b8136cd
65a113745
658a137bd
657313834
655c138ac
654513923
652e1399b
6516d3a12
64ffd3a89
64e893b00
64d153b76
64ba13bed
64a2d3c64
648b93cda
647453d51
645cd3dc7
644553e3d
642e13eb3
641693f29
63ff13f9f
63e754015
63cfd408a
63b854100
63a094175
6388d41eb
637114260
6359542d5
63419434a
6329d43bf
6311d4434
62fa144a8
62e21451d
62ca14591
62b214606
629a1467a
6282146ee
626a14762
6251d47d6
6239d484a
6221948bd
620954931
61f1149a4
61d8d4a18
61c094a8b
61a814afe
618fd4b71
617754be4
615ed4c57
614654cc9
612dd4d3c
611554dae
60fcd4e21
60e414e93
60cb54f05
60b2d4f77
609a14fe9
60815505a
6068950cc
604f9513e
6036d51af
601e15220
600515291
5fec15302
5fd315373
5fba153e4
5fa115455
5f88154c6
5f6ed5536
5f55d55a6
5f3c95617
5f2355687
5f0a156f7
5ef0d5767
5ed7957d7
5ebe55846
5ea4d58b6
5e8b95925
5e7215995
5e5895a04
5e3f15a73
5e2595ae2
5e0c15b51
5df255bbf
5dd8d5c2e
5dbf15c9d
5da595d0b
5d8bd5d79
5d7215de7
5d5855e55
5d3e55ec3
5d2495f31
5d0a95f9f
5cf0d600c
5cd6d607a
5cbcd60e7
5ca2d6154
5c88d61c1
5c6ed622e
5c549629b
5c3a96308
5c2056374
5c06563e1
5bec1644d
5bd1d64b9
5bb796526
5b9d16592
5b82d65fd
5b6856669
5b4e166d5
5b3396740
5b19167ac
5afe96817
5ae416882
5ac9968ed
5aaed6958
5a94569c3
5a7996a2d
5a5f16a98
5a4456b02
5a2996b6d
5a0ed6bd7
59f3d6c41
59d916cab
59be56d15
59a356d7e
598856de8
596d96e51
595296eba
593796f24
591c56f8d
590156ff6
58e65705e
58cb170c7
58afd7130
5894d7198
587997200
585e57268
5842d72d1
582797338
580c573a0
57f0d7408
57d59746f
57ba174d7
579e9753e
5783175a5
57679760c
574c17673
5730576da
5714d7741
56f9177a7
56dd9780e
56c1d7874
56a6178da
568a57940
566e979a6
565297a0c
5636d7a71
561ad7ad7
55ff17b3c
55e317ba1
55c717c07
55ab17c6c
558f17cd0
557317d35
555717d9a
553ad7dfe
551ed7e63
550297ec7
54e657f2b
54ca17f8f
54add7ff3
549198056
5475580ba
5458d811d
543c98181
5420181e4
5403d8247
53e7582aa
53cad830d
53ae5836f
5391d83d2
537518434
535898496
533bd84f8
531f5855a
5302985bc
52e5d861e
52c918680
52ac586e1
528f98742
5272d87a4
5255d8805
523918866
521c188c6
51ff18927
51e258988
51c5589e8
51a858a48
518b18aa8
516e18b08
515118b68
5133d8bc8
5116d8c28
50f998c87
50dc58ce6
50bf18d46
50a1d8da5
508498e04
506758e62
5049d8ec1
502c98f20
500f18f7e
4ff198fdc
4fd45903a
4fb6d9098
4f99590f6
4f7b99154
4f5e191b1
4f409920f
4f22d926c
4f05592c9
4ee799326
4ec9d9383
4eac193e0
4e8e5943d
4e7099499
4e52d94f5
4e3519552
4e17195ae
4df95960a
4ddb59665
4dbd596c1
4d9f9971d
4d8199778
4d63597d3
4d455982e
4d2759889
4d09598e4
4ceb1993f
4ccd19999
4caed99f4
4c9099a4e
4c7259aa8
4c5419b02
4c35d9b5c
4c1799bb6
4bf959c0f
4bdad9c69
4bbc99cc2
4b9e19d1b
4b7f99d74
4b6159dcd
4b42d9e26
4b2459e7e
4b0599ed7
4ae719f2f
4ac899f87
4aa9d9fdf
4a8b5a037
4a6c9a08f
4a4e1a0e7
4a2f5a13e
4a109a195
49f1da1ed
49d31a244
49b41a29a
49955a2f1
49769a348
49579a39e
49389a3f5
4919da44b
48fada4a1
48dbda4f7
48bcda54d
489dda5a2
487e9a5f8
485f9a64d
48409a6a2
48215a6f7
48025a74c
47e31a7a1
47c3da7f6
47a49a84a
47855a89e
47661a8f3
4746da947
47275a99a
47081a9ee
46e8daa42
46c95aa95
46a9daae9
468a9ab3c
466b1ab8f
464b9abe2
462c1ac34
460c5ac87
45ecdacd9
45cd5ad2c
45ad9ad7e
458e1add0
456e5ae22
454e9ae74
452f1aec5
450f5af17
44ef9af68
44cfdafb9
44afdb00a
44901b05b
44705b0ac
44505b0fc
44309b14c
44109b19d
43f09b1ed
43d09b23d
43b09b28d
43909b2dc
43709b32c
43509b37b
43309b3ca
43105b41a
42f05b468
42d01b4b7
42b01b506
428fdb554
426f9b5a3
424f5b5f1
422f1b63f
420edb68d
41ee9b6db
41ce1b728
41addb776
418d9b7c3
416d1b810
414c9b85d
412c5b8aa
410bdb8f7
40eb5b943
40cadb990
40aa5b9dc
4089dba28
40691ba74
40489bac0
40281bb0b
40075bb57
3fe69bba2
3fc61bbed
3fa55bc39
3f849bc83
3f63dbcce
3f431bd19
3f225bd63
3f019bdae
3ee09bdf8
3ebfdbe42
3e9edbe8c
3e7e1bed5
3e5d1bf1f
3e3c5bf68
3e1b5bfb1
3dfa5bffb
3dd95c043
3db85c08c
3d975c0d5
3d761c11d
3d551c166
3d341c1ae
3d12dc1f6
3cf1dc23e
3cd09c286
3caf5c2cd
3c8e1c314
3c6d1c35c
3c4bdc3a3
3c2a9c3ea
3c091c431
3be7dc477
3bc69c4be
3ba51c504
3b83dc54a
3b625c590
3b411c5d6
3b1f9c61c
3afe1c662
3adc9c6a7
3abb5c6ec
3a99dc731
3a781c776
3a569c7bb
3a351c800
3a139c844
39f1dc889
39d05c8cd
39ae9c911
398cdc955
396b5c998
39499c9dc
3927dca1f
39061ca63
38e45caa6
38c29cae9
38a0dcb2b
387edcb6e
385d1cbb1
383b5cbf3
38195cc35
37f79cc77
37d59ccb9
37b39ccfb
37919cd3c
376f9cd7e
374ddcdbf
372b9ce00
37099ce41
36e79ce82
36c59cec2
36a39cf03
36815cf43
365f5cf83
363d1cfc3
361b1d003
35f8dd043
35d69d082
35b45d0c1
35921d101
356fdd140
354d9d17e
352b5d1bd
35091d1fc
34e6dd23a
34c45d278
34a21d2b6
347f9d2f4
345d5d332
343add370
34185d3ad
33f61d3eb
33d39d428
33b11d465
338e9d4a1
336c1d4de
33499d51b
33271d557
33045d593
32e1dd5cf
32bf5d60b
329c9d647
327a1d682
32575d6be
32349d6f9
3211dd734
31ef5d76f
31cc9d7aa
31a9dd7e4
31871d81f
31645d859
31419d893
311e9d8cd
30fbdd907
30d91d940
30b61d97a
30935d9b3
30705d9ec
304d9da25
302a9da5e
30079da97
2fe49dacf
2fc1ddb08
2f9eddb40
2f7bddb78
2f58ddbb0
2f359dbe7
2f129dc1f
2eef9dc56
2ecc9dc8d
2ea95dcc5
2e865dcfb
2e631dd32
2e401dd69
2e1cddd9f
2df99ddd5
2dd69de0b
2db35de41
2d901de77
2d6cddead
2d499dee2
2d265df17
2d031df4d
2cdfddf81
2cbc5dfb6
2c991dfeb
2c75de01f
2c525e054
2c2f1e088
2c0b9e0bc
2be81e0f0
2bc4de123
2ba15e157
2b7dde18a
2b5a5e1bd
2b36de1f0
2b135e223
2aefde256
2acc5e288
2aa8de2ba
2a855e2ed
2a61de31f
2a3e1e351
2a1a9e382
29f71e3b4
29d35e3e5
29afde416
298c1e447
29685e478
2944de4a9
29211e4d9
28fd5e50a
28d99e53a
28b5de56a
28921e59a
286e5e5ca
284a9e5f9
2826de629
28031e658
27df1e687
27bb5e6b6
27979e6e4
27739e713
274fde741
272bde770
27081e79e
26e41e7cc
26c01e7f9
269c5e827
26785e854
26545e882
26305e8af
260c5e8dc
25e85e908
25c45e935
25a05e961
257c5e98d
25585e9ba
25341e9e5
25101ea11
24ec1ea3d
24c7dea68
24a3dea93
247f9eabf
245b9eae9
24375eb14
24131eb3f
23ef1eb69
23cadeb93
23a69ebbe
23825ebe7
235e1ec11
2339dec3b
23159ec64
22f15ec8d
22cd1ecb7
22a8decdf
22849ed08
22605ed31
223bded59
22179ed81
21f35edaa
21cededd1
21aa9edf9
21861ee21
2161dee48
213d5ee6f
21191ee96
20f49eebd
20d01eee4
20ab9ef0b
20875ef31
2062def57
203e5ef7d
2019defa3
1ff55efc9
1fd0defef
1fac5f014
1f87df039
1f631f05e
1f3e9f083
1f1a1f0a8
1ef59f0cc
1ed0df0f1
1eac5f115
1e879f139
1e631f15d
1e3e5f181
1e19df1a4
1df51f1c8
1dd09f1eb
1dabdf20e
1d871f231
1d629f253
1d3ddf276
1d191f298
1cf45f2bb
1ccf9f2dd
1caadf2fe
1c861f320
1c615f342
1c3c9f363
1c17df384
1bf31f3a5
1bce5f3c6
1ba99f3e7
1b849f407
1b5fdf428
1b3b1f448
1b161f468
1af15f488
1acc5f4a7
1aa79f4c7
1a82df4e6
1a5ddf505
1a38df524
1a141f543
19ef1f562
19ca1f580
19a55f59e
19805f5bc
195b5f5da
19365f5f8
19115f616
18ec9f633
18c79f651
18a29f66e
187d9f68b
18589f6a7
18339f6c4
180e9f6e0
17e95f6fd
17c45f719
179f5f735
177a5f750
17555f76c
17301f787
170b1f7a3
16e61f7be
16c0df7d9
169bdf7f3
16769f80e
16519f828
162c5f842
16075f85c
15e21f876
15bd1f890
1597df8aa
15729f8c3
154d9f8dc
15285f8f5
15031f90e
14de1f927
14b8df93f
14939f957
146e5f970
14491f988
1423df99f
13fe9f9b7
13d95f9ce
13b41f9e6
138edf9fd
13699fa14
13445fa2b
131f1fa41
12f9dfa58
12d49fa6e
12af5fa84
128a1fa9a
12649fab0
123f5fac5
121a1fadb
11f4dfaf0
11cf5fb05
11aa1fb1a
1184dfb2f
115f5fb43
113a1fb58
11149fb6c
10ef5fb80
10c9dfb94
10a49fba7
107f1fbbb
1059dfbce
10345fbe1
100f1fbf4
fe99fc07
fc41fc1a
f9edfc2c
f795fc3f
f53dfc51
f2e9fc63
f091fc75
ee39fc86
ebe1fc98
e98dfca9
e735fcba
e4ddfccb
e285fcdc
e02dfcec
ddd5fcfd
db7dfd0d
d925fd1d
d6cdfd2d
d475fd3d
d21dfd4c
cfc5fd5c
cd6dfd6b
cb15fd7a
c8bdfd89
c665fd98
c40dfda6
c1b5fdb4
bf5dfdc3
bd05fdd1
baadfdde
b851fdec
b5f9fdfa
b3a1fe07
b149fe14
aef1fe21
ac95fe2e
aa3dfe3a
a7e5fe47
a589fe53
a331fe5f
a0d9fe6b
9e7dfe77
9c25fe82
99cdfe8e
9771fe99
9519fea4
92c1feaf
9065feba
8e0dfec4
8bb1fecf
8959fed9
86fdfee3
84a5feed
8249fef6
7ff1ff00
7d95ff09
7b3dff12
78e1ff1b
7689ff24
742dff2d
71d5ff35
6f79ff3e
6d21ff46
6ac5ff4e
6869ff56
6611ff5d
63b5ff65
615dff6c
5f01ff73
5ca5ff7a
5a4dff81
57f1ff87
5595ff8e
533dff94
50e1ff9a
4e85ffa0
4c2dffa5
49d1ffab
4775ffb0
451dffb5
42c1ffba
4065ffbf
3e09ffc4
3bb1ffc8
3955ffcd
36f9ffd1
349dffd5
3245ffd9
2fe9ffdc
2d8dffe0
2b31ffe3
28d9ffe6
267dffe9
2421ffec
21c5ffee
1f6dfff1
1d11fff3
1ab5fff5
1859fff7
15fdfff8
13a5fffa
1149fffb
eedfffd
c91fffe
a35fffe
7ddffff
581ffff
325ffff
c9ffff
ffe6dffff
ffc15ffff
ff9b9ffff
ff75dffff
ff501fffe
ff2a5fffd
ff04dfffc
fedf1fffb
feb95fff9
fe939fff8
fe6e1fff6
fe485fff4
fe229fff2
fdfcdfff0
fdd71ffed
fdb19ffeb
fd8bdffe8
fd661ffe5
fd405ffe2
fd1adffde
fcf51ffdb
fccf5ffd7
fca99ffd3
fc841ffcf
fc5e5ffcb
fc389ffc7
fc12dffc2
fbed5ffbe
fbc79ffb9
fba1dffb4
fb7c5ffae
fb569ffa9
fb30dffa3
fb0b1ff9e
fae59ff98
fabfdff92
fa9a1ff8b
fa749ff85
fa4edff7e
fa291ff78
fa039ff71
f9dddff69
f9b85ff62
f9929ff5b
f96cdff53
f9475ff4b
f9219ff43
f8fc1ff3b
f8d65ff33
f8b0dff2a
f88b1ff21
f8655ff19
f83fdff0f
f81a1ff06
f7f49fefd
f7cedfef3
f7a95feea
f7839fee0
f75e1fed6
f7389fecb
f712dfec1
f6ed5feb6
f6c79feab
f6a21fea1
f67c5fe95
f656dfe8a
f6315fe7f
f60b9fe73
f5e61fe67
f5c09fe5b
f59adfe4f
f5755fe43
f54fdfe36
f52a5fe2a
f5049fe1d
f4df1fe10
f4b99fe02
f4941fdf5
f46e9fde8
f448dfdda
f4235fdcc
f3fddfdbe
f3d85fdb0
f3b2dfda1
f38d5fd93
f367dfd84
f3425fd75
f31cdfd66
f2f75fd57
f2d1dfd47
f2ac5fd38
f286dfd28
f2615fd18
f23bdfd08
f2165fcf7
f1f0dfce7
f1cb5fcd6
f1a5dfcc5
f1805fcb4
f15b1fca3
f1359fc92
f1101fc80
f0ea9fc6f
f0c51fc5d
f09fdfc4b
f07a5fc39
f054dfc26
f02f9fc14
f00a1fc01
efe49fbee
efbf5fbdb
ef99dfbc8
ef749fbb4
ef4f1fba1
ef29dfb8d
ef045fb79
eedf1fb65
eeb99fb51
ee945fb3c
ee6f1fb28
ee499fb13
ee245fafe
edff1fae9
edd99fad4
edb45fabe
ed8f1faa9
ed69dfa93
ed445fa7d
ed1f1fa67
ecf9dfa50
ecd49fa3a
ecaf5fa23
ec8a1fa0c
ec64df9f5
ec3f9f9de
ec1a5f9c7
ebf51f9af
ebcfdf997
ebaa9f980
eb855f968
eb601f94f
eb3b1f937
eb15df91e
eaf09f906
eacb5f8ed
eaa65f8d4
ea811f8ba
ea5bdf8a1
ea36df887
ea119f86e
e9ec9f854
e9c75f83a
e9a25f81f
e97d1f805
e9581f7ea
e932df7d0
e90ddf7b5
e8e8df79a
e8c39f77e
e89e9f763
e8799f747
e8549f72b
e82f5f70f
e80a5f6f3
e7e55f6d7
e7c05f6ba
e79b5f69e
e7765f681
e7515f664
e72c5f647
e7075f629
e6e25f60c
e6bd5f5ee
e6989f5d0
e6739f5b2
e64e9f594
e6299f576
e604df557
e5dfdf539
e5badf51a
e5961f4fb
e5711f4dc
e54c5f4bc
e5275f49d
e5029f47d
e4dddf45d
e4b8df43d
e4941f41d
e46f5f3fc
e44a5f3dc
e4259f3bb
e400df39a
e3dc1f379
e3b75f358
e3929f337
e36ddf315
e3491f2f3
e3245f2d1
e2ff9f2af
e2dadf28d
e2b61f26b
e2915f248
e26cdf225
e2481f202
e2235f1df
e1fedf1bc
e1da1f198
e1b59f175
e190df151
e16c5f12d
e1479f109
e1231f0e5
e0fe9f0c0
e0d9df09c
e0b55f077
e090df052
e06c5f02d
e047df008
e0235efe2
dffedefbd
dfda5ef97
dfb5def71
df915ef4b
df6cdef24
df485eefe
df23deed7
deff9eeb0
dedb1ee89
deb69ee62
de925ee3b
de6ddee14
de499edec
de251edc4
de00ded9c
dddc5ed74
ddb81ed4c
dd93ded23
dd6f9ecfb
dd4b1ecd2
dd26deca9
dd029ec80
dcde5ec56
dcba1ec2d
dc95dec03
dc719ebda
dc4d9ebb0
dc295eb85
dc051eb5b
dbe0deb31
dbbcdeb06
db989eadb
db749eab0
db505ea85
db2c5ea5a
db081ea2e
dae41ea03
dac01e9d7
da9bde9ab
da77de97f
da53de952
da2fde926
da0bde8f9
d9e7de8cd
d9c3de8a0
d99fde872
d97bde845
d957de818
d9341e7ea
d9101e7bc
d8ec1e78e
d8c85e760
d8a45e732
d8809e704
d85c9e6d5
d838de6a6
d8151e677
d7f15e648
d7cd5e619
d7a99e5e9
d785de5ba
d7621e58a
d73e5e55a
d71a9e52a
d6f6de4fa
d6d35e4c9
d6af9e499
d68bde468
d6681e437
d6449e406
d620de3d5
d5fd5e3a3
d5d99e372
d5b61e340
d5929e30e
d56f1e2dc
d54b5e2aa
d527de277
d5045e245
d4e0de212
d4bd5e1df
d499de1ac
d4765e179
d4531e146
d42f9e112
d40c1e0de
d3e8de0aa
d3c55e076
d3a21e042
d37e9e00e
d35b5dfd9
d3381dfa5
d3149df70
d2f15df3b
d2ce1df06
d2aadded0
d2879de9b
d2645de65
d2411de2f
d21ddddf9
d1fadddc3
d1d79dd8d
d1b45dd57
d1915dd20
d16e1dce9
d14b1dcb2
d1281dc7b
d104ddc44
d0e1ddc0c
d0beddbd5
d09bddb9d
d078ddb65
d055ddb2d
d032ddaf5
d00fddabc
cfecdda84
cfc9dda4b
cfa71da12
cf841d9d9
cf615d9a0
cf3e5d967
cf1b9d92d
cef89d8f3
ced5dd8ba
ceb31d880
ce905d845
ce6d9d80b
ce4add7d1
ce281d796
ce055d75b
cde29d720
cdc01d6e5
cd9d5d6aa
cd7a9d66e
cd581d633
cd355d5f7
cd12dd5bb
ccf05d57f
cccd9d543
ccab1d506
cc889d4ca
cc661d48d
cc439d450
cc211d413
cbfe9d3d6
cbdc5d399
cbb9dd35b
cb975d31e
cb751d2e0
cb529d2a2
cb305d264
cb0e1d225
caeb9d1e7
cac95d1a8
caa71d16a
ca84dd12b
ca629d0ec
ca405d0ac
ca1e1d06d
c9fc1d02d
c9d9dcfee
c9b79cfae
c9959cf6e
c9735cf2e
c9515ceed
c92f5cead
c90d1ce6c
c8eb1ce2b
c8c91cdea
c8a71cda9
c8851cd68
c8631cd26
c8415cce5
c81f5cca3
c7fd5cc61
c7db9cc1f
c7b99cbdd
c797dcb9a
c775dcb58
c7541cb15
c7325cad2
c7109ca8f
c6eedca4c
c6cd1ca09
c6ab5c9c5
c6899c982
c6681c93e
c6465c8fa
c6249c8b6
c6031c872
c5e19c82d
c5bfdc7e9
c59e5c7a4
c57cdc75f
c55b5c71a
c539dc6d5
c5185c690
c4f6dc64a
c4d55c605
c4b41c5bf
c4929c579
c4711c533
c44fdc4ed
c42e9c4a6
c40d1c460
c3ebdc419
c3ca9c3d2
c3a95c38b
c3881c344
c366dc2fd
c3459c2b5
c3249c26e
c3035c226
c2e25c1de
c2c11c196
c2a01c14e
c27f1c105
c25ddc0bd
c23cdc074
c21bdc02b
c1fadbfe2
c1d9dbf99
c1b91bf50
c1981bf06
c1771bebd
c1565be73
c1355be29
c1149bddf
c0f3dbd95
c0d2dbd4a
c0b21bd00
c0915bcb5
c0709bc6a
c04fdbc20
c02f5bbd4
c00e9bb89
bfeddbb3e
bfcd5baf2
bfacdbaa7
bf8c1ba5b
bf6b9ba0f
bf4b1b9c2
bf2a9b976
bf0a1b92a
bee99b8dd
bec91b890
bea89b843
be885b7f6
be67db7a9
be479b75c
be271b70e
be06db6c1
bde69b673
bdc65b625
bda61b5d7
bd85db589
bd659b53a
bd455b4ec
bd255b49d
bd051b44e
bce51b3ff
bcc4db3b0
bca4db361
bc84db311
bc64db2c2
bc44db272
bc24db222
bc04db1d2
bbe4db182
bbc51b132
bba51b0e1
bb855b091
bb655b040
bb459afef
bb25daf9e
bb061af4d
bae65aefb
bac69aeaa
baa6dae58
ba875ae07
ba679adb5
ba47dad63
ba285ad10
ba08dacbe
b9e91ac6c
b9c99ac19
b9aa1abc6
b98a9ab73
b96b5ab20
b94bdaacd
b92c5aa79
b90d1aa26
b8ed9a9d2
b8ce5a97f
b8aeda92b
b88f9a8d6
b8705a882
b8511a82e
b831da7d9
b812da785
b7f39a730
b7d45a6db
b7b55a686
b7961a631
b7771a5db
b7581a586
b7391a530
b71a1a4da
b6fb1a484
b6dc1a42e
b6bd1a3d8
b69e5a382
b67f5a32b
b6609a2d4
b641da27e
b622da227
b6041a1cf
b5e55a178
b5c69a121
b5a81a0c9
b5895a072
b56a9a01a
b54c19fc2
b52d59f6a
b50ed9f12
b4f059eb9
b4d1d9e61
b4b359e08
b494d9daf
b47659d56
b457d9cfd
b43999ca4
b41b19c4b
b3fcd9bf1
b3de99b98
b3c059b3e
b3a1d9ae4
b38399a8a
b36599a30
b347599d6
b3291997b
b30b19921
b2ecd98c6
b2ced986b
b2b0d9810
b292997b5
b27499759
b256d96fe
b238d96a3
b21ad9647
b1fcd95eb
b1df1958f
b1c159533
b1a3594d7
b1859947a
b167d941e
b14a193c1
b12c59364
b10e99307
b0f1192aa
b0d35924d
b0b5d91f0
b09819192
b07a99135
b05d190d7
b03f99079
b0221901b
b00498fbd
afe758f5e
afc9d8f00
afac98ea2
af8f18e43
af71d8de4
af5498d85
af3758d26
af1a18cc7
aefcd8c67
aedfd8c08
aec298ba8
aea558b48
ae8858ae8
ae6b58a88
ae4e58a28
ae31589c8
ae1458967
adf758907
adda588a6
adbd98845
ada0987e4
ad83d8783
ad6718722
ad4a186c1
ad2d5865f
ad10985fd
acf41859c
acd75853a
acba984d8
ac9e18476
ac8198413
ac64d83b1
ac485834e
ac2bd82ec
ac0f58289
abf2d8226
abd6981c3
abba18160
ab9dd80fc
ab8158099
ab6518035
ab48d7fd1
ab2c97f6e
ab1057f0a
aaf457ea5
aad817e41
aabbd7ddd
aa9fd7d78
aa83d7d14
aa67d7caf
aa4b97c4a
aa2fd7be5
aa13d7b80
a9f7d7b1a
a9dbd7ab5
a9c017a4f
a9a4579ea
a98857984
a96c9791e
a950d78b8
a93517852
a919577eb
a8fdd7785
a8e21771e
a8c6976b8
a8ab17651
a88f575ea
a873d7583
a8585751c
a83d174b4
a8219744d
a806173e5
a7ead737e
a7cf57316
a7b4172ae
a798d7246
a77d971de
a76257175
a7471710d
a72c170a4
a710d703b
a6f5d6fd3
a6dad6f6a
a6bf96f01
a6a496e97
a689d6e2e
a66ed6dc5
a653d6d5b
a63916cf1
a61e16c87
a60356c1e
a5e896bb3
a5cdd6b49
a5b316adf
a59856a74
7fffc0000
7fffc0160
7fff802c0
7fff00420
7ffe0057f
7ffd006df
7ffbc083f
7ffa4099f
7ff880aff
7ff680c5e
7ff440dbe
7ff1c0f1e
7fef0107e
7fec011dd
7fe8c133d
7fe58149c
7fe1c15fc
7fde0175c
7fd9c18bb
7fd581a1a
7fd0c1b7a
7fcc01cd9
7fc6c1e38
7fc181f98
7fbc020f7
7fb642256
7fb0423b5
7faa02514
7fa382673
7f9cc27d2
7f95c2930
7f8e82a8f
7f8742bee
7f7f82d4c
7f7782eab
7f6f83009
7f6703167
7f5e832c5
7f55c3423
7f4c83581
7f43436df
7f39c383d
7f300399b
7f2603af8
7f1bc3c56
7f1143db3
7f0683f10
7efb8406e
7ef0441cb
7ee504327
7ed944484
7ecd845e1
7ec14473d
7eb50489a
7ea8449f6
7e9b84b52
7e8e84cae
7e8144e0a
7e7384f65
7e65c50c1
7e57c521c
7e49c5378
7e3b454d3
7e2c8562e
7e1d85788
7e0e858e3
7dff05a3d
7def85b98
7ddf85cf2
7dcf85e4c
7dbf45fa5
7dae860ff
7d9dc6258
7d8cc63b2
7d7b8650b
7d6a06663
7d58867bc
7d4686915
7d3446a6d
7d2206bc5
7d0f46d1d
7cfc86e74
7ce946fcc
7cd607123
7cc28727a
7caec73d1
7c9ac7528
7c868767e
7c72077d4
7c5d4792a
7c4847a80
7c3307bd6
7c1dc7d2b
7c0807e80
7bf247fd5
7bdc48129
7bc60827e
7baf483d2
7b9888526
7b8188679
7b6a887cd
7b5308920
7b3b48a73
7b2348bc5
7b0b48d18
7af308e6a
7ada48fbc
7ac18910d
7aa88925f
7a8f493b0
7a75c9500
7a5c09651
7a42097a1
7a28098f1
7a0d89a41
79f309b90
79d809cdf
79bd09e2e
79a1c9f7c
79864a0cb
796a8a219
794e8a366
79324a4b3
79160a600
78f94a74d
78dc8a89a
78bf4a9e6
78a20ab31
78848ac7d
7866cadc8
7848caf13
782a8b05d
780c4b1a7
77ed8b2f1
77cecb43b
77afcb584
77904b6cd
7770cb815
77510b95d
77314baa5
77110bbed
76f08bd34
76d00be7b
76af0bfc1
768e0c107
766ccc24d
764b4c392
76298c4d7
7607cc61c
75e58c760
75c34c8a4
75a08c9e8
757dccb2b
755accc6d
75378cdb0
75140cef2
74f08d034
74cc8d175
74a88d2b6
74844d3f6
745f8d536
743b0d676
74160d7b5
73f0cd8f4
73cb8da33
73a5cdb71
73800dcae
735a0ddec
7333cdf29
730d4e065
72e68e1a1
72bfce2dd
7298ce418
72714e553
7249ce68d
72224e7c7
71fa4e901
71d20ea3a
71a9ceb72
71814ecab
71588ede3
712f8ef1a
71064f051
70dccf187
70b34f2bd
70898f3f3
705f8f528
70354f65d
700acf791
6fe04f8c5
6fb54f9f8
6f8a4fb2b
6f5f0fc5d
6f338fd8f
6f080fec1
6edc0fff1
6eb010122
6e83d0252
6e5750382
6e2a904b1
6dfd905df
6dd09070d
6da35083b
6d75d0968
6d4810a95
6d1a10bc1
6cec10ced
6cbdd0e18
6c8f50f42
6c609106d
6c3191196
6c02912bf
6bd3513e8
6ba3d1510
6b7411638
6b441175f
6b1411886
6ae3d19ac
6ab351ad1
6a8291bf6
6a51d1d1b
6a2091e3f
69ef51f62
69bdd2085
698c521a8
695a522c9
6928523eb
68f61250c
68c39262c
68911274c
685e1286b
682b12989
67f7d2aa7
67c492bc5
6790d2ce2
675d12dfe
672912f1a
66f513035
66c093150
668c1326a
665753384
66225349d
65ed535b6
65b8136cd
6582937e5
654cd38fb
6516d3a12
64e0d3b27
64aa93c3c
647453d51
643d93e65
6406d3f78
63cfd408a
63989419d
6361542ae
6329d43bf
62f2144cf
62ba145df
6282146ee
6249d47fc
62115490a
61d8d4a18
61a014b24
616714c30
612dd4d3c
60f494e47
60bb14f51
60815505a
604755163
600d5526c
5fd315373
5f98d547b
5f5e15581
5f2355687
5ee85578c
5ead55891
5e7215995
5e3695a98
5dfad5b9b
5dbf15c9d
5d8315d9e
5d4715e9f
5d0a95f9f
5cce1609e
5c919619d
5c549629b
5c1796399
5bda96495
5b9d16592
5b5f9668d
5b21d6788
5ae416882
5aa61697c
5a67d6a74
5a2996b6d
59eb16c64
59ac56d5b
596d96e51
592e56f47
58ef5703b
58afd7130
587057223
5830d7316
57f0d7408
57b0d74f9
5770d75ea
5730576da
56efd77c9
56af578b8
566e979a6
562d97a93
55ec57b80
55ab17c6c
556997d57
552817e41
54e657f2b
54a458014
5462580fc
5420181e4
53ddd82cb
539b583b1
535898496
5315d857b
52d2d865f
528f98742
524c58825
5208d8907
51c5589e8
518198ac8
513d98ba8
50f998c87
50b558d65
507118e43
502c98f20
4fe7d8ffc
4fa3190d7
4f5e191b1
4f191928b
4ed3d9364
4e8e5943d
4e48d9514
4e03595eb
4dbd596c1
4d7799796
4d315986b
4ceb1993f
4ca4d9a12
4c5e59ae4
4c1799bb6
4bd0d9c86
4b89d9d56
4b42d9e26
4afb99ef4
4ab419fc2
4a6c9a08f
4a251a15b
49dd5a227
49955a2f1
494d5a3bb
49051a484
48bcda54d
48745a614
482bda6db
47e31a7a1
479a1a866
47515a92b
47081a9ee
46bedaab1
46759ab73
462c1ac34
45e25acf5
45989adb5
454e9ae74
45049af32
44ba9afef
44705b0ac
4425db167
43db5b222
43909b2dc
4345db396
42fb1b44e
42b01b506
4264db5bd
42199b673
41ce1b728
41829b7dd
41371b890
40eb5b943
409f5b9f5
40535baa7
40075bb57
3fbb1bc07
3f6edbcb5
3f225bd63
3ed5dbe10
3e891bebd
3e3c5bf68
3def5c013
3da25c0bd
3d551c166
3d07dc20e
3cba9c2b5
3c6d1c35c
3c1f5c401
3bd19c4a6
3b83dc54a
3b35dc5ed
3ae7dc690
3a99dc731
3a4b5c7d2
39fd1c872
39ae9c911
39601c9af
39115ca4c
38c29cae9
38739cb84
38249cc1f
37d59ccb9
37865cd52
37371cdea
36e79ce82
36981cf18
36489cfae
35f8dd043
35a91d0d6
35591d16a
35091d1fc
34b8dd28d
3468dd31e
34185d3ad
33c81d43c
33779d4ca
33271d557
32d65d5e3
32859d66e
32349d6f9
31e39d782
31929d80b
31419d893
30f05d91a
309edd9a0
304d9da25
2ffc1daaa
2faa5db2d
2f58ddbb0
2f06ddc31
2eb51dcb2
2e631dd32
2e111ddb1
2dbf1de2f
2d6cddead
2d1a9df29
2cc81dfa5
2c75de01f
2c231e099
2bd09e112
2b7dde18a
2b2b1e201
2ad85e277
2a855e2ed
2a325e361
29df5e3d5
298c1e447
2938de4b9
28e59e52a
28921e59a
283e9e609
27eb1e677
27979e6e4
2743de751
26f01e7bc
269c5e827
26485e891
25f45e8f9
25a05e961
254c1e9c8
24f81ea2e
24a3dea93
244f5eaf8
23fb1eb5b
23a69ebbe
23521ec1f
22fd9ec80
22a8decdf
22541ed3e
21ff5ed9c
21aa9edf9
21559ee55
21009eeb0
20ab9ef0b
20569ef64
20015efbd
1fac5f014
1f571f06b
1f019f0c0
1eac5f115
1e56df169
1e015f1bc
1dabdf20e
1d565f25f
1d009f2af
1caadf2fe
1c551f34d
1bff5f39a
1ba99f3e7
1b539f432
1afd9f47d
1aa79f4c7
1a519f510
19fb5f557
19a55f59e
194f1f5e4
18f8df629
18a29f66e
184c1f6b1
17f5df6f3
179f5f735
1748df775
16f25f7b5
169bdf7f3
16451f831
15ee9f86e
1597df8aa
15411f8e4
14ea5f91e
14939f957
143cdf990
13e5df9c7
138edf9fd
13381fa32
12e11fa67
128a1fa9a
1232dfacc
11dbdfafe
1184dfb2f
112d9fb5e
10d65fb8d
107f1fbbb
1027dfbe8
fd09fc14
f795fc3f
f221fc69
eca9fc92
e735fcba
e1bdfce1
dc45fd08
d6cdfd2d
d155fd51
cbddfd75
c665fd98
c0edfdb9
bb75fdda
b5f9fdfa
b081fe18
ab05fe36
a589fe53
a011fe6f
9a95fe8a
9519fea4
8f9dfebd
8a21fed6
84a5feed
7f29ff03
79adff19
742dff2d
6eb1ff40
6935ff53
63b5ff65
5e39ff75
58b9ff85
533dff94
4dbdffa2
483dffae
42c1ffba
3d41ffc5
37c1ffcf
3245ffd9
2cc5ffe1
2745ffe8
21c5ffee
1c45fff4
16c9fff8
1149fffb
bc9fffe
649ffff
c9ffff
ffb49ffff
ff5cdfffe
ff04dfffc
feacdfff9
fe54dfff5
fdfcdfff0
fda4dffea
fd4d1ffe3
fcf51ffdb
fc9d1ffd2
fc451ffc8
fbed5ffbe
fb955ffb2
fb3d5ffa5
fae59ff98
fa8d9ff89
fa35dff7a
f9dddff69
f9861ff58
f92e1ff46
f8d65ff33
f87e9ff1e
f826dff09
f7cedfef3
f7771fedc
f71f5fec4
f6c79feab
f66fdfe92
f6185fe77
f5c09fe5b
f568dfe3f
f5111fe21
f4b99fe02
f461dfde3
f40a5fdc3
f3b2dfda1
f35b5fd7f
f303dfd5c
f2ac5fd38
f254dfd12
f1fd5fcec
f1a5dfcc5
f14e9fc9e
f0f71fc75
f09fdfc4b
f0489fc20
eff11fbf4
ef99dfbc8
ef429fb9a
eeeb9fb6c
ee945fb3c
ee3d5fb0c
ede61fadb
ed8f1faa9
ed381fa75
ece11fa41
ec8a1fa0c
ec331f9d6
ebdc5f99f
eb855f968
eb2e9f92f
ead7df8f5
ea811f8ba
ea2a5f87f
e9d3df842
e97d1f805
e9269f7c7
e8d01f787
e8799f747
e8231f706
e7cc9f6c4
e7765f681
e7201f63d
e6c9df5f8
e6739f5b2
e61d5f56c
e5c75f524
e5711f4dc
e51b1f492
e4c51f448
e46f5f3fc
e4195f3b0
e3c39f363
e36ddf315
e3181f2c6
e2c25f276
e26cdf225
e2175f1d3
e1c1df181
e16c5f12d
e116df0d9
e0c19f083
e06c5f02d
e0171efd6
dfc1def7d
df6cdef24
df17deeca
dec2dee6f
de6ddee14
de191edb7
ddc45ed59
dd6f9ecfb
dd1adec9b
dcc65ec3b
dc719ebda
dc1d5eb77
dbc8deb14
db749eab0
db205ea4b
dacc1e9e5
da77de97f
da23de917
d9cfde8af
d97bde845
d9281e7db
d8d45e770
d8809e704
d82cde696
d7d95e629
d785de5ba
d7329e54a
d6df1e4d9
d68bde468
d6389e3f6
d5e59e382
d5929e30e
d53f9e299
d4ecde223
d499de1ac
d4471e134
d3f49e0bc
d3a21e042
d34f9dfc8
d2fd1df4d
d2aadded0
d2589de53
d2069ddd5
d1b45dd57
d1629dcd7
d1109dc56
d0beddbd5
d06d1db52
d01b9dacf
cfc9dda4b
cf789d9c6
cf271d940
ced5dd8ba
ce84dd832
ce339d7aa
cde29d720
cd91dd696
cd40dd60b
ccf05d57f
cc9f9d4f2
cc4f1d465
cbfe9d3d6
cbae5d347
cb5e1d2b6
cb0e1d225
cabddd193
ca6e1d101
ca1e1d06d
c9ce5cfd8
c97edcf43
c92f5cead
c8dfdce16
c8909cd7e
c8415cce5
c7f21cc4b
c7a31cbb1
c7541cb15
c7055ca79
c6b69c9dc
c6681c93e
c6199c89f
c5cb1c800
c57cdc75f
c52e9c6be
c4e09c61c
c4929c579
c444dc4d5
c3f71c431
c3a95c38b
c35bdc2e5
c30e5c23e
c2c11c196
c273dc0ed
c226dc043
c1d9dbf99
c18d1beee
c1405be42
c0f3dbd95
c0a75bce7
c05adbc39
c00e9bb89
bfc25bad9
bf765ba28
bf2a9b976
bededb8c4
be931b810
be479b75c
bdfc1b6a7
bdb0db5f1
bd659b53a
bd1a9b483
bccf9b3ca
bc84db311
bc3a1b257
bbef9b19d
bba51b0e1
bb5adb025
bb109af68
bac69aeaa
ba7c9adeb
ba32dad2c
b9e91ac6c
b99f9abaa
b9565aae9
b90d1aa26
b8c3da963
b87ada89e
b831da7d9
b7e91a714
b7a09a64d
b7581a586
b70f9a4be
b6c79a3f5
b67f5a32b
b6375a261
b5ef9a195
b5a81a0c9
b56059ffd
b51919f2f
b4d1d9e61
b48a99d92
b44399cc2
b3fcd9bf1
b3b619b20
b36f99a4e
b3291997b
b2e2d98a8
b29cd97d3
b256d96fe
b210d9628
b1cb19552
b1859947a
b140193a2
b0fad92c9
b0b5d91f0
b070d9115
b02bd903a
afe758f5e
afa2d8e82
af5e58da5
af1a18cc7
aed618be8
ae9218b08
ae4e58a28
ae0a98947
adc718866
ad83d8783
ad40986a0
acfd985bc
acba984d8
ac77d83f3
ac355830d
abf2d8226
abb09813e
ab6e98056
ab2c97f6e
aaead7e84
aaa917d9a
aa67d7caf
aa2657bc3
a9e557ad7
a9a4579ea
a963578fc
a9229780e
a8e21771e
a8a1d762f
a8619753e
a8219744d
a7e19735b
a7a1d7268
a76257175
a72317081
a6e3d6f8d
a6a496e97
a665d6da1
a62716cab
a5e896bb3
a5aa16abb
a56bd69c3
a52dd68c9
a4efd67cf
a4b2166d5
a474965d9
a437164de
a3f9d63e1
a3bcd62e4
a380161e6
a343560e7
a306d5fe8
a2ca55ee8
a28e15de7
a25215ce6
a21655be4
a1da95ae2
a19f159df
a163d58db
a128957d7
a0ed956d2
a0b2d55cc
a078154c6
a03d953bf
a003552b7
9fc9551af
9f8f550a6
9f5594f9d
9f1c14e93
9ee294d88
9ea994c7d
9e7054b71
9e3794a64
9dfed4957
9dc65484a
9d8e1473b
9d561462c
9d1e1451d
9ce65440d
9cae942fc
9c77541eb
9c40140d9
9c0913fc6
9bd213eb3
9b9b93da0
9b6513c8b
9b2ed3b76
9af893a61
9ac2d394b
9a8d13834
9a575371d
9a2213606
99ecd34ed
99b7d33d4
9983132bb
994e931a1
991a13086
98e5d2f6b
98b1d2e4f
987e12d33
984a52c16
9816d2af9
97e3929db
97b0928bd
977d9279e
974b1267e
97189255e
96e61243d
96b41231c
9682121fa
9650520d8
961ed1fb5
95ed91e92
95bc51d6e
958b91c4a
955ad1b25
952a51a00
94f9d18da
94c9d17b3
9499d168c
946a11565
943a5143d
940b11314
93dbd11eb
93ad110c2
937e10f98
934f90e6d
932150d42
92f310c17
92c510aeb
9297509be
9269d0891
923c90764
920f50636
91e250507
91b5903d8
9189102a9
915cd0179
913090049
9104cff18
90d90fde6
90ad8fcb5
90820fb82
90570fa50
902c0f91c
90014f7e9
8fd70f6b5
8fac8f580
8f828f44b
8f58cf316
8f2f0f1e0
8f058f0aa
8edc4ef73
8eb34ee3c
8e8a8ed04
8e61cebcc
8e398ea93
8e114e95a
8de94e821
8dc18e6e7
8d9a0e5ad
8d728e472
8d4b8e337
8d248e1fb
8cfdce0bf
8cd74df83
8cb10de46
8c8acdd09
8c650dbcc
8c3f4da8e
8c1a0d94f
8bf4cd810
8bcfcd6d1
8baacd592
8b864d452
8b620d311
8b3dcd1d1
8b19cd08f
8af60cf4e
8ad28ce0c
8aaf4ccca
8a8c4cb87
8a694ca44
8a46cc900
8a244c7bd
8a020c679
89e00c534
89be4c3ef
899ccc2aa
897b8c164
895a4c01e
89398bed8
8918cbd91
88f84bc4a
88d80bb03
88b80b9bb
88984b873
8878cb72b
88594b5e2
883a4b499
881b4b34f
87fc8b206
87de0b0bc
87bfcaf71
87a1cae27
87840acdb
87664ab90
87490aa44
872bca8f8
870f0a7ac
86f24a660
86d5ca513
86b98a3c5
869d8a278
8681ca12a
866649fdc
864ac9e8e
862fc9d3f
8614c9bf0
85fa09aa1
85df89951
85c589801
85ab896b1
859189561
857809410
855ec92bf
8545c916e
852cc901c
851408eca
84fbc8d78
84e388c26
84cb88ad4
84b3c8981
849c4882e
8485086da
846e08587
845748433
8440882df
842a4818b
841408036
83fe07ee1
83e887d8c
83d307c37
83bdc7ae2
83a8c798c
839407836
837f876e0
836b4758a
835707433
8343472dc
832f87185
831c4702e
830906ed7
82f606d7f
82e386c27
82d106acf
82bec6977
82acc681f
829b066c6
82898656d
827806414
8267062bb
825646162
824586008
823545eae
822505d55
821505bfb
820585aa0
81f605946
81e6c57eb
81d7c5691
81c905536
81ba853db
81ac45280
819e05124
819044fc9
8182c4e6d
817544d11
816844bb5
815b44a59
814ec48fd
8142447a1
813604644
812a044e8
811e8438b
81130422e
8107c40d1
80fc83f74
80f1c3e17
80e743cba
80dd03b5c
80d3039ff
80c9038a1
80bf83743
80b6035e5
80ad03487
80a403329
809b431cb
80930306d
808ac2f0f
8082c2db0
807b02c52
807382af3
806c42995
806542836
805e826d7
8057c2578
805182419
804b822ba
80458215b
804001ffc
803a81e9d
803581d3d
803081bde
802c01a7f
80278191f
8023417c0
801f41660
801b81501
8018013a1
8014c1242
8011c10e2
800f00f82
800c80e23
800a40cc3
800800b63
800640a03
8004c08a4
800340744
8002405e4
800140484
800080324
8000401c4
800040065
80007ff05
80007fda5
8000ffc45
8001ffae5
8002bf985
8003ff825
80057f6c6
80073f566
80093f406
800b7f2a6
800dbf147
80107efe7
80133ee87
80167ed28
8019bebc8
801d7ea68
80213e909
80253e7a9
80297e64a
802e3e4eb
8032fe38b
8037fe22c
803d3e0cd
8042bdf6e
80483de0e
804e3dcaf
80547db50
805afd9f1
80617d893
80687d734
806f7d5d5
8076fd477
807e7d318
80863d1ba
808e7d05b
8096bcefd
809f3cd9f
80a7fcc41
80b0fcae3
80ba3c985
80c3bc827
80cd7c6c9
80d77c56c
80e17c40e
80ebfc2b1
80f6bc153
81017bff6
810cbbe99
8117fbd3c
8123bbbdf
812f7ba83
813b7b926
8147bb7ca
81543b66e
8160fb511
816dfb3b5
817b3b25a
8188bb0fe
81967afa2
81a43ae47
81b27acec
81c0fab91
81cf7aa36
81de7a8db
81ed7a780
81fcba626
820c3a4cb
821c3a371
822c3a217
823c7a0bd
824cf9f64
825d79e0a
826e79cb1
827fb9b58
8291399ff
82a2b98a6
82b4b974e
82c6b95f5
82d8f949d
82ebb9345
82fe791ee
831179096
8324b8f3f
833838de8
834bf8c91
835ff8b3a
8373f89e4
83887888d
839cf8737
83b1f85e2
83c6f848c
83dc78337
83f1f81e1
8407b808d
841db7f38
8433f7de3
844a77c8f
846137b3b
8477f79e8
848f37894
84a677741
84be375ee
84d5f749b
84edf7349
8506771f7
851ef70a5
8537b6f53
855076e02
8569b6cb1
858336b60
859cf6a0f
85b6b68bf
85d0b676f
85eb3661f
8605b64d0
862076381
863b76232
8656b60e3
867235f95
868db5e47
86a9b5cf9
86c5b5bac
86e235a5f
86feb5912
871b757c5
873875679
8755b552d
8773353e2
8790f5297
87aeb514c
87ccf5001
87eb34eb7
8809f4d6d
8828b4c23
8847b4ada
8866f4991
888674849
88a5f4700
88c5f45b8
88e5f4471
89067432a
8926f41e3
8947b409c
8968b3f56
8989f3e10
89ab33ccb
89ccf3b86
89eef3a41
8a10f38fd
8a33337b9
8a55b3675
8a7873532
8a9b733ef
8abeb32ac
8ae1f316a
8b0573028
8b2972ee7
8b4d72da6
8b71b2c65
8b9632b25
8bbab29e5
8bdfb28a6
8c04b2767
8c2a32628
8c4fb24ea
8c75723ac
8c9b7226f
8cc172132
8ce7f1ff5
8d0e71eb9
8d3571d7d
8d5c71c42
8d83b1b07
8daaf19cd
8dd2b1892
8dfa71759
8e22b1620
8e4af14e7
8e73713ae
8e9c31277
8ec4f113f
8eee31008
8f1770ed1
8f40f0d9b
8f6ab0c66
8f94b0b30
8fbef09fc
8fe9308c7
9013f0793
903eb0660
9069b052d
9094b03fa
90c0302c8
90ebb0197
9117b0066
9143aff35
916fefe05
919c2fcd5
91c8efba6
91f5afa77
9222af949
924fef81b
927d6f6ee
92ab2f5c1
92d8ef495
9306ef369
93352f23e
9363af113
93926efe9
93c12eebf
93f02ed95
941f6ec6d
944eeeb44
947e6ea1d
94ae6e8f5
94de6e7cf
950eae6a8
953f2e583
956fae45d
95a06e339
95d1ae215
9602ae0f1
96342dfce
9665edeab
9697add89
96c9adc68
96fbedb47
972e2da26
9760ad907
9793ad7e7
97c66d6c8
97f9ad5aa
982ced48d
9860ad36f
98946d253
98c82d137
98fc6d01b
9930acf01
99652cde6
9999ecccc
99ceacbb3
9a03aca9b
9a38ec982
9a6e6c86b
9aa42c754
9ad9ec63e
9b0fec528
9b462c413
9b7c6c2fe
9bb2ec1ea
9be9ac0d7
9c20abfc4
9c57abeb2
9c8f2bda0
9cc6abc8f
9cfe2bb7f
9d362ba6f
9d6e2b95f
9da66b851
9ddeab743
9e172b635
9e4feb528
9e88eb41c
9ec22b311
9efb6b206
9f34eb0fb
9f6e6aff1
9fa82aee8
9fe22ade0
a01c6acd8
a056eabd1
a0916aaca
a0cc2a9c4
a106ea8bf
a141ea7ba
a17d2a6b6
a1b8aa5b2
a1f42a4af
a22fea3ad
a26bea2ac
a2a7ea1ab
a2e46a0aa
a320a9fab
a35d69eac
a39a29dad
a3d729cb0
a41429bb3
a451a9ab6
a48ee99bb
a4cca98c0
a50a697c5
a548696cc
a586a95d3
a5c4e94da
a603693e2
a641e92eb
a680e91f5
a6bfa90ff
a6fee900a
a73e28f16
a77da8e22
a7bd68d2f
a7fd28c3d
a83d28b4c
a87d28a5b
a8bd6896a
a8fde887b
a93e6878c
a97f2869e
a9c0285b1
aa01284c4
aa42683d8
aa83e82ec
aac568202
ab0728118
ab48e802f
ab8ae7f46
abcd27e5e
ac0f67d77
ac51e7c91
ac94a7bab
acd767ac6
ad1a679e2
ad5d678fe
ada0a781c
ade42773a
ae27a7658
ae6b67578
aeaf27498
aef3273b9
af37672da
af7ba71fc
afc02711f
b004a7043
b04966f68
b08e66e8d
b0d366db3
b118a6cda
b15de6c01
b1a366b29
b1e926a52
b22ee697c
b274a68a7
b2bae67d2
b300e66fe
b3476662a
b38de6558
b3d466486
b41b263b5
b462262e5
b4a926215
b4f066147
b537a6079
b57f25fac
b5c6a5edf
b60e65e13
b65665d49
b69e65c7e
b6e665bb5
b72ea5aed
b77725a25
b7bfa595e
b80865898
b851257d2
b89a2570d
b8e32564a
b92c65587
b975a54c4
b9bf25403
ba08e5342
ba52a5282
ba9c651c3
bae665105
bb3065047
bb7aa4f8a
bbc524ece
bc0fa4e13
bc5a24d59
bca4e4c9f
bcefe4be6
bd3ae4b2f
bd85e4a77
bdd1249c1
be1c6490c
be67e4857
beb3a47a3
beff246f0
bf4b2463e
bf972458c
bfe3244db
c02f6442c
c07ba437d
c0c8242ce
c114a4221
c16164174
c1ae240c9
c1fae401e
c247e3f74
c29523eca
c2e263e22
c32fa3d7a
c37d23cd4
c3caa3c2e
c41863b89
c46623ae4
c4b423a41
c5022399e
c550238fd
c59e6385c
c5eca37bc
c63b2371d
c689a367e
c6d8635e1
c72723544
c775e34a8
c7c4e340d
c81423373
c863232da
c8b263241
c901e31aa
c95163113
c9a0e307d
c9f0a2fe8
ca4062f54
ca9062ec0
cae062e2e
cb3062d9c
cb80a2d0c
cbd0e2c7c
cc2122bed
cc71a2b5f
ccc222ad1
cd12e2a45
cd63a29b9
cdb46292f
ce05628a5
ce566281c
cea7a2794
cef8a270d
cf4a22686
cf9b62601
cfece257c
d03e624f8
d09022476
d0e1e23f4
d133a2373
d185a22f2
d1d7a2273
d229a21f5
d27be2177
d2ce220fa
d3206207f
d372e2004
d3c561f8a
d41821f10
d46aa1e98
d4bd61e21
d51061daa
d56321d35
d5b621cc0
d60921c4c
d65c61bd9
d6afa1b67
d702e1af6
d75621a86
d7a9a1a17
d7fd219a8
d850e193b
d8a4618ce
d8f821862
d94c217f7
d99fe178e
d9f3e1724
da47e16bc
da9be1655
daf0215ef
db4461589
db98a1525
dbed214c1
dc416145e
dc95e13fd
dceaa139c
dd3f2133c
dd93e12dd
dde8a127f
de3d61221
de92611c5
dee72116a
df3c2110f
df91610b5
dfe66105d
e03ba1005
e090e0fae
e0e620f58
e13ba0f03
e190e0eaf
e1e660e5c
e23be0e09
e29160db8
e2e720d68
e33ce0d18
e392a0cc9
e3e860c7c
e43e20c2f
e49420be3
e4ea20b98
e54020b4e
e59620b05
e5ec20abd
e64260a76
e698a0a30
e6eee09ea
e745209a6
e79b60962
e7f1a0920
e848208de
e89ea089d
e8f52085d
e94ba081f
e9a2607e1
e9f8e07a4
ea4fa0767
eaa66072c
eafd206f2
eb53e06b9
ebaaa0680
ec01a0649
ec5860613
ecaf605dd
ed06605a8
ed5d60575
edb460542
ee0b60510
ee62a04df
eeb9a04af
ef10e0480
ef6820452
efbf60425
f016a03f9
f06de03cd
f0c5203a3
f11ca037a
f173e0351
f1cb6032a
f222e0303
f27a602de
f2d1e02b9
f32960295
f380e0272
f3d860250
f42fe022f
f487a020f
f4df201f0
f536e01d2
f58e601b5
f5e620199
f63de017e
f695a0163
f6ed6014a
f74520131
f79ce011a
f7f4a0103
f84c600ee
f8a4200d9
f8fc200c5
f953e00b2
f9aba00a0
fa03a008f
fa5b6007f
fab360070
fb0b20062
fb6320055
fbbb20049
fc12e003e
fc6ae0033
fcc2e002a
fd1ae0022
fd72a001a
fdcaa0014
fe22a000e
fe7aa0009
fed2a0006
ff2a60003
ff8260001
ffda60001
3260001
8a60001
e260003
13a60006
1922000a
1ea2000f
24220014
29a2001b
2f220023
349e002b
3a1e0035
3f9e003f
451e004b
4a9a0057
501a0064
55960072
5b160082
60920092
661200a3
6b8e00b5
710e00c8
768a00dc
7c0600f1
81820106
86fe011d
8c7a0135
91f6014d
97720167
9cee0181
a26a019d
a7e601b9
ad5e01d6
b2da01f5
b8520214
bdce0234
c3460255
c8be0277
ce36029a
d3ae02be
d92602e3
de9e0309
e416032f
e98e0357
ef020380
f47603a9
f9ee03d4
ff6203ff
104d6042b
10a4a0459
10fbe0487
1152e04b6
11aa204e6
120120517
125860549
12af6057c
1306605b0
135d605e5
13b42061a
140b20651
1461e0688
14b8e06c1
150fa06fa
156660735
15bd20770
1613a07ac
166a607e9
16c0e0827
171760866
176de08a6
17c4608e7
181ae0929
18712096c
18c7a09af
191de09f4
197420a3a
19ca20a80
1a2060ac7
1a7660b10
1acc60b59
1b2260ba3
1b7860bee
1bce60c3a
1c2420c87
1c79e0cd5
1ccfa0d23
1d2560d73
1d7ae0dc4
1dd0a0e15
1e2620e68
1e7ba0ebb
1ed0e0f0f
1f2660f64
1f7ba0fba
1fd0e1011
2025e1069
207b210c2
20d02111c
212521177
217a211d2
21cee122f
2223e128c
2278a12ea
22cd21349
2321e13aa
23766140b
23cae146d
241f614cf
2473a1533
24c7e1598
251c215fd
257061664
25c4616cb
261861733
266c6179d
26c021807
271421872
2767a18de
27bb6194a
280ee19b8
286261a27
28b5e1a96
290961b06
295ca1b78
29afe1bea
2a02e1c5d
2a55e1cd1
2aa8e1d46
2afbe1dbb
2b4ea1e32
2ba161ea9
2bf421f22
2c46a1f9b
2c9922015
2ceba2090
2d3de210c
2d9022189
2de262207
2e3462285
2e8662305
2ed822385
2f2a22406
2f7be2488
2fcd6250b
301ee258f
307062614
30c1e2699
311322720
3164627a7
31b56282f
3206628b8
325762942
32a8229cd
32f8e2a59
3349a2ae5
339a22b73
33eaa2c01
343ae2c90
348b22d20
34db62db1
352b62e43
357b62ed5
35cb22f69
361b22ffd
366aa3092
36ba63128
3709a31bf
375923257
37a8632ef
37f7a3389
3846a3423
3895a34be
38e46355a
3933235f7
3981e3695
39d063733
3a1ea37d3
3a6d23873
3abb63914
3b09639b6
3b5763a58
3ba523afc
3bf323ba0
3c40a3c45
3c8e23cec
3cdba3d92
3d2923e3a
3d7623ee3
3dc363f8c
3e1064036
3e5d240e1
3ea9e418d
3ef6a423a
3f43242e7
3f8fa4396
3fdbe4445
4028244f5
4074245a5
40c024657
410be4709
4157a47bd
41a324871
41eea4925
4239e49db
428524a91
42d024b49
431b24c01
436624cba
43b0a4d73
43fb64e2e
4445e4ee9
449024fa5
44da65062
452465120
456e651de
45b86529d
4601e535d
464ba541e
4694e54e0
46de655a2
472765666
4770a572a
47b9657ee
4802658b4
484ae597a
489365a41
48dbe5b09
492425bd2
496c25c9b
49b425d66
49fc25e31
4a43e5efc
4a8b65fc9
4ad2e6096
4b1a26164
4b6166233
4ba866303
4bef263d3
4c35e64a4
4c7ca6576
4cc2e6649
4d096671c
4d4f667f0
4d95a68c5
4ddb6699b
4e2126a71
4e66e6b48
4eac26c20
4ef1a6cf9
4f36a6dd2
4f7ba6eac
4fc0a6f87
500567063
5049e713f
508e6721c
50d2a72fa
5116e73d8
515ae74b8
519ea7598
51e267678
5225e775a
52692783c
52ac6791f
52efa7a03
533267ae7
537527bcc
53b7e7cb2
53fa67d98
543ca7e7f
547ee7f67
54c0a8050
5502a8139
554468223
5585e830e
55c7283f9
5608684e6
5649685d2
568a686c0
56cb287ae
570ba889d
574c2898d
578c68a7d
57cc68b6e
580c68c60
584c28d52
588ba8e45
58cb28f39
590a6902d
5949a9122
598869218
59c72930f
5a05e9406
5a44694fe
0
