7fffc0000
7fffc0000
1ffff
7fffc0000
5a8296a0a
7fffc0000
a57d96a0a
7fffc0000
7641cc3ef
7fffc0000
cf045d907
7fffc0000
30fbdd907
7fffc0000
89be4c3ef
7fffc0000
7d8a463e3
7641cc3ef
6a6d91c74
5a8296a0a
471d1a9b6
30fbdd907
18f8df629
1ffff
e7075f629
cf045d907
b8e31a9b6
a57d96a0a
959291c74
89be4c3ef
8275c63e3
7fffc0000
7f624322f
7d8a463e3
7a7d094a0
7641cc3ef
70e2cf15b
6a6d91c74
62f2144cf
5a8296a0a
5133d8bc8
471d1a9b6
3c56dc38b
30fbdd907
25281e9f4
18f8df629
c8bdfd89
7fffc0000
7a7d094a0
6a6d91c74
5133d8bc8
30fbdd907
c8bdfd89
e7075f629
c3a95c38b
a57d96a0a
8f1d4f15b
8275c63e3
809dfcdd1
89be73c11
9d0e2bb31
b8e32564a
dad82160c
7fffc0000
7fd88191f
7f624322f
7e9d44b20
7d8a463e3
7c2a07c68
7a7d094a0
78848ac7d
7641cc3ef
73b60dae9
70e2cf15b
6dca10738
6a6d91c74
66cf930ff
62f2144cf
5ed7957d7
7fffc0000
7c2a07c68
70e2cf15b
5ed7957d7
471d1a9b6
2b1f5e212
c8bdfd89
ed381fa75
cf045d907
b3c059b3e
9d0e144cf
8c4a0dae9
8275c63e3
8027be6e1
858336b60
92362f8c8
7fffc0000
7e9d44b20
7a7d094a0
73b60dae9
6a6d91c74
5ed7957d7
5133d8bc8
41ce1b728
30fbdd907
1f1a1f0a8
c8bdfd89
f9b85ff62
e7075f629
d4e0de212
c3a95c38b
b3c059b3e
7fffc0000
78848ac7d
62f2144cf
41ce1b728
18f8df629
ed381fa75
c3a95c38b
a128957d7
89be4c3ef
80278191f
858336b60
9930acf01
b8e32564a
e0e620f58
c8be0277
36ba63128
7fffc0000
7ff640c91
7fd88191f
7fa7425aa
7f624322f
7f0983ead
7e9d44b20
7e1d85788
7d8a463e3
7ce3c702e
7c2a07c68
7b5d0888f
7a7d094a0
798a4a09b
78848ac7d
776c4b844
7641cc3ef
7504ccf7c
73b60dae9
72554e633
70e2cf15b
6f5f0fc5d
6dca10738
6c24511eb
6a6d91c74
68a6926d0
66cf930ff
64e893b00
62f2144cf
60ec54e6d
5ed7957d7
5cb45610b
5a8296a0a
5842d72d1
55f5d7b5e
539b583b1
5133d8bc8
4ec0193a2
4c3fd9b3e
49b41a29a
471d1a9b6
447adb091
41ce1b728
3f175bd7c
3c56dc38b
398cdc955
36ba5ced8
33df1d413
30fbdd907
2e111ddb1
2b1f5e212
2826de629
25281e9f4
2223ded74
1f1a1f0a8
1c0b9f38f
18f8df629
15e21f876
12c81fa75
fab5fc26
c8bdfd89
96a9fe9d
647dff62
3245ffd9
1ffff
fcdbdffd9
f9b85ff62
f6959fe9d
f3745fd89
f054dfc26
ed381fa75
ea1e1f876
e7075f629
e3f49f38f
e0e61f0a8
dddc5ed74
dad81e9f4
d7d95e629
d4e0de212
d1ef1ddb1
cf045d907
cc211d413
c945dced8
c6735c955
c3a95c38b
c0e8dbd7c
be321b728
bb855b091
b8e31a9b6
b64c1a29a
b3c059b3e
b140193a2
aecc58bc8
ac64d83b1
aa0a57b5e
a7bd572d1
a57d96a0a
a34bd610b
a128957d7
9f13d4e6d
9d0e144cf
9b1793b00
9930930ff
9759926d0
959291c74
93dbd11eb
923610738
90a10fc5d
8f1d4f15b
8daace633
8c4a0dae9
8afb4cf7c
89be4c3ef
8893cb844
877b8ac7d
8675ca09b
8583094a0
84a30888f
83d607c68
831c4702e
8275c63e3
81e285788
8162c4b20
80f683ead
809dc322f
8058c25aa
80278191f
8009c0c91
7fffc0000
7ffd80648
7ff640c91
7fe9c12d8
7fd88191f
7fc241f65
7fa7425aa
7f8742bee
7f624322f
7f384386f
7f0983ead
7ed6044e8
7e9d44b20
7e6005156
7e1d85788
7dd685db7
7d8a463e3
7d3986a0b
7ce3c702e
7c894764d
7c2a07c68
7bc60827e
7b5d0888f
7aef88e9a
7a7d094a0
7a0609aa1
798a4a09b
7909ca68f
78848ac7d
77facb264
776c4b844
76d94be1d
7641cc3ef
75a58c9b9
7504ccf7c
745f8d536
73b60dae9
7307ce092
72554e633
719e4ebcc
70e2cf15b
70230f6e1
6f5f0fc5d
6e96d01d0
6dca10738
6cf950c97
6c24511eb
6b4b11735
6a6d91c74
698c521a8
68a6926d0
67bd12bee
66cf930ff
65de13606
64e893b00
63ef53fee
62f2144cf
61f1149a4
60ec54e6d
5fe3d5328
5ed7957d7
5dc795c78
5cb45610b
5b9d16592
5a8296a0a
596496e74
5842d72d1
571e1771e
55f5d7b5e
54ca17f8f
539b583b1
5269187c4
5133d8bc8
4ffb98fbd
4ec0193a2
4d8199778
4c3fd9b3e
4afb99ef4
49b41a29a
486a1a631
471d1a9b6
45cd5ad2c
447adb091
4325db3e5
41ce1b728
40741ba5b
3f175bd7c
3db85c08c
3c56dc38b
3af31c679
398cdc955
38249cc1f
36ba5ced8
354d9d17e
33df1d413
326e5d696
30fbdd907
2f875db65
2e111ddb1
2c991dfeb
2b1f5e212
29a3de427
2826de629
26a85e818
25281e9f4
23a69ebbe
2223ded74
209f9ef18
1f1a1f0a8
1d935f225
1c0b9f38f
1a82df4e6
18f8df629
176ddf75a
15e21f876
14559f980
12c81fa75
113a1fb58
fab5fc26
e1bdfce1
c8bdfd89
afb9fe1d
96a9fe9d
7d95ff09
647dff62
4b61ffa7
3245ffd9
1921fff6
7fffc0000
7fe9c12d8
7fa7425aa
7f384386f
7e9d44b20
7dd685db7
7ce3c702e
7bc60827e
7a7d094a0
7909ca68f
776c4b844
75a58c9b9
73b60dae9
719e4ebcc
6f5f0fc5d
6cf950c97
6a6d91c74
67bd12bee
64e893b00
61f1149a4
5ed7957d7
5b9d16592
5842d72d1
54ca17f8f
5133d8bc8
4d8199778
49b41a29a
45cd5ad2c
41ce1b728
3db85c08c
398cdc955
354d9d17e
30fbdd907
2c991dfeb
2826de629
23a69ebbe
1f1a1f0a8
1a82df4e6
15e21f876
113a1fb58
c8bdfd89
7d95ff09
3245ffd9
fe6e1fff6
f9b85ff62
f5049fe1d
f054dfc26
ebaa9f980
e7075f629
e26cdf225
dddc5ed74
d957de818
d4e0de212
d078ddb65
cc211d413
c7db9cc1f
c3a95c38b
bf8c1ba5b
bb855b091
b7961a631
b3c059b3e
b00498fbd
ac64d83b1
a8e21771e
a57d96a0a
a23895c78
9f13d4e6d
9c10d3fee
9930930ff
9673d21a8
93dbd11eb
9169501d0
8f1d4f15b
8cf84e092
8afb4cf7c
8926cbe1d
877b8ac7d
85fa09aa1
84a30888f
8376c764d
8275c63e3
81a005156
80f683ead
8078c2bee
80278191f
800280648
8009ff36f
803dfe09b
809dfcdd1
812a3bb18
81e2ba878
82c6b95f5
83d638398
8510b7166
8675f5f65
880574d9c
89be73c11
8ba0b2aca
8daaf19cd
8fdd3091f
92362f8c8
94b52e8cb
9759ad930
9a222c9fa
9d0e2bb31
a01c6acd8
a34be9ef5
a69ba918c
aa0a684a2
ad972783c
b14026c5e
b504a610c
b8e32564a
bcda64c1b
c0e8e4284
c50d23987
c945e3128
cd91e296a
d1ef2224f
d65c61bd9
dad82160c
df60a10e8
e3f4a0c71
e892608a6
ed382058b
f1e46031f
f695a0163
fb4a20059
7fffc0000
7fff80324
7ffd80648
7ffa8096d
7ff640c91
7ff080fb5
7fe9c12d8
7fe1c15fc
7fd88191f
7fce01c43
7fc241f65
7fb582288
7fa7425aa
7f97c28cc
7f8742bee
7f7542f0f
7f624322f
7f4e0354f
7f384386f
7f2183b8e
7f0983ead
7ef0441cb
7ed6044e8
7eba44804
7e9d44b20
7e7f44e3b
7e6005156
7e3f4546f
7e1d85788
7dfa85aa0
7dd685db7
7db1060ce
7d8a463e3
7d62866f7
7d3986a0b
7d0f46d1d
7ce3c702e
7cb74733e
7c894764d
7c5a4795b
7c2a07c68
7bf887f73
7bc60827e
7b9208587
7b5d0888f
7b26c8b95
7aef88e9a
7ab6c919e
7a7d094a0
7a42097a1
7a0609aa1
79c889d9e
798a4a09b
794a8a396
7909ca68f
78c7ca987
78848ac7d
78404af71
77facb264
77b40b555
776c4b844
77234bb32
76d94be1d
768e0c107
7641cc3ef
75f44c6d5
75a58c9b9
7555ccc9c
7504ccf7c
74b2cd25a
745f8d536
740b4d810
73b60dae9
735f8ddbe
7307ce092
72af0e364
72554e633
71fa4e901
719e4ebcc
71410ee94
70e2cf15b
70838f41f
70230f6e1
6fc18f9a0
6f5f0fc5d
6efb4ff18
6e96d01d0
6e3110485
6dca10738
6d62509e9
6cf950c97
6c8f50f42
6c24511eb
6bb811491
6b4b11735
6adcd19d6
6a6d91c74
69fd91f0f
698c521a8
691a1243d
68a6926d0
683252960
67bd12bee
6746d2e78
66cf930ff
665753384
65de13606
6563d3884
64e893b00
646c53d78
63ef53fee
637114260
62f2144cf
62721473b
61f1149a4
616f14c0a
60ec54e6d
6068950cc
5fe3d5328
5f5e15581
5ed7957d7
5e5015a29
5dc795c78
5d3e55ec3
5cb45610b
5c2916350
5b9d16592
5b10567cf
7fffc0000
7ff080fb5
7fc241f65
7f7542f0f
7f0983ead
7e7f44e3b
7dd685db7
7d0f46d1d
7c2a07c68
7b26c8b95
7a0609aa1
78c7ca987
776c4b844
75f44c6d5
745f8d536
72af0e364
70e2cf15b
6efb4ff18
6cf950c97
6adcd19d6
68a6926d0
665753384
63ef53fee
616f14c0a
5ed7957d7
5c2916350
596496e74
568a57940
539b583b1
509818dc4
4d8199778
4a581a0c9
471d1a9b6
43d09b23d
40741ba5b
3d07dc20e
398cdc955
36041d02d
326e5d696
2ecc9dc8d
2b1f5e212
27679e722
23a69ebbe
1fdcdefe2
1c0b9f38f
18339f6c4
14559f980
1072dfbc1
c8bdfd89
8a21fed6
4b61ffa7
c91fffe
fcdbdffd9
f8ef5ff38
f5049fe1d
f11c9fc86
ed381fa75
e9581f7ea
e57d5f4e6
e1a95f169
dddc5ed74
da17de908
d65c5e427
d2aadded0
cf045d907
cb699d2cb
c7db9cc1f
c45b1c504
c0e8dbd7c
bd85db589
ba32dad2c
b6f0da468
b3c059b3e
b0a2191b1
ad97187c4
aa9fd7d78
a7bd572d1
a4efd67cf
a23895c78
9f97950cc
9d0e144cf
9a9c53884
984312bee
960291f0f
93dbd11eb
91cf10485
8fdd0f6e1
8e05ce901
8c4a0dae9
8aaa4cc9c
8926cbe1d
87bfcaf71
8675ca09b
85494919e
843a0827e
8348c733e
8275c63e3
81c0c546f
812a044e8
80b20354f
8058c25aa
801e415fc
800280648
8005bf693
8027be6e1
80687d734
80c7fc791
8145fb7fc
81e2ba878
829db9909
8376f89b3
846e37a79
858336b60
86b5b5c6a
880574d9c
897233ef9
8afb73084
8ca0b2242
8e61f1434
903eb0660
92362f8c8
94482eb6f
9673ede58
98b96d188
9b17ac500
9d8e2b8c5
a01c6acd8
a2c1ea13d
7fffc0000
7ffa8096d
7fe9c12d8
7fce01c43
7fa7425aa
7f7542f0f
7f384386f
7ef0441cb
7e9d44b20
7e3f4546f
7dd685db7
7d62866f7
7ce3c702e
7c5a4795b
7bc60827e
7b26c8b95
7a7d094a0
79c889d9e
7909ca68f
78404af71
776c4b844
768e0c107
75a58c9b9
74b2cd25a
73b60dae9
72af0e364
719e4ebcc
70838f41f
6f5f0fc5d
6e3110485
6cf950c97
6bb811491
6a6d91c74
691a1243d
67bd12bee
665753384
64e893b00
637114260
61f1149a4
6068950cc
5ed7957d7
5d3e55ec3
5b9d16592
59f3d6c41
5842d72d1
568a57940
54ca17f8f
5302985bc
5133d8bc8
4f5e191b1
4d8199778
4b9e19d1b
49b41a29a
47c3da7f6
45cd5ad2c
43d09b23d
41ce1b728
3fc61bbed
3db85c08c
3ba51c504
398cdc955
376f9cd7e
354d9d17e
33271d557
30fbdd907
2ecc9dc8d
2c991dfeb
2a61de31f
2826de629
25e85e908
23a69ebbe
2161dee48
1f1a1f0a8
1ccf9f2dd
1a82df4e6
18339f6c4
15e21f876
138edf9fd
113a1fb58
ee39fc86
c8bdfd89
a331fe5f
7d95ff09
57f1ff87
3245ffd9
c91fffe
fe6e1fff6
fc12dffc2
f9b85ff62
f75e1fed6
f5049fe1d
f2ac5fd38
f054dfc26
edff1fae9
ebaa9f980
e9581f7ea
e7075f629
e4b8df43d
e26cdf225
e0235efe2
dddc5ed74
db989eadb
d957de818
d71a9e52a
d4e0de212
d2aadded0
d078ddb65
ce4add7d1
cc211d413
c9fc1d02d
c7db9cc1f
c5bfdc7e9
c3a95c38b
c1981bf06
bf8c1ba5b
bd85db589
bb855b091
b98a9ab73
b7961a631
b5a81a0c9
b3c059b3e
b1df1958f
b00498fbd
ae31589c8
ac64d83b1
aa9fd7d78
a8e21771e
a72c170a4
7fffc0000
7fe1c15fc
7f8742bee
7ef0441cb
7e1d85788
7d0f46d1d
7bc60827e
7a42097a1
78848ac7d
768e0c107
745f8d536
71fa4e901
6f5f0fc5d
6c8f50f42
698c521a8
665753384
62f2144cf
5f5e15581
5b9d16592
57b0d74f9
539b583b1
4f5e191b1
4afb99ef4
46759ab73
41ce1b728
3d07dc20e
38249cc1f
33271d557
2e111ddb1
28e59e52a
23a69ebbe
1e56df169
18f8df629
138edf9fd
e1bdfce1
8a21fed6
3245ffd9
fda4dffea
f826dff09
f2ac5fd38
ed381fa75
e7cc9f6c4
e26cdf225
dd1adec9b
d7d95e629
d2aadded0
cd91dd696
c8909cd7e
c3a95c38b
bededb8c4
ba32dad2c
b5a81a0c9
b140193a2
acfd985bc
a8e21771e
a4efd67cf
a128957d7
9d8e1473b
9a2213606
96e61243d
93dbd11eb
9104cff18
8e61cebcc
8bf4cd810
89be4c3ef
87bfcaf71
85fa09aa1
846e08587
831c4702e
820585aa0
812a044e8
808ac2f0f
80278191f
800080324
80167ed28
80687d734
80f6bc153
81c0fab91
82c6b95f5
8407b808d
858336b60
873875679
8926f41e3
8b4d72da6
8daaf19cd
903eb0660
9306ef369
9602ae0f1
9930acf01
9c8f2bda0
a01c6acd8
a3d729cb0
a7bd68d2f
abcd27e5e
b004a7043
b462262e5
b8e32564a
bd85e4a77
c247e3f74
c72723544
cc2122bed
d133a2373
d65c61bd9
db98a1525
e0e620f58
e64260a76
ebaaa0680
f11ca037a
f695a0163
fc12e003e
1922000a
710e00c8
c8be0277
120120517
176de08a6
1ccfa0d23
2223e128c
2767a18de
2c9922015
31b56282f
36ba63128
3ba523afc
4074245a5
452465120
49b425d66
4e2126a71
52692783c
568a686c0
7fffc0000
7fffc0192
7fff80324
7ffe804b6
7ffd80648
7ffc407db
7ffa8096d
7ff880aff
7ff640c91
7ff380e23
7ff080fb5
7fed41147
7fe9c12d8
7fe60146a
7fe1c15fc
7fdd4178e
7fd88191f
7fd381ab1
7fce01c43
7fc841dd4
7fc241f65
7fbc020f7
7fb582288
7fae82419
7fa7425aa
7f9fc273b
7f97c28cc
7f8fc2a5d
7f8742bee
7f7e82d7e
7f7542f0f
7f6c0309f
7f624322f
7f58433bf
7f4e0354f
7f43436df
7f384386f
7f2d039ff
7f2183b8e
7f15c3d1d
7f0983ead
7efd0403c
7ef0441cb
7ee344359
7ed6044e8
7ec844676
7eba44804
7eac04992
7e9d44b20
7e8e84cae
7e7f44e3b
7e6fc4fc9
7e6005156
7e4fc52e3
7e3f4546f
7e2e855fc
7e1d85788
7e0c45914
7dfa85aa0
7de8c5c2c
7dd685db7
7dc3c5f43
7db1060ce
7d9dc6258
7d8a463e3
7d768656d
7d62866f7
7d4e46881
7d3986a0b
7d2486b94
7d0f46d1d
7cf9c6ea6
7ce3c702e
7ccdc71b6
7cb74733e
7ca0474c6
7c894764d
7c72077d4
7c5a4795b
7c4247ae2
7c2a07c68
7c1187dee
7bf887f73
7bdf480f9
7bc60827e
7bac08402
7b9208587
7b77c870b
7b5d0888f
7b4208a12
7b26c8b95
7b0b48d18
7aef88e9a
7ad34901c
7ab6c919e
7a9a0931f
7a7d094a0
7a5fc9621
7a42097a1
7a2449921
7a0609aa1
79e789c20
79c889d9e
79a989f1d
798a4a09b
796a8a219
794a8a396
792a4a513
7909ca68f
78e8ca80b
78c7ca987
78a64ab02
78848ac7d
78628adf7
78404af71
781d8b0eb
77facb264
77d78b3dd
77b40b555
77904b6cd
776c4b844
77480b9bb
77234bb32
76fe8bca8
76d94be1d
76b3cbf92
768e0c107
76680c27b
7641cc3ef
761b0c562
75f44c6d5
75cd0c847
75a58c9b9
757dccb2b
7555ccc9c
752d8ce0c
7504ccf7c
74dc0d0eb
74b2cd25a
74894d3c8
745f8d536
74358d6a4
740b4d810
73e0cd97d
73b60dae9
738acdc54
735f8ddbe
7333cdf29
7307ce092
72db8e1fb
72af0e364
72824e4cc
72554e633
7227ce79a
71fa4e901
71cc4ea67
719e4ebcc
716fced30
71410ee94
71120eff8
70e2cf15b
70b34f2bd
70838f41f
70538f580
70230f6e1
6ff28f841
6fc18f9a0
6f908faff
6f5f0fc5d
6f2d4fdbb
6efb4ff18
6ec950074
6e96d01d0
6e641032b
6e3110485
6dfd905df
6dca10738
6d9650891
6d62509e9
6d2dd0b40
6cf950c97
6cc450ded
6c8f50f42
6c59d1097
6c24511eb
6bee5133f
6bb811491
6b81d15e3
6b4b11735
6b1411886
6adcd19d6
6aa551b25
6a6d91c74
6a3591dc2
69fd91f0f
69c51205c
698c521a8
6953522f3
691a1243d
68e092587
68a6926d0
686c92819
683252960
67f7d2aa7
67bd12bee
678212d33
6746d2e78
670b52fbc
66cf930ff
669393242
665753384
661ad34c5
65de13606
65a113745
6563d3884
6526539c2
64e893b00
64aa93c3c
646c53d78
642e13eb3
63ef53fee
63b054127
637114260
6331d4398
62f2144cf
62b214606
62721473b
623194870
61f1149a4
61b054ad8
616f14c0a
612dd4d3c
60ec54e6d
60aa94f9d
6068950cc
6026551fb
5fe3d5328
5fa115455
5f5e15581
5f1b156ac
5ed7957d7
5e93d5900
5e5015a29
5e0c15b51
5dc795c78
5d8315d9e
5d3e55ec3
5cf955fe8
5cb45610b
5c6ed622e
5c2916350
5be356471
5b9d16592
5b56d66b1
5b10567cf
5ac9968ed
5a8296a0a
5a3b56b26
59f3d6c41
59ac56d5b
596496e74
591c56f8d
58d4170a4
588b971bb
5842d72d1
57fa173e5
57b0d74f9
57679760c
571e1771e
56d457830
568a57940
564017a4f
55f5d7b5e
55ab17c6c
556057d78
551557e84
54ca17f8f
547ed8099
5433181a2
53e7582aa
539b583b1
534f184b7
5302985bc
52b6186c1
5269187c4
521c188c6
51ced89c8
518198ac8
5133d8bc8
50e618cc7
509818dc4
5049d8ec1
4ffb98fbd
4facd90b8
4f5e191b1
4f0f192aa
4ec0193a2
4e7099499
4e211958f
4dd159684
4d8199778
4d315986b
4ce11995d
4c9099a4e
4c3fd9b3e
4bef19c2d
4b9e19d1b
4b4cd9e08
4afb99ef4
4aa9d9fdf
4a581a0c9
4a065a1b2
49b41a29a
4961da382
490f5a468
48bcda54d
486a1a631
48171a714
47c3da7f6
47709a8d6
471d1a9b6
46c95aa95
46759ab73
46219ac50
45cd5ad2c
4578dae07
45245aee0
44cfdafb9
447adb091
4425db167
43d09b23d
437b5b311
4325db3e5
42d01b4b7
427a5b589
42245b659
41ce1b728
4177db7f6
41215b8c4
40cadb990
40741ba5b
401d1bb25
3fc61bbed
3f6edbcb5
3f175bd7c
3ebfdbe42
3e681bf06
3e105bfca
3db85c08c
3d601c14e
3d07dc20e
3caf5c2cd
3c56dc38b
3bfe1c448
3ba51c504
3b4c1c5bf
3af31c679
3a99dc731
3a405c7e9
39e69c89f
398cdc955
39331ca09
38d91cabc
387edcb6e
38249cc1f
37ca5cccf
376f9cd7e
37151ce2b
36ba5ced8
365f5cf83
36041d02d
35a91d0d6
354d9d17e
34f21d225
34969d2cb
343add370
33df1d413
33831d4b6
33271d557
32cadd5f7
326e5d696
3211dd734
31b55d7d1
31589d86c
30fbdd907
309edd9a0
3041dda38
2fe49dacf
2f875db65
2f2a1dbfa
2ecc9dc8d
2e6eddd20
2e111ddb1
2db35de41
2d555ded0
2cf75df5e
2c991dfeb
2c3ade076
2bdc5e101
2b7dde18a
2b1f5e212
2ac09e299
2a61de31f
2a02de3a3
29a3de427
2944de4a9
28e59e52a
28865e5aa
2826de629
27c75e6a6
27679e722
27081e79e
26a85e818
26485e891
25e85e908
25885e97f
25281e9f4
24c7dea68
24679eadb
24071eb4d
23a69ebbe
23461ec2d
22e55ec9b
22849ed08
2223ded74
21c2deddf
2161dee48
21009eeb0
209f9ef18
203e5ef7d
1fdcdefe2
1f7b9f046
1f1a1f0a8
1eb89f109
1e56df169
1df51f1c8
1d935f225
1d319f281
1ccf9f2dd
1c6d9f337
1c0b9f38f
1ba99f3e7
1b475f43d
1ae51f492
1a82df4e6
1a205f539
19bddf58a
195b5f5da
18f8df629
18961f677
18339f6c4
17d0df70f
176ddf75a
170b1f7a3
16a81f7ea
16451f831
15e21f876
157f1f8ba
151bdf8fd
14b8df93f
14559f980
13f25f9bf
138edf9fd
132b9fa3a
12c81fa75
12649fab0
12011fae9
119d9fb21
113a1fb58
10d65fb8d
1072dfbc1
100f1fbf4
fab5fc26
f475fc57
ee39fc86
e7fdfcb4
e1bdfce1
db7dfd0d
d53dfd38
cefdfd61
c8bdfd89
c27dfdb0
bc3dfdd5
b5f9fdfa
afb9fe1d
a975fe3f
a331fe5f
9cedfe7f
96a9fe9d
9065feba
8a21fed6
83ddfef0
7d95ff09
7751ff21
710dff38
6ac5ff4e
647dff62
5e39ff75
57f1ff87
51a9ff98
4b61ffa7
451dffb5
3ed5ffc2
388dffce
3245ffd9
2bfdffe2
25b5ffea
1f6dfff1
1921fff6
12d9fffa
c91fffe
649ffff
1ffff
ff9b9ffff
ff371fffe
fed29fffa
fe6e1fff6
fe095fff1
fda4dffea
fd405ffe2
fcdbdffd9
fc775ffce
fc12dffc2
fbae5ffb5
fb4a1ffa7
fae59ff98
fa811ff87
fa1c9ff75
f9b85ff62
f953dff4e
f8ef5ff38
f88b1ff21
f826dff09
f7c25fef0
f75e1fed6
f6f9dfeba
f6959fe9d
f6315fe7f
f5cd1fe5f
f568dfe3f
f5049fe1d
f4a09fdfa
f43c5fdd5
f3d85fdb0
f3745fd89
f3105fd61
f2ac5fd38
f2485fd0d
f1e45fce1
f1805fcb4
f11c9fc86
f0b8dfc57
f054dfc26
eff11fbf4
ef8d5fbc1
ef29dfb8d
eec61fb58
ee629fb21
edff1fae9
ed9b9fab0
ed381fa75
ecd49fa3a
ec715f9fd
ec0ddf9bf
ebaa9f980
eb475f93f
eae45f8fd
ea811f8ba
ea1e1f876
e9bb1f831
e9581f7ea
e8f51f7a3
e8925f75a
e82f5f70f
e7cc9f6c4
e76a1f677
e7075f629
e6a4df5da
e6425f58a
e5dfdf539
e57d5f4e6
e51b1f492
e4b8df43d
e4569f3e7
e3f49f38f
e3929f337
e3309f2dd
e2ce9f281
e26cdf225
e20b1f1c8
e1a95f169
e1479f109
e0e61f0a8
e0849f046
e0235efe2
dfc1def7d
df609ef18
deff9eeb0
de9e5ee48
de3d5eddf
dddc5ed74
dd7b9ed08
dd1adec9b
dcba1ec2d
dc599ebbe
dbf91eb4d
db989eadb
db385ea68
dad81e9f4
da77de97f
da17de908
d9b7de891
d957de818
d8f81e79e
d8989e722
d838de6a6
d7d95e629
d779de5aa
d71a9e52a
d6bb5e4a9
d65c5e427
d5fd5e3a3
d59e5e31f
d53f9e299
d4e0de212
d4825e18a
d423de101
d3c55e076
d3671dfeb
d308ddf5e
d2aadded0
d24cdde41
d1ef1ddb1
d1915dd20
d1339dc8d
d0d61dbfa
d078ddb65
d01b9dacf
cfbe5da38
cf615d9a0
cf045d907
cea79d86c
ce4add7d1
cdee5d734
cd91dd696
cd355d5f7
ccd91d557
cc7d1d4b6
cc211d413
cbc55d370
cb699d2cb
cb0e1d225
cab29d17e
ca571d0d6
c9fc1d02d
c9a0dcf83
c945dced8
c8eb1ce2b
c8909cd7e
c835dcccf
c7db9cc1f
c7815cb6e
c7271cabc
c6cd1ca09
c6735c955
c6199c89f
c5bfdc7e9
c5665c731
c50d1c679
c4b41c5bf
c45b1c504
c4021c448
c3a95c38b
c350dc2cd
c2f85c20e
c2a01c14e
c247dc08c
c1efdbfca
c1981bf06
c1405be42
c0e8dbd7c
c0915bcb5
c03a1bbed
bfe31bb25
bf8c1ba5b
bf355b990
bededb8c4
be885b7f6
be321b728
bddbdb659
bd85db589
bd301b4b7
bcda5b3e5
bc84db311
bc2f9b23d
bbda5b167
bb855b091
bb305afb9
badbdaee0
ba875ae07
ba32dad2c
b9de9ac50
b98a9ab73
b936daa95
b8e31a9b6
b88f9a8d6
b83c5a7f6
b7e91a714
b7961a631
b7435a54d
b6f0da468
b69e5a382
b64c1a29a
b5f9da1b2
b5a81a0c9
b55659fdf
b50499ef4
b4b359e08
b46219d1b
b41119c2d
b3c059b3e
b36f99a4e
b31f1995d
b2ced986b
b27e99778
b22ed9684
b1df1958f
b18f99499
b140193a2
b0f1192aa
b0a2191b1
b053590b8
b00498fbd
afb658ec1
af6818dc4
af1a18cc7
aecc58bc8
ae7e98ac8
ae31589c8
ade4188c6
ad97187c4
ad4a186c1
acfd985bc
acb1184b7
ac64d83b1
ac18d82aa
abcd181a2
ab8158099
ab3617f8f
aaead7e84
aa9fd7d78
aa5517c6c
aa0a57b5e
a9c017a4f
a975d7940
a92bd7830
a8e21771e
a8989760c
a84f574f9
a806173e5
a7bd572d1
a774971bb
a72c170a4
a6e3d6f8d
a69b96e74
a653d6d5b
a60c56c41
a5c4d6b26
a57d96a0a
a536968ed
a4efd67cf
a4a9566b1
a46316592
a41cd6471
a3d716350
a3915622e
a34bd610b
a306d5fe8
a2c1d5ec3
a27d15d9e
a23895c78
a1f415b51
a1b015a29
a16c55900
a128957d7
a0e5156ac
a0a215581
a05f15455
a01c55328
9fd9d51fb
9f97950cc
9f5594f9d
9f13d4e6d
9ed254d3c
9e9114c0a
9e4fd4ad8
9e0f149a4
9dce94870
9d8e1473b
9d4e14606
9d0e144cf
9cce54398
9c8f14260
9c4fd4127
9c10d3fee
9bd213eb3
9b93d3d78
9b5593c3c
9b1793b00
9ad9d39c2
9a9c53884
9a5f13745
9a2213606
99e5534c5
99a8d3384
996c93242
9930930ff
98f4d2fbc
98b952e78
987e12d33
984312bee
980852aa7
97cdd2960
979392819
9759926d0
971f92587
96e61243d
96acd22f3
9673d21a8
963b1205c
960291f0f
95ca91dc2
959291c74
955ad1b25
9523519d6
94ec11886
94b511735
947e515e3
944811491
9411d133f
93dbd11eb
93a651097
9370d0f42
933bd0ded
9306d0c97
92d250b40
929dd09e9
9269d0891
923610738
9202905df
91cf10485
919c1032b
9169501d0
9136d0074
9104cff18
90d2cfdbb
90a10fc5d
906f8faff
903e8f9a0
900d8f841
8fdd0f6e1
8fac8f580
8f7c8f41f
8f4ccf2bd
8f1d4f15b
8eee0eff8
8ebf0ee94
8e904ed30
8e61cebcc
8e33cea67
8e05ce901
8dd84e79a
8daace633
8d7dce4cc
8d510e364
8d248e1fb
8cf84e092
8ccc4df29
8ca08ddbe
8c754dc54
8c4a0dae9
8c1f4d97d
8bf4cd810
8bca8d6a4
8ba08d536
8b76cd3c8
8b4d4d25a
8b240d0eb
8afb4cf7c
8ad28ce0c
8aaa4cc9c
8a824cb2b
8a5a8c9b9
8a330c847
8a0bcc6d5
89e50c562
89be4c3ef
89980c27b
89720c107
894c4bf92
8926cbe1d
89018bca8
88dccbb32
88b80b9bb
8893cb844
886fcb6cd
884c0b555
88288b3dd
88054b264
87e28b0eb
87bfcaf71
879d8adf7
877b8ac7d
8759cab02
87384a987
87174a80b
86f64a68f
86d5ca513
86b58a396
86958a219
8675ca09b
865689f1d
863789d9e
861889c20
85fa09aa1
85dbc9921
85be097a1
85a049621
8583094a0
85660931f
85494919e
852cc901c
851088e9a
84f4c8d18
84d948b95
84be08a12
84a30888f
84884870b
846e08587
845408402
843a0827e
8420c80f9
840787f73
83ee87dee
83d607c68
83bdc7ae2
83a5c795b
838e077d4
8376c764d
835fc74c6
8348c733e
8332471b6
831c4702e
830646ea6
82f0c6d1d
82db86b94
82c686a0b
82b1c6881
829d866f7
82898656d
8275c63e3
826246258
824f060ce
823c45f43
822985db7
821745c2c
820585aa0
81f3c5914
81e285788
81d1855fc
81c0c546f
81b0452e3
81a005156
819044fc9
8180c4e3b
817184cae
8162c4b20
815404992
8145c4804
8137c4676
812a044e8
811cc4359
810fc41cb
81030403c
80f683ead
80ea43d1d
80de83b8e
80d3039ff
80c7c386f
80bcc36df
80b20354f
80a7c33bf
809dc322f
80940309f
808ac2f0f
808182d7e
8078c2bee
807042a5d
8068428cc
80604273b
8058c25aa
805182419
804a82288
8044020f7
803dc1f65
8037c1dd4
803201c43
802c81ab1
80278191f
8022c178e
801e415fc
801a0146a
8016412d8
8012c1147
800f80fb5
800c80e23
8009c0c91
800780aff
80058096d
8003c07db
800280648
8001804b6
800080324
800040192
7fffc0000
7fffc00c9
7fffc0192
7fffc025b
7fff80324
7fff003ed
7ffe804b6
7ffe0057f
7ffd80648
7ffd00711
7ffc407db
7ffb408a4
7ffa8096d
7ff980a36
7ff880aff
7ff740bc8
7ff640c91
7ff4c0d5a
7ff380e23
7ff200eec
7ff080fb5
7fef0107e
7fed41147
7feb8120f
7fe9c12d8
7fe8013a1
7fe60146a
7fe401533
7fe1c15fc
7fdf816c5
7fdd4178e
7fdb01857
7fd88191f
7fd6019e8
7fd381ab1
7fd0c1b7a
7fce01c43
7fcb41d0b
7fc841dd4
7fc581e9d
7fc241f65
7fbf4202e
7fbc020f7
7fb8c21bf
7fb582288
7fb202351
7fae82419
7faac24e2
7fa7425aa
7fa382673
7f9fc273b
7f9bc2804
7f97c28cc
7f93c2995
7f8fc2a5d
7f8b82b25
7f8742bee
7f82c2cb6
7f7e82d7e
7f7a02e46
7f7542f0f
7f70c2fd7
7f6c0309f
7f6703167
7f624322f
7f5d432f7
7f58433bf
7f5303487
7f4e0354f
7f4883617
7f43436df
7f3dc37a7
7f384386f
7f32c3937
7f2d039ff
7f2783ac6
7f2183b8e
7f1bc3c56
7f15c3d1d
7f0fc3de5
7f0983ead
7f0383f74
7efd0403c
7ef6c4103
7ef0441cb
7ee9c4292
7ee344359
7edc84421
7ed6044e8
7ecf045af
7ec844676
7ec14473d
7eba44804
7eb3048cb
7eac04992
7ea4c4a59
7e9d44b20
7e9604be7
7e8e84cae
7e86c4d75
7e7f44e3b
7e7784f02
7e6fc4fc9
7e67c508f
7e6005156
7e57c521c
7e4fc52e3
7e47853a9
7e3f4546f
7e3705536
7e2e855fc
7e26456c2
7e1d85788
7e150584e
7e0c45914
7e03859da
7dfa85aa0
7df1c5b66
7de8c5c2c
7ddf85cf2
7dd685db7
7dcd45e7d
7dc3c5f43
7dba86008
7db1060ce
7da786193
7d9dc6258
7d944631e
7d8a463e3
7d80864a8
7d768656d
7d6c86632
7d62866f7
7d58867bc
7d4e46881
7d4406946
7d3986a0b
7d2f06acf
7d2486b94
7d1a06c58
7d0f46d1d
7d0486de1
7cf9c6ea6
7ceec6f6a
7ce3c702e
7cd8c70f2
7ccdc71b6
7cc28727a
7cb74733e
7cabc7402
7ca0474c6
7c94c758a
7c894764d
7c7dc7711
7c72077d4
7c6607898
7c5a4795b
7c4e47a1e
7c4247ae2
7c3647ba5
7c2a07c68
7c1dc7d2b
7c1187dee
7c0507eb1
7bf887f73
7bec08036
7bdf480f9
7bd2c81bb
7bc60827e
7bb908340
7bac08402
7b9f084c5
7b9208587
7b8508649
7b77c870b
7b6a887cd
7b5d0888f
7b4f88950
7b4208a12
7b3488ad4
7b26c8b95
7b1908c56
7b0b48d18
7afd48dd9
7aef88e9a
7ae148f5b
7ad34901c
7ac5090dd
7ab6c919e
7aa88925f
7a9a0931f
7a8b893e0
7a7d094a0
7a6e89561
7a5fc9621
7a51096e1
7a42097a1
7a3349861
7a2449921
7a15099e1
7a0609aa1
79f6c9b60
79e789c20
79d809cdf
79c889d9e
79b909e5e
79a989f1d
7999c9fdc
798a4a09b
797a4a15a
796a8a219
795a8a2d7
794a8a396
793a8a454
792a4a513
791a0a5d1
7909ca68f
78f94a74d
78e8ca80b
78d84a8c9
78c7ca987
78b70aa44
78a64ab02
78958abbf
78848ac7d
78738ad3a
78628adf7
78518aeb4
78404af71
782f0b02e
781d8b0eb
780c4b1a7
77facb264
77e94b320
77d78b3dd
77c5cb499
77b40b555
77a24b611
77904b6cd
777e4b789
776c4b844
775a4b900
77480b9bb
7735cba76
77234bb32
77110bbed
76fe8bca8
76ec0bd63
76d94be1d
76c68bed8
76b3cbf92
76a10c04d
768e0c107
767b0c1c1
76680c27b
76550c335
7641cc3ef
762e8c4a9
761b0c562
7607cc61c
75f44c6d5
75e08c78e
75cd0c847
75b94c900
75a58c9b9
7591cca72
757dccb2b
7569ccbe3
7555ccc9c
75418cd54
752d8ce0c
75194cec4
7504ccf7c
74f08d034
74dc0d0eb
74c78d1a3
74b2cd25a
749e0d311
74894d3c8
74748d47f
745f8d536
744acd5ed
74358d6a4
74208d75a
740b4d810
73f60d8c7
73e0cd97d
73cb8da33
73b60dae9
73a08db9e
738acdc54
73754dd09
735f8ddbe
73498de74
7333cdf29
731dcdfde
7307ce092
72f1ce147
72db8e1fb
72c54e2b0
72af0e364
7298ce418
72824e4cc
726bce580
72554e633
723e8e6e7
7227ce79a
72110e84e
71fa4e901
71e34e9b4
71cc4ea67
71b54eb19
719e4ebcc
71870ec7e
716fced30
71588ede3
71410ee94
71298ef46
71120eff8
70fa8f0aa
70e2cf15b
70cb0f20c
70b34f2bd
709b8f36e
70838f41f
706b8f4d0
70538f580
703b4f631
70230f6e1
700acf791
6ff28f841
6fda0f8f1
6fc18f9a0
6fa90fa50
6f908faff
6f77cfbae
6f5f0fc5d
6f464fd0c
6f2d4fdbb
6f148fe69
6efb4ff18
6ee24ffc6
6ec950074
6eb010122
6e96d01d0
6e7d5027d
6e641032b
6e4a903d8
6e3110485
6e1750532
6dfd905df
6de3d068c
6dca10738
6db0507e5
6d9650891
6d7c5093d
6d62509e9
6d4810a95
6d2dd0b40
6d1390bec
6cf950c97
6cded0d42
6cc450ded
6ca9d0e98
6c8f50f42
6c7490fed
6c59d1097
6c3f11141
6c24511eb
6c0951295
6bee5133f
6bd3513e8
6bb811491
6b9d1153a
6b81d15e3
6b665168c
6b4b11735
6b2f917dd
6b1411886
6af89192e
6adcd19d6
6ac111a7d
6aa551b25
6a8991bcc
6a6d91c74
6a51d1d1b
6a3591dc2
6a1991e68
69fd91f0f
69e151fb5
69c51205c
69a892102
698c521a8
696fd224d
6953522f3
693692398
691a1243d
68fd524e2
68e092587
68c39262c
68a6926d0
6889d2775
686c92819
684f928bd
683252960
681512a04
67f7d2aa7
67da92b4b
67bd12bee
679f92c91
678212d33
676492dd6
6746d2e78
672912f1a
670b52fbc
66ed9305e
66cf930ff
66b1931a1
669393242
6675932e3
665753384
663913425
661ad34c5
65fc93565
65de13606
65bf936a5
65a113745
6582937e5
6563d3884
654513923
6526539c2
650793a61
64e893b00
64c993b9e
64aa93c3c
648b93cda
646c53d78
644d53e16
642e13eb3
640e93f51
63ef53fee
63cfd408a
63b054127
6390d41c4
637114260
6351942fc
6331d4398
6311d4434
62f2144cf
62d21456b
62b214606
6292146a1
62721473b
6251d47d6
623194870
62115490a
61f1149a4
61d094a3e
61b054ad8
618fd4b71
616f14c0a
614e94ca3
612dd4d3c
610d14dd4
60ec54e6d
60cb54f05
60aa94f9d
608995035
6068950cc
604755163
6026551fb
600515291
5fe3d5328
5fc2953bf
5fa115455
5f7f954eb
5f5e15581
5f3c95617
5f1b156ac
5ef955741
5ed7957d7
5eb5d586b
5e93d5900
5e7215995
5e5015a29
5e2e15abd
5e0c15b51
5de9d5be4
5dc795c78
5da595d0b
5d8315d9e
5d60d5e31
5d3e55ec3
5d1bd5f56
5cf955fe8
5cd6d607a
5cb45610b
5c919619d
5c6ed622e
5c4c162bf
5c2916350
5c06563e1
5be356471
5bc056502
5b9d16592
5b7a16621
5b56d66b1
5b3396740
5b10567cf
5aecd685e
5ac9968ed
5aa61697c
5a8296a0a
5a5f16a98
5a3b56b26
5a1796bb3
59f3d6c41
59d016cce
59ac56d5b
598856de8
596496e74
594096f01
591c56f8d
58f857019
58d4170a4
58afd7130
588b971bb
586757246
5842d72d1
581e9735b
57fa173e5
57d59746f
57b0d74f9
578c57583
57679760c
5742d7696
571e1771e
56f9177a7
56d457830
56af578b8
568a57940
5665579c8
564017a4f
561ad7ad7
55f5d7b5e
55d057be5
55ab17c6c
5585d7cf2
556057d78
553ad7dfe
551557e84
54efd7f0a
54ca17f8f
54a458014
547ed8099
5458d811d
5433181a2
540d58226
53e7582aa
53c15832d
539b583b1
537518434
534f184b7
5328d853a
5302985bc
52dc5863f
52b6186c1
528f98742
5269187c4
524298845
521c188c6
51f598947
51ced89c8
51a858a48
518198ac8
515ad8b48
5133d8bc8
510d18c47
50e618cc7
50bf18d46
509818dc4
507118e43
5049d8ec1
502298f3f
4ffb98fbd
4fd45903a
4facd90b8
4f8599135
4f5e191b1
4f369922e
4f0f192aa
4ee799326
4ec0193a2
4e985941e
4e7099499
4e48d9514
4e211958f
4df95960a
4dd159684
4da9596fe
4d8199778
4d59597f2
4d315986b
4d09598e4
4ce11995d
4cb8d99d6
4c9099a4e
4c6859ac6
4c3fd9b3e
4c1799bb6
4bef19c2d
4bc699ca4
4b9e19d1b
4b7599d92
4b4cd9e08
4b2459e7e
4afb99ef4
4ad2d9f6a
4aa9d9fdf
4a811a054
4a581a0c9
4a2f5a13e
4a065a1b2
49dd5a227
49b41a29a
498b1a30e
4961da382
49389a3f5
490f5a468
48e61a4da
48bcda54d
48935a5bf
486a1a631
48409a6a2
48171a714
47ed5a785
47c3da7f6
479a1a866
47709a8d6
4746da947
471d1a9b6
46f31aa26
46c95aa95
469f5ab04
46759ab73
464b9abe2
46219ac50
45f75acbe
45cd5ad2c
45a31ad99
4578dae07
454e9ae74
45245aee0
44fa1af4d
44cfdafb9
44a55b025
447adb091
44505b0fc
4425db167
43fb5b1d2
43d09b23d
43a61b2a7
437b5b311
43509b37b
4325db3e5
42fb1b44e
42d01b4b7
42a55b520
427a5b589
424f5b5f1
42245b659
41f95b6c1
41ce1b728
41a31b78f
4177db7f6
414c9b85d
41215b8c4
40f61b92a
40cadb990
409f5b9f5
40741ba5b
40489bac0
401d1bb25
3ff19bb89
3fc61bbed
3f9a5bc52
3f6edbcb5
3f431bd19
3f175bd7c
3eeb9bddf
3ebfdbe42
3e941bea4
3e681bf06
3e3c5bf68
3e105bfca
3de45c02b
3db85c08c
3d8c5c0ed
3d601c14e
3d341c1ae
3d07dc20e
3cdb9c26e
3caf5c2cd
3c831c32c
3c56dc38b
3c2a9c3ea
3bfe1c448
3bd19c4a6
3ba51c504
3b78dc562
3b4c1c5bf
3b1f9c61c
3af31c679
3ac65c6d5
3a99dc731
3a6d1c78d
3a405c7e9
3a139c844
39e69c89f
39b9dc8fa
398cdc955
39601c9af
39331ca09
39061ca63
38d91cabc
38ac1cb15
387edcb6e
3851dcbc7
38249cc1f
37f79cc77
37ca5cccf
379d1cd26
376f9cd7e
37425cdd5
37151ce2b
36e79ce82
36ba5ced8
368cdcf2e
365f5cf83
3631dcfd8
36041d02d
35d69d082
35a91d0d6
357b5d12b
354d9d17e
351fdd1d2
34f21d225
34c45d278
34969d2cb
3468dd31e
343add370
340d1d3c2
33df1d413
33b11d465
33831d4b6
33551d506
33271d557
32f8dd5a7
32cadd5f7
329c9d647
326e5d696
32401d6e5
3211dd734
31e39d782
31b55d7d1
31871d81f
31589d86c
312a5d8ba
30fbdd907
30cd5d954
309edd9a0
30705d9ec
3041dda38
30135da84
2fe49dacf
2fb61db1a
2f875db65
2f58ddbb0
2f2a1dbfa
2efb5dc44
2ecc9dc8d
2e9d9dcd7
2e6eddd20
2e401dd69
2e111ddb1
2de25ddf9
2db35de41
2d845de89
2d555ded0
2d265df17
2cf75df5e
2cc81dfa5
2c991dfeb
2c69de031
2c3ade076
2c0b9e0bc
2bdc5e101
2bad1e146
2b7dde18a
2b4e9e1ce
2b1f5e212
2aefde256
2ac09e299
2a911e2dc
2a61de31f
2a325e361
2a02de3a3
29d35e3e5
29a3de427
29745e468
2944de4a9
29151e4ea
28e59e52a
28b5de56a
28865e5aa
28569e5e9
2826de629
27f71e667
27c75e6a6
27979e6e4
27679e722
2737de760
27081e79e
26d81e7db
26a85e818
26785e854
26485e891
26185e8cd
25e85e908
25b85e944
25885e97f
25585e9ba
25281e9f4
24f81ea2e
24c7dea68
2497deaa2
24679eadb
24375eb14
24071eb4d
23d6deb85
23a69ebbe
23765ebf5
23461ec2d
23159ec64
22e55ec9b
22b51ecd2
22849ed08
22541ed3e
2223ded74
21f35edaa
21c2deddf
21925ee14
2161dee48
21315ee7c
21009eeb0
20d01eee4
209f9ef18
206edef4b
203e5ef7d
200d9efb0
1fdcdefe2
1fac5f014
1f7b9f046
1f4adf077
1f1a1f0a8
1ee95f0d9
1eb89f109
1e879f139
1e56df169
1e261f198
1df51f1c8
1dc45f1f7
1d935f225
1d629f253
1d319f281
1d009f2af
1ccf9f2dd
1c9e9f30a
1c6d9f337
1c3c9f363
1c0b9f38f
1bda9f3bb
1ba99f3e7
1b785f412
1b475f43d
1b161f468
1ae51f492
1ab3df4bc
1a82df4e6
1a519f510
1a205f539
19ef1f562
19bddf58a
198c9f5b2
195b5f5da
192a1f602
18f8df629
18c79f651
18961f677
1864df69e
18339f6c4
18021f6ea
17d0df70f
179f5f735
176ddf75a
173c9f77e
170b1f7a3
16d99f7c7
16a81f7ea
16769f80e
16451f831
16139f854
15e21f876
15b09f899
157f1f8ba
154d9f8dc
151bdf8fd
14ea5f91e
14b8df93f
14871f95f
14559f980
1423df99f
13f25f9bf
13c09f9de
138edf9fd
135d5fa1b
132b9fa3a
12f9dfa58
12c81fa75
12965fa93
12649fab0
1232dfacc
12011fae9
11cf5fb05
119d9fb21
116bdfb3c
113a1fb58
11085fb72
10d65fb8d
10a49fba7
1072dfbc1
1040dfbdb
100f1fbf4
fdd1fc0e
fab5fc26
f795fc3f
f475fc57
f159fc6f
ee39fc86
eb19fc9e
e7fdfcb4
e4ddfccb
e1bdfce1
de9dfcf7
db7dfd0d
d85dfd22
d53dfd38
d21dfd4c
cefdfd61
cbddfd75
c8bdfd89
c59dfd9c
c27dfdb0
bf5dfdc3
bc3dfdd5
b919fde8
b5f9fdfa
b2d9fe0b
afb9fe1d
ac95fe2e
a975fe3f
a655fe4f
a331fe5f
a011fe6f
9cedfe7f
99cdfe8e
96a9fe9d
9389feab
9065feba
8d45fec8
8a21fed6
86fdfee3
83ddfef0
80b9fefd
7d95ff09
7a75ff16
7751ff21
742dff2d
710dff38
6de9ff43
6ac5ff4e
67a1ff58
647dff62
615dff6c
5e39ff75
5b15ff7e
57f1ff87
54cdff90
51a9ff98
4e85ffa0
4b61ffa7
483dffae
451dffb5
41f9ffbc
3ed5ffc2
3bb1ffc8
388dffce
3569ffd3
3245ffd9
2f21ffdd
2bfdffe2
28d9ffe6
25b5ffea
2291ffed
1f6dfff1
1c45fff4
1921fff6
15fdfff8
12d9fffa
fb5fffc
c91fffe
96dffff
649ffff
325ffff
7fffc0000
7fffc025b
7ffe804b6
7ffd00711
7ffa8096d
7ff740bc8
7ff380e23
7fef0107e
7fe9c12d8
7fe401533
7fdd4178e
7fd6019e8
7fce01c43
7fc581e9d
7fbc020f7
7fb202351
7fa7425aa
7f9bc2804
7f8fc2a5d
7f82c2cb6
7f7542f0f
7f6703167
7f58433bf
7f4883617
7f384386f
7f2783ac6
7f15c3d1d
7f0383f74
7ef0441cb
7edc84421
7ec844676
7eb3048cb
7e9d44b20
7e86c4d75
7e6fc4fc9
7e57c521c
7e3f4546f
7e26456c2
7e0c45914
7df1c5b66
7dd685db7
7dba86008
7d9dc6258
7d80864a8
7d62866f7
7d4406946
7d2486b94
7d0486de1
7ce3c702e
7cc28727a
7ca0474c6
7c7dc7711
7c5a4795b
7c3647ba5
7c1187dee
7bec08036
7bc60827e
7b9f084c5
7b77c870b
7b4f88950
7b26c8b95
7afd48dd9
7ad34901c
7aa88925f
7a7d094a0
7a51096e1
7a2449921
79f6c9b60
79c889d9e
7999c9fdc
796a8a219
793a8a454
7909ca68f
78d84a8c9
78a64ab02
78738ad3a
78404af71
780c4b1a7
77d78b3dd
77a24b611
776c4b844
7735cba76
76fe8bca8
76c68bed8
768e0c107
76550c335
761b0c562
75e08c78e
75a58c9b9
7569ccbe3
752d8ce0c
74f08d034
74b2cd25a
74748d47f
74358d6a4
73f60d8c7
73b60dae9
73754dd09
7333cdf29
72f1ce147
72af0e364
726bce580
7227ce79a
71e34e9b4
719e4ebcc
71588ede3
71120eff8
70cb0f20c
70838f41f
703b4f631
6ff28f841
6fa90fa50
6f5f0fc5d
6f148fe69
6ec950074
6e7d5027d
6e3110485
6de3d068c
6d9650891
6d4810a95
6cf950c97
6ca9d0e98
6c59d1097
6c0951295
6bb811491
6b665168c
6b1411886
6ac111a7d
6a6d91c74
6a1991e68
69c51205c
696fd224d
691a1243d
68c39262c
686c92819
681512a04
67bd12bee
676492dd6
670b52fbc
66b1931a1
665753384
65fc93565
65a113745
654513923
64e893b00
648b93cda
642e13eb3
63cfd408a
637114260
6311d4434
62b214606
6251d47d6
61f1149a4
618fd4b71
612dd4d3c
60cb54f05
6068950cc
600515291
5fa115455
5f3c95617
5ed7957d7
5e7215995
5e0c15b51
5da595d0b
5d3e55ec3
5cd6d607a
5c6ed622e
5c06563e1
5b9d16592
5b3396740
5ac9968ed
5a5f16a98
59f3d6c41
598856de8
591c56f8d
58afd7130
5842d72d1
57d59746f
57679760c
56f9177a7
568a57940
561ad7ad7
55ab17c6c
553ad7dfe
54ca17f8f
5458d811d
53e7582aa
537518434
5302985bc
528f98742
521c188c6
51a858a48
5133d8bc8
50bf18d46
5049d8ec1
4fd45903a
4f5e191b1
4ee799326
4e7099499
4df95960a
4d8199778
4d09598e4
4c9099a4e
4c1799bb6
4b9e19d1b
4b2459e7e
4aa9d9fdf
4a2f5a13e
49b41a29a
49389a3f5
48bcda54d
48409a6a2
47c3da7f6
4746da947
46c95aa95
464b9abe2
45cd5ad2c
454e9ae74
44cfdafb9
44505b0fc
43d09b23d
43509b37b
42d01b4b7
424f5b5f1
41ce1b728
414c9b85d
40cadb990
40489bac0
3fc61bbed
3f431bd19
3ebfdbe42
3e3c5bf68
3db85c08c
3d341c1ae
3caf5c2cd
3c2a9c3ea
3ba51c504
3b1f9c61c
3a99dc731
3a139c844
398cdc955
39061ca63
387edcb6e
37f79cc77
376f9cd7e
36e79ce82
365f5cf83
35d69d082
354d9d17e
34c45d278
343add370
33b11d465
33271d557
329c9d647
3211dd734
31871d81f
30fbdd907
30705d9ec
2fe49dacf
2f58ddbb0
2ecc9dc8d
2e401dd69
2db35de41
2d265df17
2c991dfeb
2c0b9e0bc
2b7dde18a
2aefde256
2a61de31f
29d35e3e5
2944de4a9
28b5de56a
2826de629
27979e6e4
27081e79e
26785e854
25e85e908
25585e9ba
24c7dea68
24375eb14
23a69ebbe
23159ec64
22849ed08
21f35edaa
2161dee48
20d01eee4
203e5ef7d
1fac5f014
1f1a1f0a8
1e879f139
1df51f1c8
1d629f253
1ccf9f2dd
1c3c9f363
1ba99f3e7
1b161f468
1a82df4e6
19ef1f562
195b5f5da
18c79f651
18339f6c4
179f5f735
170b1f7a3
16769f80e
15e21f876
154d9f8dc
14b8df93f
1423df99f
138edf9fd
12f9dfa58
12649fab0
11cf5fb05
113a1fb58
10a49fba7
100f1fbf4
f795fc3f
ee39fc86
e4ddfccb
db7dfd0d
d21dfd4c
c8bdfd89
bf5dfdc3
b5f9fdfa
ac95fe2e
a331fe5f
99cdfe8e
9065feba
86fdfee3
7d95ff09
742dff2d
6ac5ff4e
615dff6c
57f1ff87
4e85ffa0
451dffb5
3bb1ffc8
3245ffd9
28d9ffe6
1f6dfff1
15fdfff8
c91fffe
325ffff
ff9b9ffff
ff04dfffc
fe6e1fff6
fdd71ffed
fd405ffe2
fca99ffd3
fc12dffc2
fb7c5ffae
fae59ff98
fa4edff7e
f9b85ff62
f9219ff43
f88b1ff21
f7f49fefd
f75e1fed6
f6c79feab
f6315fe7f
f59adfe4f
f5049fe1d
f46e9fde8
f3d85fdb0
f3425fd75
f2ac5fd38
f2165fcf7
f1805fcb4
f0ea9fc6f
f054dfc26
efbf5fbdb
ef29dfb8d
ee945fb3c
edff1fae9
ed69dfa93
ecd49fa3a
ec3f9f9de
ebaa9f980
eb15df91e
ea811f8ba
e9ec9f854
e9581f7ea
e8c39f77e
e82f5f70f
e79b5f69e
e7075f629
e6739f5b2
e5dfdf539
e54c5f4bc
e4b8df43d
e4259f3bb
e3929f337
e2ff9f2af
e26cdf225
e1da1f198
e1479f109
e0b55f077
e0235efe2
df915ef4b
deff9eeb0
de6ddee14
dddc5ed74
dd4b1ecd2
dcba1ec2d
dc295eb85
db989eadb
db081ea2e
da77de97f
d9e7de8cd
d957de818
d8c85e760
d838de6a6
d7a99e5e9
d71a9e52a
d68bde468
d5fd5e3a3
d56f1e2dc
d4e0de212
d4531e146
d3c55e076
d3381dfa5
d2aadded0
d21ddddf9
d1915dd20
d104ddc44
d078ddb65
cfecdda84
cf615d9a0
ced5dd8ba
ce4add7d1
cdc01d6e5
cd355d5f7
ccab1d506
cc211d413
cb975d31e
cb0e1d225
ca84dd12b
c9fc1d02d
c9735cf2e
c8eb1ce2b
c8631cd26
c7db9cc1f
c7541cb15
c6cd1ca09
c6465c8fa
c5bfdc7e9
c539dc6d5
c4b41c5bf
c42e9c4a6
c3a95c38b
c3249c26e
c2a01c14e
c21bdc02b
c1981bf06
c1149bddf
c0915bcb5
c00e9bb89
bf8c1ba5b
bf0a1b92a
be885b7f6
be06db6c1
bd85db589
bd051b44e
bc84db311
bc04db1d2
bb855b091
bb061af4d
ba875ae07
ba08dacbe
b98a9ab73
b90d1aa26
b88f9a8d6
b812da785
b7961a631
b71a1a4da
b69e5a382
b622da227
b5a81a0c9
b52d59f6a
b4b359e08
b43999ca4
b3c059b3e
b347599d6
b2ced986b
b256d96fe
b1df1958f
b167d941e
b0f1192aa
b07a99135
b00498fbd
af8f18e43
af1a18cc7
aea558b48
ae31589c8
adbd98845
ad4a186c1
acd75853a
ac64d83b1
abf2d8226
ab8158099
ab1057f0a
aa9fd7d78
aa2fd7be5
a9c017a4f
a950d78b8
a8e21771e
a873d7583
a806173e5
a798d7246
a72c170a4
a6bf96f01
a653d6d5b
a5e896bb3
a57d96a0a
a5135685e
a4a9566b1
a43fd6502
a3d716350
a36e9619d
a306d5fe8
a29f55e31
a23895c78
a1d215abd
a16c55900
a106d5741
a0a215581
a03d953bf
9fd9d51fb
9f7695035
9f13d4e6d
9eb194ca3
9e4fd4ad8
9deed490a
9d8e1473b
9d2e1456b
9cce54398
9c6f541c4
9c10d3fee
9bb2d3e16
9b5593c3c
9af893a61
9a9c53884
9a40936a5
99e5534c5
998a932e3
9930930ff
98d712f1a
987e12d33
982592b4b
97cdd2960
977652775
971f92587
96c992398
9673d21a8
961ed1fb5
95ca91dc2
957691bcc
9523519d6
94d0917dd
947e515e3
942cd13e8
93dbd11eb
938b90fed
933bd0ded
92ec90bec
929dd09e9
924fd07e5
9202905df
91b5903d8
9169501d0
911dcffc6
90d2cfdbb
90884fbae
903e8f9a0
8ff54f791
8fac8f580
8f648f36e
8f1d4f15b
8ed68ef46
8e904ed30
8e4aceb19
8e05ce901
8dc18e6e7
8d7dce4cc
8d3ace2b0
8cf84e092
8cb68de74
8c754dc54
8c348da33
8bf4cd810
8bb54d5ed
8b76cd3c8
8b388d1a3
8afb4cf7c
8abe8cd54
8a824cb2b
8a46cc900
8a0bcc6d5
89d18c4a9
89980c27b
895f0c04d
8926cbe1d
88ef0bbed
88b80b9bb
8881cb789
884c0b555
8816cb320
87e28b0eb
87ae8aeb4
877b8ac7d
87490aa44
87174a80b
86e60a5d1
86b58a396
8685ca15a
865689f1d
862809cdf
85fa09aa1
85ccc9861
85a049621
8574893e0
85494919e
851ec8f5b
84f4c8d18
84cb88ad4
84a30888f
847b08649
845408402
842d481bb
840787f73
83e247d2b
83bdc7ae2
839a07898
8376c764d
835447402
8332471b6
831146f6a
82f0c6d1d
82d106acf
82b1c6881
829386632
8275c63e3
825886193
823c45f43
822085cf2
820585aa0
81eb0584e
81d1855fc
81b8853a9
81a005156
818884f02
817184cae
815b44a59
8145c4804
8131045af
811cc4359
810944103
80f683ead
80e443c56
80d3039ff
80c2437a7
80b20354f
80a2c32f7
80940309f
808602e46
8078c2bee
806c42995
80604273b
8055424e2
804a82288
8040c202e
8037c1dd4
802f41b7a
80278191f
8020816c5
801a0146a
80148120f
800f80fb5
800b40d5a
800780aff
8004c08a4
800280648
8001003ed
800040192
80007ff37
8000bfcdc
80023fa81
8003ff825
8006bf5ca
8009ff36f
800e3f114
8012feeb9
80183ec5f
801e7ea04
80253e7a9
802cbe54f
8034fe2f5
803dfe09b
80477de41
8051bdbe7
805cbd98d
80687d734
8074bd4db
8081bd282
808f7d029
809dfcdd1
80ad3cb79
80bcfc921
80cd7c6c9
80debc472
80f07c21b
81033bfc4
81167bd6e
812a3bb18
813efb8c3
81543b66e
816a3b419
8180fb1c5
81987af71
81b07ad1d
81c93aaca
81e2ba878
81fcba626
82177a3d4
8232fa183
824f39f32
826bf9ce2
8289b9a93
82a7b9844
82c6b95f5
82e6393a8
83067915a
832778f0e
8348f8cc2
836b78a76
838e3882c
83b1f85e2
83d638398
83fb3814f
8420f7f07
844737cc0
846e37a79
8495b7833
84be375ee
84e7373aa
8510b7166
853b36f23
856636ce1
8591b6a9f
85be3685f
85eb3661f
8618b63e0
8647361a2
8675f5f65
86a5b5d29
86d5f5aed
8706f58b3
873875679
876ab5441
879db5209
87d134fd2
880574d9c
883a74b67
886ff4933
88a5f4700
88dcf44ce
89143429d
894c7406e
898533e3f
89be73c11
89f8739e4
8a33337b9
8a6e7358e
8aaa73364
8ae6f313c
8b2432f15
8b6232cef
8ba0b2aca
8bdfb28a6
8c1f72683
8c5fb2462
8ca0b2242
8ce272022
8d24b1e05
8d6771be8
8daaf19cd
8def317b2
8e33f1599
8e7931382
8ebf3116c
8f05b0f56
8f4cf0d43
8f94b0b30
8fdd3091f
90263070f
906fb0501
90b9f02f4
9104f00e8
91502fede
919c2fcd5
91e8eface
92362f8c8
9283ef6c3
92d26f4c0
93216f2be
9370ef0be
93c12eebf
9411eecc1
94632eac6
94b52e8cb
9507ae6d2
955aee4db
95ae6e2e5
9602ae0f1
9657adefe
96acedd0d
9702edb1e
9759ad930
97b0ad743
98086d559
9860ad36f
98b96d188
9912acfa2
996cacdbe
99c72cbdb
9a222c9fa
9a7dac81b
9ad9ec63e
9b36ac462
9b93ec288
9bf1ac0af
9c4febed9
9caeabd04
9d0e2bb31
9d6e2b95f
9dceab790
9e2fab5c2
9e912b3f6
9ef32b22c
9f55ab063
9fb8eae9d
a01c6acd8
a080aab15
a0e52a954
a14a6a795
a1b02a5d7
a2166a41c
a27d2a262
a2e46a0aa
a34be9ef5
a3b429d41
a41ce9b8f
a486299df
a4efe9831
a55a29684
a5c4e94da
a63029332
a69ba918c
a707e8fe7
a774a8e45
a7e1a8ca5
a84f68b07
a8bd6896a
a92be87d0
a99ae8638
aa0a684a2
aa7a6830e
aaeae817c
ab5be7fec
abcd27e5e
ac3ee7cd3
acb127b49
ad23e79c1
ad972783c
ae0aa76b9
ae7ea7538
aef3273b9
af682723c
afdda70c1
b05366f48
b0c9a6dd2
b14026c5e
b1b766aec
b22ee697c
b2a6e680e
b31f266a3
b397e653a
b411263d3
b48aa626e
b504a610c
b57f25fac
b5f9e5e4e
b67525cf2
b6f0e5b98
b76ce5a41
b7e9258ec
b8662579a
b8e32564a
b960e54fc
b9dea53b0
ba5d25267
badbe5120
bb5ae4fdb
bbda64e99
bc5a24d59
bcda64c1b
bd5ae4ae0
bddbe49a7
be5d24871
bedee473c
bf60e460b
bfe3244db
c065e43ae
c0e8e4284
c16c2415c
c1efe4036
c273e3f13
c2f863df2
c37d23cd4
c40223bb8
c48763a9e
c50d23987
c59323873
c619a3761
c6a023651
c72723544
c7ae63439
c835e3331
c8bde322b
c945e3128
c9ce63028
ca5722f2a
cae062e2e
cb69a2d35
cbf322c3e
cc7d22b4a
cd0762a59
cd91e296a
ce1ca287e
cea7a2794
cf32e26ac
cfbe625c8
d04a224e6
d0d622406
d162a2329
d1ef2224f
d27be2177
d308e20a2
d39661fcf
d423e1eff
d4b1a1e32
d53fa1d67
d5cde1c9f
d65c61bd9
d6eb21b16
d779e1a56
d80921999
d898a18de
d92821825
d9b7e176f
da47e16bc
dad82160c
db686155e
dbf9214b3
dc89e140b
dd1ae1365
ddac212c2
de3d61221
decee1184
df60a10e8
dff2a1050
e084a0fba
e116e0f27
e1a960e97
e23be0e09
e2cea0d7f
e361a0cf6
e3f4a0c71
e487e0bee
e51b20b6e
e5aea0af0
e64260a76
e6d6209fe
e76a20989
e7fe20916
e892608a6
e926a0839
e9bb207cf
ea4fa0767
eae460703
eb79206a1
ec0de0641
eca2e05e5
ed382058b
edcd60534
ee62a04df
eef7e048e
ef8d6043f
f023203f2
f0b8e03a9
f14ea0362
f1e46031f
f27a602de
f3106029f
f3a660264
f43c6022b
f4d2a01f5
f568e01c1
f5ff20191
f695a0163
f72be0138
f7c260110
f858e00ea
f8ef600c8
f986200a8
fa1ca008b
fab360070
fb4a20059
fbe0a0044
fc7760032
fd0e20023
fda4e0016
fe3be000c
fed2a0006
ff6960001
7fffc0000
7fffc0065
7fffc00c9
7fffc012e
7fffc0192
7fffc01f7
7fffc025b
7fff802c0
7fff80324
7fff40389
7fff003ed
7ffec0452
7ffe804b6
7ffe4051b
7ffe0057f
7ffdc05e4
7ffd80648
7ffd406ad
7ffd00711
7ffc80776
7ffc407db
7ffbc083f
7ffb408a4
7ffb00908
7ffa8096d
7ffa009d1
7ff980a36
7ff900a9a
7ff880aff
7ff800b63
7ff740bc8
7ff6c0c2c
7ff640c91
7ff580cf5
7ff4c0d5a
7ff440dbe
7ff380e23
7ff2c0e87
7ff200eec
7ff140f50
7ff080fb5
7fefc1019
7fef0107e
7fee410e2
7fed41147
7fec811ab
7feb8120f
7feac1274
7fe9c12d8
7fe8c133d
7fe8013a1
7fe701406
7fe60146a
7fe5014cf
7fe401533
7fe2c1598
7fe1c15fc
7fe0c1660
7fdf816c5
7fde81729
7fdd4178e
7fdc417f2
7fdb01857
7fd9c18bb
7fd88191f
7fd741984
7fd6019e8
7fd4c1a4d
7fd381ab1
7fd201b15
7fd0c1b7a
7fcf81bde
7fce01c43
7fccc1ca7
7fcb41d0b
7fc9c1d70
7fc841dd4
7fc6c1e38
7fc581e9d
7fc3c1f01
7fc241f65
7fc0c1fca
7fbf4202e
7fbd82092
7fbc020f7
7fba8215b
7fb8c21bf
7fb702224
7fb582288
7fb3c22ec
7fb202351
7fb0423b5
7fae82419
7facc247d
7faac24e2
7fa902546
7fa7425aa
7fa54260f
7fa382673
7fa1826d7
7f9fc273b
7f9dc279f
7f9bc2804
7f99c2868
7f97c28cc
7f95c2930
7f93c2995
7f91c29f9
7f8fc2a5d
7f8d82ac1
7f8b82b25
7f8942b89
7f8742bee
7f8502c52
7f82c2cb6
7f8082d1a
7f7e82d7e
7f7c42de2
7f7a02e46
7f7782eab
7f7542f0f
7f7302f73
7f70c2fd7
7f6e4303b
7f6c0309f
7f6983103
7f6703167
7f64c31cb
7f624322f
7f5fc3293
7f5d432f7
7f5ac335b
7f58433bf
7f55c3423
7f5303487
7f50834eb
7f4e0354f
7f4b435b3
7f4883617
7f460367b
7f43436df
7f4083743
7f3dc37a7
7f3b0380b
7f384386f
7f35838d3
7f32c3937
7f300399b
7f2d039ff
7f2a43a63
7f2783ac6
7f2483b2a
7f2183b8e
7f1ec3bf2
7f1bc3c56
7f18c3cba
7f15c3d1d
7f12c3d81
7f0fc3de5
7f0cc3e49
7f0983ead
7f0683f10
7f0383f74
7f0043fd8
7efd0403c
7efa0409f
7ef6c4103
7ef384167
7ef0441cb
7eed0422e
7ee9c4292
7ee6842f6
7ee344359
7ee0043bd
7edc84421
7ed944484
7ed6044e8
7ed28454b
7ecf045af
7ecbc4613
7ec844676
7ec4c46da
7ec14473d
7ebdc47a1
7eba44804
7eb6c4868
7eb3048cb
7eaf8492f
7eac04992
7ea8449f6
7ea4c4a59
7ea104abd
7e9d44b20
7e99c4b84
7e9604be7
7e9244c4b
7e8e84cae
7e8ac4d11
7e86c4d75
7e8304dd8
7e7f44e3b
7e7b44e9f
7e7784f02
7e7384f65
7e6fc4fc9
7e6bc502c
7e67c508f
7e64050f3
7e6005156
7e5c051b9
7e57c521c
7e53c5280
7e4fc52e3
7e4bc5346
7e47853a9
7e438540c
7e3f4546f
7e3b454d3
7e3705536
7e32c5599
7e2e855fc
7e2a8565f
7e26456c2
7e21c5725
7e1d85788
7e19457eb
7e150584e
7e10858b1
7e0c45914
7e07c5977
7e03859da
7dff05a3d
7dfa85aa0
7df645b03
7df1c5b66
7ded45bc9
7de8c5c2c
7de405c8f
7ddf85cf2
7ddb05d55
7dd685db7
7dd1c5e1a
7dcd45e7d
7dc885ee0
7dc3c5f43
7dbf45fa5
7dba86008
7db5c606b
7db1060ce
7dac46130
7da786193
7da2c61f6
7d9dc6258
7d99062bb
7d944631e
7d8f46380
7d8a463e3
7d8586445
7d80864a8
7d7b8650b
7d768656d
7d71865d0
7d6c86632
7d6786695
7d62866f7
7d5d8675a
7d58867bc
7d534681f
7d4e46881
7d49068e3
7d4406946
7d3ec69a8
7d3986a0b
7d3446a6d
7d2f06acf
7d29c6b31
7d2486b94
7d1f46bf6
7d1a06c58
7d1486cbb
7d0f46d1d
7d0a06d7f
7d0486de1
7cff06e43
7cf9c6ea6
7cf446f08
7ceec6f6a
7ce946fcc
7ce3c702e
7cde47090
7cd8c70f2
7cd347154
7ccdc71b6
7cc807218
7cc28727a
7cbcc72dc
7cb74733e
7cb1873a0
7cabc7402
7ca607464
7ca0474c6
7c9ac7528
7c94c758a
7c8f075eb
7c894764d
7c83876af
7c7dc7711
7c77c7773
7c72077d4
7c6c07836
7c6607898
7c60478f9
7c5a4795b
7c54479bd
7c4e47a1e
7c4847a80
7c4247ae2
7c3c47b43
7c3647ba5
7c3007c06
7c2a07c68
7c23c7cc9
7c1dc7d2b
7c1787d8c
7c1187dee
7c0b47e4f
7c0507eb1
7bfec7f12
7bf887f73
7bf247fd5
7bec08036
7be5c8097
7bdf480f9
7bd90815a
7bd2c81bb
7bcc4821d
7bc60827e
7bbf882df
7bb908340
7bb2883a1
7bac08402
7ba588464
7b9f084c5
7b9888526
7b9208587
7b8b885e8
7b8508649
7b7e486aa
7b77c870b
7b710876c
7b6a887cd
7b63c882e
7b5d0888f
7b56488ef
7b4f88950
7b48c89b1
7b4208a12
7b3b48a73
7b3488ad4
7b2dc8b34
7b26c8b95
7b2008bf6
7b1908c56
7b1248cb7
7b0b48d18
7b0448d78
7afd48dd9
7af688e3a
7aef88e9a
7ae888efb
7ae148f5b
7ada48fbc
7ad34901c
7acc4907d
7ac5090dd
7abe0913d
7ab6c919e
7aafc91fe
7aa88925f
7aa1492bf
7a9a0931f
7a92c937f
7a8b893e0
7a8449440
7a7d094a0
7a75c9500
7a6e89561
7a67095c1
7a5fc9621
7a5849681
7a51096e1
7a4989741
7a42097a1
7a3a89801
7a3349861
7a2bc98c1
7a2449921
7a1c89981
7a15099e1
7a0d89a41
7a0609aa1
79fe49b00
79f6c9b60
79ef09bc0
79e789c20
79dfc9c7f
79d809cdf
79d049d3f
79c889d9e
79c109dfe
79b909e5e
79b149ebd
79a989f1d
79a1c9f7c
7999c9fdc
79920a03b
798a4a09b
79824a0fa
797a4a15a
79728a1b9
796a8a219
79628a278
795a8a2d7
79528a336
794a8a396
79428a3f5
793a8a454
79324a4b3
792a4a513
79220a572
791a0a5d1
7911ca630
7909ca68f
79018a6ee
78f94a74d
78f10a7ac
78e8ca80b
78e08a86a
78d84a8c9
78d00a928
78c7ca987
78bf4a9e6
78b70aa44
78ae8aaa3
78a64ab02
789dcab61
78958abbf
788d0ac1e
78848ac7d
787c0acdb
78738ad3a
786b0ad99
78628adf7
785a0ae56
78518aeb4
7848caf13
78404af71
78378afd0
782f0b02e
78264b08c
781d8b0eb
78150b149
780c4b1a7
78038b206
77facb264
77f20b2c2
77e94b320
77e04b37f
77d78b3dd
77cecb43b
77c5cb499
77bd0b4f7
77b40b555
77ab4b5b3
77a24b611
77994b66f
77904b6cd
77874b72b
777e4b789
77754b7e6
776c4b844
77634b8a2
775a4b900
77510b95d
77480b9bb
773ecba19
7735cba76
772c8bad4
77234bb32
771a4bb8f
77110bbed
7707cbc4a
76fe8bca8
76f54bd05
76ec0bd63
76e28bdc0
76d94be1d
76d00be7b
76c68bed8
76bd4bf35
76b3cbf92
76aa8bff0
76a10c04d
76978c0aa
768e0c107
76848c164
767b0c1c1
76718c21e
76680c27b
765e8c2d8
76550c335
764b4c392
7641cc3ef
76380c44c
762e8c4a9
7624cc506
761b0c562
76114c5bf
7607cc61c
75fe0c679
75f44c6d5
75ea8c732
75e08c78e
75d6cc7eb
75cd0c847
75c34c8a4
75b94c900
75af8c95d
75a58c9b9
759b8ca16
7591cca72
7587ccace
757dccb2b
7573ccb87
7569ccbe3
755fccc3f
7555ccc9c
754bcccf8
75418cd54
75378cdb0
752d8ce0c
75234ce68
75194cec4
750f0cf20
7504ccf7c
74faccfd8
74f08d034
74e64d08f
74dc0d0eb
74d1cd147
74c78d1a3
74bd0d1fe
74b2cd25a
74a88d2b6
749e0d311
7493cd36d
74894d3c8
747f0d424
74748d47f
746a0d4db
745f8d536
74554d592
744acd5ed
74404d648
74358d6a4
742b0d6ff
74208d75a
74160d7b5
740b4d810
7400cd86c
73f60d8c7
73eb8d922
73e0cd97d
73d60d9d8
73cb8da33
73c0cda8e
73b60dae9
73ab4db43
73a08db9e
73958dbf9
738acdc54
73800dcae
73754dd09
736a4dd64
735f8ddbe
73548de19
73498de74
733ecdece
7333cdf29
7328cdf83
731dcdfde
7312ce038
7307ce092
72fcce0ed
72f1ce147
72e68e1a1
72db8e1fb
72d08e256
72c54e2b0
72ba4e30a
72af0e364
72a3ce3be
7298ce418
728d8e472
72824e4cc
72770e526
726bce580
72608e5da
72554e633
7249ce68d
723e8e6e7
72334e741
7227ce79a
721c8e7f4
72110e84e
7205ce8a7
71fa4e901
71eece95a
71e34e9b4
71d7cea0d
71cc4ea67
71c0ceac0
71b54eb19
71a9ceb72
719e4ebcc
71928ec25
71870ec7e
717b4ecd7
716fced30
71640ed89
71588ede3
714ccee3c
71410ee94
71354eeed
71298ef46
711dcef9f
71120eff8
71064f051
70fa8f0aa
70eecf102
70e2cf15b
70d70f1b4
70cb0f20c
70bf4f265
70b34f2bd
70a74f316
709b8f36e
708f8f3c7
70838f41f
70778f477
706b8f4d0
705f8f528
70538f580
70474f5d8
703b4f631
702f4f689
70230f6e1
70170f739
700acf791
6ffecf7e9
6ff28f841
6fe64f899
6fda0f8f1
6fcdcf948
6fc18f9a0
6fb54f9f8
6fa90fa50
6f9ccfaa7
6f908faff
6f840fb57
6f77cfbae
6f6b8fc06
6f5f0fc5d
6f528fcb5
6f464fd0c
6f39cfd63
6f2d4fdbb
6f20cfe12
6f148fe69
6f080fec1
6efb4ff18
6eeecff6f
6ee24ffc6
6ed5d001d
6ec950074
6ebc900cb
6eb010122
6ea350179
6e96d01d0
6e8a10227
6e7d5027d
6e70902d4
6e641032b
6e5750382
6e4a903d8
6e3dd042f
6e3110485
6e24104dc
6e1750532
6e0a90589
6dfd905df
6df0d0636
6de3d068c
6dd7106e2
6dca10738
6dbd1078f
6db0507e5
6da35083b
6d9650891
6d89508e7
6d7c5093d
6d6f50993
6d62509e9
6d5510a3f
6d4810a95
6d3b10aeb
6d2dd0b40
6d20d0b96
6d1390bec
6d0690c41
6cf950c97
6cec10ced
6cded0d42
6cd190d98
6cc450ded
6cb710e42
6ca9d0e98
6c9c90eed
6c8f50f42
6c8210f98
6c7490fed
6c6751042
6c59d1097
6c4c910ec
6c3f11141
6c3191196
6c24511eb
6c16d1240
6c0951295
6bfbd12ea
6bee5133f
6be0d1393
6bd3513e8
6bc5d143d
6bb811491
6baa914e6
6b9d1153a
6b8f5158f
6b81d15e3
6b7411638
6b665168c
6b58d16e1
6b4b11735
6b3d51789
6b2f917dd
6b21d1831
6b1411886
6b06518da
6af89192e
6aea91982
6adcd19d6
6acf11a2a
6ac111a7d
6ab351ad1
6aa551b25
6a9791b79
6a8991bcc
6a7b91c20
6a6d91c74
6a5fd1cc7
6a51d1d1b
6a43d1d6e
6a3591dc2
6a2791e15
6a1991e68
6a0b91ebc
69fd91f0f
69ef51f62
69e151fb5
69d312009
69c51205c
69b6d20af
69a892102
699a52155
698c521a8
697e121fa
696fd224d
6961922a0
6953522f3
6944d2346
693692398
6928523eb
691a1243d
690b92490
68fd524e2
68eed2535
68e092587
68d2125da
68c39262c
68b51267e
68a6926d0
689852723
6889d2775
687b527c7
686c92819
685e1286b
684f928bd
68411290f
683252960
6823d29b2
681512a04
680692a56
67f7d2aa7
67e952af9
67da92b4b
67cbd2b9c
67bd12bee
67ae52c3f
679f92c91
6790d2ce2
678212d33
677352d85
676492dd6
675592e27
6746d2e78
673812ec9
672912f1a
671a52f6b
670b52fbc
66fc5300d
66ed9305e
66de930af
66cf930ff
66c093150
66b1931a1
66a2931f2
669393242
668493293
6675932e3
666653334
665753384
6648533d4
663913425
662a13475
661ad34c5
660b93515
65fc93565
65ed535b6
65de13606
65ced3656
65bf936a5
65b0536f5
65a113745
6591d3795
6582937e5
657313834
6563d3884
6554938d4
654513923
6535d3973
6526539c2
6516d3a12
650793a61
64f813ab0
64e893b00
64d913b4f
64c993b9e
64ba13bed
64aa93c3c
649b13c8b
648b93cda
647c13d29
646c53d78
645cd3dc7
644d53e16
643d93e65
642e13eb3
641e53f02
640e93f51
63ff13f9f
63ef53fee
63df9403c
63cfd408a
63c0140d9
63b054127
63a094175
6390d41c4
638114212
637114260
6361542ae
6351942fc
63419434a
6331d4398
6321d43e6
6311d4434
630214481
62f2144cf
62e21451d
62d21456b
62c2145b8
62b214606
62a214653
6292146a1
6282146ee
62721473b
626214789
6251d47d6
6241d4823
623194870
6221948bd
62115490a
620154957
61f1149a4
61e0d49f1
61d094a3e
61c094a8b
61b054ad8
61a014b24
618fd4b71
617f54bbe
616f14c0a
615ed4c57
614e94ca3
613e14cef
612dd4d3c
611d94d88
610d14dd4
60fcd4e21
60ec54e6d
60dbd4eb9
60cb54f05
60bb14f51
60aa94f9d
609a14fe9
608995035
607915080
6068950cc
605815118
604755163
6036d51af
6026551fb
601595246
600515291
5ff4552dd
5fe3d5328
5fd315373
5fc2953bf
5fb1d540a
5fa115455
5f90554a0
5f7f954eb
5f6ed5536
5f5e15581
5f4d555cc
5f3c95617
5f2bd5661
5f1b156ac
5f0a156f7
5ef955741
5ee85578c
5ed7957d7
5ec695821
5eb5d586b
5ea4d58b6
5e93d5900
5e831594a
5e7215995
5e61159df
5e5015a29
5e3f15a73
5e2e15abd
5e1d15b07
5e0c15b51
5dfad5b9b
5de9d5be4
5dd8d5c2e
5dc795c78
5db695cc1
5da595d0b
5d9455d54
5d8315d9e
5d7215de7
5d60d5e31
5d4f95e7a
5d3e55ec3
5d2d15f0c
5d1bd5f56
5d0a95f9f
5cf955fe8
5ce816031
5cd6d607a
5cc5960c3
5cb45610b
5ca2d6154
5c919619d
5c80161e6
5c6ed622e
5c5d56277
5c4c162bf
5c3a96308
5c2916350
5c1796399
5c06563e1
5bf4d6429
5be356471
5bd1d64b9
5bc056502
5bae9654a
5b9d16592
5b8b965d9
5b7a16621
5b6856669
5b56d66b1
5b45566f9
5b3396740
5b21d6788
5b10567cf
5afe96817
5aecd685e
5adb568a6
5ac9968ed
5ab7d6934
5aa61697c
5a94569c3
7fffc0000
7fffc01f7
7fff003ed
7ffdc05e4
7ffc407db
7ffa009d1
7ff740bc8
7ff440dbe
7ff080fb5
7fec811ab
7fe8013a1
7fe2c1598
7fdd4178e
7fd741984
7fd0c1b7a
7fc9c1d70
7fc241f65
7fba8215b
7fb202351
7fa902546
7f9fc273b
7f95c2930
7f8b82b25
7f8082d1a
7f7542f0f
7f6983103
7f5d432f7
7f50834eb
7f43436df
7f35838d3
7f2783ac6
7f18c3cba
7f0983ead
7efa0409f
7ee9c4292
7ed944484
7ec844676
7eb6c4868
7ea4c4a59
7e9244c4b
7e7f44e3b
7e6bc502c
7e57c521c
7e438540c
7e2e855fc
7e19457eb
7e03859da
7ded45bc9
7dd685db7
7dbf45fa5
7da786193
7d8f46380
7d768656d
7d5d8675a
7d4406946
7d29c6b31
7d0f46d1d
7cf446f08
7cd8c70f2
7cbcc72dc
7ca0474c6
7c83876af
7c6607898
7c4847a80
7c2a07c68
7c0b47e4f
7bec08036
7bcc4821d
7bac08402
7b8b885e8
7b6a887cd
7b48c89b1
7b26c8b95
7b0448d78
7ae148f5b
7abe0913d
7a9a0931f
7a75c9500
7a51096e1
7a2bc98c1
7a0609aa1
79dfc9c7f
79b909e5e
79920a03b
796a8a219
79428a3f5
791a0a5d1
78f10a7ac
78c7ca987
789dcab61
78738ad3a
7848caf13
781d8b0eb
77f20b2c2
77c5cb499
77994b66f
776c4b844
773ecba19
77110bbed
76e28bdc0
76b3cbf92
76848c164
76550c335
7624cc506
75f44c6d5
75c34c8a4
7591cca72
755fccc3f
752d8ce0c
74faccfd8
74c78d1a3
7493cd36d
745f8d536
742b0d6ff
73f60d8c7
73c0cda8e
738acdc54
73548de19
731dcdfde
72e68e1a1
72af0e364
72770e526
723e8e6e7
7205ce8a7
71cc4ea67
71928ec25
71588ede3
711dcef9f
70e2cf15b
70a74f316
706b8f4d0
702f4f689
6ff28f841
6fb54f9f8
6f77cfbae
6f39cfd63
6efb4ff18
6ebc900cb
6e7d5027d
6e3dd042f
6dfd905df
6dbd1078f
6d7c5093d
6d3b10aeb
6cf950c97
6cb710e42
6c7490fed
6c3191196
6bee5133f
6baa914e6
6b665168c
6b21d1831
6adcd19d6
6a9791b79
6a51d1d1b
6a0b91ebc
69c51205c
697e121fa
693692398
68eed2535
68a6926d0
685e1286b
681512a04
67cbd2b9c
678212d33
673812ec9
66ed9305e
66a2931f2
665753384
660b93515
65bf936a5
657313834
6526539c2
64d913b4f
648b93cda
643d93e65
63ef53fee
63a094175
6351942fc
630214481
62b214606
626214789
62115490a
61c094a8b
616f14c0a
611d94d88
60cb54f05
607915080
6026551fb
5fd315373
5f7f954eb
5f2bd5661
5ed7957d7
5e831594a
5e2e15abd
5dd8d5c2e
5d8315d9e
5d2d15f0c
5cd6d607a
5c80161e6
5c2916350
5bd1d64b9
5b7a16621
5b21d6788
5ac9968ed
5a70d6a51
5a1796bb3
59be56d15
596496e74
590a56fd3
58afd7130
58551728b
57fa173e5
579e9753e
5742d7696
56e6d77eb
568a57940
562d97a93
55d057be5
557317d35
551557e84
54b757fd1
5458d811d
53fa58268
539b583b1
533bd84f8
52dc5863f
527c58783
521c188c6
51bb98a08
515ad8b48
50f998c87
509818dc4
503658f00
4fd45903a
4f71d9173
4f0f192aa
4eac193e0
4e48d9514
4de559647
4d8199778
4d1d598a8
4cb8d99d6
4c5419b02
4bef19c2d
4b89d9d56
4b2459e7e
4abe59fa5
4a581a0c9
49f1da1ed
498b1a30e
49241a42e
48bcda54d
48555a669
47ed5a785
47855a89e
471d1a9b6
46b45aacd
464b9abe2
45e25acf5
4578dae07
450f5af17
44a55b025
443b1b132
43d09b23d
43661b346
42fb1b44e
428fdb554
42245b659
41b89b75c
414c9b85d
40e09b95d
40741ba5b
40075bb57
3f9a5bc52
3f2d5bd4a
3ebfdbe42
3e521bf37
3de45c02b
3d761c11d
3d07dc20e
3c995c2fd
3c2a9c3ea
3bbb5c4d5
3b4c1c5bf
3adc9c6a7
3a6d1c78d
39fd1c872
398cdc955
391c9ca36
38ac1cb15
383b5cbf3
37ca5cccf
37591cda9
36e79ce82
36761cf58
36041d02d
35921d101
351fdd1d2
34ad9d2a2
343add370
33c81d43c
33551d506
32e1dd5cf
326e5d696
31fadd75b
31871d81f
31131d8e0
309edd9a0
302a9da5e
2fb61db1a
2f415dbd5
2ecc9dc8d
2e575dd44
2de25ddf9
2d6cddead
2cf75df5e
2c819e00e
2c0b9e0bc
2b959e168
2b1f5e212
2aa8de2ba
2a325e361
29bb9e406
2944de4a9
28cd9e54a
28569e5e9
27df1e687
27679e722
26f01e7bc
26785e854
26005e8ea
25885e97f
25101ea11
2497deaa2
241f5eb31
23a69ebbe
232ddec49
22b51ecd2
223bded59
21c2deddf
21499ee62
20d01eee4
20569ef64
1fdcdefe2
1f631f05e
1ee95f0d9
1e6f5f151
1df51f1c8
1d7adf23c
1d009f2af
1c861f320
1c0b9f38f
1b90df3fc
1b161f468
1a9b5f4d1
1a205f539
19a55f59e
192a1f602
18aedf664
18339f6c4
17b81f722
173c9f77e
16c0df7d9
16451f831
15c95f887
154d9f8dc
14d19f92f
14559f980
13d95f9ce
135d5fa1b
12e11fa67
12649fab0
11e85faf7
116bdfb3c
10ef5fb80
1072dfbc1
ff61fc01
f795fc3f
efc9fc7b
e7fdfcb4
e02dfcec
d85dfd22
d08dfd57
c8bdfd89
c0edfdb9
b919fde8
b149fe14
a975fe3f
a1a1fe67
99cdfe8e
91f5feb3
8a21fed6
8249fef6
7a75ff16
729dff33
6ac5ff4e
62edff67
5b15ff7e
533dff94
4b61ffa7
4389ffb9
3bb1ffc8
33d5ffd6
2bfdffe2
2421ffec
1c45fff4
146dfff9
c91fffe
4b9ffff
ffcddffff
ff501fffe
fed29fffa
fe54dfff5
fdd71ffed
fd599ffe4
fcdbdffd9
fc5e5ffcb
fbe09ffbc
fb631ffab
fae59ff98
fa681ff83
f9ea5ff6c
f96cdff53
f8ef5ff38
f8721ff1b
f7f49fefd
f7771fedc
f6f9dfeba
f67c5fe95
f5ff1fe6f
f581dfe47
f5049fe1d
f4879fdf1
f40a5fdc3
f38d5fd93
f3105fd61
f2935fd2d
f2165fcf7
f1995fcc0
f11c9fc86
f09fdfc4b
f0231fc0e
efa65fbce
ef29dfb8d
eead5fb4a
ee30dfb05
edb45fabe
ed381fa75
ecbbdfa2b
ec3f9f9de
ebc35f990
eb475f93f
eacb5f8ed
ea4f9f899
e9d3df842
e9581f7ea
e8dc5f790
e860df735
e7e55f6d7
e76a1f677
e6eedf616
e6739f5b2
e5f85f54d
e57d5f4e6
e5029f47d
e487df412
e40d1f3a5
e3929f337
e3181f2c6
e29d9f253
e2235f1df
e1a95f169
e12f5f0f1
e0b55f077
e03b9effb
dfc1def7d
df485eefe
decedee7c
de559edf9
dddc5ed74
dd635eced
dcea9ec64
dc719ebda
dbf91eb4d
db809eabf
db081ea2e
da8fde99c
da17de908
d99fde872
d9281e7db
d8b05e741
d838de6a6
d7c19e609
d74a5e56a
d6d35e4c9
d65c5e427
d5e59e382
d56f1e2dc
d4f89e234
d4825e18a
d40c1e0de
d3965e031
d3205df81
d2aadded0
d2355de1d
d1c01dd69
d14b1dcb2
d0d61dbfa
d0615db40
cfecdda84
cf789d9c6
cf045d907
ce905d845
ce1c9d782
cda8dd6be
cd355d5f7
ccc21d52f
cc4f1d465
cbdc5d399
cb699d2cb
caf71d1fc
ca84dd12b
ca12dd058
c9a0dcf83
c92f5cead
c8bddcdd5
c84c9ccfb
c7db9cc1f
c76a9cb42
c6fa1ca63
c6899c982
c6199c89f
c5a99c7bb
c539dc6d5
c4ca5c5ed
c45b1c504
c3ebdc419
c37d1c32c
c30e5c23e
c2a01c14e
c231dc05c
c1c3dbf68
c1565be73
c0e8dbd7c
c07b9bc83
c00e9bb89
bfa1dba8d
bf355b990
bec91b890
be5d1b78f
bdf15b68d
bd85db589
bd1a9b483
bcaf9b37b
bc44db272
bbda5b167
bb701b05b
bb061af4d
ba9c5ae3d
ba32dad2c
b9c99ac19
b960dab04
b8f81a9ee
b88f9a8d6
b8279a7bd
b7bf9a6a2
b7581a586
b6f0da468
b6899a348
b622da227
b5bc5a104
b55659fdf
b4f059eb9
b48a99d92
b42559c69
b3c059b3e
b35b59a12
b2f6d98e4
b292997b5
b22ed9684
b1cb19552
b167d941e
b104d92e8
b0a2191b1
b03f99079
afdd98f3f
af7b98e04
af1a18cc7
aeb8d8b88
ae57d8a48
adf758907
ad97187c4
ad3718680
acd75853a
ac77d83f3
ac18d82aa
abba18160
ab5bd8014
aafd97ec7
aa9fd7d78
aa4257c28
a9e557ad7
a98857984
a92bd7830
a8cfd76da
a873d7583
a8185742a
a7bd572d1
a76257175
a707d7019
a6ad96eba
a653d6d5b
a5fa56bfa
a5a116a98
a54856934
a4efd67cf
a497d6669
a43fd6502
a3e896399
a3915622e
a33a960c3
a2e455f56
a28e15de7
a23895c78
a1e315b07
a18e15995
a13995821
a0e5156ac
a09155536
a03d953bf
9fea95246
9f97950cc
9f4514f51
9ef314dd4
9ea154c57
9e4fd4ad8
9dfed4957
9dae547d6
9d5e14653
9d0e144cf
9cbe9434a
9c6f541c4
9c209403c
9bd213eb3
9b8413d29
9b3693b9e
9ae953a12
9a9c53884
9a4fd36f5
9a0393565
99b7d33d4
996c93242
9921930af
98d712f1a
988cd2d85
984312bee
97f992a56
97b0928bd
9767d2723
971f92587
96d7d23eb
96905224d
9649520af
960291f0f
95bc51d6e
957691bcc
953111a2a
94ec11886
94a7516e1
94631153a
941f51393
93dbd11eb
9398d1042
935650e98
931410ced
92d250b40
9290d0993
924fd07e5
920f50636
91cf10485
918f902d4
915010122
91114ff6f
90d2cfdbb
90948fc06
90570fa50
9019cf899
8fdd0f6e1
8fa08f528
8f648f36e
8f290f1b4
8eee0eff8
8eb34ee3c
8e790ec7e
8e3f4eac0
8e05ce901
8dccce741
8d944e580
8d5c4e3be
8d248e1fb
8ced4e038
8cb68de74
8c800dcae
8c4a0dae9
8c148d922
8bdf8d75a
8baacd592
8b76cd3c8
8b430d1fe
8b0f8d034
8adccce68
8aaa4cc9c
8a784cace
8a46cc900
8a158c732
89e50c562
89b4cc392
89850c1c1
89558bff0
8926cbe1d
88f84bc4a
88ca4ba76
889ccb8a2
886fcb6cd
88430b4f7
8816cb320
87eb0b149
87bfcaf71
87950ad99
876a8abbf
8740ca9e6
87174a80b
86ee4a630
86c58a454
869d8a278
8675ca09b
864ec9ebd
862809cdf
8601c9b00
85dbc9921
85b689741
859189561
856d4937f
85494919e
8525c8fbc
8502c8dd9
84e008bf6
84be08a12
849c4882e
847b08649
845a88464
843a0827e
841a48097
83fb07eb1
83dc47cc9
83bdc7ae2
839fc78f9
838247711
836547528
8348c733e
832cc7154
831146f6a
82f606d7f
82db86b94
82c1469a8
82a7867bc
828e865d0
8275c63e3
825d461f6
824586008
822e45e1a
821745c2c
820105a3d
81eb0584e
81d58565f
81c0c546f
81ac45280
81984508f
8184c4e9f
817184cae
815f04abd
814d048cb
813b446da
812a044e8
8119842f6
810944103
80f983f10
80ea43d1d
80db83b2a
80cd43937
80bf83743
80b20354f
80a54335b
809903167
808d02f73
808182d7e
8076c2b89
806c42995
80624279f
8058c25aa
804fc23b5
8047421bf
803f41fca
8037c1dd4
803081bde
802a019e8
8023c17f2
801e415fc
801901406
80148120f
801041019
800c80e23
800940c2c
800680a36
80044083f
800280648
800140452
80004025b
800040065
80007fe6e
8000ffc77
80023fa81
8003bf88a
8005bf693
80083f49d
800b7f2a6
800eff0b0
8012feeb9
80177ecc3
801c3eacd
8021be8d7
8027be6e1
802e3e4eb
8034fe2f5
803c7e0ff
80443df09
804c7dd14
80557db1e
805ebd929
80687d734
8072bd53f
807d7d34a
8088bd155
80943cf61
80a07cd6d
80ad3cb79
80ba3c985
80c7fc791
80d5fc59d
80e47c3aa
80f37c1b7
81033bfc4
81133bdd2
8123bbbdf
81347b9ed
8145fb7fc
8157fb60a
816a3b419
817d3b228
81907b037
81a43ae47
81b8bac57
81cd7aa67
81e2ba878
81f87a689
820e7a49a
82253a2ab
823c7a0bd
8253f9ed0
826bf9ce2
8284b9af5
829db9909
82b73971d
82d139531
82ebb9345
83067915a
8321f8f70
833db8d86
835a38b9c
8376f89b3
8394387ca
83b1f85e2
83d0383fa
83eeb8212
840df802b
842d77e45
844db7c5f
846e37a79
848f37894
84b0b76b0
84d2774cc
84f4f72e8
8517b7105
853b36f23
855ef6d41
858336b60
85a7f697f
85ccf679f
85f2b65bf
8618b63e0
863f36202
866676024
868db5e47
86b5b5c6a
86de35a8e
8706f58b3
8730356d8
8759f54fe
878435325
87aeb514c
87d9f4f74
880574d9c
883174bc5
885df49ef
888af481a
88b834645
88e5f4471
89143429d
8942f40cb
897233ef9
89a1b3d28
89d1b3b57
8a0233987
8a33337b9
8a64b35ea
8a967341d
8ac8b3250
8afb73084
8b2e72eb9
8b6232cef
8b9632b25
8bcab295c
8bff72794
8c34b25cd
8c6ab2407
8ca0b2242
8cd77207d
8d0e71eb9
8d45f1cf6
8d7df1b34
8db671973
8def317b2
8e28715f3
8e61f1434
8e9c31277
8ed6b10ba
8f1170efe
8f4cf0d43
8f88b0b89
8fc4f09cf
900170817
903eb0660
907c304a9
90b9f02f4
90f83013f
9136eff8c
91762fdd9
91b5afc28
91f5afa77
92362f8c8
9276ef719
92b82f56b
92f9af3bf
933bef213
937e2f068
93c12eebf
94046ed16
94482eb6f
948c2e9c8
94d0ae823
9515ae67e
955aee4db
95a06e339
95e6ae198
962d2dff7
9673ede58
96bb6dcba
9702edb1e
974b2d982
9793ad7e7
97dc6d64e
9825ad4b5
986f6d31e
98b96d188
9903ecff3
994eace5f
9999ecccc
99e56cb3b
9a316c9aa
9a7dac81b
9aca6c68d
9b17ac500
9b652c375
9bb2ec1ea
9c012c061
9c4febed9
9c9eebd52
9cee6bbcc
9d3e2ba48
9d8e2b8c5
9ddeab743
9e2fab5c2
9e80eb442
9ed26b2c4
9f246b147
9f76aafcb
9fc96ae51
a01c6acd8
a06feab60
a0c3aa9e9
a117ea874
a16c6a700
a1c12a58d
a2166a41c
a26bea2ac
a2c1ea13d
a31829fcf
a36ea9e63
a3c5a9cf8
a41ce9b8f
a474a9a27
a4cca98c0
a524e975a
7fffc0000
7fffc012e
7fffc025b
7fff40389
7ffe804b6
7ffdc05e4
7ffd00711
7ffbc083f
7ffa8096d
7ff900a9a
7ff740bc8
7ff580cf5
7ff380e23
7ff140f50
7fef0107e
7fec811ab
7fe9c12d8
7fe701406
7fe401533
7fe0c1660
7fdd4178e
7fd9c18bb
7fd6019e8
7fd201b15
7fce01c43
7fc9c1d70
7fc581e9d
7fc0c1fca
7fbc020f7
7fb702224
7fb202351
7facc247d
7fa7425aa
7fa1826d7
7f9bc2804
7f95c2930
7f8fc2a5d
7f8942b89
7f82c2cb6
7f7c42de2
7f7542f0f
7f6e4303b
7f6703167
7f5fc3293
7f58433bf
7f50834eb
7f4883617
7f4083743
7f384386f
7f300399b
7f2783ac6
7f1ec3bf2
7f15c3d1d
7f0cc3e49
7f0383f74
7efa0409f
7ef0441cb
7ee6842f6
7edc84421
7ed28454b
7ec844676
7ebdc47a1
7eb3048cb
7ea8449f6
7e9d44b20
7e9244c4b
7e86c4d75
7e7b44e9f
7e6fc4fc9
7e64050f3
7e57c521c
7e4bc5346
7e3f4546f
7e32c5599
7e26456c2
7e19457eb
7e0c45914
7dff05a3d
7df1c5b66
7de405c8f
7dd685db7
7dc885ee0
7dba86008
7dac46130
7d9dc6258
7d8f46380
7d80864a8
7d71865d0
7d62866f7
7d534681f
7d4406946
7d3446a6d
7d2486b94
7d1486cbb
7d0486de1
7cf446f08
7ce3c702e
7cd347154
7cc28727a
7cb1873a0
7ca0474c6
7c8f075eb
7c7dc7711
7c6c07836
7c5a4795b
7c4847a80
7c3647ba5
7c23c7cc9
7c1187dee
7bfec7f12
7bec08036
7bd90815a
7bc60827e
7bb2883a1
7b9f084c5
7b8b885e8
7b77c870b
7b63c882e
7b4f88950
7b3b48a73
7b26c8b95
7b1248cb7
7afd48dd9
7ae888efb
7ad34901c
7abe0913d
7aa88925f
7a92c937f
7a7d094a0
7a67095c1
7a51096e1
7a3a89801
7a2449921
7a0d89a41
79f6c9b60
79dfc9c7f
79c889d9e
79b149ebd
7999c9fdc
79824a0fa
796a8a219
79528a336
793a8a454
79220a572
7909ca68f
78f10a7ac
78d84a8c9
78bf4a9e6
78a64ab02
788d0ac1e
78738ad3a
785a0ae56
78404af71
78264b08c
780c4b1a7
77f20b2c2
77d78b3dd
77bd0b4f7
77a24b611
77874b72b
776c4b844
77510b95d
7735cba76
771a4bb8f
76fe8bca8
76e28bdc0
76c68bed8
76aa8bff0
768e0c107
76718c21e
76550c335
76380c44c
761b0c562
75fe0c679
75e08c78e
75c34c8a4
75a58c9b9
7587ccace
7569ccbe3
754bcccf8
752d8ce0c
750f0cf20
74f08d034
74d1cd147
74b2cd25a
7493cd36d
74748d47f
74554d592
74358d6a4
74160d7b5
73f60d8c7
73d60d9d8
73b60dae9
73958dbf9
73754dd09
73548de19
7333cdf29
7312ce038
72f1ce147
72d08e256
72af0e364
728d8e472
726bce580
7249ce68d
7227ce79a
7205ce8a7
71e34e9b4
71c0ceac0
719e4ebcc
717b4ecd7
71588ede3
71354eeed
71120eff8
70eecf102
70cb0f20c
70a74f316
70838f41f
705f8f528
703b4f631
70170f739
6ff28f841
6fcdcf948
6fa90fa50
6f840fb57
6f5f0fc5d
6f39cfd63
6f148fe69
6eeecff6f
6ec950074
6ea350179
6e7d5027d
6e5750382
6e3110485
6e0a90589
6de3d068c
6dbd1078f
6d9650891
6d6f50993
6d4810a95
6d20d0b96
6cf950c97
6cd190d98
6ca9d0e98
6c8210f98
6c59d1097
6c3191196
6c0951295
6be0d1393
6bb811491
6b8f5158f
6b665168c
6b3d51789
6b1411886
6aea91982
6ac111a7d
6a9791b79
6a6d91c74
6a43d1d6e
6a1991e68
69ef51f62
69c51205c
699a52155
696fd224d
6944d2346
691a1243d
68eed2535
68c39262c
689852723
686c92819
68411290f
681512a04
67e952af9
67bd12bee
6790d2ce2
676492dd6
673812ec9
670b52fbc
66de930af
66b1931a1
668493293
665753384
662a13475
65fc93565
65ced3656
65a113745
657313834
654513923
6516d3a12
64e893b00
64ba13bed
648b93cda
645cd3dc7
642e13eb3
63ff13f9f
63cfd408a
63a094175
637114260
63419434a
6311d4434
62e21451d
62b214606
6282146ee
6251d47d6
6221948bd
61f1149a4
61c094a8b
618fd4b71
615ed4c57
612dd4d3c
60fcd4e21
60cb54f05
609a14fe9
6068950cc
6036d51af
600515291
5fd315373
5fa115455
5f6ed5536
5f3c95617
5f0a156f7
5ed7957d7
5ea4d58b6
5e7215995
5e3f15a73
5e0c15b51
5dd8d5c2e
5da595d0b
5d7215de7
5d3e55ec3
5d0a95f9f
5cd6d607a
5ca2d6154
5c6ed622e
5c3a96308
5c06563e1
5bd1d64b9
5b9d16592
5b6856669
5b3396740
5afe96817
5ac9968ed
5a94569c3
5a5f16a98
5a2996b6d
59f3d6c41
59be56d15
598856de8
595296eba
591c56f8d
58e65705e
58afd7130
587997200
5842d72d1
580c573a0
57d59746f
579e9753e
57679760c
5730576da
56f9177a7
56c1d7874
568a57940
565297a0c
561ad7ad7
55e317ba1
55ab17c6c
557317d35
553ad7dfe
550297ec7
54ca17f8f
549198056
5458d811d
5420181e4
53e7582aa
53ae5836f
537518434
533bd84f8
5302985bc
52c918680
528f98742
5255d8805
521c188c6
51e258988
51a858a48
516e18b08
5133d8bc8
50f998c87
50bf18d46
508498e04
5049d8ec1
500f18f7e
4fd45903a
4f99590f6
4f5e191b1
4f22d926c
4ee799326
4eac193e0
4e7099499
4e3519552
4df95960a
4dbd596c1
4d8199778
4d455982e
4d09598e4
4ccd19999
4c9099a4e
4c5419b02
4c1799bb6
4bdad9c69
4b9e19d1b
4b6159dcd
4b2459e7e
4ae719f2f
4aa9d9fdf
4a6c9a08f
4a2f5a13e
49f1da1ed
49b41a29a
49769a348
49389a3f5
48fada4a1
48bcda54d
487e9a5f8
48409a6a2
48025a74c
47c3da7f6
47855a89e
4746da947
47081a9ee
46c95aa95
468a9ab3c
464b9abe2
460c5ac87
45cd5ad2c
458e1add0
454e9ae74
450f5af17
44cfdafb9
44901b05b
44505b0fc
44109b19d
43d09b23d
43909b2dc
43509b37b
43105b41a
42d01b4b7
428fdb554
424f5b5f1
420edb68d
41ce1b728
418d9b7c3
414c9b85d
410bdb8f7
40cadb990
4089dba28
40489bac0
40075bb57
3fc61bbed
3f849bc83
3f431bd19
3f019bdae
3ebfdbe42
3e7e1bed5
3e3c5bf68
3dfa5bffb
3db85c08c
3d761c11d
3d341c1ae
3cf1dc23e
3caf5c2cd
3c6d1c35c
3c2a9c3ea
3be7dc477
3ba51c504
3b625c590
3b1f9c61c
3adc9c6a7
3a99dc731
3a569c7bb
3a139c844
39d05c8cd
398cdc955
39499c9dc
39061ca63
38c29cae9
387edcb6e
383b5cbf3
37f79cc77
37b39ccfb
376f9cd7e
372b9ce00
36e79ce82
36a39cf03
365f5cf83
361b1d003
35d69d082
35921d101
354d9d17e
35091d1fc
34c45d278
347f9d2f4
343add370
33f61d3eb
33b11d465
336c1d4de
33271d557
32e1dd5cf
329c9d647
32575d6be
3211dd734
31cc9d7aa
31871d81f
31419d893
30fbdd907
30b61d97a
30705d9ec
302a9da5e
2fe49dacf
2f9eddb40
2f58ddbb0
2f129dc1f
2ecc9dc8d
2e865dcfb
2e401dd69
2df99ddd5
2db35de41
2d6cddead
2d265df17
2cdfddf81
2c991dfeb
2c525e054
2c0b9e0bc
2bc4de123
2b7dde18a
2b36de1f0
2aefde256
2aa8de2ba
2a61de31f
2a1a9e382
29d35e3e5
298c1e447
2944de4a9
28fd5e50a
28b5de56a
286e5e5ca
2826de629
27df1e687
27979e6e4
274fde741
27081e79e
26c01e7f9
26785e854
26305e8af
25e85e908
25a05e961
25585e9ba
25101ea11
24c7dea68
247f9eabf
24375eb14
23ef1eb69
23a69ebbe
235e1ec11
23159ec64
22cd1ecb7
22849ed08
223bded59
21f35edaa
21aa9edf9
2161dee48
21191ee96
20d01eee4
20875ef31
203e5ef7d
1ff55efc9
1fac5f014
1f631f05e
1f1a1f0a8
1ed0df0f1
1e879f139
1e3e5f181
1df51f1c8
1dabdf20e
1d629f253
1d191f298
1ccf9f2dd
1c861f320
1c3c9f363
1bf31f3a5
1ba99f3e7
1b5fdf428
1b161f468
1acc5f4a7
1a82df4e6
1a38df524
19ef1f562
19a55f59e
195b5f5da
19115f616
18c79f651
187d9f68b
18339f6c4
17e95f6fd
179f5f735
17555f76c
170b1f7a3
16c0df7d9
16769f80e
162c5f842
15e21f876
1597df8aa
154d9f8dc
15031f90e
14b8df93f
146e5f970
1423df99f
13d95f9ce
138edf9fd
13445fa2b
12f9dfa58
12af5fa84
12649fab0
121a1fadb
11cf5fb05
1184dfb2f
113a1fb58
10ef5fb80
10a49fba7
1059dfbce
100f1fbf4
fc41fc1a
f795fc3f
f2e9fc63
ee39fc86
e98dfca9
e4ddfccb
e02dfcec
db7dfd0d
d6cdfd2d
d21dfd4c
cd6dfd6b
c8bdfd89
c40dfda6
bf5dfdc3
baadfdde
b5f9fdfa
b149fe14
ac95fe2e
a7e5fe47
a331fe5f
9e7dfe77
99cdfe8e
9519fea4
9065feba
8bb1fecf
86fdfee3
8249fef6
7d95ff09
78e1ff1b
742dff2d
6f79ff3e
6ac5ff4e
6611ff5d
615dff6c
5ca5ff7a
57f1ff87
533dff94
4e85ffa0
49d1ffab
451dffb5
4065ffbf
3bb1ffc8
36f9ffd1
3245ffd9
2d8dffe0
28d9ffe6
2421ffec
1f6dfff1
1ab5fff5
15fdfff8
1149fffb
c91fffe
7ddffff
325ffff
ffe6dffff
ff9b9ffff
ff501fffe
ff04dfffc
feb95fff9
fe6e1fff6
fe229fff2
fdd71ffed
fd8bdffe8
fd405ffe2
fcf51ffdb
fca99ffd3
fc5e5ffcb
fc12dffc2
fbc79ffb9
fb7c5ffae
fb30dffa3
fae59ff98
fa9a1ff8b
fa4edff7e
fa039ff71
f9b85ff62
f96cdff53
f9219ff43
f8d65ff33
f88b1ff21
f83fdff0f
f7f49fefd
f7a95feea
f75e1fed6
f712dfec1
f6c79feab
f67c5fe95
f6315fe7f
f5e61fe67
f59adfe4f
f54fdfe36
f5049fe1d
f4b99fe02
f46e9fde8
f4235fdcc
f3d85fdb0
f38d5fd93
f3425fd75
f2f75fd57
f2ac5fd38
f2615fd18
f2165fcf7
f1cb5fcd6
f1805fcb4
f1359fc92
f0ea9fc6f
f09fdfc4b
f054dfc26
f00a1fc01
efbf5fbdb
ef749fbb4
ef29dfb8d
eedf1fb65
ee945fb3c
ee499fb13
edff1fae9
edb45fabe
ed69dfa93
ed1f1fa67
ecd49fa3a
ec8a1fa0c
ec3f9f9de
ebf51f9af
ebaa9f980
eb601f94f
eb15df91e
eacb5f8ed
ea811f8ba
ea36df887
e9ec9f854
e9a25f81f
e9581f7ea
e90ddf7b5
e8c39f77e
e8799f747
e82f5f70f
e7e55f6d7
e79b5f69e
e7515f664
e7075f629
e6bd5f5ee
e6739f5b2
e6299f576
e5dfdf539
e5961f4fb
e54c5f4bc
e5029f47d
e4b8df43d
e46f5f3fc
e4259f3bb
e3dc1f379
e3929f337
e3491f2f3
e2ff9f2af
e2b61f26b
e26cdf225
e2235f1df
e1da1f198
e190df151
e1479f109
e0fe9f0c0
e0b55f077
e06c5f02d
e0235efe2
dfda5ef97
df915ef4b
df485eefe
deff9eeb0
deb69ee62
de6ddee14
de251edc4
dddc5ed74
dd93ded23
dd4b1ecd2
dd029ec80
dcba1ec2d
dc719ebda
dc295eb85
dbe0deb31
db989eadb
db505ea85
db081ea2e
dac01e9d7
da77de97f
da2fde926
d9e7de8cd
d99fde872
d957de818
d9101e7bc
d8c85e760
d8809e704
d838de6a6
d7f15e648
d7a99e5e9
d7621e58a
d71a9e52a
d6d35e4c9
d68bde468
d6449e406
d5fd5e3a3
d5b61e340
d56f1e2dc
d527de277
d4e0de212
d499de1ac
d4531e146
d40c1e0de
d3c55e076
d37e9e00e
d3381dfa5
d2f15df3b
d2aadded0
d2645de65
d21ddddf9
d1d79dd8d
d1915dd20
d14b1dcb2
d104ddc44
d0beddbd5
d078ddb65
d032ddaf5
cfecdda84
cfa71da12
cf615d9a0
cf1b9d92d
ced5dd8ba
ce905d845
ce4add7d1
ce055d75b
cdc01d6e5
cd7a9d66e
cd355d5f7
ccf05d57f
ccab1d506
cc661d48d
cc211d413
cbdc5d399
cb975d31e
cb529d2a2
cb0e1d225
cac95d1a8
ca84dd12b
ca405d0ac
c9fc1d02d
c9b79cfae
c9735cf2e
c92f5cead
c8eb1ce2b
c8a71cda9
c8631cd26
c81f5cca3
c7db9cc1f
c797dcb9a
c7541cb15
c7109ca8f
c6cd1ca09
c6899c982
c6465c8fa
c6031c872
c5bfdc7e9
c57cdc75f
c539dc6d5
c4f6dc64a
c4b41c5bf
c4711c533
c42e9c4a6
c3ebdc419
c3a95c38b
c366dc2fd
c3249c26e
c2e25c1de
c2a01c14e
c25ddc0bd
c21bdc02b
c1d9dbf99
c1981bf06
c1565be73
c1149bddf
c0d2dbd4a
c0915bcb5
c04fdbc20
c00e9bb89
bfcd5baf2
bf8c1ba5b
bf4b1b9c2
bf0a1b92a
bec91b890
be885b7f6
be479b75c
be06db6c1
bdc65b625
bd85db589
bd455b4ec
bd051b44e
bcc4db3b0
bc84db311
bc44db272
bc04db1d2
bbc51b132
bb855b091
bb459afef
bb061af4d
bac69aeaa
ba875ae07
ba47dad63
ba08dacbe
b9c99ac19
b98a9ab73
b94bdaacd
b90d1aa26
b8ce5a97f
b88f9a8d6
b8511a82e
b812da785
b7d45a6db
b7961a631
b7581a586
b71a1a4da
b6dc1a42e
b69e5a382
b6609a2d4
b622da227
b5e55a178
b5a81a0c9
b56a9a01a
b52d59f6a
b4f059eb9
b4b359e08
b47659d56
b43999ca4
b3fcd9bf1
b3c059b3e
b38399a8a
b347599d6
b30b19921
b2ced986b
b292997b5
b256d96fe
b21ad9647
b1df1958f
b1a3594d7
b167d941e
b12c59364
b0f1192aa
b0b5d91f0
b07a99135
b03f99079
b00498fbd
afc9d8f00
af8f18e43
af5498d85
af1a18cc7
aedfd8c08
aea558b48
ae6b58a88
ae31589c8
adf758907
adbd98845
ad83d8783
ad4a186c1
ad10985fd
acd75853a
ac9e18476
ac64d83b1
ac2bd82ec
abf2d8226
abba18160
ab8158099
ab48d7fd1
ab1057f0a
aad817e41
aa9fd7d78
aa67d7caf
aa2fd7be5
a9f7d7b1a
a9c017a4f
a98857984
a950d78b8
a919577eb
a8e21771e
a8ab17651
a873d7583
a83d174b4
a806173e5
a7cf57316
a798d7246
a76257175
a72c170a4
a6f5d6fd3
a6bf96f01
a689d6e2e
a653d6d5b
a61e16c87
a5e896bb3
a5b316adf
7fffc0000
7fff802c0
7ffe0057f
7ffbc083f
7ff880aff
7ff440dbe
7fef0107e
7fe8c133d
7fe1c15fc
7fd9c18bb
7fd0c1b7a
7fc6c1e38
7fbc020f7
7fb0423b5
7fa382673
7f95c2930
7f8742bee
7f7782eab
7f6703167
7f55c3423
7f43436df
7f300399b
7f1bc3c56
7f0683f10
7ef0441cb
7ed944484
7ec14473d
7ea8449f6
7e8e84cae
7e7384f65
7e57c521c
7e3b454d3
7e1d85788
7dff05a3d
7ddf85cf2
7dbf45fa5
7d9dc6258
7d7b8650b
7d58867bc
7d3446a6d
7d0f46d1d
7ce946fcc
7cc28727a
7c9ac7528
7c72077d4
7c4847a80
7c1dc7d2b
7bf247fd5
7bc60827e
7b9888526
7b6a887cd
7b3b48a73
7b0b48d18
7ada48fbc
7aa88925f
7a75c9500
7a42097a1
7a0d89a41
79d809cdf
79a1c9f7c
796a8a219
79324a4b3
78f94a74d
78bf4a9e6
78848ac7d
7848caf13
780c4b1a7
77cecb43b
77904b6cd
77510b95d
77110bbed
76d00be7b
768e0c107
764b4c392
7607cc61c
75c34c8a4
757dccb2b
75378cdb0
74f08d034
74a88d2b6
745f8d536
74160d7b5
73cb8da33
73800dcae
7333cdf29
72e68e1a1
7298ce418
7249ce68d
71fa4e901
71a9ceb72
71588ede3
71064f051
70b34f2bd
705f8f528
700acf791
6fb54f9f8
6f5f0fc5d
6f080fec1
6eb010122
6e5750382
6dfd905df
6da35083b
6d4810a95
6cec10ced
6c8f50f42
6c3191196
6bd3513e8
6b7411638
6b1411886
6ab351ad1
6a51d1d1b
69ef51f62
698c521a8
6928523eb
68c39262c
685e1286b
67f7d2aa7
6790d2ce2
672912f1a
66c093150
665753384
65ed535b6
6582937e5
6516d3a12
64aa93c3c
643d93e65
63cfd408a
6361542ae
62f2144cf
6282146ee
62115490a
61a014b24
612dd4d3c
60bb14f51
604755163
5fd315373
5f5e15581
5ee85578c
5e7215995
5dfad5b9b
5d8315d9e
5d0a95f9f
5c919619d
5c1796399
5b9d16592
5b21d6788
5aa61697c
5a2996b6d
59ac56d5b
592e56f47
58afd7130
5830d7316
57b0d74f9
5730576da
56af578b8
562d97a93
55ab17c6c
552817e41
54a458014
5420181e4
539b583b1
5315d857b
528f98742
5208d8907
518198ac8
50f998c87
507118e43
4fe7d8ffc
4f5e191b1
4ed3d9364
4e48d9514
4dbd596c1
4d315986b
4ca4d9a12
4c1799bb6
4b89d9d56
4afb99ef4
4a6c9a08f
49dd5a227
494d5a3bb
48bcda54d
482bda6db
479a1a866
47081a9ee
46759ab73
45e25acf5
454e9ae74
44ba9afef
4425db167
43909b2dc
42fb1b44e
4264db5bd
41ce1b728
41371b890
409f5b9f5
40075bb57
3f6edbcb5
3ed5dbe10
3e3c5bf68
3da25c0bd
3d07dc20e
3c6d1c35c
3bd19c4a6
3b35dc5ed
3a99dc731
39fd1c872
39601c9af
38c29cae9
38249cc1f
37865cd52
36e79ce82
36489cfae
35a91d0d6
35091d1fc
3468dd31e
33c81d43c
33271d557
32859d66e
31e39d782
31419d893
309edd9a0
2ffc1daaa
2f58ddbb0
2eb51dcb2
2e111ddb1
2d6cddead
2cc81dfa5
2c231e099
2b7dde18a
2ad85e277
2a325e361
298c1e447
28e59e52a
283e9e609
27979e6e4
26f01e7bc
26485e891
25a05e961
24f81ea2e
244f5eaf8
23a69ebbe
22fd9ec80
22541ed3e
21aa9edf9
21009eeb0
20569ef64
1fac5f014
1f019f0c0
1e56df169
1dabdf20e
1d009f2af
1c551f34d
1ba99f3e7
1afd9f47d
1a519f510
19a55f59e
18f8df629
184c1f6b1
179f5f735
16f25f7b5
16451f831
1597df8aa
14ea5f91e
143cdf990
138edf9fd
12e11fa67
1232dfacc
1184dfb2f
10d65fb8d
1027dfbe8
f795fc3f
eca9fc92
e1bdfce1
d6cdfd2d
cbddfd75
c0edfdb9
b5f9fdfa
ab05fe36
a011fe6f
9519fea4
8a21fed6
7f29ff03
742dff2d
6935ff53
5e39ff75
533dff94
483dffae
3d41ffc5
3245ffd9
2745ffe8
1c45fff4
1149fffb
649ffff
ffb49ffff
ff04dfffc
fe54dfff5
fda4dffea
fcf51ffdb
fc451ffc8
fb955ffb2
fae59ff98
fa35dff7a
f9861ff58
f8d65ff33
f826dff09
f7771fedc
f6c79feab
f6185fe77
f568dfe3f
f4b99fe02
f40a5fdc3
f35b5fd7f
f2ac5fd38
f1fd5fcec
f14e9fc9e
f09fdfc4b
eff11fbf4
ef429fb9a
ee945fb3c
ede61fadb
ed381fa75
ec8a1fa0c
ebdc5f99f
eb2e9f92f
ea811f8ba
e9d3df842
e9269f7c7
e8799f747
e7cc9f6c4
e7201f63d
e6739f5b2
e5c75f524
e51b1f492
e46f5f3fc
e3c39f363
e3181f2c6
e26cdf225
e1c1df181
e116df0d9
e06c5f02d
dfc1def7d
df17deeca
de6ddee14
ddc45ed59
dd1adec9b
dc719ebda
dbc8deb14
db205ea4b
da77de97f
d9cfde8af
d9281e7db
d8809e704
d7d95e629
d7329e54a
d68bde468
d5e59e382
d53f9e299
d499de1ac
d3f49e0bc
d34f9dfc8
d2aadded0
d2069ddd5
d1629dcd7
d0beddbd5
d01b9dacf
cf789d9c6
ced5dd8ba
ce339d7aa
cd91dd696
ccf05d57f
cc4f1d465
cbae5d347
cb0e1d225
ca6e1d101
c9ce5cfd8
c92f5cead
c8909cd7e
c7f21cc4b
c7541cb15
c6b69c9dc
c6199c89f
c57cdc75f
c4e09c61c
c444dc4d5
c3a95c38b
c30e5c23e
c273dc0ed
c1d9dbf99
c1405be42
c0a75bce7
c00e9bb89
bf765ba28
bededb8c4
be479b75c
bdb0db5f1
bd1a9b483
bc84db311
bbef9b19d
bb5adb025
bac69aeaa
ba32dad2c
b99f9abaa
b90d1aa26
b87ada89e
b7e91a714
b7581a586
b6c79a3f5
b6375a261
b5a81a0c9
b51919f2f
b48a99d92
b3fcd9bf1
b36f99a4e
b2e2d98a8
b256d96fe
b1cb19552
b140193a2
b0b5d91f0
b02bd903a
afa2d8e82
af1a18cc7
ae9218b08
ae0a98947
ad83d8783
acfd985bc
ac77d83f3
abf2d8226
ab6e98056
aaead7e84
aa67d7caf
a9e557ad7
a963578fc
a8e21771e
a8619753e
a7e19735b
a76257175
a6e3d6f8d
a665d6da1
a5e896bb3
a56bd69c3
a4efd67cf
a474965d9
a3f9d63e1
a380161e6
a306d5fe8
a28e15de7
a21655be4
a19f159df
a128957d7
a0b2d55cc
a03d953bf
9fc9551af
9f5594f9d
9ee294d88
9e7054b71
9dfed4957
9d8e1473b
9d1e1451d
9cae942fc
9c40140d9
9bd213eb3
9b6513c8b
9af893a61
9a8d13834
9a2213606
99b7d33d4
994e931a1
98e5d2f6b
987e12d33
9816d2af9
97b0928bd
974b1267e
96e61243d
9682121fa
961ed1fb5
95bc51d6e
955ad1b25
94f9d18da
9499d168c
943a5143d
93dbd11eb
937e10f98
932150d42
92c510aeb
9269d0891
920f50636
91b5903d8
915cd0179
9104cff18
90ad8fcb5
90570fa50
90014f7e9
8fac8f580
8f58cf316
8f058f0aa
8eb34ee3c
8e61cebcc
8e114e95a
8dc18e6e7
8d728e472
8d248e1fb
8cd74df83
8c8acdd09
8c3f4da8e
8bf4cd810
8baacd592
8b620d311
8b19cd08f
8ad28ce0c
8a8c4cb87
8a46cc900
8a020c679
89be4c3ef
897b8c164
89398bed8
88f84bc4a
88b80b9bb
8878cb72b
883a4b499
87fc8b206
87bfcaf71
87840acdb
87490aa44
870f0a7ac
86d5ca513
869d8a278
866649fdc
862fc9d3f
85fa09aa1
85c589801
859189561
855ec92bf
852cc901c
84fbc8d78
84cb88ad4
849c4882e
846e08587
8440882df
841408036
83e887d8c
83bdc7ae2
839407836
836b4758a
8343472dc
831c4702e
82f606d7f
82d106acf
82acc681f
82898656d
8267062bb
824586008
822505d55
820585aa0
81e6c57eb
81c905536
81ac45280
819044fc9
817544d11
815b44a59
8142447a1
812a044e8
81130422e
80fc83f74
80e743cba
80d3039ff
80bf83743
80ad03487
809b431cb
808ac2f0f
807b02c52
806c42995
805e826d7
805182419
80458215b
803a81e9d
803081bde
80278191f
801f41660
8018013a1
8011c10e2
800c80e23
800800b63
8004c08a4
8002405e4
800080324
800040065
80007fda5
8001ffae5
8003ff825
80073f566
800b7f2a6
80107efe7
80167ed28
801d7ea68
80253e7a9
802e3e4eb
8037fe22c
8042bdf6e
804e3dcaf
805afd9f1
80687d734
8076fd477
80863d1ba
8096bcefd
80a7fcc41
80ba3c985
80cd7c6c9
80e17c40e
80f6bc153
810cbbe99
8123bbbdf
813b7b926
81543b66e
816dfb3b5
8188bb0fe
81a43ae47
81c0fab91
81de7a8db
81fcba626
821c3a371
823c7a0bd
825d79e0a
827fb9b58
82a2b98a6
82c6b95f5
82ebb9345
831179096
833838de8
835ff8b3a
83887888d
83b1f85e2
83dc78337
8407b808d
8433f7de3
846137b3b
848f37894
84be375ee
84edf7349
851ef70a5
855076e02
858336b60
85b6b68bf
85eb3661f
862076381
8656b60e3
868db5e47
86c5b5bac
86feb5912
873875679
8773353e2
87aeb514c
87eb34eb7
8828b4c23
8866f4991
88a5f4700
88e5f4471
8926f41e3
8968b3f56
89ab33ccb
89eef3a41
8a33337b9
8a7873532
8abeb32ac
8b0573028
8b4d72da6
8b9632b25
8bdfb28a6
8c2a32628
8c75723ac
8cc172132
8d0e71eb9
8d5c71c42
8daaf19cd
8dfa71759
8e4af14e7
8e9c31277
8eee31008
8f40f0d9b
8f94b0b30
8fe9308c7
903eb0660
9094b03fa
90ebb0197
9143aff35
919c2fcd5
91f5afa77
924fef81b
92ab2f5c1
9306ef369
9363af113
93c12eebf
941f6ec6d
947e6ea1d
94de6e7cf
953f2e583
95a06e339
9602ae0f1
9665edeab
96c9adc68
972e2da26
9793ad7e7
97f9ad5aa
9860ad36f
98c82d137
9930acf01
9999ecccc
9a03aca9b
9a6e6c86b
9ad9ec63e
9b462c413
9bb2ec1ea
9c20abfc4
9c8f2bda0
9cfe2bb7f
9d6e2b95f
9ddeab743
9e4feb528
9ec22b311
9f34eb0fb
9fa82aee8
a01c6acd8
a0916aaca
a106ea8bf
a17d2a6b6
a1f42a4af
a26bea2ac
a2e46a0aa
a35d69eac
a3d729cb0
a451a9ab6
a4cca98c0
a548696cc
a5c4e94da
a641e92eb
a6bfa90ff
a73e28f16
a7bd68d2f
a83d28b4c
a8bd6896a
a93e6878c
a9c0285b1
aa42683d8
aac568202
ab48e802f
abcd27e5e
ac51e7c91
acd767ac6
ad5d678fe
ade42773a
ae6b67578
aef3273b9
af7ba71fc
b004a7043
b08e66e8d
b118a6cda
b1a366b29
b22ee697c
b2bae67d2
b3476662a
b3d466486
b462262e5
b4f066147
b57f25fac
b60e65e13
b69e65c7e
b72ea5aed
b7bfa595e
b851257d2
b8e32564a
b975a54c4
ba08e5342
ba9c651c3
bb3065047
bbc524ece
bc5a24d59
bcefe4be6
bd85e4a77
be1c6490c
beb3a47a3
bf4b2463e
bfe3244db
c07ba437d
c114a4221
c1ae240c9
c247e3f74
c2e263e22
c37d23cd4
c41863b89
c4b423a41
c550238fd
c5eca37bc
c689a367e
c72723544
c7c4e340d
c863232da
c901e31aa
c9a0e307d
ca4062f54
cae062e2e
cb80a2d0c
cc2122bed
ccc222ad1
cd63a29b9
ce05628a5
cea7a2794
cf4a22686
cfece257c
d09022476
d133a2373
d1d7a2273
d27be2177
d3206207f
d3c561f8a
d46aa1e98
d51061daa
d5b621cc0
d65c61bd9
d702e1af6
d7a9a1a17
d850e193b
d8f821862
d99fe178e
da47e16bc
daf0215ef
db98a1525
dc416145e
dceaa139c
dd93e12dd
de3d61221
dee72116a
df91610b5
e03ba1005
e0e620f58
e190e0eaf
e23be0e09
e2e720d68
e392a0cc9
e43e20c2f
e4ea20b98
e59620b05
e64260a76
e6eee09ea
e79b60962
e848208de
e8f52085d
e9a2607e1
ea4fa0767
eafd206f2
ebaaa0680
ec5860613
ed06605a8
edb460542
ee62a04df
ef10e0480
efbf60425
f06de03cd
f11ca037a
f1cb6032a
f27a602de
f32960295
f3d860250
f487a020f
f536e01d2
f5e620199
f695a0163
f74520131
f7f4a0103
f8a4200d9
f953e00b2
fa03a008f
fab360070
fb6320055
fc12e003e
fcc2e002a
fd72a001a
fe22a000e
fed2a0006
ff8260001
3260001
e260003
1922000a
24220014
2f220023
3a1e0035
451e004b
501a0064
5b160082
661200a3
710e00c8
7c0600f1
86fe011d
91f6014d
9cee0181
a7e601b9
b2da01f5
bdce0234
c8be0277
d3ae02be
de9e0309
e98e0357
f47603a9
ff6203ff
10a4a0459
1152e04b6
120120517
12af6057c
135d605e5
140b20651
14b8e06c1
156660735
1613a07ac
16c0e0827
176de08a6
181ae0929
18c7a09af
197420a3a
1a2060ac7
1acc60b59
1b7860bee
1c2420c87
1ccfa0d23
1d7ae0dc4
1e2620e68
1ed0e0f0f
1f7ba0fba
2025e1069
20d02111c
217a211d2
2223e128c
22cd21349
23766140b
241f614cf
24c7e1598
257061664
261861733
26c021807
2767a18de
280ee19b8
28b5e1a96
295ca1b78
2a02e1c5d
2aa8e1d46
2b4ea1e32
2bf421f22
2c9922015
2d3de210c
2de262207
2e8662305
2f2a22406
2fcd6250b
307062614
311322720
31b56282f
325762942
32f8e2a59
339a22b73
343ae2c90
34db62db1
357b62ed5
361b22ffd
36ba63128
375923257
37f7a3389
3895a34be
3933235f7
39d063733
3a6d23873
3b09639b6
3ba523afc
3c40a3c45
3cdba3d92
3d7623ee3
3e1064036
3ea9e418d
3f43242e7
3fdbe4445
4074245a5
410be4709
41a324871
4239e49db
42d024b49
436624cba
43fb64e2e
449024fa5
452465120
45b86529d
464ba541e
46de655a2
4770a572a
4802658b4
489365a41
492425bd2
49b425d66
4a43e5efc
4ad2e6096
4b6166233
4bef263d3
4c7ca6576
4d096671c
4d95a68c5
4e2126a71
4eac26c20
4f36a6dd2
4fc0a6f87
5049e713f
50d2a72fa
515ae74b8
51e267678
52692783c
52efa7a03
537527bcc
53fa67d98
547ee7f67
5502a8139
5585e830e
5608684e6
568a686c0
570ba889d
578c68a7d
580c68c60
588ba8e45
590a6902d
598869218
5a05e9406
7fffc0000
7fffc0032
7fffc0065
7fffc0097
7fffc00c9
7fffc00fb
7fffc012e
7fffc0160
7fffc0192
7fffc01c4
7fffc01f7
7fffc0229
7fffc025b
7fff8028d
7fff802c0
7fff802f2
7fff80324
7fff40357
7fff40389
7fff403bb
7fff003ed
7fff00420
7ffec0452
7ffec0484
7ffe804b6
7ffe804e9
7ffe4051b
7ffe4054d
7ffe0057f
7ffe005b2
7ffdc05e4
7ffdc0616
7ffd80648
7ffd8067b
7ffd406ad
7ffd006df
7ffd00711
7ffcc0744
7ffc80776
7ffc407a8
7ffc407db
7ffc0080d
7ffbc083f
7ffb80871
7ffb408a4
7ffb008d6
7ffb00908
7ffac093a
7ffa8096d
7ffa4099f
7ffa009d1
7ff9c0a03
7ff980a36
7ff940a68
7ff900a9a
7ff8c0acc
7ff880aff
7ff840b31
7ff800b63
7ff780b95
7ff740bc8
7ff700bfa
7ff6c0c2c
7ff680c5e
7ff640c91
7ff5c0cc3
7ff580cf5
7ff540d27
7ff4c0d5a
7ff480d8c
7ff440dbe
7ff3c0df0
7ff380e23
7ff340e55
7ff2c0e87
7ff280eb9
7ff200eec
7ff1c0f1e
7ff140f50
7ff100f82
7ff080fb5
7ff040fe7
7fefc1019
7fef8104b
7fef0107e
7fee810b0
7fee410e2
7fedc1114
7fed41147
7fed01179
7fec811ab
7fec011dd
7feb8120f
7feb41242
7feac1274
7fea412a6
7fe9c12d8
7fe94130b
7fe8c133d
7fe88136f
7fe8013a1
7fe7813d4
7fe701406
7fe681438
7fe60146a
7fe58149c
7fe5014cf
7fe481501
7fe401533
7fe381565
7fe2c1598
7fe2415ca
7fe1c15fc
7fe14162e
7fe0c1660
7fe041693
7fdf816c5
7fdf016f7
7fde81729
7fde0175c
7fdd4178e
7fdcc17c0
7fdc417f2
7fdb81824
7fdb01857
7fda41889
7fd9c18bb
7fd9418ed
7fd88191f
7fd801952
7fd741984
7fd6c19b6
7fd6019e8
7fd581a1a
7fd4c1a4d
7fd401a7f
7fd381ab1
7fd2c1ae3
7fd201b15
7fd181b48
7fd0c1b7a
7fd001bac
7fcf81bde
7fcec1c10
7fce01c43
7fcd41c75
7fccc1ca7
7fcc01cd9
7fcb41d0b
7fca81d3d
7fc9c1d70
7fc901da2
7fc841dd4
7fc781e06
7fc6c1e38
7fc641e6b
7fc581e9d
7fc481ecf
7fc3c1f01
7fc301f33
7fc241f65
7fc181f98
7fc0c1fca
7fc001ffc
7fbf4202e
7fbe82060
7fbd82092
7fbcc20c5
7fbc020f7
7fbb42129
7fba8215b
7fb98218d
7fb8c21bf
7fb8021f2
7fb702224
7fb642256
7fb582288
7fb4822ba
7fb3c22ec
7fb2c231e
7fb202351
7fb102383
7fb0423b5
7faf423e7
7fae82419
7fad8244b
7facc247d
7fabc24b0
7faac24e2
7faa02514
7fa902546
7fa842578
7fa7425aa
7fa6425dc
7fa54260f
7fa482641
7fa382673
7fa2826a5
7fa1826d7
7fa082709
7f9fc273b
7f9ec276d
7f9dc279f
7f9cc27d2
7f9bc2804
7f9ac2836
7f99c2868
7f98c289a
7f97c28cc
7f96c28fe
7f95c2930
7f94c2962
7f93c2995
7f92c29c7
7f91c29f9
7f90c2a2b
7f8fc2a5d
7f8e82a8f
7f8d82ac1
7f8c82af3
7f8b82b25
7f8a82b57
7f8942b89
7f8842bbc
7f8742bee
7f8602c20
7f8502c52
7f8402c84
7f82c2cb6
7f81c2ce8
7f8082d1a
7f7f82d4c
7f7e82d7e
7f7d42db0
7f7c42de2
7f7b02e14
7f7a02e46
7f78c2e79
7f7782eab
7f7682edd
7f7542f0f
7f7442f41
7f7302f73
7f71c2fa5
7f70c2fd7
7f6f83009
7f6e4303b
7f6d0306d
7f6c0309f
7f6ac30d1
7f6983103
7f6843135
7f6703167
7f6603199
7f64c31cb
7f63831fd
7f624322f
7f6103261
7f5fc3293
7f5e832c5
7f5d432f7
7f5c03329
7f5ac335b
7f598338d
7f58433bf
7f57033f1
7f55c3423
7f5443455
7f5303487
7f51c34b9
7f50834eb
7f4f4351d
7f4e0354f
7f4c83581
7f4b435b3
7f4a035e5
7f4883617
7f4743649
7f460367b
7f44836ad
7f43436df
7f4203711
7f4083743
7f3f43775
7f3dc37a7
7f3c837d9
7f3b0380b
7f39c383d
7f384386f
7f37038a1
7f35838d3
7f3443905
7f32c3937
7f3143969
7f300399b
7f2e839cd
7f2d039ff
7f2bc3a31
7f2a43a63
7f28c3a94
7f2783ac6
7f2603af8
7f2483b2a
7f2303b5c
7f2183b8e
7f2003bc0
7f1ec3bf2
7f1d43c24
7f1bc3c56
7f1a43c88
7f18c3cba
7f1743cec
7f15c3d1d
7f1443d4f
7f12c3d81
7f1143db3
7f0fc3de5
7f0e43e17
7f0cc3e49
7f0b03e7b
7f0983ead
7f0803ede
7f0683f10
7f0503f42
7f0383f74
7f01c3fa6
7f0043fd8
7efec400a
7efd0403c
7efb8406e
7efa0409f
7ef8440d1
7ef6c4103
7ef544135
7ef384167
7ef204199
7ef0441cb
7eeec41fc
7eed0422e
7eeb84260
7ee9c4292
7ee8442c4
7ee6842f6
7ee504327
7ee344359
7ee18438b
7ee0043bd
7ede443ef
7edc84421
7edb04452
7ed944484
7ed7844b6
7ed6044e8
7ed44451a
7ed28454b
7ed0c457d
7ecf045af
7ecd845e1
7ecbc4613
7eca04644
7ec844676
7ec6846a8
7ec4c46da
7ec30470b
7ec14473d
7ebf8476f
7ebdc47a1
7ebc047d3
7eba44804
7eb884836
7eb6c4868
7eb50489a
7eb3048cb
7eb1448fd
7eaf8492f
7eadc4961
7eac04992
7eaa449c4
7ea8449f6
7ea684a28
7ea4c4a59
7ea2c4a8b
7ea104abd
7e9f44aef
7e9d44b20
7e9b84b52
7e99c4b84
7e97c4bb5
7e9604be7
7e9404c19
7e9244c4b
7e9044c7c
7e8e84cae
7e8c84ce0
7e8ac4d11
7e88c4d43
7e86c4d75
7e8504da6
7e8304dd8
7e8144e0a
7e7f44e3b
7e7d44e6d
7e7b44e9f
7e7984ed0
7e7784f02
7e7584f34
7e7384f65
7e71c4f97
7e6fc4fc9
7e6dc4ffa
7e6bc502c
7e69c505e
7e67c508f
7e65c50c1
7e64050f3
7e6205124
7e6005156
7e5e05187
7e5c051b9
7e5a051eb
7e57c521c
7e55c524e
7e53c5280
7e51c52b1
7e4fc52e3
7e4dc5314
7e4bc5346
7e49c5378
7e47853a9
7e45853db
7e438540c
7e418543e
7e3f4546f
7e3d454a1
7e3b454d3
7e3905504
7e3705536
7e3505567
7e32c5599
7e30c55ca
7e2e855fc
7e2c8562e
7e2a8565f
7e2845691
7e26456c2
7e24056f4
7e21c5725
7e1fc5757
7e1d85788
7e1b857ba
7e19457eb
7e170581d
7e150584e
7e12c5880
7e10858b1
7e0e858e3
7e0c45914
7e0a05946
7e07c5977
7e05c59a9
7e03859da
7e0145a0c
7dff05a3d
7dfcc5a6f
7dfa85aa0
7df845ad2
7df645b03
7df405b35
7df1c5b66
7def85b98
7ded45bc9
7deb05bfb
7de8c5c2c
7de685c5d
7de405c8f
7de1c5cc0
7ddf85cf2
7ddd45d23
7ddb05d55
7dd8c5d86
7dd685db7
7dd405de9
7dd1c5e1a
7dcf85e4c
7dcd45e7d
7dcac5eae
7dc885ee0
7dc645f11
7dc3c5f43
7dc185f74
7dbf45fa5
7dbcc5fd7
7dba86008
7db80603a
7db5c606b
7db34609c
7db1060ce
7dae860ff
7dac46130
7da9c6162
7da786193
7da5061c4
7da2c61f6
7da046227
7d9dc6258
7d9b8628a
7d99062bb
7d96862ec
7d944631e
7d91c634f
7d8f46380
7d8cc63b2
7d8a463e3
7d8806414
7d8586445
7d8306477
7d80864a8
7d7e064d9
7d7b8650b
7d790653c
7d768656d
7d740659e
7d71865d0
7d6f06601
7d6c86632
7d6a06663
7d6786695
7d65066c6
7d62866f7
7d6006728
7d5d8675a
7d5b0678b
7d58867bc
7d55c67ed
7d534681f
7d50c6850
7d4e46881
7d4b868b2
7d49068e3
7d4686915
7d4406946
7d4146977
7d3ec69a8
7d3c069d9
7d3986a0b
7d3706a3c
7d3446a6d
7d31c6a9e
7d2f06acf
7d2c86b00
7d29c6b31
7d2746b63
7d2486b94
7d2206bc5
7d1f46bf6
7d1c86c27
7d1a06c58
7d1746c89
7d1486cbb
7d1206cec
7d0f46d1d
7d0c86d4e
7d0a06d7f
7d0746db0
7d0486de1
7d01c6e12
7cff06e43
7cfc86e74
7cf9c6ea6
7cf706ed7
7cf446f08
7cf186f39
7ceec6f6a
7cec06f9b
7ce946fcc
7ce686ffd
7ce3c702e
7ce10705f
7cde47090
7cdb870c1
7cd8c70f2
7cd607123
7cd347154
7cd087185
7ccdc71b6
7ccac71e7
7cc807218
7cc547249
7cc28727a
7cbf872ab
7cbcc72dc
7cba0730d
7cb74733e
7cb44736f
7cb1873a0
7caec73d1
7cabc7402
7ca907433
7ca607464
7ca347495
7ca0474c6
7c9d874f7
7c9ac7528
7c97c7559
7c94c758a
7c92075bb
7c8f075eb
7c8c4761c
7c894764d
7c868767e
7c83876af
7c80876e0
7c7dc7711
7c7ac7742
7c77c7773
7c74c77a3
7c72077d4
7c6f07805
7c6c07836
7c6907867
7c6607898
7c63478c9
7c60478f9
7c5d4792a
7c5a4795b
7c574798c
7c54479bd
7c51479ee
7c4e47a1e
7c4b47a4f
7c4847a80
7c4547ab1
7c4247ae2
7c3f47b12
7c3c47b43
7c3947b74
7c3647ba5
7c3307bd6
7c3007c06
7c2d07c37
7c2a07c68
7c2707c99
7c23c7cc9
7c20c7cfa
7c1dc7d2b
7c1ac7d5c
7c1787d8c
7c1487dbd
7c1187dee
7c0e47e1f
7c0b47e4f
7c0807e80
7c0507eb1
7c0207ee1
7bfec7f12
7bfbc7f43
7bf887f73
7bf587fa4
7bf247fd5
7bef48005
7bec08036
7be8c8067
7be5c8097
7be2880c8
7bdf480f9
7bdc48129
7bd90815a
7bd5c818b
7bd2c81bb
7bcf881ec
7bcc4821d
7bc90824d
7bc60827e
7bc2c82ae
7bbf882df
7bbc48310
7bb908340
7bb5c8371
7bb2883a1
7baf483d2
7bac08402
7ba8c8433
7ba588464
7ba248494
7b9f084c5
7b9bc84f5
7b9888526
7b9548556
7b9208587
7b8ec85b7
7b8b885e8
7b8848618
7b8508649
7b8188679
7b7e486aa
7b7b086da
7b77c870b
7b744873b
7b710876c
7b6dc879c
7b6a887cd
7b67087fd
7b63c882e
7b604885e
7b5d0888f
7b59c88bf
7b56488ef
7b5308920
7b4f88950
7b4c48981
7b48c89b1
7b45889e2
7b4208a12
7b3ec8a42
7b3b48a73
7b37c8aa3
7b3488ad4
7b3108b04
7b2dc8b34
7b2a48b65
7b26c8b95
7b2348bc5
7b2008bf6
7b1c88c26
7b1908c56
7b1588c87
7b1248cb7
7b0ec8ce7
7b0b48d18
7b07c8d48
7b0448d78
7b00c8da9
7afd48dd9
7af9c8e09
7af688e3a
7af308e6a
7aef88e9a
7aec08eca
7ae888efb
7ae4c8f2b
7ae148f5b
7addc8f8b
7ada48fbc
7ad6c8fec
7ad34901c
7acfc904c
7acc4907d
7ac8890ad
7ac5090dd
7ac18910d
7abe0913d
7aba4916e
7ab6c919e
7ab3491ce
7aafc91fe
7aac0922e
7aa88925f
7aa4c928f
7aa1492bf
7a9dc92ef
7a9a0931f
7a968934f
7a92c937f
7a8f493b0
7a8b893e0
7a8809410
7a8449440
7a80c9470
7a7d094a0
7a79494d0
7a75c9500
7a7209530
7a6e89561
7a6ac9591
7a67095c1
7a63495f1
7a5fc9621
7a5c09651
7a5849681
7a54896b1
7a51096e1
7a4d49711
7a4989741
7a45c9771
7a42097a1
7a3e497d1
7a3a89801
7a3709831
7a3349861
7a2f89891
7a2bc98c1
7a28098f1
7a2449921
7a2089951
7a1c89981
7a18c99b1
7a15099e1
7a1149a11
7a0d89a41
7a09c9a71
7a0609aa1
7a0249ad0
79fe49b00
79fa89b30
79f6c9b60
79f309b90
79ef09bc0
79eb49bf0
79e789c20
79e389c50
79dfc9c7f
79dc09caf
79d809cdf
79d449d0f
79d049d3f
79cc89d6f
79c889d9e
79c4c9dce
79c109dfe
79bd09e2e
79b909e5e
79b549e8e
79b149ebd
79ad89eed
79a989f1d
79a589f4d
79a1c9f7c
799dc9fac
7999c9fdc
79960a00c
79920a03b
798e0a06b
798a4a09b
79864a0cb
79824a0fa
797e4a12a
797a4a15a
79764a189
79728a1b9
796e8a1e9
796a8a219
79668a248
79628a278
795e8a2a8
795a8a2d7
79568a307
79528a336
794e8a366
794a8a396
79468a3c5
79428a3f5
793e8a425
793a8a454
79364a484
79324a4b3
792e4a4e3
792a4a513
79264a542
79220a572
791e0a5a1
791a0a5d1
79160a600
7911ca630
790dca660
7909ca68f
79058a6bf
79018a6ee
78fd8a71e
78f94a74d
78f54a77d
78f10a7ac
78ed0a7dc
78e8ca80b
78e4ca83b
78e08a86a
78dc8a89a
78d84a8c9
78d44a8f8
78d00a928
78cbca957
78c7ca987
78c38a9b6
78bf4a9e6
78bb4aa15
78b70aa44
78b2caa74
78ae8aaa3
78aa8aad3
78a64ab02
78a20ab31
789dcab61
7899cab90
78958abbf
78914abef
788d0ac1e
7888cac4d
78848ac7d
78804acac
787c0acdb
7877cad0b
78738ad3a
786f4ad69
786b0ad99
7866cadc8
78628adf7
785e4ae27
785a0ae56
7855cae85
78518aeb4
784d0aee4
7848caf13
78448af42
78404af71
783c0afa0
78378afd0
78334afff
782f0b02e
782a8b05d
78264b08c
78220b0bc
781d8b0eb
78194b11a
78150b149
78108b178
780c4b1a7
7807cb1d7
78038b206
77ff0b235
77facb264
77f64b293
77f20b2c2
77ed8b2f1
77e94b320
77e4cb34f
77e04b37f
77dc0b3ae
77d78b3dd
77d34b40c
77cecb43b
77ca4b46a
77c5cb499
77c18b4c8
77bd0b4f7
77b88b526
77b40b555
77afcb584
77ab4b5b3
77a6cb5e2
77a24b611
779dcb640
77994b66f
7794cb69e
77904b6cd
778bcb6fc
77874b72b
7782cb75a
777e4b789
7779cb7b7
77754b7e6
7770cb815
776c4b844
7767cb873
77634b8a2
775ecb8d1
775a4b900
7755cb92f
77510b95d
774c8b98c
77480b9bb
77438b9ea
773ecba19
773a4ba48
7735cba76
77314baa5
772c8bad4
77280bb03
77234bb32
771ecbb60
771a4bb8f
77158bbbe
77110bbed
770c4bc1b
7707cbc4a
77030bc79
76fe8bca8
76f9cbcd6
76f54bd05
76f08bd34
76ec0bd63
76e74bd91
76e28bdc0
76de0bdef
76d94be1d
76d48be4c
76d00be7b
76cb4bea9
76c68bed8
76c20bf07
76bd4bf35
76b88bf64
76b3cbf92
76af0bfc1
76aa8bff0
76a5cc01e
76a10c04d
769c4c07b
76978c0aa
7692cc0d9
768e0c107
76894c136
76848c164
767fcc193
767b0c1c1
76764c1f0
76718c21e
766ccc24d
76680c27b
76634c2aa
765e8c2d8
7659cc307
76550c335
76500c364
764b4c392
76468c3c1
7641cc3ef
763ccc41e
76380c44c
76334c47a
762e8c4a9
76298c4d7
7624cc506
76200c534
761b0c562
76164c591
76114c5bf
760c8c5ed
7607cc61c
7602cc64a
75fe0c679
75f90c6a7
75f44c6d5
75ef4c703
75ea8c732
75e58c760
75e08c78e
75dbcc7bd
75d6cc7eb
75d20c819
75cd0c847
75c80c876
75c34c8a4
75be4c8d2
75b94c900
75b44c92f
75af8c95d
75aa8c98b
75a58c9b9
75a08c9e8
759b8ca16
7596cca44
7591cca72
758cccaa0
7587ccace
7582ccafd
757dccb2b
7578ccb59
7573ccb87
756eccbb5
7569ccbe3
7564ccc11
755fccc3f
755accc6d
7555ccc9c
7550cccca
754bcccf8
7546ccd26
75418cd54
753c8cd82
75378cdb0
75328cdde
752d8ce0c
75284ce3a
75234ce68
751e4ce96
75194cec4
75140cef2
750f0cf20
750a0cf4e
7504ccf7c
74ffccfaa
74faccfd8
74f58d006
74f08d034
74eb4d061
74e64d08f
74e10d0bd
74dc0d0eb
74d6cd119
74d1cd147
74cc8d175
74c78d1a3
74c24d1d1
74bd0d1fe
74b80d22c
74b2cd25a
74ad8d288
74a88d2b6
74a34d2e3
749e0d311
74990d33f
7493cd36d
748e8d39b
74894d3c8
74844d3f6
747f0d424
7479cd452
74748d47f
746f4d4ad
746a0d4db
7464cd509
745f8d536
745a8d564
74554d592
74500d5bf
744acd5ed
74458d61b
74404d648
743b0d676
74358d6a4
74304d6d1
742b0d6ff
7425cd72c
74208d75a
741b4d788
74160d7b5
7410cd7e3
740b4d810
74060d83e
7400cd86c
73fb8d899
73f60d8c7
73f0cd8f4
73eb8d922
73e60d94f
73e0cd97d
73db8d9aa
73d60d9d8
73d0cda05
73cb8da33
73c60da60
73c0cda8e
73bb4dabb
73b60dae9
73b08db16
73ab4db43
73a5cdb71
73a08db9e
739b0dbcc
73958dbf9
73904dc26
738acdc54
73858dc81
73800dcae
737a8dcdc
73754dd09
736fcdd37
736a4dd64
7364cdd91
735f8ddbe
735a0ddec
73548de19
734f0de46
73498de74
73444dea1
733ecdece
73394defb
7333cdf29
732e4df56
7328cdf83
73234dfb0
731dcdfde
73184e00b
7312ce038
730d4e065
7307ce092
73024e0bf
72fcce0ed
72f74e11a
72f1ce147
72ec4e174
72e68e1a1
72e10e1ce
72db8e1fb
72d60e229
72d08e256
72cace283
72c54e2b0
72bfce2dd
72ba4e30a
72b48e337
72af0e364
72a98e391
72a3ce3be
729e4e3eb
7298ce418
72930e445
728d8e472
7287ce49f
72824e4cc
727c8e4f9
72770e526
72714e553
726bce580
72660e5ad
72608e5da
725ace607
72554e633
724f8e660
7249ce68d
72444e6ba
723e8e6e7
7238ce714
72334e741
722d8e76e
7227ce79a
72224e7c7
721c8e7f4
7216ce821
72110e84e
720b4e87a
7205ce8a7
72000e8d4
71fa4e901
71f48e92d
71eece95a
71e90e987
71e34e9b4
71dd8e9e0
71d7cea0d
71d20ea3a
71cc4ea67
71c68ea93
71c0ceac0
71bb0eaed
71b54eb19
71af8eb46
71a9ceb72
71a40eb9f
719e4ebcc
71988ebf8
71928ec25
718ccec52
71870ec7e
71814ecab
717b4ecd7
71758ed04
716fced30
716a0ed5d
71640ed89
715e4edb6
71588ede3
71528ee0f
714ccee3c
71470ee68
71410ee94
713b4eec1
71354eeed
712f8ef1a
71298ef46
7123cef73
711dcef9f
71180efcc
71120eff8
710c4f024
71064f051
71004f07d
70fa8f0aa
70f48f0d6
70eecf102
70e8cf12f
70e2cf15b
70dccf187
70d70f1b4
70d10f1e0
70cb0f20c
70c50f238
70bf4f265
70b94f291
70b34f2bd
70ad4f2ea
70a74f316
70a18f342
709b8f36e
70958f39a
708f8f3c7
70898f3f3
70838f41f
707d8f44b
70778f477
70718f4a4
706b8f4d0
70658f4fc
705f8f528
70598f554
70538f580
704d8f5ac
70474f5d8
70414f604
703b4f631
70354f65d
702f4f689
70290f6b5
70230f6e1
701d0f70d
70170f739
7010cf765
700acf791
7004cf7bd
6ffecf7e9
6ff88f815
6ff28f841
6fec4f86d
6fe64f899
6fe04f8c5
6fda0f8f1
6fd40f91c
6fcdcf948
6fc7cf974
6fc18f9a0
6fbb8f9cc
6fb54f9f8
6faf4fa24
6fa90fa50
6fa30fa7b
6f9ccfaa7
6f968fad3
6f908faff
6f8a4fb2b
6f840fb57
6f7e0fb82
6f77cfbae
6f718fbda
6f6b8fc06
6f654fc31
6f5f0fc5d
6f58cfc89
6f528fcb5
6f4c8fce0
6f464fd0c
6f400fd38
6f39cfd63
6f338fd8f
6f2d4fdbb
6f270fde6
6f20cfe12
6f1a8fe3e
6f148fe69
6f0e4fe95
6f080fec1
6f01cfeec
6efb4ff18
6ef50ff43
6eeecff6f
6ee88ff9a
6ee24ffc6
6edc0fff1
6ed5d001d
6ecf90049
6ec950074
6ec2d00a0
6ebc900cb
6eb6500f7
6eb010122
6ea9d014d
6ea350179
6e9d101a4
6e96d01d0
6e90501fb
6e8a10227
6e83d0252
6e7d5027d
6e77102a9
6e70902d4
6e6a50300
6e641032b
6e5d90356
6e5750382
6e50d03ad
6e4a903d8
6e4410404
6e3dd042f
6e375045a
6e3110485
6e2a904b1
6e24104dc
6e1dd0507
6e1750532
6e10d055e
6e0a90589
6e04105b4
6dfd905df
6df75060a
6df0d0636
6dea50661
6de3d068c
6ddd906b7
6dd7106e2
6dd09070d
6dca10738
6dc390764
6dbd1078f
6db6d07ba
6db0507e5
6da9d0810
6da35083b
6d9cd0866
6d9650891
6d8fd08bc
6d89508e7
6d82d0912
6d7c5093d
6d75d0968
6d6f50993
6d68d09be
6d62509e9
6d5bd0a14
6d5510a3f
6d4e90a6a
6d4810a95
6d4190ac0
6d3b10aeb
6d3450b15
6d2dd0b40
6d2750b6b
6d20d0b96
6d1a10bc1
6d1390bec
6d0d10c17
6d0690c41
6cffd0c6c
6cf950c97
6cf290cc2
6cec10ced
6ce590d17
6cded0d42
6cd850d6d
6cd190d98
6ccb10dc2
6cc450ded
6cbdd0e18
6cb710e42
6cb090e6d
6ca9d0e98
6ca350ec2
6c9c90eed
6c95d0f18
6c8f50f42
6c8890f6d
6c8210f98
6c7b50fc2
6c7490fed
6c6dd1017
6c6751042
6c609106d
6c59d1097
6c53110c2
6c4c910ec
6c45d1117
6c3f11141
6c385116c
6c3191196
6c2b111c1
6c24511eb
6c1d91216
6c16d1240
6c101126b
6c0951295
6c02912bf
6bfbd12ea
6bf511314
6bee5133f
6be791369
6be0d1393
6bda113be
6bd3513e8
6bcc91412
6bc5d143d
6bbed1467
6bb811491
6bb1514bc
6baa914e6
6ba3d1510
6b9d1153a
6b9611565
6b8f5158f
6b88915b9
6b81d15e3
6b7ad160e
6b7411638
6b6d51662
6b665168c
6b5f916b6
6b58d16e1
6b51d170b
6b4b11735
6b441175f
6b3d51789
6b36517b3
6b2f917dd
6b28d1807
6b21d1831
6b1b1185c
6b1411886
6b0d118b0
6b06518da
6aff51904
6af89192e
6af191958
6aea91982
6ae3d19ac
6adcd19d6
6ad5d1a00
6acf11a2a
6ac811a53
6ac111a7d
6aba51aa7
6ab351ad1
6aac51afb
6aa551b25
6a9e51b4f
6a9791b79
6a9091ba3
6a8991bcc
6a8291bf6
6a7b91c20
6a7491c4a
6a6d91c74
6a6691c9d
6a5fd1cc7
6a58d1cf1
6a51d1d1b
6a4ad1d45
6a43d1d6e
6a3cd1d98
6a3591dc2
6a2e91deb
6a2791e15
6a2091e3f
6a1991e68
6a1291e92
6a0b91ebc
6a0491ee5
69fd91f0f
69f651f39
69ef51f62
69e851f8c
69e151fb5
69da11fdf
69d312009
69cc12032
69c51205c
69bdd2085
69b6d20af
69afd20d8
69a892102
69a19212b
699a52155
69935217e
698c521a8
6985121d1
697e121fa
6976d2224
696fd224d
696892277
6961922a0
695a522c9
6953522f3
694c1231c
6944d2346
693dd236f
693692398
692f923c2
6928523eb
692112414
691a1243d
6912d2467
690b92490
6904524b9
68fd524e2
68f61250c
68eed2535
68e79255e
68e092587
68d9525b0
68d2125da
68cad2603
68c39262c
68bc52655
68b51267e
68add26a7
68a6926d0
689f926f9
689852723
68911274c
6889d2775
68829279e
687b527c7
6873d27f0
686c92819
686552842
685e1286b
6856d2894
684f928bd
6848528e6
68411290f
6839d2938
683252960
682b12989
6823d29b2
681c929db
681512a04
680dd2a2d
680692a56
67ff52a7f
67f7d2aa7
67f092ad0
67e952af9
67e1d2b22
67da92b4b
67d352b73
67cbd2b9c
67c492bc5
67bd12bee
67b5d2c16
67ae52c3f
67a712c68
679f92c91
679852cb9
6790d2ce2
678992d0b
678212d33
677ad2d5c
677352d85
676bd2dad
676492dd6
675d12dfe
675592e27
674e52e4f
6746d2e78
673f52ea1
673812ec9
673092ef2
672912f1a
672192f43
671a52f6b
6712d2f94
670b52fbc
6703d2fe5
66fc5300d
66f513035
66ed9305e
66e613086
66de930af
66d7130d7
66cf930ff
66c813128
66c093150
66b913179
66b1931a1
66aa131c9
66a2931f2
669b1321a
669393242
668c1326a
668493293
667d132bb
6675932e3
666dd330b
666653334
665ed335c
665753384
664fd33ac
6648533d4
6640933fd
663913425
66319344d
662a13475
66225349d
661ad34c5
6613534ed
660b93515
66041353d
65fc93565
65f4d358d
65ed535b6
65e5935de
65de13606
65d65362e
65ced3656
65c75367e
65bf936a5
65b8136cd
65b0536f5
65a8d371d
65a113745
65995376d
6591d3795
658a137bd
6582937e5
657ad380d
657313834
656b9385c
6563d3884
655c138ac
6554938d4
654cd38fb
654513923
653d5394b
6535d3973
652e1399b
6526539c2
651e939ea
6516d3a12
650f53a39
650793a61
64ffd3a89
64f813ab0
64f053ad8
64e893b00
64e0d3b27
64d913b4f
64d153b76
64c993b9e
64c1d3bc6
64ba13bed
64b253c15
64aa93c3c
64a2d3c64
649b13c8b
649353cb3
648b93cda
6483d3d02
647c13d29
647453d51
646c53d78
646493da0
645cd3dc7
645513dee
644d53e16
644553e3d
643d93e65
6435d3e8c
642e13eb3
642613edb
641e53f02
641693f29
640e93f51
6406d3f78
63ff13f9f
63f713fc6
63ef53fee
63e754015
63df9403c
63d794063
63cfd408a
63c8140b2
63c0140d9
63b854100
63b054127
63a89414e
63a094175
63989419d
6390d41c4
6388d41eb
638114212
637914239
637114260
636954287
6361542ae
6359542d5
6351942fc
634994323
63419434a
633994371
6331d4398
6329d43bf
6321d43e6
6319d440d
6311d4434
630a1445b
630214481
62fa144a8
62f2144cf
62ea144f6
62e21451d
62da14544
62d21456b
62ca14591
62c2145b8
62ba145df
62b214606
62aa1462c
62a214653
629a1467a
6292146a1
628a146c7
6282146ee
627a14715
62721473b
626a14762
626214789
6259d47af
6251d47d6
6249d47fc
6241d4823
6239d484a
623194870
622994897
6221948bd
6219948e4
62115490a
620954931
620154957
61f91497e
61f1149a4
61e9149cb
61e0d49f1
61d8d4a18
61d094a3e
61c894a64
61c094a8b
61b854ab1
61b054ad8
61a814afe
61a014b24
6197d4b4b
618fd4b71
618794b97
617f54bbe
617754be4
616f14c0a
616714c30
615ed4c57
615694c7d
614e94ca3
614654cc9
613e14cef
613614d16
612dd4d3c
612594d62
611d94d88
611554dae
610d14dd4
6104d4dfa
60fcd4e21
60f494e47
60ec54e6d
60e414e93
60dbd4eb9
60d394edf
60cb54f05
60c354f2b
60bb14f51
60b2d4f77
60aa94f9d
60a254fc3
609a14fe9
6091d500f
608995035
60815505a
607915080
6070d50a6
6068950cc
6060550f2
605815118
604f9513e
604755163
603f15189
6036d51af
602e951d5
6026551fb
601e15220
601595246
600d5526c
600515291
5ffcd52b7
5ff4552dd
5fec15302
5fe3d5328
5fdb9534e
5fd315373
5fcad5399
5fc2953bf
5fba153e4
5fb1d540a
5fa95542f
5fa115455
5f98d547b
5f90554a0
5f88154c6
5f7f954eb
5f7755511
5f6ed5536
5f669555c
5f5e15581
5f55d55a6
5f4d555cc
5f45155f1
5f3c95617
5f341563c
5f2bd5661
5f2355687
5f1b156ac
5f12956d2
5f0a156f7
5f01d571c
5ef955741
5ef0d5767
5ee85578c
5ee0157b1
5ed7957d7
5ecf157fc
5ec695821
5ebe55846
5eb5d586b
5ead55891
5ea4d58b6
5e9c558db
5e93d5900
5e8b95925
5e831594a
5e7a9596f
5e7215995
5e69959ba
5e61159df
5e5895a04
5e5015a29
5e4795a4e
5e3f15a73
5e3695a98
5e2e15abd
5e2595ae2
5e1d15b07
5e1495b2c
5e0c15b51
5e0395b76
5dfad5b9b
5df255bbf
5de9d5be4
5de155c09
5dd8d5c2e
5dd055c53
5dc795c78
5dbf15c9d
5db695cc1
5dae15ce6
5da595d0b
5d9cd5d30
5d9455d54
5d8bd5d79
5d8315d9e
5d7a95dc3
5d7215de7
5d6955e0c
5d60d5e31
5d5855e55
5d4f95e7a
5d4715e9f
5d3e55ec3
5d35d5ee8
5d2d15f0c
5d2495f31
5d1bd5f56
5d1355f7a
5d0a95f9f
5d0215fc3
5cf955fe8
5cf0d600c
5ce816031
5cdf96055
5cd6d607a
5cce1609e
5cc5960c3
5cbcd60e7
5cb45610b
5cab96130
5ca2d6154
5c9a16179
5c919619d
5c88d61c1
5c80161e6
5c779620a
5c6ed622e
5c6616253
5c5d56277
5c549629b
5c4c162bf
5c43562e4
5c3a96308
5c31d632c
5c2916350
5c2056374
5c1796399
5c0ed63bd
5c06563e1
5bfd96405
5bf4d6429
5bec1644d
5be356471
5bda96495
5bd1d64b9
5bc9164de
5bc056502
5bb796526
5bae9654a
5ba5d656e
5b9d16592
5b94565b6
5b8b965d9
5b82d65fd
5b7a16621
5b7156645
5b6856669
5b5f9668d
5b56d66b1
5b4e166d5
5b45566f9
5b3c5671c
5b3396740
5b2ad6764
5b21d6788
5b19167ac
5b10567cf
5b07967f3
5afe96817
5af5d683b
5aecd685e
5ae416882
5adb568a6
5ad2568c9
5ac9968ed
5ac096911
5ab7d6934
5aaed6958
5aa61697c
5a9d1699f
5a94569c3
5a8b569e6
5a8296a0a
5a7996a2d
5a70d6a51
5a67d6a74
5a5f16a98
5a5616abb
5a4d16adf
5a4456b02
5a3b56b26
5a3256b49
5a2996b6d
5a2096b90
5a1796bb3
5a0ed6bd7
5a05d6bfa
59fcd6c1e
59f3d6c41
59eb16c64
59e216c87
59d916cab
59d016cce
59c716cf1
59be56d15
59b556d38
59ac56d5b
59a356d7e
599a56da1
599156dc5
598856de8
597f56e0b
597656e2e
596d96e51
596496e74
595b96e97
595296eba
594996ede
594096f01
593796f24
592e56f47
592556f6a
591c56f8d
591356fb0
590a56fd3
590156ff6
58f857019
58ef5703b
58e65705e
58dd17081
58d4170a4
58cb170c7
58c2170ea
58b91710d
58afd7130
58a6d7152
589dd7175
5894d7198
588b971bb
5882971de
587997200
587057223
586757246
585e57268
58551728b
584c172ae
5842d72d1
5839d72f3
5830d7316
582797338
581e9735b
58155737e
580c573a0
5803173c3
57fa173e5
57f0d7408
57e7d742a
57de9744d
57d59746f
57cc57492
57c3174b4
57ba174d7
57b0d74f9
57a7d751c
579e9753e
579557561
578c57583
5783175a5
5779d75c8
5770d75ea
57679760c
575e5762f
575517651
574c17673
5742d7696
5739976b8
5730576da
5727576fc
571e1771e
5714d7741
570b97763
570257785
56f9177a7
56efd77c9
56e6d77eb
56dd9780e
56d457830
56cb17852
56c1d7874
56b897896
56af578b8
56a6178da
569cd78fc
56939791e
568a57940
568117962
5677d7984
566e979a6
5665579c8
565bd79ea
565297a0c
564957a2e
564017a4f
5636d7a71
562d97a93
562457ab5
561ad7ad7
561197af9
560857b1a
55ff17b3c
55f5d7b5e
55ec57b80
55e317ba1
55d9d7bc3
55d057be5
55c717c07
55bdd7c28
55b497c4a
55ab17c6c
55a1d7c8d
559857caf
558f17cd0
5585d7cf2
557c57d14
557317d35
556997d57
556057d78
555717d9a
554d97dbb
554457ddd
553ad7dfe
553197e20
552817e41
551ed7e63
551557e84
550bd7ea5
550297ec7
54f917ee8
54efd7f0a
54e657f2b
54dcd7f4c
54d397f6e
54ca17f8f
54c097fb0
54b757fd1
54add7ff3
54a458014
549b18035
549198056
548818078
547ed8099
5475580ba
546bd80db
5462580fc
5458d811d
544f9813e
544618160
543c98181
5433181a2
5429981c3
5420181e4
541698205
540d58226
5403d8247
53fa58268
53f0d8289
53e7582aa
53ddd82cb
53d4582ec
53cad830d
53c15832d
53b7d834e
53ae5836f
53a4d8390
539b583b1
5391d83d2
5388583f3
537e98413
537518434
536b98455
536218476
535898496
534f184b7
5345984d8
533bd84f8
533258519
5328d853a
531f5855a
5315d857b
530c1859c
5302985bc
52f9185dd
52ef985fd
52e5d861e
52dc5863f
52d2d865f
52c918680
52bf986a0
52b6186c1
52ac586e1
52a2d8702
529918722
528f98742
528618763
527c58783
5272d87a4
5269187c4
525f987e4
5255d8805
524c58825
524298845
523918866
522f58886
5225d88a6
521c188c6
5212988e7
5208d8907
51ff18927
51f598947
51ebd8967
51e258988
51d8989a8
51ced89c8
51c5589e8
51bb98a08
51b1d8a28
51a858a48
519e98a68
5194d8a88
518b18aa8
518198ac8
5177d8ae8
516e18b08
516458b28
515ad8b48
515118b68
514758b88
513d98ba8
5133d8bc8
512a18be8
512058c08
5116d8c28
510d18c47
510358c67
50f998c87
50efd8ca7
50e618cc7
50dc58ce6
50d298d06
50c8d8d26
50bf18d46
50b558d65
50ab98d85
50a1d8da5
509818dc4
508e58de4
508498e04
507ad8e23
507118e43
506758e62
505d58e82
505398ea2
5049d8ec1
504018ee1
503658f00
502c98f20
502298f3f
5018d8f5e
500f18f7e
500558f9d
4ffb98fbd
4ff198fdc
4fe7d8ffc
4fde1901b
4fd45903a
4fca5905a
4fc099079
4fb6d9098
4facd90b8
4fa3190d7
4f99590f6
4f8f59115
4f8599135
4f7b99154
4f71d9173
4f6819192
4f5e191b1
4f54591d1
4f4a591f0
4f409920f
4f369922e
4f2cd924d
4f22d926c
4f191928b
4f0f192aa
4f05592c9
4efb592e8
4ef199307
4ee799326
4edd99345
4ed3d9364
4ec9d9383
4ec0193a2
4eb6193c1
4eac193e0
4ea2593ff
4e985941e
4e8e5943d
4e849945b
4e7a9947a
4e7099499
4e66d94b8
4e5cd94d7
4e52d94f5
4e48d9514
4e3ed9533
4e3519552
4e2b19570
4e211958f
4e17195ae
4e0d195cc
4e03595eb
4df95960a
4def59628
4de559647
4ddb59665
4dd159684
4dc7596a3
4dbd596c1
4db3596e0
4da9596fe
4d9f9971d
4d959973b
4d8b99759
4d8199778
4d7799796
4d6d997b5
4d63597d3
4d59597f2
4d4f59810
4d455982e
4d3b5984d
4d315986b
4d2759889
4d1d598a8
4d13598c6
4d09598e4
4cff59902
4cf519921
4ceb1993f
4ce11995d
4cd71997b
4ccd19999
4cc2d99b7
4cb8d99d6
4caed99f4
4ca4d9a12
4c9a99a30
4c9099a4e
4c8699a6c
4c7c99a8a
4c7259aa8
4c6859ac6
4c5e59ae4
4c5419b02
4c4a19b20
4c3fd9b3e
4c35d9b5c
4c2bd9b7a
4c2199b98
4c1799bb6
4c0d59bd4
4c0359bf1
4bf959c0f
4bef19c2d
4be519c4b
4bdad9c69
4bd0d9c86
4bc699ca4
4bbc99cc2
4bb259ce0
4ba859cfd
4b9e19d1b
4b93d9d39
4b89d9d56
4b7f99d74
4b7599d92
4b6b59daf
4b6159dcd
4b5719deb
4b4cd9e08
4b42d9e26
4b3899e43
4b2e59e61
4b2459e7e
4b1a19e9c
4b0fd9eb9
4b0599ed7
4afb99ef4
4af159f12
4ae719f2f
4adcd9f4d
4ad2d9f6a
4ac899f87
4abe59fa5
4ab419fc2
4aa9d9fdf
4a9fd9ffd
4a959a01a
4a8b5a037
4a811a054
4a76da072
4a6c9a08f
4a625a0ac
4a581a0c9
4a4e1a0e7
4a43da104
4a399a121
4a2f5a13e
4a251a15b
4a1ada178
4a109a195
4a065a1b2
49fc1a1cf
49f1da1ed
49e79a20a
49dd5a227
49d31a244
49c8da261
49be5a27e
49b41a29a
49a9da2b7
499f9a2d4
49955a2f1
498b1a30e
4980da32b
49769a348
496c1a365
4961da382
49579a39e
494d5a3bb
49431a3d8
49389a3f5
492e5a411
49241a42e
4919da44b
490f5a468
49051a484
48fada4a1
48f09a4be
48e61a4da
48dbda4f7
48d19a513
48c71a530
48bcda54d
48b25a569
48a81a586
489dda5a2
48935a5bf
48891a5db
487e9a5f8
48745a614
486a1a631
485f9a64d
48555a669
484ada686
48409a6a2
48361a6bf
482bda6db
48215a6f7
48171a714
480c9a730
48025a74c
47f7da768
47ed5a785
47e31a7a1
47d89a7bd
47ce5a7d9
47c3da7f6
47b95a812
47af1a82e
47a49a84a
479a1a866
478fda882
47855a89e
477ada8ba
47709a8d6
47661a8f3
475b9a90f
47515a92b
4746da947
473c5a963
4731da97f
47275a99a
471d1a9b6
47129a9d2
47081a9ee
46fd9aa0a
46f31aa26
46e8daa42
46de5aa5e
46d3daa79
46c95aa95
46bedaab1
46b45aacd
46a9daae9
469f5ab04
4694dab20
468a9ab3c
46801ab57
46759ab73
466b1ab8f
46609abaa
46561abc6
464b9abe2
46411abfd
46369ac19
462c1ac34
46219ac50
46171ac6c
460c5ac87
4601daca3
45f75acbe
45ecdacd9
45e25acf5
45d7dad10
45cd5ad2c
45c2dad47
45b85ad63
45ad9ad7e
45a31ad99
45989adb5
458e1add0
45839adeb
4578dae07
456e5ae22
4563dae3d
45595ae58
454e9ae74
45441ae8f
45399aeaa
452f1aec5
45245aee0
4519daefb
450f5af17
45049af32
44fa1af4d
44ef9af68
44e4daf83
44da5af9e
44cfdafb9
44c51afd4
44ba9afef
44afdb00a
44a55b025
449adb040
44901b05b
44859b076
447adb091
44705b0ac
44659b0c6
445b1b0e1
44505b0fc
4445db117
443b1b132
44309b14c
4425db167
441b5b182
44109b19d
4405db1b7
43fb5b1d2
43f09b1ed
43e61b208
43db5b222
43d09b23d
43c61b257
43bb5b272
43b09b28d
43a61b2a7
439b5b2c2
43909b2dc
43861b2f7
437b5b311
43709b32c
43661b346
435b5b361
43509b37b
4345db396
433b5b3b0
43309b3ca
4325db3e5
431b1b3ff
43105b41a
4305db434
42fb1b44e
42f05b468
42e59b483
42dadb49d
42d01b4b7
42c55b4d1
42badb4ec
42b01b506
42a55b520
429a9b53a
428fdb554
42851b56f
427a5b589
426f9b5a3
4264db5bd
425a1b5d7
424f5b5f1
42449b60b
4239db625
422f1b63f
42245b659
42199b673
420edb68d
42041b6a7
41f95b6c1
41ee9b6db
41e3db6f4
41d91b70e
41ce1b728
41c35b742
41b89b75c
41addb776
41a31b78f
41985b7a9
418d9b7c3
41829b7dd
4177db7f6
416d1b810
41625b82a
41579b843
414c9b85d
4141db877
41371b890
412c5b8aa
41215b8c4
41169b8dd
410bdb8f7
41011b910
40f61b92a
40eb5b943
40e09b95d
40d59b976
40cadb990
40c01b9a9
40b51b9c2
40aa5b9dc
409f5b9f5
40949ba0f
4089dba28
407edba41
40741ba5b
40691ba74
405e5ba8d
40535baa7
40489bac0
403ddbad9
4032dbaf2
40281bb0b
401d1bb25
40125bb3e
40075bb57
3ffc5bb70
3ff19bb89
3fe69bba2
3fdbdbbbb
3fd0dbbd4
3fc61bbed
3fbb1bc07
3fb05bc20
3fa55bc39
3f9a5bc52
3f8f9bc6a
3f849bc83
3f799bc9c
3f6edbcb5
3f63dbcce
3f58dbce7
3f4e1bd00
3f431bd19
3f381bd32
3f2d5bd4a
3f225bd63
3f175bd7c
3f0c5bd95
3f019bdae
3ef69bdc6
3eeb9bddf
3ee09bdf8
3ed5dbe10
3ecadbe29
3ebfdbe42
3eb4dbe5a
3ea9dbe73
3e9edbe8c
3e941bea4
3e891bebd
3e7e1bed5
3e731beee
3e681bf06
3e5d1bf1f
3e521bf37
3e471bf50
3e3c5bf68
3e315bf81
3e265bf99
3e1b5bfb1
3e105bfca
3e055bfe2
3dfa5bffb
3def5c013
3de45c02b
3dd95c043
3dce5c05c
3dc35c074
3db85c08c
3dad5c0a4
3da25c0bd
3d975c0d5
3d8c5c0ed
3d811c105
3d761c11d
3d6b1c136
3d601c14e
3d551c166
3d4a1c17e
3d3f1c196
3d341c1ae
3d291c1c6
3d1ddc1de
3d12dc1f6
3d07dc20e
3cfcdc226
3cf1dc23e
3ce69c256
3cdb9c26e
3cd09c286
3cc59c29d
3cba9c2b5
3caf5c2cd
3ca45c2e5
3c995c2fd
3c8e1c314
3c831c32c
3c781c344
3c6d1c35c
3c61dc373
3c56dc38b
3c4bdc3a3
3c409c3bb
3c359c3d2
3c2a9c3ea
3c1f5c401
3c145c419
3c091c431
3bfe1c448
3bf31c460
3be7dc477
3bdcdc48f
3bd19c4a6
3bc69c4be
3bbb5c4d5
3bb05c4ed
3ba51c504
3b9a1c51c
3b8f1c533
3b83dc54a
3b78dc562
3b6d9c579
3b625c590
3b575c5a8
3b4c1c5bf
3b411c5d6
3b35dc5ed
3b2adc605
3b1f9c61c
3b149c633
3b095c64a
3afe1c662
3af31c679
3ae7dc690
3adc9c6a7
3ad19c6be
3ac65c6d5
3abb5c6ec
3ab01c703
3aa4dc71a
3a99dc731
3a8e9c748
3a835c75f
3a781c776
3a6d1c78d
3a61dc7a4
3a569c7bb
3a4b5c7d2
3a405c7e9
3a351c800
3a29dc817
3a1e9c82d
3a139c844
3a085c85b
39fd1c872
39f1dc889
39e69c89f
39db9c8b6
39d05c8cd
39c51c8e3
39b9dc8fa
39ae9c911
39a35c927
39981c93e
398cdc955
3981dc96b
39769c982
396b5c998
39601c9af
3954dc9c5
39499c9dc
393e5c9f2
39331ca09
3927dca1f
391c9ca36
39115ca4c
39061ca63
38fadca79
38ef9ca8f
38e45caa6
38d91cabc
38cddcad2
38c29cae9
38b75caff
38ac1cb15
38a0dcb2b
38959cb42
388a5cb58
387edcb6e
38739cb84
38685cb9a
385d1cbb1
3851dcbc7
38469cbdd
383b5cbf3
382fdcc09
38249cc1f
38195cc35
380e1cc4b
3802dcc61
37f79cc77
37ec1cc8d
37e0dcca3
37d59ccb9
37ca5cccf
37bedcce5
37b39ccfb
37a85cd11
379d1cd26
37919cd3c
37865cd52
377b1cd68
376f9cd7e
37645cd93
37591cda9
374ddcdbf
37425cdd5
37371cdea
372b9ce00
37205ce16
37151ce2b
37099ce41
36fe5ce56
36f31ce6c
36e79ce82
36dc5ce97
36d0dcead
36c59cec2
36ba5ced8
36aedceed
36a39cf03
36981cf18
368cdcf2e
36815cf43
36761cf58
366a9cf6e
365f5cf83
3653dcf98
36489cfae
363d1cfc3
3631dcfd8
36265cfee
361b1d003
360f9d018
36041d02d
35f8dd043
35ed5d058
35e21d06d
35d69d082
35cb1d097
35bfdd0ac
35b45d0c1
35a91d0d6
359d9d0ec
35921d101
3586dd116
357b5d12b
356fdd140
35649d155
35591d16a
354d9d17e
35425d193
3536dd1a8
352b5d1bd
351fdd1d2
35149d1e7
35091d1fc
34fd9d211
34f21d225
34e6dd23a
34db5d24f
34cfdd264
34c45d278
34b8dd28d
34ad9d2a2
34a21d2b6
34969d2cb
348b1d2e0
347f9d2f4
34745d309
3468dd31e
345d5d332
3451dd347
34465d35b
343add370
342f5d384
3423dd399
34185d3ad
340d1d3c2
34019d3d6
33f61d3eb
33ea9d3ff
33df1d413
33d39d428
33c81d43c
33bc9d450
33b11d465
33a59d479
339a1d48d
338e9d4a1
33831d4b6
33779d4ca
336c1d4de
33609d4f2
33551d506
33499d51b
333e1d52f
33329d543
33271d557
331b5d56b
330fdd57f
33045d593
32f8dd5a7
32ed5d5bb
32e1dd5cf
32d65d5e3
32cadd5f7
32bf5d60b
32b39d61f
32a81d633
329c9d647
32911d65b
32859d66e
327a1d682
326e5d696
3262dd6aa
32575d6be
324bdd6d1
32401d6e5
32349d6f9
32291d70d
321d9d720
3211dd734
32065d748
31fadd75b
31ef5d76f
31e39d782
31d81d796
31cc9d7aa
31c0dd7bd
31b55d7d1
31a9dd7e4
319e5d7f8
31929d80b
31871d81f
317b5d832
316fdd845
31645d859
31589d86c
314d1d880
31419d893
3135dd8a6
312a5d8ba
311e9d8cd
31131d8e0
31079d8f3
30fbdd907
30f05d91a
30e49d92d
30d91d940
30cd5d954
30c1dd967
30b61d97a
30aa9d98d
309edd9a0
30935d9b3
30879d9c6
307c1d9d9
30705d9ec
3064dd9ff
30591da12
304d9da25
3041dda38
30365da4b
302a9da5e
301edda71
30135da84
30079da97
2ffc1daaa
2ff05dabc
2fe49dacf
2fd91dae2
2fcd5daf5
2fc1ddb08
2fb61db1a
2faa5db2d
2f9eddb40
2f931db52
2f875db65
2f7bddb78
2f701db8a
2f645db9d
2f58ddbb0
2f4d1dbc2
2f415dbd5
2f359dbe7
2f2a1dbfa
2f1e5dc0c
2f129dc1f
2f06ddc31
2efb5dc44
2eef9dc56
2ee3ddc69
2ed81dc7b
2ecc9dc8d
2ec0ddca0
2eb51dcb2
2ea95dcc5
2e9d9dcd7
2e921dce9
2e865dcfb
2e7a9dd0e
2e6eddd20
2e631dd32
2e575dd44
2e4bddd57
2e401dd69
2e345dd7b
2e289dd8d
2e1cddd9f
2e111ddb1
2e055ddc3
2df99ddd5
2dedddde7
2de25ddf9
2dd69de0b
2dcadde1d
2dbf1de2f
2db35de41
2da79de53
2d9bdde65
2d901de77
2d845de89
2d789de9b
2d6cddead
2d611debf
2d555ded0
2d499dee2
2d3dddef4
2d321df06
2d265df17
2d1a9df29
2d0eddf3b
2d031df4d
2cf75df5e
2ceb9df70
2cdfddf81
2cd3ddf93
2cc81dfa5
2cbc5dfb6
2cb09dfc8
2ca4ddfd9
2c991dfeb
2c8d5dffc
2c819e00e
2c75de01f
2c69de031
2c5e1e042
2c525e054
2c469e065
2c3ade076
2c2f1e088
2c231e099
2c175e0aa
2c0b9e0bc
2bffde0cd
2bf41e0de
2be81e0f0
2bdc5e101
2bd09e112
2bc4de123
2bb91e134
2bad1e146
2ba15e157
2b959e168
2b89de179
2b7dde18a
2b721e19b
2b665e1ac
2b5a5e1bd
2b4e9e1ce
2b42de1df
2b36de1f0
2b2b1e201
2b1f5e212
2b135e223
2b079e234
2afbde245
2aefde256
2ae41e267
2ad85e277
2acc5e288
2ac09e299
2ab4de2aa
2aa8de2ba
2a9d1e2cb
2a911e2dc
2a855e2ed
2a799e2fd
2a6d9e30e
2a61de31f
2a55de32f
2a4a1e340
2a3e1e351
2a325e361
2a269e372
2a1a9e382
2a0ede393
2a02de3a3
29f71e3b4
29eb1e3c4
29df5e3d5
29d35e3e5
29c79e3f6
29bb9e406
29afde416
29a3de427
29981e437
298c1e447
29801e458
29745e468
29685e478
295c9e488
29509e499
2944de4a9
2938de4b9
292cde4c9
29211e4d9
29151e4ea
29095e4fa
28fd5e50a
28f15e51a
28e59e52a
28d99e53a
28cd9e54a
28c1de55a
28b5de56a
28aa1e57a
289e1e58a
28921e59a
28865e5aa
287a5e5ba
286e5e5ca
28625e5d9
28569e5e9
284a9e5f9
283e9e609
2832de619
2826de629
281ade638
280ede648
28031e658
27f71e667
27eb1e677
27df1e687
27d35e696
27c75e6a6
27bb5e6b6
27af5e6c5
27a39e6d5
27979e6e4
278b9e6f4
277f9e704
27739e713
27679e722
275bde732
274fde741
2743de751
2737de760
272bde770
271fde77f
27141e78e
27081e79e
26fc1e7ad
26f01e7bc
26e41e7cc
26d81e7db
26cc1e7ea
26c01e7f9
26b41e809
26a85e818
269c5e827
26905e836
26845e845
26785e854
266c5e863
26605e872
26545e882
26485e891
263c5e8a0
26305e8af
26245e8be
26185e8cd
260c5e8dc
26005e8ea
25f45e8f9
25e85e908
25dc5e917
25d05e926
25c45e935
25b85e944
25ac5e952
25a05e961
25945e970
25885e97f
257c5e98d
25705e99c
25645e9ab
25585e9ba
254c1e9c8
25401e9d7
25341e9e5
25281e9f4
251c1ea03
25101ea11
25041ea20
24f81ea2e
24ec1ea3d
24dfdea4b
24d3dea5a
24c7dea68
24bbdea77
24afdea85
24a3dea93
2497deaa2
248b9eab0
247f9eabf
24739eacd
24679eadb
245b9eae9
244f5eaf8
24435eb06
24375eb14
242b5eb22
241f5eb31
24131eb3f
24071eb4d
23fb1eb5b
23ef1eb69
23e2deb77
23d6deb85
23cadeb93
23bedeba2
23b29ebb0
23a69ebbe
239a9ebcc
238e9ebda
23825ebe7
23765ebf5
236a5ec03
235e1ec11
23521ec1f
23461ec2d
2339dec3b
232ddec49
2321dec56
23159ec64
23099ec72
22fd9ec80
22f15ec8d
22e55ec9b
22d95eca9
22cd1ecb7
22c11ecc4
22b51ecd2
22a8decdf
229cdeced
22909ecfb
22849ed08
22789ed16
226c5ed23
22605ed31
22541ed3e
22481ed4c
223bded59
222fded67
2223ded74
22179ed81
220b9ed8f
21ff5ed9c
21f35edaa
21e71edb7
21db1edc4
21cededd1
21c2deddf
21b69edec
21aa9edf9
219e5ee06
21925ee14
21861ee21
217a1ee2e
216ddee3b
2161dee48
21559ee55
21499ee62
213d5ee6f
21315ee7c
21251ee89
21191ee96
210cdeea3
21009eeb0
20f49eebd
20e85eeca
20dc5eed7
20d01eee4
20c41eef1
20b7deefe
20ab9ef0b
209f9ef18
20935ef24
20875ef31
207b1ef3e
206edef4b
2062def57
20569ef64
204a5ef71
203e5ef7d
20321ef8a
2025def97
2019defa3
200d9efb0
20015efbd
1ff55efc9
1fe91efd6
1fdcdefe2
1fd0defef
1fc49effb
1fb85f008
1fac5f014
1fa01f020
1f93df02d
1f87df039
1f7b9f046
1f6f5f052
1f631f05e
1f571f06b
1f4adf077
1f3e9f083
1f325f08f
1f265f09c
1f1a1f0a8
1f0ddf0b4
1f019f0c0
1ef59f0cc
1ee95f0d9
1edd1f0e5
1ed0df0f1
1ec49f0fd
1eb89f109
1eac5f115
1ea01f121
1e93df12d
1e879f139
1e7b9f145
1e6f5f151
1e631f15d
1e56df169
1e4a9f175
1e3e5f181
1e325f18d
1e261f198
1e19df1a4
1e0d9f1b0
1e015f1bc
1df51f1c8
1de8df1d3
1ddcdf1df
1dd09f1eb
1dc45f1f7
1db81f202
1dabdf20e
1d9f9f21a
1d935f225
1d871f231
1d7adf23c
1d6edf248
1d629f253
1d565f25f
1d4a1f26b
1d3ddf276
1d319f281
1d255f28d
1d191f298
1d0cdf2a4
1d009f2af
1cf45f2bb
1ce81f2c6
1cdbdf2d1
1ccf9f2dd
1cc35f2e8
1cb71f2f3
1caadf2fe
1c9e9f30a
1c925f315
1c861f320
1c79df32b
1c6d9f337
1c615f342
1c551f34d
1c48df358
1c3c9f363
1c305f36e
1c241f379
1c17df384
1c0b9f38f
1bff5f39a
1bf31f3a5
1be6df3b0
1bda9f3bb
1bce5f3c6
1bc21f3d1
1bb5df3dc
1ba99f3e7
1b9d1f3f2
1b90df3fc
1b849f407
1b785f412
1b6c1f41d
1b5fdf428
1b539f432
1b475f43d
1b3b1f448
1b2edf452
1b225f45d
1b161f468
1b09df472
1afd9f47d
1af15f488
1ae51f492
1ad8df49d
1acc5f4a7
1ac01f4b2
1ab3df4bc
1aa79f4c7
1a9b5f4d1
1a8f1f4dc
1a82df4e6
1a765f4f0
1a6a1f4fb
1a5ddf505
1a519f510
1a455f51a
1a38df524
1a2c9f52e
1a205f539
1a141f543
1a07df54d
19fb5f557
19ef1f562
19e2df56c
19d69f576
19ca1f580
19bddf58a
19b19f594
19a55f59e
1998df5a8
198c9f5b2
19805f5bc
19741f5c6
19679f5d0
195b5f5da
194f1f5e4
1942df5ee
19365f5f8
192a1f602
191ddf60c
19115f616
19051f620
18f8df629
18ec9f633
18e01f63d
18d3df647
18c79f651
18bb1f65a
18aedf664
18a29f66e
18961f677
1889df681
187d9f68b
18711f694
1864df69e
18589f6a7
184c1f6b1
183fdf6ba
18339f6c4
18271f6cd
181adf6d7
180e9f6e0
18021f6ea
17f5df6f3
17e95f6fd
17dd1f706
17d0df70f
17c45f719
17b81f722
17ab9f72b
179f5f735
17931f73e
17869f747
177a5f750
176ddf75a
17619f763
17555f76c
1748df775
173c9f77e
17301f787
1723df790
17175f79a
170b1f7a3
16fedf7ac
16f25f7b5
16e61f7be
16d99f7c7
16cd5f7d0
16c0df7d9
16b49f7e1
16a81f7ea
169bdf7f3
168f5f7fc
16831f805
16769f80e
166a5f817
165ddf81f
16519f828
16451f831
1638df83a
162c5f842
16201f84b
16139f854
16075f85c
15fadf865
15ee9f86e
15e21f876
15d5df87f
15c95f887
15bd1f890
15b09f899
15a45f8a1
1597df8aa
158b9f8b2
157f1f8ba
15729f8c3
15665f8cb
1559df8d4
154d9f8dc
15411f8e4
1534df8ed
15285f8f5
151bdf8fd
150f9f906
15031f90e
14f6df916
14ea5f91e
14de1f927
14d19f92f
14c51f937
14b8df93f
14ac5f947
14a01f94f
14939f957
14871f95f
147adf968
146e5f970
1461df978
14559f980
14491f988
143cdf990
14305f997
1423df99f
14179f9a7
140b1f9af
13fe9f9b7
13f25f9bf
13e5df9c7
13d95f9ce
13cd1f9d6
13c09f9de
13b41f9e6
13a7df9ed
139b5f9f5
138edf9fd
13829fa05
13761fa0c
13699fa14
135d5fa1b
1350dfa23
13445fa2b
13381fa32
132b9fa3a
131f1fa41
1312dfa49
13065fa50
12f9dfa58
12ed5fa5f
12e11fa67
12d49fa6e
12c81fa75
12bbdfa7d
12af5fa84
12a2dfa8b
12965fa93
128a1fa9a
127d9faa1
12711faa9
12649fab0
12585fab7
124bdfabe
123f5fac5
1232dfacc
12269fad4
121a1fadb
120d9fae2
12011fae9
11f4dfaf0
11e85faf7
11dbdfafe
11cf5fb05
11c2dfb0c
11b69fb13
11aa1fb1a
119d9fb21
11911fb28
1184dfb2f
11785fb36
116bdfb3c
115f5fb43
1152dfb4a
11469fb51
113a1fb58
112d9fb5e
11211fb65
11149fb6c
11085fb72
10fbdfb79
10ef5fb80
10e2dfb86
10d65fb8d
10c9dfb94
10bd9fb9a
10b11fba1
10a49fba7
10981fbae
108b9fbb4
107f1fbbb
1072dfbc1
10665fbc8
1059dfbce
104d5fbd5
1040dfbdb
10345fbe1
1027dfbe8
101b9fbee
100f1fbf4
10029fbfb
ff61fc01
fe99fc07
fdd1fc0e
fd09fc14
fc41fc1a
fb79fc20
fab5fc26
f9edfc2c
f925fc33
f85dfc39
f795fc3f
f6cdfc45
f605fc4b
f53dfc51
f475fc57
f3b1fc5d
f2e9fc63
f221fc69
f159fc6f
f091fc75
efc9fc7b
ef01fc80
ee39fc86
ed71fc8c
eca9fc92
ebe1fc98
eb19fc9e
ea51fca3
e98dfca9
e8c5fcaf
e7fdfcb4
e735fcba
e66dfcc0
e5a5fcc5
e4ddfccb
e415fcd1
e34dfcd6
e285fcdc
e1bdfce1
e0f5fce7
e02dfcec
df65fcf2
de9dfcf7
ddd5fcfd
dd0dfd02
dc45fd08
db7dfd0d
dab5fd12
d9edfd18
d925fd1d
d85dfd22
d795fd28
d6cdfd2d
d605fd32
d53dfd38
d475fd3d
d3adfd42
d2e5fd47
d21dfd4c
d155fd51
d08dfd57
cfc5fd5c
cefdfd61
ce35fd66
cd6dfd6b
cca5fd70
cbddfd75
cb15fd7a
ca4dfd7f
c985fd84
c8bdfd89
c7f5fd8e
c72dfd93
c665fd98
c59dfd9c
c4d5fda1
c40dfda6
c345fdab
c27dfdb0
c1b5fdb4
c0edfdb9
c025fdbe
bf5dfdc3
be95fdc7
bdcdfdcc
bd05fdd1
bc3dfdd5
bb75fdda
baadfdde
b9e5fde3
b919fde8
b851fdec
b789fdf1
b6c1fdf5
b5f9fdfa
b531fdfe
b469fe02
b3a1fe07
b2d9fe0b
b211fe10
b149fe14
b081fe18
afb9fe1d
aef1fe21
ae25fe25
ad5dfe2a
ac95fe2e
abcdfe32
ab05fe36
aa3dfe3a
a975fe3f
a8adfe43
a7e5fe47
a71dfe4b
a655fe4f
a589fe53
a4c1fe57
a3f9fe5b
a331fe5f
a269fe63
a1a1fe67
a0d9fe6b
a011fe6f
9f49fe73
9e7dfe77
9db5fe7b
9cedfe7f
9c25fe82
9b5dfe86
9a95fe8a
99cdfe8e
9905fe92
983dfe95
9771fe99
96a9fe9d
95e1fea1
9519fea4
9451fea8
9389feab
92c1feaf
91f5feb3
912dfeb6
9065feba
8f9dfebd
8ed5fec1
8e0dfec4
8d45fec8
8c79fecb
8bb1fecf
8ae9fed2
8a21fed6
8959fed9
8891fedc
87c9fee0
86fdfee3
8635fee6
856dfeea
84a5feed
83ddfef0
8315fef3
8249fef6
8181fefa
80b9fefd
7ff1ff00
7f29ff03
7e61ff06
7d95ff09
7ccdff0c
7c05ff0f
7b3dff12
7a75ff16
79adff19
78e1ff1b
7819ff1e
7751ff21
7689ff24
75c1ff27
74f5ff2a
742dff2d
7365ff30
729dff33
71d5ff35
710dff38
7041ff3b
6f79ff3e
6eb1ff40
6de9ff43
6d21ff46
6c55ff48
6b8dff4b
6ac5ff4e
69fdff50
6935ff53
6869ff56
67a1ff58
66d9ff5b
6611ff5d
6549ff60
647dff62
63b5ff65
62edff67
6225ff69
615dff6c
6091ff6e
5fc9ff71
5f01ff73
5e39ff75
5d71ff78
5ca5ff7a
5bddff7c
5b15ff7e
5a4dff81
5981ff83
58b9ff85
57f1ff87
5729ff89
5661ff8b
5595ff8e
54cdff90
5405ff92
533dff94
5271ff96
51a9ff98
50e1ff9a
5019ff9c
4f51ff9e
4e85ffa0
4dbdffa2
4cf5ffa3
4c2dffa5
4b61ffa7
4a99ffa9
49d1ffab
4909ffad
483dffae
4775ffb0
46adffb2
45e5ffb4
451dffb5
4451ffb7
4389ffb9
42c1ffba
41f9ffbc
412dffbe
4065ffbf
3f9dffc1
3ed5ffc2
3e09ffc4
3d41ffc5
3c79ffc7
3bb1ffc8
3ae5ffca
3a1dffcb
3955ffcd
388dffce
37c1ffcf
36f9ffd1
3631ffd2
3569ffd3
349dffd5
33d5ffd6
330dffd7
3245ffd9
3179ffda
30b1ffdb
2fe9ffdc
2f21ffdd
2e55ffde
2d8dffe0
2cc5ffe1
2bfdffe2
2b31ffe3
2a69ffe4
29a1ffe5
28d9ffe6
280dffe7
2745ffe8
267dffe9
25b5ffea
24e9ffeb
2421ffec
2359ffec
2291ffed
21c5ffee
20fdffef
2035fff0
1f6dfff1
1ea1fff1
1dd9fff2
1d11fff3
1c45fff4
1b7dfff4
1ab5fff5
19edfff6
1921fff6
1859fff7
1791fff7
16c9fff8
15fdfff8
1535fff9
146dfff9
13a5fffa
12d9fffa
1211fffb
1149fffb
1081fffc
fb5fffc
eedfffd
e25fffd
d5dfffd
c91fffe
bc9fffe
b01fffe
a35fffe
96dffff
8a5ffff
7ddffff
711ffff
649ffff
581ffff
4b9ffff
3edffff
325ffff
25dffff
195ffff
c9ffff
1ffff
fff39ffff
ffe6dffff
ffda5ffff
ffcddffff
ffc15ffff
ffb49ffff
ffa81ffff
ff9b9ffff
ff8f1ffff
ff825ffff
ff75dffff
ff695ffff
ff5cdfffe
ff501fffe
ff439fffe
ff371fffe
ff2a5fffd
ff1ddfffd
ff115fffd
ff04dfffc
fef81fffc
feeb9fffb
fedf1fffb
fed29fffa
fec5dfffa
feb95fff9
feacdfff9
fea05fff8
fe939fff8
fe871fff7
fe7a9fff7
fe6e1fff6
fe615fff6
fe54dfff5
fe485fff4
fe3bdfff4
fe2f1fff3
fe229fff2
fe161fff1
fe095fff1
fdfcdfff0
fdf05ffef
fde3dffee
fdd71ffed
fdca9ffec
fdbe1ffec
fdb19ffeb
fda4dffea
fd985ffe9
fd8bdffe8
fd7f5ffe7
fd729ffe6
fd661ffe5
fd599ffe4
fd4d1ffe3
fd405ffe2
fd33dffe1
fd275ffe0
fd1adffde
fd0e1ffdd
fd019ffdc
fcf51ffdb
fce89ffda
fcdbdffd9
fccf5ffd7
fcc2dffd6
fcb65ffd5
fca99ffd3
fc9d1ffd2
fc909ffd1
fc841ffcf
fc775ffce
fc6adffcd
fc5e5ffcb
fc51dffca
fc451ffc8
fc389ffc7
fc2c1ffc5
fc1f9ffc4
fc12dffc2
fc065ffc1
fbf9dffbf
fbed5ffbe
fbe09ffbc
fbd41ffba
fbc79ffb9
fbbb1ffb7
fbae5ffb5
fba1dffb4
fb955ffb2
fb88dffb0
fb7c5ffae
fb6f9ffad
fb631ffab
fb569ffa9
fb4a1ffa7
fb3d5ffa5
fb30dffa3
fb245ffa2
fb17dffa0
fb0b1ff9e
fafe9ff9c
faf21ff9a
fae59ff98
fad91ff96
facc5ff94
fabfdff92
fab35ff90
faa6dff8e
fa9a1ff8b
fa8d9ff89
fa811ff87
fa749ff85
fa681ff83
fa5b5ff81
fa4edff7e
fa425ff7c
fa35dff7a
fa291ff78
fa1c9ff75
fa101ff73
fa039ff71
f9f71ff6e
f9ea5ff6c
f9dddff69
f9d15ff67
f9c4dff65
f9b85ff62
f9ab9ff60
f99f1ff5d
f9929ff5b
f9861ff58
f9799ff56
f96cdff53
f9605ff50
f953dff4e
f9475ff4b
f93adff48
f92e1ff46
f9219ff43
f9151ff40
f9089ff3e
f8fc1ff3b
f8ef5ff38
f8e2dff35
f8d65ff33
f8c9dff30
f8bd5ff2d
f8b0dff2a
f8a41ff27
f8979ff24
f88b1ff21
f87e9ff1e
f8721ff1b
f8655ff19
f858dff16
f84c5ff12
f83fdff0f
f8335ff0c
f826dff09
f81a1ff06
f80d9ff03
f8011ff00
f7f49fefd
f7e81fefa
f7db9fef6
f7cedfef3
f7c25fef0
f7b5dfeed
f7a95feea
f79cdfee6
f7905fee3
f7839fee0
f7771fedc
f76a9fed9
f75e1fed6
f7519fed2
f7451fecf
f7389fecb
f72bdfec8
f71f5fec4
f712dfec1
f7065febd
f6f9dfeba
f6ed5feb6
f6e0dfeb3
f6d41feaf
f6c79feab
f6bb1fea8
f6ae9fea4
f6a21fea1
f6959fe9d
f6891fe99
f67c5fe95
f66fdfe92
f6635fe8e
f656dfe8a
f64a5fe86
f63ddfe82
f6315fe7f
f624dfe7b
f6185fe77
f60b9fe73
f5ff1fe6f
f5f29fe6b
f5e61fe67
f5d99fe63
f5cd1fe5f
f5c09fe5b
f5b41fe57
f5a79fe53
f59adfe4f
f58e5fe4b
f581dfe47
f5755fe43
f568dfe3f
f55c5fe3a
f54fdfe36
f5435fe32
f536dfe2e
f52a5fe2a
f51ddfe25
f5111fe21
f5049fe1d
f4f81fe18
f4eb9fe14
f4df1fe10
f4d29fe0b
f4c61fe07
f4b99fe02
f4ad1fdfe
f4a09fdfa
f4941fdf5
f4879fdf1
f47b1fdec
f46e9fde8
f461dfde3
f4555fdde
f448dfdda
f43c5fdd5
f42fdfdd1
f4235fdcc
f416dfdc7
f40a5fdc3
f3fddfdbe
f3f15fdb9
f3e4dfdb4
f3d85fdb0
f3cbdfdab
f3bf5fda6
f3b2dfda1
f3a65fd9c
f399dfd98
f38d5fd93
f380dfd8e
f3745fd89
f367dfd84
f35b5fd7f
f34edfd7a
f3425fd75
f335dfd70
f3295fd6b
f31cdfd66
f3105fd61
f303dfd5c
f2f75fd57
f2eadfd51
f2de5fd4c
f2d1dfd47
f2c55fd42
f2b8dfd3d
f2ac5fd38
f29fdfd32
f2935fd2d
f286dfd28
f27a5fd22
f26ddfd1d
f2615fd18
f254dfd12
f2485fd0d
f23bdfd08
f22f5fd02
f222dfcfd
f2165fcf7
f209dfcf2
f1fd5fcec
f1f0dfce7
f1e45fce1
f1d7dfcdc
f1cb5fcd6
f1bedfcd1
f1b25fccb
f1a5dfcc5
f1995fcc0
f18cdfcba
f1805fcb4
f173dfcaf
f1675fca9
f15b1fca3
f14e9fc9e
f1421fc98
f1359fc92
f1291fc8c
f11c9fc86
f1101fc80
f1039fc7b
f0f71fc75
f0ea9fc6f
f0de1fc69
f0d19fc63
f0c51fc5d
f0b8dfc57
f0ac5fc51
f09fdfc4b
f0935fc45
f086dfc3f
f07a5fc39
f06ddfc33
f0615fc2c
f054dfc26
f0489fc20
f03c1fc1a
f02f9fc14
f0231fc0e
f0169fc07
f00a1fc01
effd9fbfb
eff11fbf4
efe49fbee
efd85fbe8
efcbdfbe1
efbf5fbdb
efb2dfbd5
efa65fbce
ef99dfbc8
ef8d5fbc1
ef811fbbb
ef749fbb4
ef681fbae
ef5b9fba7
ef4f1fba1
ef429fb9a
ef365fb94
ef29dfb8d
ef1d5fb86
ef10dfb80
ef045fb79
eef7dfb72
eeeb9fb6c
eedf1fb65
eed29fb5e
eec61fb58
eeb99fb51
eead5fb4a
eea0dfb43
ee945fb3c
ee87dfb36
ee7b5fb2f
ee6f1fb28
ee629fb21
ee561fb1a
ee499fb13
ee3d5fb0c
ee30dfb05
ee245fafe
ee17dfaf7
ee0b5faf0
edff1fae9
edf29fae2
ede61fadb
edd99fad4
edcd5facc
edc0dfac5
edb45fabe
eda7dfab7
ed9b9fab0
ed8f1faa9
ed829faa1
ed761fa9a
ed69dfa93
ed5d5fa8b
ed50dfa84
ed445fa7d
ed381fa75
ed2b9fa6e
ed1f1fa67
ed12dfa5f
ed065fa58
ecf9dfa50
eced5fa49
ece11fa41
ecd49fa3a
ecc81fa32
ecbbdfa2b
ecaf5fa23
eca2dfa1b
ec969fa14
ec8a1fa0c
ec7d9fa05
ec715f9fd
ec64df9f5
ec585f9ed
ec4c1f9e6
ec3f9f9de
ec331f9d6
ec26df9ce
ec1a5f9c7
ec0ddf9bf
ec019f9b7
ebf51f9af
ebe89f9a7
ebdc5f99f
ebcfdf997
ebc35f990
ebb71f988
ebaa9f980
eb9e5f978
eb91df970
eb855f968
eb791f95f
eb6c9f957
eb601f94f
eb53df947
eb475f93f
eb3b1f937
eb2e9f92f
eb221f927
eb15df91e
eb095f916
eafd1f90e
eaf09f906
eae45f8fd
ead7df8f5
eacb5f8ed
eabf1f8e4
eab29f8dc
eaa65f8d4
ea99df8cb
ea8d9f8c3
ea811f8ba
ea749f8b2
ea685f8aa
ea5bdf8a1
ea4f9f899
ea431f890
ea36df887
ea2a5f87f
ea1e1f876
ea119f86e
ea055f865
e9f8df85c
e9ec9f854
e9e01f84b
e9d3df842
e9c75f83a
e9bb1f831
e9ae9f828
e9a25f81f
e995df817
e9899f80e
e97d1f805
e970df7fc
e9645f7f3
e9581f7ea
e94b9f7e1
e93f5f7d9
e932df7d0
e9269f7c7
e91a1f7be
e90ddf7b5
e9015f7ac
e8f51f7a3
e8e8df79a
e8dc5f790
e8d01f787
e8c39f77e
e8b75f775
e8aadf76c
e89e9f763
e8925f75a
e885df750
e8799f747
e86d1f73e
e860df735
e8549f72b
e8481f722
e83bdf719
e82f5f70f
e8231f706
e816df6fd
e80a5f6f3
e7fe1f6ea
e7f19f6e0
e7e55f6d7
e7d91f6cd
e7cc9f6c4
e7c05f6ba
e7b41f6b1
e7a79f6a7
e79b5f69e
e78f1f694
e7829f68b
e7765f681
e76a1f677
e75d9f66e
e7515f664
e7451f65a
e7389f651
e72c5f647
e7201f63d
e7139f633
e7075f629
e6fb1f620
e6eedf616
e6e25f60c
e6d61f602
e6c9df5f8
e6bd5f5ee
e6b11f5e4
e6a4df5da
e6989f5d0
e68c1f5c6
e67fdf5bc
e6739f5b2
e6675f5a8
e65adf59e
e64e9f594
e6425f58a
e6361f580
e6299f576
e61d5f56c
e6111f562
e604df557
e5f85f54d
e5ec1f543
e5dfdf539
e5d39f52e
e5c75f524
e5badf51a
e5ae9f510
e5a25f505
e5961f4fb
e589df4f0
e57d5f4e6
e5711f4dc
e564df4d1
e5589f4c7
e54c5f4bc
e5401f4b2
e533df4a7
e5275f49d
e51b1f492
e50edf488
e5029f47d
e4f65f472
e4ea1f468
e4dddf45d
e4d15f452
e4c51f448
e4b8df43d
e4ac9f432
e4a05f428
e4941f41d
e487df412
e47b9f407
e46f5f3fc
e4631f3f2
e4569f3e7
e44a5f3dc
e43e1f3d1
e431df3c6
e4259f3bb
e4195f3b0
e40d1f3a5
e400df39a
e3f49f38f
e3e85f384
e3dc1f379
e3cfdf36e
e3c39f363
e3b75f358
e3ab1f34d
e39edf342
e3929f337
e3865f32b
e37a1f320
e36ddf315
e3619f30a
e3555f2fe
e3491f2f3
e33cdf2e8
e3309f2dd
e3245f2d1
e3181f2c6
e30bdf2bb
e2ff9f2af
e2f35f2a4
e2e71f298
e2dadf28d
e2ce9f281
e2c25f276
e2b61f26b
e2a9df25f
e29d9f253
e2915f248
e2855f23c
e2791f231
e26cdf225
e2609f21a
e2545f20e
e2481f202
e23bdf1f7
e22f9f1eb
e2235f1df
e2175f1d3
e20b1f1c8
e1fedf1bc
e1f29f1b0
e1e65f1a4
e1da1f198
e1cddf18d
e1c1df181
e1b59f175
e1a95f169
e19d1f15d
e190df151
e1849f145
e1789f139
e16c5f12d
e1601f121
e153df115
e1479f109
e13b9f0fd
e12f5f0f1
e1231f0e5
e116df0d9
e10a9f0cc
e0fe9f0c0
e0f25f0b4
e0e61f0a8
e0d9df09c
e0cddf08f
e0c19f083
e0b55f077
e0a91f06b
e09d1f05e
e090df052
e0849f046
e0785f039
e06c5f02d
e0601f020
e053df014
e047df008
e03b9effb
e02f5efef
e0235efe2
e0171efd6
e00adefc9
dffedefbd
dff29efb0
dfe65efa3
dfda5ef97
dfce1ef8a
dfc1def7d
dfb5def71
dfa99ef64
df9d5ef57
df915ef4b
df851ef3e
df78def31
df6cdef24
df609ef18
df549ef0b
df485eefe
df3c1eef1
df301eee4
df23deed7
df17deeca
df0b9eebd
deff9eeb0
def35eea3
dee71ee96
dedb1ee89
decedee7c
dec2dee6f
deb69ee62
deaa9ee55
de9e5ee48
de925ee3b
de861ee2e
de7a1ee21
de6ddee14
de61dee06
de559edf9
de499edec
de3d5eddf
de315edd1
de251edc4
de191edb7
de0cdedaa
de00ded9c
ddf49ed8f
dde89ed81
dddc5ed74
ddd05ed67
ddc45ed59
ddb81ed4c
ddac1ed3e
dd9fded31
dd93ded23
dd879ed16
dd7b9ed08
dd6f9ecfb
dd635eced
dd575ecdf
dd4b1ecd2
dd3f1ecc4
dd331ecb7
dd26deca9
dd1adec9b
dd0edec8d
dd029ec80
dcf69ec72
dcea9ec64
dcde5ec56
dcd25ec49
dcc65ec3b
dcba1ec2d
dcae1ec1f
dca21ec11
dc95dec03
dc89debf5
dc7ddebe7
dc719ebda
dc659ebcc
dc599ebbe
dc4d9ebb0
dc415eba2
dc355eb93
dc295eb85
dc1d5eb77
dc111eb69
dc051eb5b
dbf91eb4d
dbed1eb3f
dbe0deb31
dbd4deb22
dbc8deb14
dbbcdeb06
dbb0deaf8
dba49eae9
db989eadb
db8c9eacd
db809eabf
db749eab0
db685eaa2
db5c5ea93
db505ea85
db445ea77
db385ea68
db2c5ea5a
db205ea4b
db141ea3d
db081ea2e
dafc1ea20
daf01ea11
dae41ea03
dad81e9f4
dacc1e9e5
dac01e9d7
dab41e9c8
daa7de9ba
da9bde9ab
da8fde99c
da83de98d
da77de97f
da6bde970
da5fde961
da53de952
da47de944
da3bde935
da2fde926
da23de917
da17de908
da0bde8f9
d9ffde8ea
d9f3de8dc
d9e7de8cd
d9dbde8be
d9cfde8af
d9c3de8a0
d9b7de891
d9abde882
d99fde872
d993de863
d987de854
d97bde845
d96fde836
d963de827
d957de818
d94c1e809
d9401e7f9
d9341e7ea
d9281e7db
d91c1e7cc
d9101e7bc
d9041e7ad
d8f81e79e
d8ec1e78e
d8e05e77f
d8d45e770
d8c85e760
d8bc5e751
d8b05e741
d8a45e732
d8989e722
d88c9e713
d8809e704
d8749e6f4
d8689e6e4
d85c9e6d5
d850de6c5
d844de6b6
d838de6a6
d82cde696
d8211e687
d8151e677
d8091e667
d7fd1e658
d7f15e648
d7e55e638
d7d95e629
d7cd5e619
d7c19e609
d7b59e5f9
d7a99e5e9
d79dde5d9
d791de5ca
d785de5ba
d779de5aa
d76e1e59a
d7621e58a
d7561e57a
d74a5e56a
d73e5e55a
d7329e54a
d7269e53a
d71a9e52a
d70ede51a
d702de50a
d6f6de4fa
d6eb1e4ea
d6df1e4d9
d6d35e4c9
d6c75e4b9
d6bb5e4a9
d6af9e499
d6a39e488
d697de478
d68bde468
d6801e458
d6741e447
d6681e437
d65c5e427
d6505e416
d6449e406
d6389e3f6
d62cde3e5
d620de3d5
d6151e3c4
d6091e3b4
d5fd5e3a3
d5f15e393
d5e59e382
d5d99e372
d5cdde361
d5c21e351
d5b61e340
d5aa5e32f
d59e5e31f
d5929e30e
d5869e2fd
d57ade2ed
d56f1e2dc
d5631e2cb
d5575e2ba
d54b5e2aa
d53f9e299
d533de288
d527de277
d51c1e267
d5105e256
d5045e245
d4f89e234
d4ecde223
d4e0de212
d4d51e201
d4c95e1f0
d4bd5e1df
d4b19e1ce
d4a5de1bd
d499de1ac
d48e1e19b
d4825e18a
d4765e179
d46a9e168
d45ede157
d4531e146
d4471e134
d43b5e123
d42f9e112
d423de101
d4181e0f0
d40c1e0de
d4005e0cd
d3f49e0bc
d3e8de0aa
d3dd1e099
d3d11e088
d3c55e076
d3b99e065
d3adde054
d3a21e042
d3965e031
d38a5e01f
d37e9e00e
d372ddffc
d3671dfeb
d35b5dfd9
d34f9dfc8
d343ddfb6
d3381dfa5
d32c5df93
d3205df81
d3149df70
d308ddf5e
d2fd1df4d
d2f15df3b
d2e59df29
d2d9ddf17
d2ce1df06
d2c25def4
d2b69dee2
d2aadded0
d29f1debf
d2935dead
d2879de9b
d27bdde89
d2701de77
d2645de65
d2589de53
d24cdde41
d2411de2f
d2355de1d
d2299de0b
d21ddddf9
d2125dde7
d2069ddd5
d1fadddc3
d1ef1ddb1
d1e35dd9f
d1d79dd8d
d1cbddd7b
d1c01dd69
d1b45dd57
d1a8ddd44
d19d1dd32
d1915dd20
d1859dd0e
d179ddcfb
d16e1dce9
d1629dcd7
d156ddcc5
d14b1dcb2
d13f5dca0
d1339dc8d
d1281dc7b
d11c5dc69
d1109dc56
d104ddc44
d0f95dc31
d0ed9dc1f
d0e1ddc0c
d0d61dbfa
d0ca9dbe7
d0beddbd5
d0b31dbc2
d0a75dbb0
d09bddb9d
d0901db8a
d0845db78
d078ddb65
d06d1db52
d0615db40
d055ddb2d
d04a1db1a
d03e5db08
d032ddaf5
d0271dae2
d01b9dacf
d00fddabc
d0041daaa
cff89da97
cfecdda84
cfe15da71
cfd59da5e
cfc9dda4b
cfbe5da38
cfb29da25
cfa71da12
cf9b5d9ff
cf8fdd9ec
cf841d9d9
cf789d9c6
cf6cdd9b3
cf615d9a0
cf559d98d
cf4a1d97a
cf3e5d967
cf32dd954
cf271d940
cf1b9d92d
cf0fdd91a
cf045d907
cef89d8f3
ceed1d8e0
cee19d8cd
ced5dd8ba
ceca5d8a6
cebe9d893
ceb31d880
cea79d86c
ce9bdd859
ce905d845
ce84dd832
ce791d81f
ce6d9d80b
ce61dd7f8
ce565d7e4
ce4add7d1
ce3f5d7bd
ce339d7aa
ce281d796
ce1c9d782
ce10dd76f
ce055d75b
cdf9dd748
cdee5d734
cde29d720
cdd71d70d
cdcb9d6f9
cdc01d6e5
cdb45d6d1
cda8dd6be
cd9d5d6aa
cd91dd696
cd861d682
cd7a9d66e
cd6f1d65b
cd639d647
cd581d633
cd4c9d61f
cd40dd60b
cd355d5f7
cd29dd5e3
cd1e5d5cf
cd12dd5bb
cd075d5a7
ccfbdd593
ccf05d57f
cce4dd56b
ccd91d557
cccd9d543
ccc21d52f
ccb69d51b
ccab1d506
cc9f9d4f2
cc941d4de
cc889d4ca
cc7d1d4b6
cc719d4a1
cc661d48d
cc5a9d479
cc4f1d465
cc439d450
cc381d43c
cc2c9d428
cc211d413
cc159d3ff
cc0a1d3eb
cbfe9d3d6
cbf31d3c2
cbe7dd3ad
cbdc5d399
cbd0dd384
cbc55d370
cbb9dd35b
cbae5d347
cba2dd332
cb975d31e
cb8bdd309
cb809d2f4
cb751d2e0
cb699d2cb
cb5e1d2b6
cb529d2a2
cb475d28d
cb3bdd278
cb305d264
cb24dd24f
cb195d23a
cb0e1d225
cb029d211
caf71d1fc
caeb9d1e7
cae05d1d2
cad4dd1bd
cac95d1a8
cabddd193
cab29d17e
caa71d16a
ca9b9d155
ca905d140
ca84dd12b
ca795d116
ca6e1d101
ca629d0ec
ca571d0d6
ca4bdd0c1
ca405d0ac
ca351d097
ca299d082
ca1e1d06d
ca12dd058
ca075d043
c9fc1d02d
c9f09d018
c9e51d003
c9d9dcfee
c9ce5cfd8
c9c31cfc3
c9b79cfae
c9ac5cf98
c9a0dcf83
c9959cf6e
c98a1cf58
c97edcf43
c9735cf2e
c9681cf18
c95c9cf03
c9515ceed
c945dced8
c93a9cec2
c92f5cead
c923dce97
c9189ce82
c90d1ce6c
c901dce56
c8f69ce41
c8eb1ce2b
c8dfdce16
c8d49ce00
c8c91cdea
c8bddcdd5
c8b25cdbf
c8a71cda9
c89bdcd93
c8909cd7e
c8851cd68
c879dcd52
c86e9cd3c
c8631cd26
c857dcd11
c84c9ccfb
c8415cce5
c835dcccf
c82a9ccb9
c81f5cca3
c8141cc8d
c8089cc77
c7fd5cc61
c7f21cc4b
c7e6dcc35
c7db9cc1f
c7d05cc09
c7c4dcbf3
c7b99cbdd
c7ae5cbc7
c7a31cbb1
c797dcb9a
c78c9cb84
c7815cb6e
c775dcb58
c76a9cb42
c75f5cb2b
c7541cb15
c748dcaff
c73d9cae9
c7325cad2
c7271cabc
c71bdcaa6
c7109ca8f
c7055ca79
c6fa1ca63
c6eedca4c
c6e39ca36
c6d85ca1f
c6cd1ca09
c6c1dc9f2
c6b69c9dc
c6ab5c9c5
c6a01c9af
c694dc998
c6899c982
c67e5c96b
c6735c955
c6681c93e
c65cdc927
c6519c911
c6465c8fa
c63b1c8e3
c62fdc8cd
c6249c8b6
c6199c89f
c60e5c889
c6031c872
c5f7dc85b
c5ec9c844
c5e19c82d
c5d65c817
c5cb1c800
c5bfdc7e9
c5b4dc7d2
c5a99c7bb
c59e5c7a4
c5931c78d
c5881c776
c57cdc75f
c5719c748
c5665c731
c55b5c71a
c5501c703
c544dc6ec
c539dc6d5
c52e9c6be
c5239c6a7
c5185c690
c50d1c679
c5021c662
c4f6dc64a
c4eb9c633
c4e09c61c
c4d55c605
c4ca5c5ed
c4bf1c5d6
c4b41c5bf
c4a8dc5a8
c49ddc590
c4929c579
c4875c562
c47c5c54a
c4711c533
c4661c51c
c45b1c504
c44fdc4ed
c444dc4d5
c4399c4be
c42e9c4a6
c4235c48f
c4185c477
c40d1c460
c4021c448
c3f71c431
c3ebdc419
c3e0dc401
c3d59c3ea
c3ca9c3d2
c3bf9c3bb
c3b45c3a3
c3a95c38b
c39e5c373
c3931c35c
c3881c344
c37d1c32c
c3721c314
c366dc2fd
c35bdc2e5
c350dc2cd
c3459c2b5
c33a9c29d
c32f9c286
c3249c26e
c3199c256
c30e5c23e
c3035c226
c2f85c20e
c2ed5c1f6
c2e25c1de
c2d71c1c6
c2cc1c1ae
c2c11c196
c2b61c17e
c2ab1c166
c2a01c14e
c2951c136
c28a1c11d
c27f1c105
c273dc0ed
c268dc0d5
c25ddc0bd
c252dc0a4
c247dc08c
c23cdc074
c231dc05c
c226dc043
c21bdc02b
c210dc013
c205dbffb
c1fadbfe2
c1efdbfca
c1e4dbfb1
c1d9dbf99
c1cedbf81
c1c3dbf68
c1b91bf50
c1ae1bf37
c1a31bf1f
c1981bf06
c18d1beee
c1821bed5
c1771bebd
c16c1bea4
c1615be8c
c1565be73
c14b5be5a
c1405be42
c1355be29
c12a5be10
c11f9bdf8
c1149bddf
c1099bdc6
c0fe9bdae
c0f3dbd95
c0e8dbd7c
c0dddbd63
c0d2dbd4a
c0c81bd32
c0bd1bd19
c0b21bd00
c0a75bce7
c09c5bcce
c0915bcb5
c0869bc9c
c07b9bc83
c0709bc6a
c065dbc52
c05adbc39
c04fdbc20
c0451bc07
c03a1bbed
c02f5bbd4
c0245bbbb
c0199bba2
c00e9bb89
c003dbb70
bff8dbb57
bfeddbb3e
bfe31bb25
bfd81bb0b
bfcd5baf2
bfc25bad9
bfb79bac0
bfacdbaa7
bfa1dba8d
bf971ba74
bf8c1ba5b
bf815ba41
bf765ba28
bf6b9ba0f
bf60db9f5
bf55db9dc
bf4b1b9c2
bf401b9a9
bf355b990
bf2a9b976
bf1f9b95d
bf14db943
bf0a1b92a
beff1b910
bef45b8f7
bee99b8dd
bededb8c4
bed3db8aa
bec91b890
bebe5b877
beb39b85d
bea89b843
be9ddb82a
be931b810
be885b7f6
be7d9b7dd
be729b7c3
be67db7a9
be5d1b78f
be525b776
be479b75c
be3cdb742
be321b728
be271b70e
be1c5b6f4
be119b6db
be06db6c1
bdfc1b6a7
bdf15b68d
bde69b673
bddbdb659
bdd11b63f
bdc65b625
bdbb9b60b
bdb0db5f1
bda61b5d7
bd9b5b5bd
bd909b5a3
bd85db589
bd7b1b56f
bd705b554
bd659b53a
bd5adb520
bd501b506
bd455b4ec
bd3adb4d1
bd301b4b7
bd255b49d
bd1a9b483
bd0fdb468
bd051b44e
bcfa5b434
bcefdb41a
bce51b3ff
bcda5b3e5
bccf9b3ca
bcc4db3b0
bcba5b396
bcaf9b37b
bca4db361
bc9a1b346
bc8f9b32c
bc84db311
bc7a1b2f7
bc6f9b2dc
bc64db2c2
bc5a1b2a7
bc4f9b28d
bc44db272
bc3a1b257
bc2f9b23d
bc24db222
bc1a1b208
bc0f9b1ed
bc04db1d2
bbfa5b1b7
bbef9b19d
bbe4db182
bbda5b167
bbcf9b14c
bbc51b132
bbba5b117
bbafdb0fc
bba51b0e1
bb9a9b0c6
bb8fdb0ac
bb855b091
bb7a9b076
bb701b05b
bb655b040
bb5adb025
bb505b00a
bb459afef
bb3b1afd4
bb305afb9
bb25daf9e
bb1b5af83
bb109af68
bb061af4d
bafb9af32
baf0daf17
bae65aefb
badbdaee0
bad11aec5
bac69aeaa
babc1ae8f
bab19ae74
baa6dae58
ba9c5ae3d
ba91dae22
ba875ae07
ba7c9adeb
ba721add0
ba679adb5
ba5d1ad99
ba529ad7e
ba47dad63
ba3d5ad47
ba32dad2c
ba285ad10
ba1ddacf5
ba135acd9
ba08dacbe
b9fe5aca3
b9f3dac87
b9e91ac6c
b9de9ac50
b9d41ac34
b9c99ac19
b9bf1abfd
b9b49abe2
b9aa1abc6
b99f9abaa
b9951ab8f
b98a9ab73
b9801ab57
b9759ab3c
b96b5ab20
b960dab04
b9565aae9
b94bdaacd
b9415aab1
b936daa95
b92c5aa79
b921daa5e
b9175aa42
b90d1aa26
b9029aa0a
b8f81a9ee
b8ed9a9d2
b8e31a9b6
b8d8da99a
b8ce5a97f
b8c3da963
b8b95a947
b8aeda92b
b8a49a90f
b89a1a8f3
b88f9a8d6
b8855a8ba
b87ada89e
b8705a882
b8661a866
b85b9a84a
b8511a82e
b846da812
b83c5a7f6
b831da7d9
b8279a7bd
b81d1a7a1
b812da785
b8085a768
b7fdda74c
b7f39a730
b7e91a714
b7deda6f7
b7d45a6db
b7ca1a6bf
b7bf9a6a2
b7b55a686
b7aada669
b7a09a64d
b7961a631
b78bda614
b7819a5f8
b7771a5db
b76cda5bf
b7625a5a2
b7581a586
b74dda569
b7435a54d
b7391a530
b72e9a513
b7245a4f7
b71a1a4da
b70f9a4be
b7055a4a1
b6fb1a484
b6f0da468
b6e65a44b
b6dc1a42e
b6d1da411
b6c79a3f5
b6bd1a3d8
b6b2da3bb
b6a89a39e
b69e5a382
b6941a365
b6899a348
b67f5a32b
b6751a30e
b66ada2f1
b6609a2d4
b6565a2b7
b64c1a29a
b641da27e
b6375a261
b62d1a244
b622da227
b6189a20a
b60e5a1ed
b6041a1cf
b5f9da1b2
b5ef9a195
b5e55a178
b5db1a15b
b5d0da13e
b5c69a121
b5bc5a104
b5b21a0e7
b5a81a0c9
b59dda0ac
b5939a08f
b5895a072
b57f1a054
b574da037
b56a9a01a
b56059ffd
b55659fdf
b54c19fc2
b541d9fa5
b53799f87
b52d59f6a
b52359f4d
b51919f2f
b50ed9f12
b50499ef4
b4fa99ed7
b4f059eb9
b4e619e9c
b4dbd9e7e
b4d1d9e61
b4c799e43
b4bd59e26
b4b359e08
b4a919deb
b49ed9dcd
b494d9daf
b48a99d92
b48099d74
b47659d56
b46c59d39
b46219d1b
b457d9cfd
b44dd9ce0
b44399cc2
b43999ca4
b42f59c86
b42559c69
b41b19c4b
b41119c2d
b406d9c0f
b3fcd9bf1
b3f2d9bd4
b3e899bb6
b3de99b98
b3d459b7a
b3ca59b5c
b3c059b3e
b3b619b20
b3ac19b02
b3a1d9ae4
b397d9ac6
b38dd9aa8
b38399a8a
b37999a6c
b36f99a4e
b36599a30
b35b59a12
b351599f4
b347599d6
b33d599b7
b33319999
b3291997b
b31f1995d
b3151993f
b30b19921
b300d9902
b2f6d98e4
b2ecd98c6
b2e2d98a8
b2d8d9889
b2ced986b
b2c4d984d
b2bad982e
b2b0d9810
b2a6d97f2
b29cd97d3
b292997b5
b28899796
b27e99778
b27499759
b26a9973b
b2609971d
b256d96fe
b24cd96e0
b242d96c1
b238d96a3
b22ed9684
b224d9665
b21ad9647
b210d9628
b206d960a
b1fcd95eb
b1f3195cc
b1e9195ae
b1df1958f
b1d519570
b1cb19552
b1c159533
b1b759514
b1ad594f5
b1a3594d7
b199594b8
b18f99499
b1859947a
b17b9945b
b171d943d
b167d941e
b15dd93ff
b154193e0
b14a193c1
b140193a2
b13659383
b12c59364
b12299345
b11899326
b10e99307
b104d92e8
b0fad92c9
b0f1192aa
b0e71928b
b0dd5926c
b0d35924d
b0c99922e
b0bf9920f
b0b5d91f0
b0abd91d1
b0a2191b1
b09819192
b08e59173
b08499154
b07a99135
b070d9115
b066d90f6
b05d190d7
b053590b8
b04959098
b03f99079
b035d905a
b02bd903a
b0221901b
b01858ffc
b00e98fdc
b00498fbd
affad8f9d
aff118f7e
afe758f5e
afdd98f3f
afd398f20
afc9d8f00
afc018ee1
afb658ec1
afac98ea2
afa2d8e82
af98d8e62
af8f18e43
af8558e23
af7b98e04
af71d8de4
af6818dc4
af5e58da5
af5498d85
af4ad8d65
af4118d46
af3758d26
af2d98d06
af23d8ce6
af1a18cc7
af1058ca7
af0698c87
aefcd8c67
aef318c47
aee958c28
aedfd8c08
aed618be8
aecc58bc8
aec298ba8
aeb8d8b88
aeaf18b68
aea558b48
ae9bd8b28
ae9218b08
ae8858ae8
ae7e98ac8
ae7518aa8
ae6b58a88
ae6198a68
ae57d8a48
ae4e58a28
ae4498a08
ae3ad89e8
ae31589c8
ae27989a8
ae1dd8988
ae1458967
ae0a98947
ae0118927
adf758907
aded988e7
ade4188c6
adda588a6
add0d8886
adc718866
adbd98845
adb3d8825
adaa58805
ada0987e4
ad97187c4
ad8d587a4
ad83d8783
ad7a18763
ad7098742
ad6718722
ad5d58702
ad53d86e1
ad4a186c1
ad40986a0
ad3718680
ad2d5865f
ad23d863f
ad1a5861e
ad10985fd
ad07185dd
acfd985bc
acf41859c
acea5857b
ace0d855a
acd75853a
accdd8519
acc4584f8
acba984d8
acb1184b7
aca798496
ac9e18476
ac9498455
ac8b18434
ac8198413
ac77d83f3
ac6e583d2
ac64d83b1
ac5b58390
ac51d836f
ac485834e
ac3ed832d
ac355830d
ac2bd82ec
ac22582cb
ac18d82aa
ac0f58289
ac05d8268
abfc58247
abf2d8226
abe998205
abe0181e4
abd6981c3
abcd181a2
abc398181
abba18160
abb09813e
aba75811d
ab9dd80fc
ab94580db
ab8ad80ba
ab8158099
ab7818078
ab6e98056
ab6518035
ab5bd8014
ab5257ff3
ab48d7fd1
ab3f97fb0
ab3617f8f
ab2c97f6e
ab2357f4c
ab19d7f2b
ab1057f0a
ab0717ee8
aafd97ec7
aaf457ea5
aaead7e84
aae157e63
aad817e41
aace97e20
aac557dfe
aabbd7ddd
aab297dbb
aaa917d9a
aa9fd7d78
aa9697d57
aa8d17d35
aa83d7d14
aa7a57cf2
aa7117cd0
aa67d7caf
aa5e57c8d
aa5517c6c
aa4b97c4a
aa4257c28
aa3917c07
aa2fd7be5
aa2657bc3
aa1d17ba1
aa13d7b80
aa0a57b5e
aa0117b3c
a9f7d7b1a
a9ee97af9
a9e557ad7
a9dbd7ab5
a9d297a93
a9c957a71
a9c017a4f
a9b6d7a2e
a9ad97a0c
a9a4579ea
a99ad79c8
a991979a6
a98857984
a97f17962
a975d7940
a96c9791e
a963578fc
a95a178da
a950d78b8
a94797896
a93e57874
a93517852
a92bd7830
a9229780e
a919577eb
a910577c9
a907177a7
a8fdd7785
a8f497763
a8eb57741
a8e21771e
a8d8d76fc
a8cfd76da
a8c6976b8
a8bd57696
a8b417673
a8ab17651
a8a1d762f
a8989760c
a88f575ea
a886575c8
a87d175a5
a873d7583
a86ad7561
a8619753e
a8585751c
a84f574f9
a846174d7
a83d174b4
a833d7492
a82a9746f
a8219744d
a8185742a
a80f57408
a806173e5
a7fd173c3
a7f3d73a0
a7ead737e
a7e19735b
a7d897338
a7cf57316
a7c6572f3
a7bd572d1
a7b4172ae
a7ab1728b
a7a1d7268
a798d7246
a78fd7223
a78697200
a77d971de
a774971bb
a76b57198
a76257175
a75957152
a75057130
a7471710d
a73e170ea
a735170c7
a72c170a4
a72317081
a719d705e
a710d703b
a707d7019
a6fed6ff6
a6f5d6fd3
a6ecd6fb0
a6e3d6f8d
a6dad6f6a
a6d1d6f47
a6c896f24
a6bf96f01
a6b696ede
a6ad96eba
a6a496e97
a69b96e74
a69296e51
a689d6e2e
a680d6e0b
a677d6de8
a66ed6dc5
a665d6da1
a65cd6d7e
a653d6d5b
a64ad6d38
a641d6d15
a63916cf1
a63016cce
a62716cab
a61e16c87
a61516c64
a60c56c41
a60356c1e
a5fa56bfa
a5f156bd7
a5e896bb3
a5df96b90
a5d696b6d
a5cdd6b49
a5c4d6b26
a5bbd6b02
a5b316adf
a5aa16abb
a5a116a98
a59856a74
a58f56a51
a58696a2d
a57d96a0a
a574d69e6
a56bd69c3
a5631699f
a55a1697c
a55156958
a54856934
a53f96911
a536968ed
a52dd68c9
a524d68a6
a51c16882
a5135685e
a50a5683b
a50196817
a4f8967f3
a4efd67cf
a4e7167ac
a4de56788
a4d556764
a4cc96740
a4c3d671c
a4bad66f9
a4b2166d5
a4a9566b1
a4a09668d
a497d6669
a48ed6645
a48616621
a47d565fd
a474965d9
a46bd65b6
a46316592
a45a5656e
a4519654a
a44896526
a43fd6502
a437164de
a42e564b9
a42596495
a41cd6471
a4141644d
a40b56429
a40296405
a3f9d63e1
a3f1563bd
a3e896399
a3dfd6374
a3d716350
a3ce5632c
a3c596308
a3bcd62e4
a3b4162bf
a3ab9629b
a3a2d6277
a39a16253
a3915622e
a3889620a
a380161e6
a377561c1
a36e9619d
a36616179
a35d56154
a35496130
a34bd610b
a343560e7
a33a960c3
a3321609e
a3295607a
a32096055
a31816031
a30f5600c
a306d5fe8
a2fe15fc3
a2f595f9f
a2ecd5f7a
a2e455f56
a2db95f31
a2d315f0c
a2ca55ee8
a2c1d5ec3
a2b915e9f
a2b095e7a
a2a7d5e55
a29f55e31
a296d5e0c
a28e15de7
a28595dc3
a27d15d9e
a27455d79
a26bd5d54
a26355d30
a25a95d0b
a25215ce6
a24995cc1
a24115c9d
a23895c78
a22fd5c53
a22755c2e
a21ed5c09
a21655be4
a20dd5bbf
a20555b9b
a1fc95b76
a1f415b51
a1eb95b2c
a1e315b07
a1da95ae2
a1d215abd
a1c995a98
a1c115a73
a1b895a4e
a1b015a29
a1a795a04
a19f159df
a196959ba
a18e15995
a1859596f
a17d1594a
a17495925
a16c55900
a163d58db
a15b558b6
a152d5891
a14a5586b
a141d5846
a13995821
a131157fc
a128957d7
a120157b1
a117d578c
a10f55767
a106d5741
a0fe5571c
a0f6156f7
a0ed956d2
a0e5156ac
a0dcd5687
a0d455661
a0cc1563c
a0c395617
a0bb155f1
a0b2d55cc
a0aa555a6
a0a215581
a0999555c
a09155536
a088d5511
a080954eb
a078154c6
a06fd54a0
a0675547b
a05f15455
a056d542f
a04e5540a
a046153e4
a03d953bf
a03555399
a02d15373
a0249534e
a01c55328
a01415302
a00bd52dd
a003552b7
9ffb15291
9ff2d526c
9fea95246
9fe215220
9fd9d51fb
9fd1951d5
9fc9551af
9fc115189
9fb8d5163
9fb09513e
9fa815118
9f9fd50f2
9f97950cc
9f8f550a6
9f8715080
9f7ed505a
9f7695035
9f6e5500f
9f6614fe9
9f5dd4fc3
9f5594f9d
9f4d54f77
9f4514f51
9f3cd4f2b
9f34d4f05
9f2c94edf
9f2454eb9
9f1c14e93
9f13d4e6d
9f0b94e47
9f0354e21
9efb54dfa
9ef314dd4
9eead4dae
9ee294d88
9eda94d62
9ed254d3c
9eca14d16
9ec214cef
9eb9d4cc9
9eb194ca3
9ea994c7d
9ea154c57
9e9914c30
9e9114c0a
9e88d4be4
9e80d4bbe
9e7894b97
9e7054b71
9e6854b4b
9e6014b24
9e5814afe
9e4fd4ad8
9e47d4ab1
9e3f94a8b
9e3794a64
9e2f94a3e
9e2754a18
9e1f549f1
9e17149cb
9e0f149a4
9e071497e
9dfed4957
9df6d4931
9deed490a
9de6948e4
9dde948bd
9dd694897
9dce94870
9dc65484a
9dbe54823
9db6547fc
9dae547d6
9da6547af
9d9e14789
9d9614762
9d8e1473b
9d8614715
9d7e146ee
9d76146c7
9d6e146a1
9d661467a
9d5e14653
9d561462c
9d4e14606
9d46145df
9d3e145b8
9d3614591
9d2e1456b
9d2614544
9d1e1451d
9d16144f6
9d0e144cf
9d06144a8
9cfe14481
9cf61445b
9cee54434
9ce65440d
9cde543e6
9cd6543bf
9cce54398
9cc694371
9cbe9434a
9cb694323
9cae942fc
9ca6d42d5
9c9ed42ae
9c96d4287
9c8f14260
9c8714239
9c7f14212
9c77541eb
9c6f541c4
9c679419d
9c5f94175
9c579414e
9c4fd4127
9c47d4100
9c40140d9
9c38140b2
9c305408a
9c2894063
9c209403c
9c18d4015
9c10d3fee
9c0913fc6
9c0113f9f
9bf953f78
9bf193f51
9be993f29
9be1d3f02
9bda13edb
9bd213eb3
9bca53e8c
9bc293e65
9bbad3e3d
9bb2d3e16
9bab13dee
9ba353dc7
9b9b93da0
9b93d3d78
9b8bd3d51
9b8413d29
9b7c53d02
9b7493cda
9b6cd3cb3
9b6513c8b
9b5d53c64
9b5593c3c
9b4dd3c15
9b4613bed
9b3e53bc6
9b3693b9e
9b2ed3b76
9b2713b4f
9b1f53b27
9b1793b00
9b0fd3ad8
9b0813ab0
9b0053a89
9af893a61
9af0d3a39
9ae953a12
9ae1939ea
9ad9d39c2
9ad21399b
9aca53973
9ac2d394b
9abb13923
9ab3538fb
9aab938d4
9aa4138ac
9a9c53884
9a949385c
9a8d13834
9a855380d
9a7d937e5
9a76137bd
9a6e53795
9a66d376d
9a5f13745
9a575371d
9a4fd36f5
9a48136cd
9a40936a5
9a38d367e
9a3153656
9a29d362e
9a2213606
9a1a935de
9a12d35b6
9a0b5358d
9a0393565
99fc1353d
99f493515
99ecd34ed
99e5534c5
99ddd349d
99d613475
99ce9344d
99c713425
99bf933fd
99b7d33d4
99b0533ac
99a8d3384
99a15335c
9999d3334
99925330b
998a932e3
9983132bb
997b93293
99741326a
996c93242
99651321a
995d931f2
9956131c9
994e931a1
994713179
993f93150
993813128
9930930ff
9929130d7
9921930af
991a13086
99129305e
990b13035
9903d300d
98fc52fe5
98f4d2fbc
98ed52f94
98e5d2f6b
98de92f43
98d712f1a
98cf92ef2
98c812ec9
98c0d2ea1
98b952e78
98b1d2e4f
98aa92e27
98a312dfe
989b92dd6
989452dad
988cd2d85
988552d5c
987e12d33
987692d0b
986f52ce2
9867d2cb9
986092c91
985912c68
9851d2c3f
984a52c16
984312bee
983b92bc5
983452b9c
982cd2b73
982592b4b
981e52b22
9816d2af9
980f92ad0
980852aa7
9800d2a7f
97f992a56
97f252a2d
97eb12a04
97e3929db
97dc529b2
97d512989
97cdd2960
97c652938
97bf1290f
97b7d28e6
97b0928bd
97a952894
97a21286b
979ad2842
979392819
978c527f0
9784d27c7
977d9279e
977652775
976f1274c
9767d2723
9760926f9
9759926d0
9752526a7
974b1267e
9743d2655
973c9262c
973552603
972e125da
9726d25b0
971f92587
97189255e
971152535
970a1250c
9702d24e2
96fbd24b9
96f492490
96ed52467
96e61243d
96df12414
96d7d23eb
96d0923c2
96c992398
96c25236f
96bb52346
96b41231c
96acd22f3
96a5d22c9
969e922a0
969792277
96905224d
968952224
9682121fa
967b121d1
9673d21a8
966cd217e
9665d2155
965e9212b
965792102
9650520d8
9649520af
964252085
963b1205c
963412032
962d12009
962611fdf
961ed1fb5
9617d1f8c
9610d1f62
9609d1f39
960291f0f
95fb91ee5
95f491ebc
95ed91e92
95e691e68
95df91e3f
95d891e15
95d191deb
95ca91dc2
95c351d98
95bc51d6e
95b551d45
95ae51d1b
95a751cf1
95a051cc7
959991c9d
959291c74
958b91c4a
958491c20
957d91bf6
957691bcc
956f91ba3
956891b79
9561d1b4f
955ad1b25
9553d1afb
954cd1ad1
9545d1aa7
953f11a7d
953811a53
953111a2a
952a51a00
9523519d6
951c519ac
951591982
950e91958
95079192e
9500d1904
94f9d18da
94f3118b0
94ec11886
94e51185c
94de51831
94d751807
94d0917dd
94c9d17b3
94c2d1789
94bc1175f
94b511735
94ae5170b
94a7516e1
94a0916b6
9499d168c
9492d1662
948c11638
94855160e
947e515e3
9477915b9
9470d158f
946a11565
94631153a
945c51510
9455914e6
944ed14bc
944811491
944151467
943a5143d
943391412
942cd13e8
9426113be
941f51393
941891369
9411d133f
940b11314
9404512ea
93fd912bf
93f6d1295
93f01126b
93e951240
93e291216
93dbd11eb
93d5111c1
93ce91196
93c7d116c
93c111141
93ba51117
93b3910ec
93ad110c2
93a651097
939f9106d
9398d1042
939251017
938b90fed
9384d0fc2
937e10f98
937790f6d
9370d0f42
936a50f18
936390eed
935cd0ec2
935650e98
934f90e6d
934910e42
934250e18
933bd0ded
933510dc2
932e90d98
9327d0d6d
932150d42
931a90d17
931410ced
930d90cc2
9306d0c97
930050c6c
92f990c41
92f310c17
92ec90bec
92e610bc1
92df50b96
92d8d0b6b
92d250b40
92cbd0b15
92c510aeb
92be90ac0
92b810a95
92b190a6a
92ab10a3f
92a450a14
929dd09e9
9297509be
9290d0993
928a50968
9283d093d
927d50912
9276d08e7
9270508bc
9269d0891
926350866
925cd083b
925650810
924fd07e5
9249507ba
92431078f
923c90764
923610738
922f9070d
9229106e2
9222906b7
921c5068c
9215d0661
920f50636
9208d060a
9202905df
91fc105b4
91f590589
91ef5055e
91e8d0532
91e250507
91dc104dc
91d5904b1
91cf10485
91c8d045a
91c25042f
91bc10404
91b5903d8
91af503ad
91a8d0382
91a290356
919c1032b
9195d0300
918f902d4
9189102a9
9182d027d
917c50252
917610227
916fd01fb
9169501d0
9163101a4
915cd0179
91565014d
915010122
9149d00f7
9143900cb
913d500a0
9136d0074
913090049
912a5001d
91240fff1
911dcffc6
91178ff9a
91114ff6f
910b0ff43
9104cff18
90fe4feec
90f80fec1
90f1cfe95
90eb8fe69
90e58fe3e
90df4fe12
90d90fde6
90d2cfdbb
90cc8fd8f
90c64fd63
90c00fd38
90b9cfd0c
90b38fce0
90ad8fcb5
90a74fc89
90a10fc5d
909acfc31
90948fc06
908e8fbda
90884fbae
90820fb82
907c0fb57
9075cfb2b
906f8faff
90698fad3
90634faa7
905d0fa7b
90570fa50
9050cfa24
904acf9f8
90448f9cc
903e8f9a0
90384f974
90324f948
902c0f91c
90260f8f1
901fcf8c5
9019cf899
9013cf86d
900d8f841
90078f815
90014f7e9
8ffb4f7bd
8ff54f791
8fef4f765
8fe90f739
8fe30f70d
8fdd0f6e1
8fd70f6b5
8fd0cf689
8fcacf65d
8fc4cf631
8fbecf604
8fb8cf5d8
8fb28f5ac
8fac8f580
8fa68f554
8fa08f528
8f9a8f4fc
8f948f4d0
8f8e8f4a4
8f888f477
8f828f44b
8f7c8f41f
8f768f3f3
8f708f3c7
8f6a8f39a
8f648f36e
8f5e8f342
8f58cf316
8f52cf2ea
8f4ccf2bd
8f46cf291
8f40cf265
8f3b0f238
8f350f20c
8f2f0f1e0
8f290f1b4
8f234f187
8f1d4f15b
8f174f12f
8f114f102
8f0b8f0d6
8f058f0aa
8effcf07d
8ef9cf051
8ef3cf024
8eee0eff8
8ee80efcc
8ee24ef9f
8edc4ef73
8ed68ef46
8ed08ef1a
8ecaceeed
8ec4ceec1
8ebf0ee94
8eb90ee68
8eb34ee3c
8ead8ee0f
8ea78ede3
8ea1cedb6
8e9c0ed89
8e960ed5d
8e904ed30
8e8a8ed04
8e84cecd7
8e7ececab
8e790ec7e
8e734ec52
8e6d8ec25
8e678ebf8
8e61cebcc
8e5c0eb9f
8e564eb72
8e508eb46
8e4aceb19
8e450eaed
8e3f4eac0
8e398ea93
8e33cea67
8e2e0ea3a
8e284ea0d
8e228e9e0
8e1cce9b4
8e170e987
8e114e95a
8e0b8e92d
8e05ce901
8e000e8d4
8dfa4e8a7
8df4ce87a
8def0e84e
8de94e821
8de38e7f4
8dddce7c7
8dd84e79a
8dd28e76e
8dccce741
8dc74e714
8dc18e6e7
8dbbce6ba
8db64e68d
8db08e660
8daace633
8da54e607
8d9f8e5da
8d9a0e5ad
8d944e580
8d8ece553
8d890e526
8d838e4f9
8d7dce4cc
8d784e49f
8d728e472
8d6d0e445
8d674e418
8d61ce3eb
8d5c4e3be
8d568e391
8d510e364
8d4b8e337
8d45ce30a
8d404e2dd
8d3ace2b0
8d354e283
8d2f8e256
8d2a0e229
8d248e1fb
8d1f0e1ce
8d198e1a1
8d13ce174
8d0e4e147
8d08ce11a
8d034e0ed
8cfdce0bf
8cf84e092
8cf2ce065
8ced4e038
8ce7ce00b
8ce24dfde
8cdccdfb0
8cd74df83
8cd1cdf56
8ccc4df29
8cc6cdefb
8cc14dece
8cbbcdea1
8cb68de74
8cb10de46
8cab8de19
8ca60ddec
8ca08ddbe
8c9b4dd91
8c95cdd64
8c904dd37
8c8acdd09
8c858dcdc
8c800dcae
8c7a8dc81
8c754dc54
8c6fcdc26
8c6a8dbf9
8c650dbcc
8c5f8db9e
8c5a4db71
8c54cdb43
8c4f8db16
8c4a0dae9
8c44cdabb
8c3f4da8e
8c3a0da60
8c348da33
8c2f4da05
8c2a0d9d8
8c248d9aa
8c1f4d97d
8c1a0d94f
8c148d922
8c0f4d8f4
8c0a0d8c7
8c048d899
8bff4d86c
8bfa0d83e
8bf4cd810
8bef4d7e3
8bea0d7b5
8be4cd788
8bdf8d75a
8bda4d72c
8bd50d6ff
8bcfcd6d1
8bca8d6a4
8bc50d676
8bbfcd648
8bba8d61b
8bb54d5ed
8bb00d5bf
8baacd592
8ba58d564
8ba08d536
8b9b4d509
8b960d4db
8b90cd4ad
8b8b8d47f
8b864d452
8b810d424
8b7bcd3f6
8b76cd3c8
8b718d39b
8b6c4d36d
8b670d33f
8b620d311
8b5ccd2e3
8b578d2b6
8b528d288
8b4d4d25a
8b480d22c
8b430d1fe
8b3dcd1d1
8b388d1a3
8b338d175
8b2e4d147
8b294d119
8b240d0eb
8b1f0d0bd
8b19cd08f
8b14cd061
8b0f8d034
8b0a8d006
8b054cfd8
8b004cfaa
8afb4cf7c
8af60cf4e
8af10cf20
8aec0cef2
8ae6ccec4
8ae1cce96
8adccce68
8ad7cce3a
8ad28ce0c
8acd8cdde
8ac88cdb0
8ac38cd82
8abe8cd54
8ab94cd26
8ab44ccf8
8aaf4ccca
8aaa4cc9c
8aa54cc6d
8aa04cc3f
8a9b4cc11
8a964cbe3
8a914cbb5
8a8c4cb87
8a874cb59
8a824cb2b
8a7d4cafd
8a784cace
8a734caa0
8a6e4ca72
8a694ca44
8a648ca16
8a5f8c9e8
8a5a8c9b9
8a558c98b
8a508c95d
8a4bcc92f
8a46cc900
8a41cc8d2
8a3ccc8a4
8a380c876
8a330c847
8a2e0c819
8a294c7eb
8a244c7bd
8a1f8c78e
8a1a8c760
8a158c732
8a10cc703
8a0bcc6d5
8a070c6a7
8a020c679
89fd4c64a
89f84c61c
89f38c5ed
89eecc5bf
89e9cc591
89e50c562
89e00c534
89db4c506
89d68c4d7
89d18c4a9
89cccc47a
89c80c44c
89c34c41e
89be4c3ef
89b98c3c1
89b4cc392
89b00c364
89ab0c335
89a64c307
89a18c2d8
899ccc2aa
89980c27b
89934c24d
898e8c21e
8989cc1f0
89850c1c1
89804c193
897b8c164
8976cc136
89720c107
896d4c0d9
89688c0aa
8963cc07b
895f0c04d
895a4c01e
89558bff0
89510bfc1
894c4bf92
89478bf64
8942cbf35
893e0bf07
89398bed8
8934cbea9
89300be7b
892b8be4c
8926cbe1d
89220bdef
891d8bdc0
8918cbd91
89140bd63
890f8bd34
890acbd05
89064bcd6
89018bca8
88fd0bc79
88f84bc4a
88f3cbc1b
88ef0bbed
88ea8bbbe
88e5cbb8f
88e14bb60
88dccbb32
88d80bb03
88d38bad4
88cecbaa5
88ca4ba76
88c5cba48
88c14ba19
88bc8b9ea
88b80b9bb
88b38b98c
88af0b95d
88aa4b92f
88a5cb900
88a14b8d1
889ccb8a2
88984b873
8893cb844
888f4b815
888acb7e6
88864b7b7
8881cb789
887d4b75a
8878cb72b
88744b6fc
886fcb6cd
886b4b69e
8866cb66f
88624b640
885dcb611
88594b5e2
8854cb5b3
88504b584
884c0b555
88478b526
88430b4f7
883e8b4c8
883a4b499
8835cb46a
88314b43b
882ccb40c
88288b3dd
88240b3ae
881fcb37f
881b4b34f
8816cb320
88128b2f1
880e0b2c2
8809cb293
88054b264
88010b235
87fc8b206
87f84b1d7
87f3cb1a7
87ef8b178
87eb0b149
87e6cb11a
87e28b0eb
87de0b0bc
87d9cb08c
87d58b05d
87d10b02e
87cccafff
87c88afd0
87c40afa0
87bfcaf71
87bb8af42
87b74af13
87b30aee4
87ae8aeb4
87aa4ae85
87a60ae56
87a1cae27
879d8adf7
87994adc8
87950ad99
8790cad69
878c8ad3a
87884ad0b
87840acdb
877fcacac
877b8ac7d
87774ac4d
87730ac1e
876ecabef
876a8abbf
87664ab90
87624ab61
875e0ab31
8759cab02
87558aad3
87518aaa3
874d4aa74
87490aa44
8744caa15
8740ca9e6
873c8a9b6
87384a987
87344a957
87300a928
872bca8f8
8727ca8c9
87238a89a
871f8a86a
871b4a83b
87174a80b
87130a7dc
870f0a7ac
870aca77d
8706ca74d
87028a71e
86fe8a6ee
86fa8a6bf
86f64a68f
86f24a660
86ee4a630
86ea0a600
86e60a5d1
86e20a5a1
86de0a572
86d9ca542
86d5ca513
86d1ca4e3
86cdca4b3
86c9ca484
86c58a454
86c18a425
86bd8a3f5
86b98a3c5
86b58a396
86b18a366
86ad8a336
86a98a307
86a58a2d7
86a18a2a8
869d8a278
86998a248
86958a219
86918a1e9
868d8a1b9
8689ca189
8685ca15a
8681ca12a
867dca0fa
8679ca0cb
8675ca09b
86720a06b
866e0a03b
866a0a00c
866649fdc
866249fac
865e49f7c
865a89f4d
865689f1d
865289eed
864ec9ebd
864ac9e8e
864709e5e
864309e2e
863f09dfe
863b49dce
863789d9e
863389d6f
862fc9d3f
862bc9d0f
862809cdf
862409caf
862049c7f
861c89c50
861889c20
8614c9bf0
861109bc0
860d09b90
860949b60
860589b30
8601c9b00
85fdc9ad0
85fa09aa1
85f649a71
85f289a41
85eec9a11
85eb099e1
85e7499b1
85e389981
85df89951
85dbc9921
85d8098f1
85d4498c1
85d089891
85ccc9861
85c909831
85c589801
85c1c97d1
85be097a1
85ba49771
85b689741
85b2c9711
85af096e1
85ab896b1
85a7c9681
85a409651
85a049621
859cc95f1
8599095c1
859549591
859189561
858e09530
858a49500
8586c94d0
8583094a0
857f49470
857bc9440
857809410
8574893e0
8570c93b0
856d4937f
85698934f
85660931f
8562492ef
855ec92bf
855b4928f
85578925f
85540922e
8550491fe
854cc91ce
85494919e
8545c916e
85420913d
853e8910d
853b090dd
8537890ad
8533c907d
85304904c
852cc901c
852948fec
8525c8fbc
852248f8b
851ec8f5b
851b48f2b
851788efb
851408eca
851088e9a
850d08e6a
850988e3a
850648e09
8502c8dd9
84ff48da9
84fbc8d78
84f848d48
84f4c8d18
84f148ce7
84edc8cb7
84ea88c87
84e708c56
84e388c26
84e008bf6
84dcc8bc5
84d948b95
84d5c8b65
84d248b34
84cf08b04
84cb88ad4
84c848aa3
84c4c8a73
84c148a42
84be08a12
84ba889e2
84b7489b1
84b3c8981
84b088950
84ad08920
84a9c88ef
84a6488bf
84a30888f
849fc885e
849c4882e
8499087fd
8495887cd
84924879c
848f0876c
848bc873b
84884870b
8485086da
8481c86aa
847e88679
847b08649
8477c8618
8474885e8
8471485b7
846e08587
846ac8556
846788526
8464484f5
8461084c5
845dc8494
845a88464
845748433
845408402
8450c83d2
844d883a1
844a48371
844708340
8443c8310
8440882df
843d482ae
843a0827e
84370824d
8433c821d
8430881ec
842d481bb
842a4818b
84270815a
8423c8129
8420c80f9
841d880c8
841a48097
841748067
841408036
8410c8005
840dc7fd5
840a87fa4
840787f73
840447f43
840147f12
83fe07ee1
83fb07eb1
83f807e80
83f4c7e4f
83f1c7e1f
83ee87dee
83eb87dbd
83e887d8c
83e547d5c
83e247d2b
83df47cfa
83dc47cc9
83d907c99
83d607c68
83d307c37
83d007c06
83cd07bd6
83c9c7ba5
83c6c7b74
83c3c7b43
83c0c7b12
83bdc7ae2
83bac7ab1
83b7c7a80
83b4c7a4f
83b1c7a1e
83aec79ee
83abc79bd
83a8c798c
83a5c795b
83a2c792a
839fc78f9
839cc78c9
839a07898
839707867
839407836
839107805
838e077d4
838b477a3
838847773
838547742
838247711
837f876e0
837c876af
83798767e
8376c764d
8373c761c
8371075eb
836e075bb
836b4758a
836847559
836547528
8362874f7
835fc74c6
835cc7495
835a07464
835707433
835447402
8351473d1
834e873a0
834bc736f
8348c733e
83460730d
8343472dc
8340872ab
833d8727a
833ac7249
833807218
8335471e7
8332471b6
832f87185
832cc7154
832a07123
8327470f2
8324870c1
8321c7090
831f0705f
831c4702e
831986ffd
8316c6fcc
831406f9b
831146f6a
830e86f39
830bc6f08
830906ed7
830646ea6
830386e74
830106e43
82fe46e12
82fb86de1
82f8c6db0
82f606d7f
82f386d4e
82f0c6d1d
82ee06cec
82eb86cbb
82e8c6c89
82e606c58
82e386c27
82e0c6bf6
82de06bc5
82db86b94
82d8c6b63
82d646b31
82d386b00
82d106acf
82ce46a9e
82cbc6a6d
82c906a3c
82c686a0b
82c4069d9
82c1469a8
82bec6977
82bc06946
82b986915
82b7068e3
82b4868b2
82b1c6881
82af46850
82acc681f
82aa467ed
82a7867bc
82a50678b
82a28675a
82a006728
829d866f7
829b066c6
829886695
829606663
829386632
829106601
828e865d0
828c0659e
82898656d
82870653c
82848650b
8282064d9
827f864a8
827d06477
827a86445
827806414
8275c63e3
8273463b2
8270c6380
826e4634f
826bc631e
8269862ec
8267062bb
82648628a
826246258
825fc6227
825d461f6
825b061c4
825886193
825646162
8253c6130
8251860ff
824f060ce
824cc609c
824a4606b
82480603a
824586008
824345fd7
8240c5fa5
823e85f74
823c45f43
8239c5f11
823785ee0
823545eae
8232c5e7d
823085e4c
822e45e1a
822c05de9
822985db7
822745d86
822505d55
8222c5d23
822085cf2
821e45cc0
821c05c8f
821985c5d
821745c2c
821505bfb
8212c5bc9
821085b98
820e45b66
820c05b35
8209c5b03
8207c5ad2
820585aa0
820345a6f
820105a3d
81fec5a0c
81fc859da
81fa459a9
81f845977
81f605946
81f3c5914
81f1858e3
81ef858b1
81ed45880
81eb0584e
81e90581d
81e6c57eb
81e4857ba
81e285788
81e045757
81de45725
81dc056f4
81d9c56c2
81d7c5691
81d58565f
81d38562e
81d1855fc
81cf455ca
81cd45599
81cb05567
81c905536
81c705504
81c4c54d3
81c2c54a1
81c0c546f
81be8543e
81bc8540c
81ba853db
81b8853a9
81b645378
81b445346
81b245314
81b0452e3
81ae452b1
81ac45280
81aa4524e
81a84521c
81a6051eb
81a4051b9
81a205187
81a005156
819e05124
819c050f3
819a450c1
81984508f
81964505e
81944502c
819244ffa
819044fc9
818e44f97
818c84f65
818a84f34
818884f02
818684ed0
8184c4e9f
8182c4e6d
8180c4e3b
817ec4e0a
817d04dd8
817b04da6
817944d75
817744d43
817544d11
817384ce0
817184cae
816fc4c7c
816dc4c4b
816c04c19
816a04be7
816844bb5
816644b84
816484b52
8162c4b20
8160c4aef
815f04abd
815d44a8b
815b44a59
815984a28
8157c49f6
8155c49c4
815404992
815244961
81508492f
814ec48fd
814d048cb
814b0489a
814944868
814784836
8145c4804
8144047d3
8142447a1
81408476f
813ec473d
813d0470b
813b446da
8139846a8
8137c4676
813604644
813444613
8132845e1
8131045af
812f4457d
812d8454b
812bc451a
812a044e8
8128844b6
8126c4484
812504452
812384421
8121c43ef
8120043bd
811e8438b
811cc4359
811b04327
8119842f6
8117c42c4
811644292
811484260
81130422e
8111441fc
810fc41cb
810e04199
810c84167
810ac4135
810944103
8107c40d1
81060409f
81048406e
81030403c
81014400a
80ffc3fd8
80fe43fa6
80fc83f74
80fb03f42
80f983f10
80f803ede
80f683ead
80f503e7b
80f343e49
80f1c3e17
80f043de5
80eec3db3
80ed43d81
80ebc3d4f
80ea43d1d
80e8c3cec
80e743cba
80e5c3c88
80e443c56
80e2c3c24
80e143bf2
80e003bc0
80de83b8e
80dd03b5c
80db83b2a
80da03af8
80d883ac6
80d743a94
80d5c3a63
80d443a31
80d3039ff
80d1839cd
80d00399b
80cec3969
80cd43937
80cbc3905
80ca838d3
80c9038a1
80c7c386f
80c64383d
80c50380b
80c3837d9
80c2437a7
80c0c3775
80bf83743
80be03711
80bcc36df
80bb836ad
80ba0367b
80b8c3649
80b783617
80b6035e5
80b4c35b3
80b383581
80b20354f
80b0c351d
80af834eb
80ae434b9
80ad03487
80abc3455
80aa43423
80a9033f1
80a7c33bf
80a68338d
80a54335b
80a403329
80a2c32f7
80a1832c5
80a043293
809f03261
809dc322f
809c831fd
809b431cb
809a03199
809903167
8097c3135
809683103
8095430d1
80940309f
80930306d
8091c303b
809083009
808f42fd7
808e42fa5
808d02f73
808bc2f41
808ac2f0f
808982edd
808882eab
808742e79
808602e46
808502e14
8083c2de2
8082c2db0
808182d7e
808082d4c
807f82d1a
807e42ce8
807d42cb6
807c02c84
807b02c52
807a02c20
8078c2bee
8077c2bbc
8076c2b89
807582b57
807482b25
807382af3
807282ac1
807182a8f
807042a5d
806f42a2b
806e429f9
806d429c7
806c42995
806b42962
806a42930
8069428fe
8068428cc
80674289a
806642868
806542836
806442804
8063427d2
80624279f
80614276d
80604273b
805f82709
805e826d7
805d826a5
805c82673
805b82641
805ac260f
8059c25dc
8058c25aa
8057c2578
805702546
805602514
8055424e2
8054424b0
80534247d
80528244b
805182419
8050c23e7
804fc23b5
804f02383
804e02351
804d4231e
804c422ec
804b822ba
804a82288
8049c2256
804902224
8048021f2
8047421bf
80468218d
80458215b
8044c2129
8044020f7
8043420c5
804282092
804182060
8040c202e
804001ffc
803f41fca
803e81f98
803dc1f65
803d01f33
803c41f01
803b81ecf
803a81e9d
8039c1e6b
803941e38
803881e06
8037c1dd4
803701da2
803641d70
803581d3d
8034c1d0b
803401cd9
803341ca7
8032c1c75
803201c43
803141c10
803081bde
803001bac
802f41b7a
802e81b48
802e01b15
802d41ae3
802c81ab1
802c01a7f
802b41a4d
802a81a1a
802a019e8
8029419b6
8028c1984
802801952
80278191f
8026c18ed
8026418bb
8025c1889
802501857
802481824
8023c17f2
8023417c0
8022c178e
80220175c
802181729
8021016f7
8020816c5
801fc1693
801f41660
801ec162e
801e415fc
801dc15ca
801d41598
801c81565
801c01533
801b81501
801b014cf
801a8149c
801a0146a
801981438
801901406
8018813d4
8018013a1
80178136f
80174133d
8016c130b
8016412d8
8015c12a6
801541274
8014c1242
80148120f
8014011dd
8013811ab
801301179
8012c1147
801241114
8011c10e2
8011810b0
80110107e
80108104b
801041019
800fc0fe7
800f80fb5
800f00f82
800ec0f50
800e40f1e
800e00eec
800d80eb9
800d40e87
800cc0e55
800c80e23
800c40df0
800bc0dbe
800b80d8c
800b40d5a
800ac0d27
800a80cf5
800a40cc3
8009c0c91
800980c5e
800940c2c
800900bfa
8008c0bc8
800880b95
800800b63
8007c0b31
800780aff
800740acc
800700a9a
8006c0a68
800680a36
800640a03
8006009d1
8005c099f
80058096d
80054093a
800500908
8005008d6
8004c08a4
800480871
80044083f
80040080d
8003c07db
8003c07a8
800380776
800340744
800300711
8003006df
8002c06ad
80028067b
800280648
800240616
8002405e4
8002005b2
80020057f
8001c054d
8001c051b
8001804e9
8001804b6
800140484
800140452
800100420
8001003ed
8000c03bb
8000c0389
8000c0357
800080324
8000802f2
8000802c0
80008028d
80004025b
800040229
8000401f7
8000401c4
800040192
800040160
80004012e
8000400fb
8000400c9
800040097
800040065
800040032
7fffc0000
7fffc0019
7fffc0032
7fffc004b
7fffc0065
7fffc007e
7fffc0097
7fffc00b0
7fffc00c9
7fffc00e2
7fffc00fb
7fffc0114
7fffc012e
7fffc0147
7fffc0160
7fffc0179
7fffc0192
7fffc01ab
7fffc01c4
7fffc01de
7fffc01f7
7fffc0210
7fffc0229
7fffc0242
7fffc025b
7fff80274
7fff8028d
7fff802a7
7fff802c0
7fff802d9
7fff802f2
7fff8030b
7fff80324
7fff4033d
7fff40357
7fff40370
7fff40389
7fff403a2
7fff403bb
7fff003d4
7fff003ed
7fff00406
7fff00420
7fff00439
7ffec0452
7ffec046b
7ffec0484
7ffec049d
7ffe804b6
7ffe804cf
7ffe804e9
7ffe80502
7ffe4051b
7ffe40534
7ffe4054d
7ffe40566
7ffe0057f
7ffe00599
7ffe005b2
7ffe005cb
7ffdc05e4
7ffdc05fd
7ffdc0616
7ffd8062f
7ffd80648
7ffd80662
7ffd8067b
7ffd40694
7ffd406ad
7ffd406c6
7ffd006df
7ffd006f8
7ffd00711
7ffcc072b
7ffcc0744
7ffc8075d
7ffc80776
7ffc8078f
7ffc407a8
7ffc407c1
7ffc407db
7ffc007f4
7ffc0080d
7ffbc0826
7ffbc083f
7ffbc0858
7ffb80871
7ffb8088a
7ffb408a4
7ffb408bd
7ffb008d6
7ffb008ef
7ffb00908
7ffac0921
7ffac093a
7ffa80953
7ffa8096d
7ffa40986
7ffa4099f
7ffa009b8
7ffa009d1
7ff9c09ea
7ff9c0a03
7ff980a1d
7ff980a36
7ff940a4f
7ff940a68
7ff900a81
7ff900a9a
7ff8c0ab3
7ff8c0acc
7ff880ae6
7ff880aff
7ff840b18
7ff840b31
7ff800b4a
7ff800b63
7ff7c0b7c
7ff780b95
7ff780baf
7ff740bc8
7ff740be1
7ff700bfa
7ff700c13
7ff6c0c2c
7ff680c45
7ff680c5e
7ff640c78
7ff640c91
7ff600caa
7ff5c0cc3
7ff5c0cdc
7ff580cf5
7ff540d0e
7ff540d27
7ff500d41
7ff4c0d5a
7ff4c0d73
7ff480d8c
7ff440da5
7ff440dbe
7ff400dd7
7ff3c0df0
7ff3c0e0a
7ff380e23
7ff340e3c
7ff340e55
7ff300e6e
7ff2c0e87
7ff2c0ea0
7ff280eb9
7ff240ed3
7ff200eec
7ff200f05
7ff1c0f1e
7ff180f37
7ff140f50
7ff140f69
7ff100f82
7ff0c0f9b
7ff080fb5
7ff080fce
7ff040fe7
7ff001000
7fefc1019
7fef81032
7fef8104b
7fef41064
7fef0107e
7feec1097
7fee810b0
7fee810c9
7fee410e2
7fee010fb
7fedc1114
7fed8112d
7fed41147
7fed41160
7fed01179
7fecc1192
7fec811ab
7fec411c4
7fec011dd
7febc11f6
7feb8120f
7feb81229
7feb41242
7feb0125b
7feac1274
7fea8128d
7fea412a6
7fea012bf
7fe9c12d8
7fe9812f2
7fe94130b
7fe901324
7fe8c133d
7fe881356
7fe88136f
7fe841388
7fe8013a1
7fe7c13ba
7fe7813d4
7fe7413ed
7fe701406
7fe6c141f
7fe681438
7fe641451
7fe60146a
7fe5c1483
7fe58149c
7fe5414b6
7fe5014cf
7fe4c14e8
7fe481501
7fe44151a
7fe401533
7fe3c154c
7fe381565
7fe30157e
7fe2c1598
7fe2815b1
7fe2415ca
7fe2015e3
7fe1c15fc
7fe181615
7fe14162e
7fe101647
7fe0c1660
7fe08167a
7fe041693
7fdfc16ac
7fdf816c5
7fdf416de
7fdf016f7
7fdec1710
7fde81729
7fde41742
7fde0175c
7fdd81775
7fdd4178e
7fdd017a7
7fdcc17c0
7fdc817d9
7fdc417f2
7fdbc180b
7fdb81824
7fdb4183d
7fdb01857
7fdac1870
7fda41889
7fda018a2
7fd9c18bb
7fd9818d4
7fd9418ed
7fd8c1906
7fd88191f
7fd841939
7fd801952
7fd78196b
7fd741984
7fd70199d
7fd6c19b6
7fd6419cf
7fd6019e8
7fd5c1a01
7fd581a1a
7fd501a34
7fd4c1a4d
7fd481a66
7fd401a7f
7fd3c1a98
7fd381ab1
7fd301aca
7fd2c1ae3
7fd281afc
7fd201b15
7fd1c1b2e
7fd181b48
7fd101b61
7fd0c1b7a
7fd081b93
7fd001bac
7fcfc1bc5
7fcf81bde
7fcf01bf7
7fcec1c10
7fce81c29
7fce01c43
7fcdc1c5c
7fcd41c75
7fcd01c8e
7fccc1ca7
7fcc41cc0
7fcc01cd9
7fcb81cf2
7fcb41d0b
7fcb01d24
7fca81d3d
7fca41d57
7fc9c1d70
7fc981d89
7fc901da2
7fc8c1dbb
7fc841dd4
7fc801ded
7fc781e06
7fc741e1f
7fc6c1e38
7fc681e51
7fc641e6b
7fc5c1e84
7fc581e9d
7fc501eb6
7fc481ecf
7fc441ee8
7fc3c1f01
7fc381f1a
7fc301f33
7fc2c1f4c
7fc241f65
7fc201f7f
7fc181f98
7fc141fb1
7fc0c1fca
7fc081fe3
7fc001ffc
7fbf82015
7fbf4202e
7fbec2047
7fbe82060
7fbe02079
7fbd82092
7fbd420ac
7fbcc20c5
7fbc820de
7fbc020f7
7fbb82110
7fbb42129
7fbac2142
7fba8215b
7fba02174
7fb98218d
7fb9421a6
7fb8c21bf
7fb8421d8
7fb8021f2
7fb78220b
7fb702224
7fb6c223d
7fb642256
7fb5c226f
7fb582288
7fb5022a1
7fb4822ba
7fb4022d3
7fb3c22ec
7fb342305
7fb2c231e
7fb282338
7fb202351
7fb18236a
7fb102383
7fb0c239c
7fb0423b5
7fafc23ce
7faf423e7
7faf02400
7fae82419
7fae02432
7fad8244b
7fad02464
7facc247d
7fac42497
7fabc24b0
7fab424c9
7faac24e2
7faa824fb
7faa02514
7fa98252d
7fa902546
7fa88255f
7fa842578
7fa7c2591
7fa7425aa
7fa6c25c3
7fa6425dc
7fa5c25f5
7fa54260f
7fa502628
7fa482641
7fa40265a
7fa382673
7fa30268c
7fa2826a5
7fa2026be
7fa1826d7
7fa1026f0
7fa082709
7fa042722
7f9fc273b
7f9f42754
7f9ec276d
7f9e42786
7f9dc279f
7f9d427b9
7f9cc27d2
7f9c427eb
7f9bc2804
7f9b4281d
7f9ac2836
7f9a4284f
7f99c2868
7f9942881
7f98c289a
7f98428b3
7f97c28cc
7f97428e5
7f96c28fe
7f9642917
7f95c2930
7f9542949
7f94c2962
7f944297b
7f93c2995
7f93429ae
7f92c29c7
7f92429e0
7f91c29f9
7f9142a12
7f90c2a2b
7f9042a44
7f8fc2a5d
7f8f02a76
7f8e82a8f
7f8e02aa8
7f8d82ac1
7f8d02ada
7f8c82af3
7f8c02b0c
7f8b82b25
7f8b02b3e
7f8a82b57
7f89c2b70
7f8942b89
7f88c2ba3
7f8842bbc
7f87c2bd5
7f8742bee
7f86c2c07
7f8602c20
7f8582c39
7f8502c52
7f8482c6b
7f8402c84
7f8342c9d
7f82c2cb6
7f8242ccf
7f81c2ce8
7f8142d01
7f8082d1a
7f8002d33
7f7f82d4c
7f7f02d65
7f7e82d7e
7f7dc2d97
7f7d42db0
7f7cc2dc9
7f7c42de2
7f7b82dfb
7f7b02e14
7f7a82e2d
7f7a02e46
7f7942e5f
7f78c2e79
7f7842e92
7f7782eab
7f7702ec4
7f7682edd
7f7602ef6
7f7542f0f
7f74c2f28
7f7442f41
7f7382f5a
7f7302f73
7f7282f8c
7f71c2fa5
7f7142fbe
7f70c2fd7
7f7002ff0
7f6f83009
7f6f03022
7f6e4303b
7f6dc3054
7f6d0306d
7f6c83086
7f6c0309f
7f6b430b8
7f6ac30d1
7f6a030ea
7f6983103
7f690311c
7f6843135
7f67c314e
7f6703167
7f6683180
7f6603199
7f65431b2
7f64c31cb
7f64031e4
7f63831fd
7f62c3216
7f624322f
7f6183248
7f6103261
7f604327a
7f5fc3293
7f5f032ac
7f5e832c5
7f5dc32de
7f5d432f7
7f5c83310
7f5c03329
7f5b43342
7f5ac335b
7f5a03374
7f598338d
7f58c33a6
7f58433bf
7f57833d8
7f57033f1
7f564340a
7f55c3423
7f550343c
7f5443455
7f53c346e
7f5303487
7f52834a0
7f51c34b9
7f51434d2
7f50834eb
7f4fc3504
7f4f4351d
7f4e83536
7f4e0354f
7f4d43568
7f4c83581
7f4c0359a
7f4b435b3
7f4a835cc
7f4a035e5
7f49435fe
7f4883617
7f4803630
7f4743649
7f4683662
7f460367b
7f4543694
7f44836ad
7f44036c6
7f43436df
7f42836f8
7f4203711
7f414372a
7f4083743
7f400375c
7f3f43775
7f3e8378e
7f3dc37a7
7f3d437c0
7f3c837d9
7f3bc37f2
7f3b0380b
7f3a83824
7f39c383d
7f3903856
7f384386f
7f37c3888
7f37038a1
7f36438ba
7f35838d3
7f34c38ec
7f3443905
7f338391e
7f32c3937
7f3203950
7f3143969
7f30c3982
7f300399b
7f2f439b4
7f2e839cd
7f2dc39e6
7f2d039ff
7f2c83a18
7f2bc3a31
7f2b03a4a
7f2a43a63
7f2983a7b
7f28c3a94
7f2803aad
7f2783ac6
7f26c3adf
7f2603af8
7f2543b11
7f2483b2a
7f23c3b43
7f2303b5c
7f2243b75
7f2183b8e
7f20c3ba7
7f2003bc0
7f1f43bd9
7f1ec3bf2
7f1e03c0b
7f1d43c24
7f1c83c3d
7f1bc3c56
7f1b03c6f
7f1a43c88
7f1983ca1
7f18c3cba
7f1803cd3
7f1743cec
7f1683d04
7f15c3d1d
7f1503d36
7f1443d4f
7f1383d68
7f12c3d81
7f1203d9a
7f1143db3
7f1083dcc
7f0fc3de5
7f0f03dfe
7f0e43e17
7f0d83e30
7f0cc3e49
7f0bc3e62
7f0b03e7b
7f0a43e94
7f0983ead
7f08c3ec6
7f0803ede
7f0743ef7
7f0683f10
7f05c3f29
7f0503f42
7f0443f5b
7f0383f74
7f0283f8d
7f01c3fa6
7f0103fbf
7f0043fd8
7eff83ff1
7efec400a
7efe04023
7efd0403c
7efc44055
7efb8406e
7efac4086
7efa0409f
7ef9440b8
7ef8440d1
7ef7840ea
7ef6c4103
7ef60411c
7ef544135
7ef44414e
7ef384167
7ef2c4180
7ef204199
7ef1441b2
7ef0441cb
7eef841e3
7eeec41fc
7eee04215
7eed0422e
7eec44247
7eeb84260
7eeac4279
7ee9c4292
7ee9042ab
7ee8442c4
7ee7842dd
7ee6842f6
7ee5c430e
7ee504327
7ee404340
7ee344359
7ee284372
7ee18438b
7ee0c43a4
7ee0043bd
7edf443d6
7ede443ef
7edd84408
7edc84421
7edbc4439
7edb04452
7eda0446b
7ed944484
7ed88449d
7ed7844b6
7ed6c44cf
7ed6044e8
7ed504501
7ed44451a
7ed344532
7ed28454b
7ed1c4564
7ed0c457d
7ed004596
7ecf045af
7ece445c8
7ecd845e1
7ecc845fa
7ecbc4613
7ecac462b
7eca04644
7ec90465d
7ec844676
7ec74468f
7ec6846a8
7ec5846c1
7ec4c46da
7ec4046f3
7ec30470b
7ec244724
7ec14473d
7ec084756
7ebf8476f
7ebec4788
7ebdc47a1
7ebcc47ba
7ebc047d3
7ebb047eb
7eba44804
7eb94481d
7eb884836
7eb78484f
7eb6c4868
7eb5c4881
7eb50489a
7eb4048b3
7eb3048cb
7eb2448e4
7eb1448fd
7eb084916
7eaf8492f
7eaec4948
7eadc4961
7eacc497a
7eac04992
7eab049ab
7eaa449c4
7ea9449dd
7ea8449f6
7ea784a0f
7ea684a28
7ea584a40
7ea4c4a59
7ea3c4a72
7ea2c4a8b
7ea204aa4
7ea104abd
7ea004ad6
7e9f44aef
7e9e44b07
7e9d44b20
7e9c84b39
7e9b84b52
7e9a84b6b
7e99c4b84
7e98c4b9d
7e97c4bb5
7e96c4bce
7e9604be7
7e9504c00
7e9404c19
7e9304c32
7e9244c4b
7e9144c63
7e9044c7c
7e8f44c95
7e8e84cae
7e8d84cc7
7e8c84ce0
7e8b84cf8
7e8ac4d11
7e89c4d2a
7e88c4d43
7e87c4d5c
7e86c4d75
7e8604d8e
7e8504da6
7e8404dbf
7e8304dd8
7e8204df1
7e8144e0a
7e8044e23
7e7f44e3b
7e7e44e54
7e7d44e6d
7e7c44e86
7e7b44e9f
7e7a84eb8
7e7984ed0
7e7884ee9
7e7784f02
7e7684f1b
7e7584f34
7e7484f4d
7e7384f65
7e72c4f7e
7e71c4f97
7e70c4fb0
7e6fc4fc9
7e6ec4fe2
7e6dc4ffa
7e6cc5013
7e6bc502c
7e6ac5045
7e69c505e
7e68c5077
7e67c508f
7e66c50a8
7e65c50c1
7e64c50da
7e64050f3
7e630510b
7e6205124
7e610513d
7e6005156
7e5f0516f
7e5e05187
7e5d051a0
7e5c051b9
7e5b051d2
7e5a051eb
7e5905204
7e57c521c
7e56c5235
7e55c524e
7e54c5267
7e53c5280
7e52c5298
7e51c52b1
7e50c52ca
7e4fc52e3
7e4ec52fc
7e4dc5314
7e4cc532d
7e4bc5346
7e4ac535f
7e49c5378
7e4885390
7e47853a9
7e46853c2
7e45853db
7e44853f4
7e438540c
7e4285425
7e418543e
7e4085457
7e3f4546f
7e3e45488
7e3d454a1
7e3c454ba
7e3b454d3
7e3a454eb
7e3905504
7e380551d
7e3705536
7e360554f
7e3505567
7e33c5580
7e32c5599
7e31c55b2
7e30c55ca
7e2fc55e3
7e2e855fc
7e2d85615
7e2c8562e
7e2b85646
7e2a8565f
7e2945678
7e2845691
7e27456a9
7e26456c2
7e25056db
7e24056f4
7e230570c
7e21c5725
7e20c573e
7e1fc5757
7e1ec5770
7e1d85788
7e1c857a1
7e1b857ba
7e1a457d3
7e19457eb
7e1845804
7e170581d
7e1605836
7e150584e
7e13c5867
7e12c5880
7e11c5899
7e10858b1
7e0f858ca
7e0e858e3
7e0d458fc
7e0c45914
7e0b4592d
7e0a05946
7e090595f
7e07c5977
7e06c5990
7e05c59a9
7e04859c2
7e03859da
7e02459f3
7e0145a0c
7e0045a25
7dff05a3d
7dfe05a56
7dfcc5a6f
7dfbc5a88
7dfa85aa0
7df985ab9
7df845ad2
7df745aeb
7df645b03
7df505b1c
7df405b35
7df2c5b4d
7df1c5b66
7df085b7f
7def85b98
7dee45bb0
7ded45bc9
7dec05be2
7deb05bfb
7de9c5c13
7de8c5c2c
7de785c45
7de685c5d
7de545c76
7de405c8f
7de305ca8
7de1c5cc0
7de0c5cd9
7ddf85cf2
7dde85d0a
7ddd45d23
7ddc45d3c
7ddb05d55
7dd9c5d6d
7dd8c5d86
7dd785d9f
7dd685db7
7dd545dd0
7dd405de9
7dd305e02
7dd1c5e1a
7dd0c5e33
7dcf85e4c
7dce45e64
7dcd45e7d
7dcc05e96
7dcac5eae
7dc9c5ec7
7dc885ee0
7dc745ef9
7dc645f11
7dc505f2a
7dc3c5f43
7dc2c5f5b
7dc185f74
7dc045f8d
7dbf45fa5
7dbe05fbe
7dbcc5fd7
7dbbc5fef
7dba86008
7db946021
7db80603a
7db706052
7db5c606b
7db486084
7db34609c
7db2460b5
7db1060ce
7dafc60e6
7dae860ff
7dad86118
7dac46130
7dab06149
7da9c6162
7da8c617a
7da786193
7da6461ac
7da5061c4
7da3c61dd
7da2c61f6
7da18620e
7da046227
7d9f06240
7d9dc6258
7d9cc6271
7d9b8628a
7d9a462a2
7d99062bb
7d97c62d4
7d96862ec
7d9546305
7d944631e
7d9306336
7d91c634f
7d9086368
7d8f46380
7d8e06399
7d8cc63b2
7d8b863ca
7d8a463e3
7d89463fc
7d8806414
7d86c642d
7d8586445
7d844645e
7d8306477
7d81c648f
7d80864a8
7d7f464c1
7d7e064d9
7d7cc64f2
7d7b8650b
7d7a46523
7d790653c
7d77c6555
7d768656d
7d7546586
7d740659e
7d72c65b7
7d71865d0
7d70465e8
7d6f06601
7d6dc661a
7d6c86632
7d6b4664b
7d6a06663
7d68c667c
7d6786695
7d66466ad
7d65066c6
7d63c66df
7d62866f7
7d6146710
7d6006728
7d5ec6741
7d5d8675a
7d5c46772
7d5b0678b
7d59c67a3
7d58867bc
7d57067d5
7d55c67ed
7d5486806
7d534681f
7d5206837
7d50c6850
7d4f86868
7d4e46881
7d4d0689a
7d4b868b2
7d4a468cb
7d49068e3
7d47c68fc
7d4686915
7d454692d
7d4406946
7d428695e
7d4146977
7d4006990
7d3ec69a8
7d3d869c1
7d3c069d9
7d3ac69f2
7d3986a0b
7d3846a23
7d3706a3c
7d3586a54
7d3446a6d
7d3306a85
7d31c6a9e
7d3046ab7
7d2f06acf
7d2dc6ae8
7d2c86b00
7d2b06b19
7d29c6b31
7d2886b4a
7d2746b63
7d25c6b7b
7d2486b94
7d2346bac
7d2206bc5
7d2086bdd
7d1f46bf6
7d1e06c0f
7d1c86c27
7d1b46c40
7d1a06c58
7d1886c71
7d1746c89
7d1606ca2
7d1486cbb
7d1346cd3
7d1206cec
7d1086d04
7d0f46d1d
7d0e06d35
7d0c86d4e
7d0b46d66
7d0a06d7f
7d0886d98
7d0746db0
7d05c6dc9
7d0486de1
7d0346dfa
7d01c6e12
7d0086e2b
7cff06e43
7cfdc6e5c
7cfc86e74
7cfb06e8d
7cf9c6ea6
7cf846ebe
7cf706ed7
7cf586eef
7cf446f08
7cf306f20
7cf186f39
7cf046f51
7ceec6f6a
7ced86f82
7cec06f9b
7ceac6fb3
7ce946fcc
7ce806fe4
7ce686ffd
7ce547016
7ce3c702e
7ce287047
7ce10705f
7cdfc7078
7cde47090
7cdd070a9
7cdb870c1
7cda470da
7cd8c70f2
7cd74710b
7cd607123
7cd48713c
7cd347154
7cd1c716d
7cd087185
7ccf0719e
7ccdc71b6
7ccc471cf
7ccac71e7
7cc987200
7cc807218
7cc6c7231
7cc547249
7cc3c7262
7cc28727a
7cc107293
7cbf872ab
7cbe472c4
7cbcc72dc
7cbb872f5
7cba0730d
7cb887326
7cb74733e
7cb5c7357
7cb44736f
7cb307388
7cb1873a0
7cb0073b9
7caec73d1
7cad473ea
7cabc7402
7caa8741b
7ca907433
7ca78744b
7ca607464
7ca4c747c
7ca347495
7ca1c74ad
7ca0474c6
7c9f074de
7c9d874f7
7c9c0750f
7c9ac7528
7c9947540
7c97c7559
7c9647571
7c94c758a
7c93875a2
7c92075bb
7c90875d3
7c8f075eb
7c8dc7604
7c8c4761c
7c8ac7635
7c894764d
7c87c7666
7c868767e
7c8507697
7c83876af
7c82076c7
7c80876e0
7c7f076f8
7c7dc7711
7c7c47729
7c7ac7742
7c794775a
7c77c7773
7c764778b
7c74c77a3
7c73877bc
7c72077d4
7c70877ed
7c6f07805
7c6d8781e
7c6c07836
7c6a8784f
7c6907867
7c678787f
7c6607898
7c64c78b0
7c63478c9
7c61c78e1
7c60478f9
7c5ec7912
7c5d4792a
7c5bc7943
7c5a4795b
7c58c7974
7c574798c
7c55c79a4
7c54479bd
7c52c79d5
7c51479ee
7c4fc7a06
7c4e47a1e
7c4cc7a37
7c4b47a4f
7c49c7a68
7c4847a80
7c46c7a98
7c4547ab1
7c43c7ac9
7c4247ae2
7c40c7afa
7c3f47b12
7c3dc7b2b
7c3c47b43
7c3ac7b5c
7c3947b74
7c37c7b8c
7c3647ba5
7c34c7bbd
7c3307bd6
7c3187bee
7c3007c06
7c2e87c1f
7c2d07c37
7c2b87c50
7c2a07c68
7c2887c80
7c2707c99
7c2587cb1
7c23c7cc9
7c2247ce2
7c20c7cfa
7c1f47d13
7c1dc7d2b
7c1c47d43
7c1ac7d5c
7c1907d74
7c1787d8c
7c1607da5
7c1487dbd
7c1307dd5
7c1187dee
7c0fc7e06
7c0e47e1f
7c0cc7e37
7c0b47e4f
7c09c7e68
7c0807e80
7c0687e98
7c0507eb1
7c0387ec9
7c0207ee1
7c0047efa
7bfec7f12
7bfd47f2a
7bfbc7f43
7bfa07f5b
7bf887f73
7bf707f8c
7bf587fa4
7bf3c7fbc
7bf247fd5
7bf0c7fed
7bef48005
7bed8801e
7bec08036
7bea8804e
7be8c8067
7be74807f
7be5c8097
7be4080b0
7be2880c8
7be1080e0
7bdf480f9
7bddc8111
7bdc48129
7bda88142
7bd90815a
7bd788172
7bd5c818b
7bd4481a3
7bd2c81bb
7bd1081d4
7bcf881ec
7bce08204
7bcc4821d
7bcac8235
7bc90824d
7bc788265
7bc60827e
7bc448296
7bc2c82ae
7bc1082c7
7bbf882df
7bbdc82f7
7bbc48310
7bbac8328
7bb908340
7bb788358
7bb5c8371
7bb448389
7bb2883a1
7bb1083ba
7baf483d2
7badc83ea
7bac08402
7baa8841b
7ba8c8433
7ba74844b
7ba588464
7ba40847c
7ba248494
7ba0c84ac
7b9f084c5
7b9d884dd
7b9bc84f5
7b9a4850d
7b9888526
7b970853e
7b9548556
7b93c856f
7b9208587
7b908859f
7b8ec85b7
7b8d085d0
7b8b885e8
7b89c8600
7b8848618
7b8688631
7b8508649
7b8348661
7b8188679
7b8008692
7b7e486aa
7b7cc86c2
7b7b086da
7b79486f3
7b77c870b
7b7608723
7b744873b
7b72c8754
7b710876c
7b6f88784
7b6dc879c
7b6c087b5
7b6a887cd
7b68c87e5
7b67087fd
7b6588815
7b63c882e
7b6208846
7b604885e
7b5ec8876
7b5d0888f
7b5b488a7
7b59c88bf
7b58088d7
7b56488ef
7b5488908
7b5308920
7b5148938
7b4f88950
7b4e08969
7b4c48981
7b4a88999
7b48c89b1
7b47489c9
7b45889e2
7b43c89fa
7b4208a12
7b4048a2a
7b3ec8a42
7b3d08a5b
7b3b48a73
7b3988a8b
7b37c8aa3
7b3648abb
7b3488ad4
7b32c8aec
7b3108b04
7b2f48b1c
7b2dc8b34
7b2c08b4c
7b2a48b65
7b2888b7d
7b26c8b95
7b2508bad
7b2348bc5
7b21c8bde
7b2008bf6
7b1e48c0e
7b1c88c26
7b1ac8c3e
7b1908c56
7b1748c6f
7b1588c87
7b1408c9f
7b1248cb7
7b1088ccf
7b0ec8ce7
7b0d08d00
7b0b48d18
7b0988d30
7b07c8d48
7b0608d60
7b0448d78
7b0288d91
7b00c8da9
7aff08dc1
7afd48dd9
7afb88df1
7af9c8e09
7af808e21
7af688e3a
7af4c8e52
7af308e6a
7af148e82
7aef88e9a
7aedc8eb2
7aec08eca
7aea48ee3
7ae888efb
7ae688f13
7ae4c8f2b
7ae308f43
7ae148f5b
7adf88f73
7addc8f8b
7adc08fa4
7ada48fbc
7ad888fd4
7ad6c8fec
7ad509004
7ad34901c
7ad189034
7acfc904c
7ace09065
7acc4907d
7aca89095
7ac8890ad
7ac6c90c5
7ac5090dd
7ac3490f5
7ac18910d
7abfc9125
7abe0913d
7abc49156
7aba4916e
7ab889186
7ab6c919e
7ab5091b6
7ab3491ce
7ab1891e6
7aafc91fe
7aadc9216
7aac0922e
7aaa49246
7aa88925f
7aa6c9277
7aa4c928f
7aa3092a7
7aa1492bf
7a9f892d7
7a9dc92ef
7a9bc9307
7a9a0931f
7a9849337
7a968934f
7a94c9367
7a92c937f
7a9109398
7a8f493b0
7a8d893c8
7a8b893e0
7a89c93f8
7a8809410
7a8649428
7a8449440
7a8289458
7a80c9470
7a7ec9488
7a7d094a0
7a7b494b8
7a79494d0
7a77894e8
7a75c9500
7a7409518
7a7209530
7a7049549
7a6e89561
7a6c89579
7a6ac9591
7a69095a9
7a67095c1
7a65495d9
7a63495f1
7a6189609
7a5fc9621
7a5dc9639
7a5c09651
7a5a49669
7a5849681
7a5689699
7a54896b1
7a52c96c9
7a51096e1
7a4f096f9
7a4d49711
7a4b49729
7a4989741
7a47c9759
7a45c9771
7a4409789
7a42097a1
7a40497b9
7a3e497d1
7a3c897e9
7a3a89801
7a38c9819
7a3709831
7a3509849
7a3349861
7a3149879
7a2f89891
7a2d898a9
7a2bc98c1
7a29c98d9
7a28098f1
7a2609909
7a2449921
7a2249939
7a2089951
7a1e89969
7a1c89981
7a1ac9999
7a18c99b1
7a17099c9
7a15099e1
7a13499f9
7a1149a11
7a0f89a29
7a0d89a41
7a0b89a59
7a09c9a71
7a07c9a89
7a0609aa1
7a0409ab8
7a0249ad0
7a0049ae8
79fe49b00
79fc89b18
79fa89b30
79f889b48
79f6c9b60
79f4c9b78
79f309b90
79f109ba8
79ef09bc0
79ed49bd8
79eb49bf0
79e949c08
79e789c20
79e589c38
79e389c50
79e1c9c67
79dfc9c7f
79ddc9c97
79dc09caf
79da09cc7
79d809cdf
79d649cf7
79d449d0f
79d249d27
79d049d3f
79ce89d57
79cc89d6f
79ca89d87
79c889d9e
79c6c9db6
79c4c9dce
79c2c9de6
79c109dfe
79bf09e16
79bd09e2e
79bb09e46
79b909e5e
79b749e76
79b549e8e
79b349ea5
79b149ebd
79af89ed5
79ad89eed
79ab89f05
79a989f1d
79a789f35
79a589f4d
79a3c9f65
79a1c9f7c
799fc9f94
799dc9fac
799bc9fc4
7999c9fdc
799809ff4
79960a00c
79940a024
79920a03b
79900a053
798e0a06b
798c0a083
798a4a09b
79884a0b3
79864a0cb
79844a0e2
79824a0fa
79804a112
797e4a12a
797c4a142
797a4a15a
79784a172
79764a189
79748a1a1
79728a1b9
79708a1d1
796e8a1e9
796c8a201
796a8a219
79688a230
79668a248
79648a260
79628a278
79608a290
795e8a2a8
795c8a2bf
795a8a2d7
79588a2ef
79568a307
79548a31f
79528a336
79508a34e
794e8a366
794c8a37e
794a8a396
79488a3ae
79468a3c5
79448a3dd
79428a3f5
79408a40d
793e8a425
793c8a43c
793a8a454
79384a46c
79364a484
79344a49c
79324a4b3
79304a4cb
792e4a4e3
792c4a4fb
792a4a513
79284a52a
79264a542
79244a55a
79220a572
79200a58a
791e0a5a1
791c0a5b9
791a0a5d1
79180a5e9
79160a600
7913ca618
7911ca630
790fca648
790dca660
790bca677
7909ca68f
79078a6a7
79058a6bf
79038a6d6
79018a6ee
78ff8a706
78fd8a71e
78fb4a735
78f94a74d
78f74a765
78f54a77d
78f30a794
78f10a7ac
78ef0a7c4
78ed0a7dc
78eaca7f3
78e8ca80b
78e6ca823
78e4ca83b
78e28a852
78e08a86a
78de8a882
78dc8a89a
78da4a8b1
78d84a8c9
78d64a8e1
78d44a8f8
78d20a910
78d00a928
78ce0a940
78cbca957
78c9ca96f
78c7ca987
78c58a99e
78c38a9b6
78c18a9ce
78bf4a9e6
78bd4a9fd
78bb4aa15
78b90aa2d
78b70aa44
78b50aa5c
78b2caa74
78b0caa8c
78ae8aaa3
78ac8aabb
78aa8aad3
78a84aaea
78a64ab02
78a44ab1a
78a20ab31
78a00ab49
789dcab61
789bcab78
7899cab90
78978aba8
78958abbf
78934abd7
78914abef
788f0ac06
788d0ac1e
788acac36
7888cac4d
7886cac65
78848ac7d
78828ac94
78804acac
787e4acc4
787c0acdb
787a0acf3
7877cad0b
7875cad22
78738ad3a
78718ad52
786f4ad69
786d4ad81
786b0ad99
78690adb0
7866cadc8
7864cade0
78628adf7
78604ae0f
785e4ae27
785c0ae3e
785a0ae56
7857cae6d
7855cae85
78538ae9d
78518aeb4
784f4aecc
784d0aee4
784b0aefb
7848caf13
7846caf2a
78448af42
78424af5a
78404af71
783e0af89
783c0afa0
7839cafb8
78378afd0
78358afe7
78334afff
78310b016
782f0b02e
782ccb046
782a8b05d
78288b075
78264b08c
78240b0a4
78220b0bc
781fcb0d3
781d8b0eb
781b8b102
78194b11a
78170b132
78150b149
7812cb161
78108b178
780e8b190
780c4b1a7
780a0b1bf
7807cb1d7
7805cb1ee
78038b206
78014b21d
77ff0b235
77fd0b24c
77facb264
77f88b27b
77f64b293
77f44b2ab
77f20b2c2
77efcb2da
77ed8b2f1
77eb4b309
77e94b320
77e70b338
77e4cb34f
77e28b367
77e04b37f
77de4b396
77dc0b3ae
77d9cb3c5
77d78b3dd
77d54b3f4
77d34b40c
77d10b423
77cecb43b
77cc8b452
77ca4b46a
77c80b481
77c5cb499
77c3cb4b0
77c18b4c8
77bf4b4df
77bd0b4f7
77bacb50e
77b88b526
77b64b53d
77b40b555
77b1cb56c
77afcb584
77ad8b59b
77ab4b5b3
77a90b5ca
77a6cb5e2
77a48b5f9
77a24b611
77a00b628
779dcb640
779b8b657
77994b66f
77970b686
7794cb69e
77928b6b5
77904b6cd
778e0b6e4
778bcb6fc
77898b713
77874b72b
77850b742
7782cb75a
77808b771
777e4b789
777c0b7a0
7779cb7b7
77778b7cf
77754b7e6
77730b7fe
7770cb815
776e8b82d
776c4b844
776a0b85c
7767cb873
77658b88b
77634b8a2
77610b8b9
775ecb8d1
775c8b8e8
775a4b900
77580b917
7755cb92f
77534b946
77510b95d
774ecb975
774c8b98c
774a4b9a4
77480b9bb
7745cb9d3
77438b9ea
77414ba01
773ecba19
773c8ba30
773a4ba48
77380ba5f
7735cba76
77338ba8e
77314baa5
772ecbabd
772c8bad4
772a4baeb
77280bb03
7725cbb1a
77234bb32
77210bb49
771ecbb60
771c8bb78
771a4bb8f
7717cbba7
77158bbbe
77134bbd5
77110bbed
770ecbc04
770c4bc1b
770a0bc33
7707cbc4a
77058bc62
77030bc79
7700cbc90
76fe8bca8
76fc4bcbf
76f9cbcd6
76f78bcee
76f54bd05
76f30bd1c
76f08bd34
76ee4bd4b
76ec0bd63
76e98bd7a
76e74bd91
76e50bda9
76e28bdc0
76e04bdd7
76de0bdef
76db8be06
76d94be1d
76d70be35
76d48be4c
76d24be63
76d00be7b
76cd8be92
76cb4bea9
76c90bec1
76c68bed8
76c44beef
76c20bf07
76bf8bf1e
76bd4bf35
76bacbf4d
76b88bf64
76b64bf7b
76b3cbf92
76b18bfaa
76af0bfc1
76accbfd8
76aa8bff0
76a80c007
76a5cc01e
76a34c036
76a10c04d
769e8c064
769c4c07b
769a0c093
76978c0aa
76954c0c1
7692cc0d9
76908c0f0
768e0c107
768bcc11e
76894c136
76870c14d
76848c164
76824c17b
767fcc193
767d8c1aa
767b0c1c1
7678cc1d9
76764c1f0
76740c207
76718c21e
766f4c236
766ccc24d
766a8c264
76680c27b
7665cc293
76634c2aa
7660cc2c1
765e8c2d8
765c0c2f0
7659cc307
76574c31e
76550c335
76528c34d
76500c364
764dcc37b
764b4c392
76490c3a9
76468c3c1
76440c3d8
7641cc3ef
763f4c406
763ccc41e
763a8c435
76380c44c
7635cc463
76334c47a
7630cc492
762e8c4a9
762c0c4c0
76298c4d7
76274c4ee
7624cc506
76224c51d
76200c534
761d8c54b
761b0c562
7618cc57a
76164c591
7613cc5a8
76114c5bf
760f0c5d6
760c8c5ed
760a0c605
7607cc61c
76054c633
7602cc64a
76004c661
75fe0c679
75fb8c690
75f90c6a7
75f68c6be
75f44c6d5
75f1cc6ec
75ef4c703
75eccc71b
75ea8c732
75e80c749
75e58c760
75e30c777
75e08c78e
75de4c7a6
75dbcc7bd
75d94c7d4
75d6cc7eb
75d44c802
75d20c819
75cf8c830
75cd0c847
75ca8c85f
75c80c876
75c58c88d
75c34c8a4
75c0cc8bb
75be4c8d2
75bbcc8e9
75b94c900
75b6cc918
75b44c92f
75b20c946
75af8c95d
75ad0c974
75aa8c98b
75a80c9a2
75a58c9b9
75a30c9d0
75a08c9e8
759e0c9ff
759b8ca16
75994ca2d
7596cca44
75944ca5b
7591cca72
758f4ca89
758cccaa0
758a4cab7
7587ccace
75854cae5
7582ccafd
75804cb14
757dccb2b
757b4cb42
7578ccb59
75764cb70
7573ccb87
75714cb9e
756eccbb5
756c4cbcc
7569ccbe3
75674cbfa
7564ccc11
75624cc28
755fccc3f
755d4cc56
755accc6d
75584cc85
7555ccc9c
75534ccb3
7550cccca
754e4cce1
754bcccf8
75494cd0f
7546ccd26
75444cd3d
75418cd54
753f0cd6b
753c8cd82
753a0cd99
75378cdb0
75350cdc7
75328cdde
75300cdf5
752d8ce0c
752b0ce23
75284ce3a
7525cce51
75234ce68
7520cce7f
751e4ce96
751bccead
75194cec4
75168cedb
75140cef2
75118cf09
750f0cf20
750c8cf37
750a0cf4e
75074cf65
7504ccf7c
75024cf93
74ffccfaa
74fd4cfc1
74faccfd8
74f80cfef
74f58d006
74f30d01d
74f08d034
74edcd04a
74eb4d061
74e8cd078
74e64d08f
74e3cd0a6
74e10d0bd
74de8d0d4
74dc0d0eb
74d98d102
74d6cd119
74d44d130
74d1cd147
74cf0d15e
74cc8d175
74ca0d18c
74c78d1a3
74c4cd1ba
74c24d1d1
74bfcd1e7
74bd0d1fe
74ba8d215
74b80d22c
74b54d243
74b2cd25a
74b04d271
74ad8d288
74ab0d29f
74a88d2b6
74a5cd2cd
74a34d2e3
74a0cd2fa
749e0d311
749b8d328
74990d33f
74964d356
7493cd36d
74914d384
748e8d39b
748c0d3b2
74894d3c8
7486cd3df
74844d3f6
74818d40d
747f0d424
747c4d43b
7479cd452
74770d469
74748d47f
74720d496
746f4d4ad
746ccd4c4
746a0d4db
74678d4f2
7464cd509
74624d51f
745f8d536
745d0d54d
745a8d564
7457cd57b
74554d592
74528d5a8
74500d5bf
744d4d5d6
744acd5ed
74480d604
74458d61b
7442cd631
74404d648
743d8d65f
743b0d676
74384d68d
74358d6a4
74330d6ba
74304d6d1
742dcd6e8
742b0d6ff
74288d716
7425cd72c
74234d743
74208d75a
741dcd771
741b4d788
74188d79e
74160d7b5
74134d7cc
7410cd7e3
740e0d7fa
740b4d810
7408cd827
74060d83e
74034d855
7400cd86c
73fe0d882
73fb8d899
73f8cd8b0
73f60d8c7
73f38d8dd
73f0cd8f4
73ee0d90b
73eb8d922
73e8cd938
73e60d94f
73e38d966
73e0cd97d
73de0d993
73db8d9aa
73d8cd9c1
73d60d9d8
73d38d9ee
73d0cda05
73ce0da1c
73cb8da33
73c8cda49
73c60da60
73c34da77
73c0cda8e
73be0daa4
73bb4dabb
73b88dad2
73b60dae9
73b34daff
73b08db16
73adcdb2d
73ab4db43
73a88db5a
73a5cdb71
73a30db87
73a08db9e
739dcdbb5
739b0dbcc
73984dbe2
73958dbf9
73930dc10
73904dc26
738d8dc3d
738acdc54
73880dc6a
73858dc81
7382cdc98
73800dcae
737d4dcc5
737a8dcdc
7377cdcf3
73754dd09
73728dd20
736fcdd37
736d0dd4d
736a4dd64
73678dd7b
7364cdd91
73620dda8
735f8ddbe
735ccddd5
735a0ddec
73574de02
73548de19
7351cde30
734f0de46
734c4de5d
73498de74
7346cde8a
73444dea1
73418deb8
733ecdece
733c0dee5
73394defb
73368df12
7333cdf29
73310df3f
732e4df56
732b8df6d
7328cdf83
73260df9a
73234dfb0
73208dfc7
731dcdfde
731b0dff4
73184e00b
73158e021
7312ce038
73100e04f
730d4e065
730a8e07c
7307ce092
73050e0a9
73024e0bf
72ff8e0d6
72fcce0ed
72fa0e103
72f74e11a
72f48e130
72f1ce147
72ef0e15d
72ec4e174
72e98e18b
72e68e1a1
72e3ce1b8
72e10e1ce
72de4e1e5
72db8e1fb
72d8ce212
72d60e229
72d34e23f
72d08e256
72cdce26c
72cace283
72c80e299
72c54e2b0
72c28e2c6
72bfce2dd
72bd0e2f3
72ba4e30a
72b78e320
72b48e337
72b1ce34d
72af0e364
72ac4e37a
72a98e391
72a6ce3a8
72a3ce3be
72a10e3d5
729e4e3eb
729b8e402
7298ce418
7295ce42f
72930e445
72904e45c
728d8e472
728ace489
7287ce49f
72850e4b6
72824e4cc
727f8e4e2
727c8e4f9
7279ce50f
72770e526
72744e53c
72714e553
726e8e569
726bce580
72690e596
72660e5ad
72634e5c3
72608e5da
725dce5f0
725ace607
72580e61d
72554e633
72524e64a
724f8e660
724cce677
7249ce68d
72470e6a4
72444e6ba
72414e6d1
723e8e6e7
723bce6fd
7238ce714
72360e72a
72334e741
72304e757
722d8e76e
722ace784
7227ce79a
72250e7b1
72224e7c7
721f4e7de
721c8e7f4
72198e80a
7216ce821
72140e837
72110e84e
720e4e864
720b4e87a
72088e891
7205ce8a7
7202ce8be
72000e8d4
71fd0e8ea
71fa4e901
71f74e917
71f48e92d
71f1ce944
71eece95a
71ec0e971
71e90e987
71e64e99d
71e34e9b4
71e08e9ca
71dd8e9e0
71dace9f7
71d7cea0d
71d50ea23
71d20ea3a
71cf4ea50
71cc4ea67
71c98ea7d
71c68ea93
71c3ceaaa
71c0ceac0
71be0ead6
71bb0eaed
71b84eb03
71b54eb19
71b28eb30
71af8eb46
71acceb5c
71a9ceb72
71a6ceb89
71a40eb9f
71a10ebb5
719e4ebcc
719b4ebe2
71988ebf8
71958ec0f
71928ec25
718fcec3b
718ccec52
718a0ec68
71870ec7e
71840ec94
71814ecab
717e4ecc1
717b4ecd7
71788ecee
71758ed04
7172ced1a
716fced30
716cced47
716a0ed5d
71670ed73
71640ed89
71614eda0
715e4edb6
715b4edcc
71588ede3
71558edf9
71528ee0f
714fcee25
714ccee3c
7149cee52
71470ee68
71440ee7e
71410ee94
713e0eeab
713b4eec1
71384eed7
71354eeed
71328ef04
712f8ef1a
712c8ef30
71298ef46
7126cef5d
7123cef73
7120cef89
711dcef9f
711b0efb5
71180efcc
71150efe2
71120eff8
710f0f00e
710c4f024
71094f03b
71064f051
71034f067
71004f07d
70fd8f093
70fa8f0aa
70f78f0c0
70f48f0d6
70f18f0ec
70eecf102
70ebcf118
70e8cf12f
70e5cf145
70e2cf15b
70dfcf171
70dccf187
70da0f19d
70d70f1b4
70d40f1ca
70d10f1e0
70ce0f1f6
70cb0f20c
70c80f222
70c50f238
70c24f24f
70bf4f265
70bc4f27b
70b94f291
70b64f2a7
70b34f2bd
70b04f2d3
70ad4f2ea
70aa4f300
70a74f316
70a44f32c
70a18f342
709e8f358
709b8f36e
70988f384
70958f39a
70928f3b1
708f8f3c7
708c8f3dd
70898f3f3
70868f409
70838f41f
70808f435
707d8f44b
707a8f461
70778f477
70748f48d
70718f4a4
706e8f4ba
706b8f4d0
70688f4e6
70658f4fc
70628f512
705f8f528
705c8f53e
70598f554
70568f56a
70538f580
70508f596
704d8f5ac
704a4f5c2
70474f5d8
70444f5ee
70414f604
703e4f61b
703b4f631
70384f647
70354f65d
70324f673
702f4f689
702c4f69f
70290f6b5
70260f6cb
70230f6e1
70200f6f7
701d0f70d
701a0f723
70170f739
70140f74f
7010cf765
700dcf77b
700acf791
7007cf7a7
7004cf7bd
7001cf7d3
6ffecf7e9
6ffb8f7ff
6ff88f815
6ff58f82b
6ff28f841
6fef8f857
6fec4f86d
6fe94f883
6fe64f899
6fe34f8af
6fe04f8c5
6fdd0f8db
6fda0f8f1
6fd70f907
6fd40f91c
6fd10f932
6fcdcf948
6fcacf95e
6fc7cf974
6fc4cf98a
6fc18f9a0
6fbe8f9b6
6fbb8f9cc
6fb88f9e2
6fb54f9f8
6fb24fa0e
6faf4fa24
6fac0fa3a
6fa90fa50
6fa60fa66
6fa30fa7b
6f9fcfa91
6f9ccfaa7
6f99cfabd
6f968fad3
6f938fae9
6f908faff
6f8d4fb15
6f8a4fb2b
6f874fb41
6f840fb57
6f810fb6c
6f7e0fb82
6f7acfb98
6f77cfbae
6f74cfbc4
6f718fbda
6f6e8fbf0
6f6b8fc06
6f684fc1c
6f654fc31
6f620fc47
6f5f0fc5d
6f5c0fc73
6f58cfc89
6f55cfc9f
6f528fcb5
6f4f8fcca
6f4c8fce0
6f494fcf6
6f464fd0c
6f430fd22
6f400fd38
6f3d0fd4e
6f39cfd63
6f36cfd79
6f338fd8f
6f308fda5
6f2d4fdbb
6f2a4fdd1
6f270fde6
6f240fdfc
6f20cfe12
6f1dcfe28
6f1a8fe3e
6f178fe53
6f148fe69
6f114fe7f
6f0e4fe95
6f0b0feab
6f080fec1
6f04cfed6
6f01cfeec
6efe8ff02
6efb4ff18
6ef84ff2d
6ef50ff43
6ef20ff59
6eeecff6f
6eebcff85
6ee88ff9a
6ee58ffb0
6ee24ffc6
6edf4ffdc
6edc0fff1
6ed8d0007
6ed5d001d
6ed290033
6ecf90049
6ecc5005e
6ec950074
6ec61008a
6ec2d00a0
6ebfd00b5
6ebc900cb
6eb9900e1
6eb6500f7
6eb31010c
6eb010122
6eacd0138
6ea9d014d
6ea690163
6ea350179
6ea05018f
6e9d101a4
6e99d01ba
6e96d01d0
6e93901e5
6e90501fb
6e8d50211
6e8a10227
6e86d023c
6e83d0252
6e8090268
6e7d5027d
6e7a50293
6e77102a9
6e73d02be
6e70902d4
6e6d902ea
6e6a50300
6e6710315
6e641032b
6e60d0341
6e5d90356
6e5a5036c
6e5750382
6e5410397
6e50d03ad
6e4d903c3
6e4a903d8
6e47503ee
6e4410404
6e40d0419
6e3dd042f
6e3a90444
6e375045a
6e3410470
6e3110485
6e2dd049b
6e2a904b1
6e27504c6
6e24104dc
6e21104f2
6e1dd0507
6e1a9051d
6e1750532
6e1410548
6e10d055e
6e0dd0573
6e0a90589
6e075059e
6e04105b4
6e00d05ca
6dfd905df
6dfa905f5
6df75060a
6df410620
6df0d0636
6ded9064b
6dea50661
6de710676
6de3d068c
6de0d06a2
6ddd906b7
6dda506cd
6dd7106e2
6dd3d06f8
6dd09070d
6dcd50723
6dca10738
6dc6d074e
6dc390764
6dc050779
6dbd1078f
6dba107a4
6db6d07ba
6db3907cf
6db0507e5
6dad107fa
6da9d0810
6da690825
6da35083b
6da010851
6d9cd0866
6d999087c
6d9650891
6d93108a7
6d8fd08bc
6d8c908d2
6d89508e7
6d86108fd
6d82d0912
6d7f90928
6d7c5093d
6d7910953
6d75d0968
6d729097e
6d6f50993
6d6c109a9
6d68d09be
6d65909d4
6d62509e9
6d5f109ff
6d5bd0a14
6d5850a29
6d5510a3f
6d51d0a54
6d4e90a6a
6d4b50a7f
6d4810a95
6d44d0aaa
6d4190ac0
6d3e50ad5
6d3b10aeb
6d37d0b00
6d3450b15
6d3110b2b
6d2dd0b40
6d2a90b56
6d2750b6b
6d2410b81
6d20d0b96
6d1d90bac
6d1a10bc1
6d16d0bd6
6d1390bec
6d1050c01
6d0d10c17
6d09d0c2c
6d0690c41
6d0310c57
6cffd0c6c
6cfc90c82
6cf950c97
6cf610cac
6cf290cc2
6cef50cd7
6cec10ced
6ce8d0d02
6ce590d17
6ce210d2d
6cded0d42
6cdb90d57
6cd850d6d
6cd510d82
6cd190d98
6cce50dad
6ccb10dc2
6cc7d0dd8
6cc450ded
6cc110e02
6cbdd0e18
6cba90e2d
6cb710e42
6cb3d0e58
6cb090e6d
6cad50e82
6ca9d0e98
6ca690ead
6ca350ec2
6c9fd0ed8
6c9c90eed
6c9950f02
6c95d0f18
6c9290f2d
6c8f50f42
6c8c10f58
6c8890f6d
6c8550f82
6c8210f98
6c7e90fad
6c7b50fc2
6c7810fd8
6c7490fed
6c7151002
6c6dd1017
6c6a9102d
6c6751042
6c63d1057
6c609106d
6c5d51082
6c59d1097
6c56910ac
6c53110c2
6c4fd10d7
6c4c910ec
6c4911101
6c45d1117
6c425112c
6c3f11141
6c3bd1157
6c385116c
6c3511181
6c3191196
6c2e511ab
6c2b111c1
6c27911d6
6c24511eb
6c20d1200
6c1d91216
6c1a1122b
6c16d1240
6c1351255
6c101126b
6c0c91280
6c0951295
6c05d12aa
6c02912bf
6bff112d5
6bfbd12ea
6bf8912ff
6bf511314
6bf191329
6bee5133f
6bead1354
6be791369
6be41137e
6be0d1393
6bdd513a9
6bda113be
6bd6913d3
6bd3513e8
6bcfd13fd
6bcc91412
6bc911428
6bc5d143d
6bc251452
6bbed1467
6bbb9147c
6bb811491
6bb4d14a7
6bb1514bc
6bae114d1
6baa914e6
6ba7114fb
6ba3d1510
6ba051525
6b9d1153a
6b9991550
6b9611565
6b92d157a
6b8f5158f
6b8bd15a4
6b88915b9
6b85115ce
6b81d15e3
6b7e515f9
6b7ad160e
6b7791623
6b7411638
6b709164d
6b6d51662
6b69d1677
6b665168c
6b63116a1
6b5f916b6
6b5c116cb
6b58d16e1
6b55516f6
6b51d170b
6b4e51720
6b4b11735
6b479174a
6b441175f
6b40d1774
6b3d51789
6b39d179e
6b36517b3
6b33117c8
6b2f917dd
6b2c117f2
6b28d1807
6b255181c
6b21d1831
6b1e51846
6b1b1185c
6b1791871
6b1411886
6b109189b
6b0d118b0
6b09d18c5
6b06518da
6b02d18ef
6aff51904
6afbd1919
6af89192e
6af511943
6af191958
6aee1196d
6aea91982
6ae751997
6ae3d19ac
6ae0519c1
6adcd19d6
6ad9519eb
6ad5d1a00
6ad291a15
6acf11a2a
6acb91a3f
6ac811a53
6ac491a68
6ac111a7d
6abd91a92
6aba51aa7
6ab6d1abc
6ab351ad1
6aafd1ae6
6aac51afb
6aa8d1b10
6aa551b25
6aa1d1b3a
6a9e51b4f
6a9b11b64
6a9791b79
6a9411b8e
6a9091ba3
6a8d11bb8
6a8991bcc
6a8611be1
6a8291bf6
6a7f11c0b
6a7b91c20
6a7811c35
6a7491c4a
6a7111c5f
6a6d91c74
6a6a11c89
6a6691c9d
6a6311cb2
6a5fd1cc7
6a5c51cdc
6a58d1cf1
6a5551d06
6a51d1d1b
6a4e51d30
6a4ad1d45
6a4751d59
6a43d1d6e
6a4051d83
6a3cd1d98
6a3911dad
6a3591dc2
6a3211dd7
6a2e91deb
6a2b11e00
6a2791e15
6a2411e2a
6a2091e3f
6a1d11e54
6a1991e68
6a1611e7d
6a1291e92
6a0f11ea7
6a0b91ebc
6a0811ed1
6a0491ee5
6a0111efa
69fd91f0f
69f9d1f24
69f651f39
69f2d1f4d
69ef51f62
69ebd1f77
69e851f8c
69e4d1fa1
69e151fb5
69ddd1fca
69da11fdf
69d691ff4
69d312009
69cf9201d
69cc12032
69c892047
69c51205c
69c152070
69bdd2085
69ba5209a
69b6d20af
69b3520c3
69afd20d8
69ac120ed
69a892102
69a512116
69a19212b
699e12140
699a52155
6996d2169
69935217e
698fd2193
698c521a8
6988921bc
6985121d1
6981921e6
697e121fa
697a5220f
6976d2224
697352239
696fd224d
696c12262
696892277
69651228b
6961922a0
695dd22b5
695a522c9
6956d22de
6953522f3
694f92308
694c1231c
694892331
6944d2346
69415235a
693dd236f
693a12384
693692398
6933123ad
692f923c2
692bd23d6
6928523eb
6924d23ff
692112414
691d92429
691a1243d
691652452
6912d2467
690f1247b
690b92490
6908124a5
6904524b9
6900d24ce
68fd524e2
68f9924f7
68f61250c
68f292520
68eed2535
68eb52549
68e79255e
68e412573
68e092587
68dcd259c
68d9525b0
68d5925c5
68d2125da
68ce525ee
68cad2603
68c752617
68c39262c
68c012640
68bc52655
68b8d266a
68b51267e
68b192693
68add26a7
68aa526bc
68a6926d0
68a3126e5
689f926f9
689bd270e
689852723
689492737
68911274c
688d52760
6889d2775
688612789
68829279e
687ed27b2
687b527c7
6877927db
6873d27f0
687052804
686c92819
68691282d
686552842
6861d2856
685e1286b
685a9287f
6856d2894
6853528a8
684f928bd
684bd28d1
6848528e6
6844928fa
68411290f
683d52923
6839d2938
68361294c
683252960
682ed2975
682b12989
68279299e
6823d29b2
6820129c7
681c929db
6818d29f0
681512a04
681192a18
680dd2a2d
680a52a41
680692a56
6802d2a6a
67ff52a7f
67fb92a93
67f7d2aa7
67f452abc
67f092ad0
67ecd2ae5
67e952af9
67e592b0d
67e1d2b22
67de52b36
67da92b4b
67d6d2b5f
67d352b73
67cf92b88
67cbd2b9c
67c812bb1
67c492bc5
67c0d2bd9
67bd12bee
67b992c02
67b5d2c16
67b212c2b
67ae52c3f
67aad2c54
67a712c68
67a352c7c
679f92c91
679c12ca5
679852cb9
679492cce
6790d2ce2
678d52cf6
678992d0b
6785d2d1f
678212d33
677e52d48
677ad2d5c
677712d70
677352d85
676f92d99
676bd2dad
676852dc1
676492dd6
6760d2dea
675d12dfe
675952e13
675592e27
675212e3b
674e52e4f
674a92e64
6746d2e78
674312e8c
673f52ea1
673bd2eb5
673812ec9
673452edd
673092ef2
672cd2f06
672912f1a
672552f2e
672192f43
671e12f57
671a52f6b
671692f7f
6712d2f94
670f12fa8
670b52fbc
670792fd0
6703d2fe5
670012ff9
66fc5300d
66f893021
66f513035
66f15304a
66ed9305e
66e9d3072
66e613086
66e25309b
66de930af
66dad30c3
66d7130d7
66d3530eb
66cf930ff
66cbd3114
66c813128
66c45313c
66c093150
66bcd3164
66b913179
66b55318d
66b1931a1
66add31b5
66aa131c9
66a6531dd
66a2931f2
669ed3206
669b1321a
66975322e
669393242
668fd3256
668c1326a
66885327f
668493293
6680d32a7
667d132bb
6679532cf
6675932e3
6671d32f7
666dd330b
666a1331f
666653334
666293348
665ed335c
665b13370
665753384
665393398
664fd33ac
664c133c0
6648533d4
6644533e8
6640933fd
663cd3411
663913425
663553439
66319344d
662dd3461
662a13475
662613489
66225349d
661e934b1
661ad34c5
6617134d9
6613534ed
660f53501
660b93515
6607d3529
66041353d
660053551
65fc93565
65f893579
65f4d358d
65f1135a1
65ed535b6
65e9935ca
65e5935de
65e1d35f2
65de13606
65da5361a
65d65362e
65d293642
65ced3656
65cb1366a
65c75367e
65c353691
65bf936a5
65bbd36b9
65b8136cd
65b4136e1
65b0536f5
65ac93709
65a8d371d
65a4d3731
65a113745
659d53759
65995376d
659593781
6591d3795
658e137a9
658a137bd
6586537d1
6582937e5
657e937f9
657ad380d
657713821
657313834
656f53848
656b9385c
656793870
6563d3884
656013898
655c138ac
6558538c0
6554938d4
6550938e8
654cd38fb
65491390f
654513923
654153937
653d5394b
65399395f
6535d3973
6531d3987
652e1399b
652a139ae
6526539c2
6522939d6
651e939ea
651ad39fe
6516d3a12
651313a26
650f53a39
650b53a4d
650793a61
650393a75
64ffd3a89
64fbd3a9d
64f813ab0
64f453ac4
64f053ad8
64ec93aec
64e893b00
64e4d3b13
64e0d3b27
64dd13b3b
64d913b4f
64d553b63
64d153b76
64cd93b8a
64c993b9e
64c5d3bb2
64c1d3bc6
64be13bd9
64ba13bed
64b653c01
64b253c15
64ae93c29
64aa93c3c
64a6d3c50
64a2d3c64
649f13c78
649b13c8b
649753c9f
649353cb3
648f93cc7
648b93cda
648793cee
6483d3d02
647fd3d16
647c13d29
647813d3d
647453d51
647053d64
646c53d78
646893d8c
646493da0
6460d3db3
645cd3dc7
6458d3ddb
645513dee
645113e02
644d53e16
644953e29
644553e3d
644193e51
643d93e65
643993e78
6435d3e8c
6431d3ea0
642e13eb3
642a13ec7
642613edb
642253eee
641e53f02
641a53f16
641693f29
641293f3d
640e93f51
640ad3f64
6406d3f78
6402d3f8b
63ff13f9f
63fb13fb3
63f713fc6
63f313fda
63ef53fee
63eb54001
63e754015
63e394028
63df9403c
63db94050
63d794063
63d3d4077
63cfd408a
63cbd409e
63c8140b2
63c4140c5
63c0140d9
63bc140ec
63b854100
63b454114
63b054127
63ac5413b
63a89414e
63a494162
63a094175
639c94189
63989419d
6394d41b0
6390d41c4
638cd41d7
6388d41eb
6384d41fe
638114212
637d14225
637914239
63751424c
637114260
636d14273
636954287
63655429b
6361542ae
635d542c2
6359542d5
6355542e9
6351942fc
634d94310
634994323
634594337
63419434a
633d9435e
633994371
6335d4384
6331d4398
632dd43ab
6329d43bf
6325d43d2
6321d43e6
631dd43f9
6319d440d
6315d4420
6311d4434
630e14447
630a1445b
63061446e
630214481
62fe14495
62fa144a8
62f6144bc
62f2144cf
62ee144e3
62ea144f6
62e614509
62e21451d
62de14530
62da14544
62d614557
62d21456b
62ce1457e
62ca14591
62c6145a5
62c2145b8
62be145cc
62ba145df
62b6145f2
62b214606
62ae14619
62aa1462c
62a614640
62a214653
629e14667
629a1467a
62961468d
6292146a1
628e146b4
628a146c7
6286146db
6282146ee
627e14701
627a14715
627614728
62721473b
626e1474f
626a14762
626614775
626214789
625e1479c
6259d47af
6255d47c3
6251d47d6
624dd47e9
6249d47fc
6245d4810
6241d4823
623dd4836
6239d484a
6235d485d
623194870
622d94883
622994897
6225948aa
6221948bd
621d948d1
6219948e4
6215548f7
62115490a
620d5491e
620954931
620554944
620154957
61fd5496b
61f91497e
61f514991
61f1149a4
61ed149b8
61e9149cb
61e4d49de
61e0d49f1
61dcd4a04
61d8d4a18
61d4d4a2b
61d094a3e
61cc94a51
61c894a64
61c494a78
61c094a8b
61bc54a9e
61b854ab1
61b454ac4
61b054ad8
61ac14aeb
61a814afe
61a414b11
61a014b24
619bd4b37
6197d4b4b
6193d4b5e
618fd4b71
618b94b84
618794b97
618394baa
617f54bbe
617b54bd1
617754be4
617354bf7
616f14c0a
616b14c1d
616714c30
6162d4c43
615ed4c57
615ad4c6a
615694c7d
615294c90
614e94ca3
614a54cb6
614654cc9
614254cdc
613e14cef
613a14d03
613614d16
6131d4d29
612dd4d3c
6129d4d4f
612594d62
612194d75
611d94d88
611954d9b
611554dae
611114dc1
610d14dd4
610914de7
6104d4dfa
6100d4e0d
60fcd4e21
60f894e34
60f494e47
60f054e5a
60ec54e6d
60e814e80
60e414e93
60e014ea6
60dbd4eb9
60d7d4ecc
60d394edf
60cf94ef2
60cb54f05
60c754f18
60c354f2b
60bf14f3e
60bb14f51
60b6d4f64
60b2d4f77
60ae94f8a
60aa94f9d
60a654fb0
60a254fc3
609e14fd6
609a14fe9
6095d4ffc
6091d500f
608d95022
608995035
608555047
60815505a
607d1506d
607915080
6074d5093
6070d50a6
606c950b9
6068950cc
6064550df
6060550f2
605c15105
605815118
6053d512b
604f9513e
604b95150
604755163
604355176
603f15189
603b1519c
6036d51af
6032951c2
602e951d5
602a551e8
6026551fb
60221520d
601e15220
6019d5233
601595246
601195259
600d5526c
60091527f
600515291
6000d52a4
5ffcd52b7
5ff8952ca
5ff4552dd
5ff0552f0
5fec15302
5fe7d5315
5fe3d5328
5fdf9533b
5fdb9534e
5fd755361
5fd315373
5fcf15386
5fcad5399
5fc6953ac
5fc2953bf
5fbe553d1
5fba153e4
5fb5d53f7
5fb1d540a
5fad9541d
5fa95542f
5fa555442
5fa115455
5f9cd5468
5f98d547b
5f949548d
5f90554a0
5f8c154b3
5f88154c6
5f83d54d8
5f7f954eb
5f7b554fe
5f7755511
5f7315523
5f6ed5536
5f6a95549
5f669555c
5f625556e
5f5e15581
5f59d5594
5f55d55a6
5f51955b9
5f4d555cc
5f49155df
5f45155f1
5f40d5604
5f3c95617
5f3855629
5f341563c
5f301564f
5f2bd5661
5f2795674
5f2355687
5f1f1569a
5f1b156ac
5f16d56bf
5f12956d2
5f0e556e4
5f0a156f7
5f05d570a
5f01d571c
5efd9572f
5ef955741
5ef515754
5ef0d5767
5eec95779
5ee85578c
5ee45579f
5ee0157b1
5edbd57c4
5ed7957d7
5ed3557e9
5ecf157fc
5ecad580e
5ec695821
5ec295834
5ebe55846
5eba15859
5eb5d586b
5eb19587e
5ead55891
5ea9158a3
5ea4d58b6
5ea0958c8
5e9c558db
5e98158ee
5e93d5900
5e8fd5913
5e8b95925
5e8755938
5e831594a
5e7ed595d
5e7a9596f
5e7655982
5e7215995
5e6dd59a7
5e69959ba
5e65559cc
5e61159df
5e5cd59f1
5e5895a04
5e5455a16
5e5015a29
5e4bd5a3b
5e4795a4e
5e4355a60
5e3f15a73
5e3ad5a85
5e3695a98
5e3255aaa
5e2e15abd
5e29d5acf
5e2595ae2
5e2155af4
5e1d15b07
5e18d5b19
5e1495b2c
5e1055b3e
5e0c15b51
5e07d5b63
5e0395b76
5dff55b88
5dfad5b9b
5df695bad
5df255bbf
5dee15bd2
5de9d5be4
5de595bf7
5de155c09
5ddd15c1c
5dd8d5c2e
5dd495c40
5dd055c53
5dcc15c65
5dc795c78
5dc355c8a
5dbf15c9d
5dbad5caf
5db695cc1
5db255cd4
5dae15ce6
5da9d5cf9
5da595d0b
5da115d1d
5d9cd5d30
5d9895d42
5d9455d54
5d9015d67
5d8bd5d79
5d8755d8c
5d8315d9e
5d7ed5db0
5d7a95dc3
5d7655dd5
5d7215de7
5d6d95dfa
5d6955e0c
5d6515e1e
5d60d5e31
5d5c95e43
5d5855e55
5d53d5e68
5d4f95e7a
5d4b55e8c
5d4715e9f
5d42d5eb1
5d3e55ec3
5d3a15ed6
5d35d5ee8
5d3195efa
5d2d15f0c
5d28d5f1f
5d2495f31
5d2055f43
5d1bd5f56
5d1795f68
5d1355f7a
5d0f15f8c
5d0a95f9f
5d0655fb1
5d0215fc3
5cfdd5fd6
5cf955fe8
5cf515ffa
5cf0d600c
5cec9601f
5ce816031
5ce3d6043
5cdf96055
5cdb16068
5cd6d607a
5cd29608c
5cce1609e
5cc9d60b0
5cc5960c3
5cc1160d5
5cbcd60e7
5cb8960f9
5cb45610b
5cafd611e
5cab96130
5ca756142
5ca2d6154
5c9e96166
5c9a16179
5c95d618b
5c919619d
5c8d161af
5c88d61c1
5c84961d3
5c80161e6
5c7bd61f8
5c779620a
5c731621c
5c6ed622e
5c6a56240
5c6616253
5c61d6265
5c5d56277
5c5916289
5c549629b
5c50562ad
5c4c162bf
5c47962d1
5c43562e4
5c3ed62f6
5c3a96308
5c361631a
5c31d632c
5c2d9633e
5c2916350
5c24d6362
5c2056374
5c1c16386
5c1796399
5c13563ab
5c0ed63bd
5c0a963cf
5c06563e1
5c01d63f3
5bfd96405
5bf916417
5bf4d6429
5bf05643b
5bec1644d
5be79645f
5be356471
5bded6483
5bda96495
5bd6164a7
5bd1d64b9
5bcd564cb
5bc9164de
5bc4964f0
5bc056502
5bbbd6514
5bb796526
5bb316538
5bae9654a
5baa5655c
5ba5d656e
5ba196580
5b9d16592
5b98d65a4
5b94565b6
5b90165c8
5b8b965d9
5b87165eb
5b82d65fd
5b7e5660f
5b7a16621
5b7596633
5b7156645
5b6cd6657
5b6856669
5b641667b
5b5f9668d
5b5b5669f
5b56d66b1
5b52566c3
5b4e166d5
5b49966e7
5b45566f9
5b40d670b
5b3c5671c
5b381672e
5b3396740
5b2f16752
5b2ad6764
5b2656776
5b21d6788
5b1d9679a
5b19167ac
5b14d67be
5b10567cf
5b0bd67e1
5b07967f3
5b0316805
5afe96817
5afa16829
5af5d683b
5af15684d
5aecd685e
5ae896870
5ae416882
5adf96894
5adb568a6
5ad6d68b8
5ad2568c9
5ace168db
5ac9968ed
5ac5168ff
5ac096911
5abc56923
5ab7d6934
5ab356946
5aaed6958
5aaa9696a
5aa61697c
5aa19698d
5a9d1699f
5a98d69b1
5a94569c3
5a8fd69d5
5a8b569e6
5a87169f8
5a8296a0a
5a7e16a1c
5a7996a2d
5a7556a3f
5a70d6a51
5a6c56a63
5a67d6a74
5a6356a86
5a5f16a98
5a5a96aaa
5a5616abb
5a5196acd
5a4d16adf
5a48d6af1
5a4456b02
5a3fd6b14
5a3b56b26
5a36d6b38
5a3256b49
5a2e16b5b
5a2996b6d
5a2516b7e
5a2096b90
5a1c16ba2
5a1796bb3
5a1356bc5
5a0ed6bd7
5a0a56be8
5a05d6bfa
5a0156c0c
59fcd6c1e
59f856c2f
59f3d6c41
59ef96c53
59eb16c64
59e696c76
59e216c87
59dd96c99
59d916cab
59d496cbc
59d016cce
59cb96ce0
59c716cf1
59c2d6d03
59be56d15
59b9d6d26
59b556d38
59b0d6d49
59ac56d5b
59a7d6d6d
59a356d7e
599ed6d90
599a56da1
5995d6db3
599156dc5
598cd6dd6
598856de8
5983d6df9
597f56e0b
597ad6e1c
597656e2e
597216e40
596d96e51
596916e63
596496e74
596016e86
595b96e97
595716ea9
595296eba
594e16ecc
594996ede
594516eef
594096f01
593c16f12
593796f24
5932d6f35
592e56f47
5929d6f58
592556f6a
5920d6f7b
591c56f8d
5917d6f9e
591356fb0
590ed6fc1
590a56fd3
5905d6fe4
590156ff6
58fcd7007
58f857019
58f3d702a
58ef5703b
58ead704d
58e65705e
58e197070
58dd17081
58d897093
58d4170a4
58cf970b6
58cb170c7
58c6970d8
58c2170ea
58bd970fb
58b91710d
58b45711e
58afd7130
58ab57141
58a6d7152
58a257164
589dd7175
589957187
5894d7198
5890171a9
588b971bb
5887171cc
5882971de
587e171ef
587997200
5874d7212
587057223
586bd7234
586757246
5862d7257
585e57268
58599727a
58551728b
58509729d
584c172ae
5847972bf
5842d72d1
583e572e2
5839d72f3
583557304
5830d7316
582c17327
582797338
58231734a
581e9735b
581a1736c
58155737e
5810d738f
580c573a0
5807d73b2
5803173c3
57fe973d4
57fa173e5
57f5973f7
57f0d7408
57ec57419
57e7d742a
57e31743c
57de9744d
57da1745e
57d59746f
57d0d7481
57cc57492
57c7d74a3
57c3174b4
57be974c6
57ba174d7
57b5974e8
57b0d74f9
57ac5750b
57a7d751c
57a31752d
579e9753e
579a1754f
579557561
5790d7572
578c57583
578797594
5783175a5
577e975b6
5779d75c8
5775575d9
5770d75ea
576c175fb
57679760c
57631761d
575e5762f
5759d7640
575517651
575097662
574c17673
574757684
5742d7696
573e576a7
5739976b8
5735176c9
5730576da
572bd76eb
5727576fc
57229770d
571e1771e
571957730
5714d7741
571017752
570b97763
570717774
570257785
56fdd7796
56f9177a7
56f4977b8
56efd77c9
56eb577da
56e6d77eb
56e2177fd
56dd9780e
56d8d781f
56d457830
56cf97841
56cb17852
56c657863
56c1d7874
56bd17885
56b897896
56b3d78a7
56af578b8
56aa978c9
56a6178da
56a1578eb
569cd78fc
56981790d
56939791e
568ed792f
568a57940
568597951
568117962
567c57973
5677d7984
567317995
566e979a6
5669d79b7
5665579c8
5660979d9
565bd79ea
5657579fb
565297a0c
564e17a1d
564957a2e
5644d7a3f
564017a4f
563b97a60
5636d7a71
563217a82
562d97a93
5628d7aa4
562457ab5
561f97ac6
561ad7ad7
561657ae8
561197af9
560d17b0a
560857b1a
560397b2b
55ff17b3c
55fa57b4d
55f5d7b5e
55f117b6f
55ec57b80
55e7d7b91
55e317ba1
55de57bb2
55d9d7bc3
55d517bd4
55d057be5
55cbd7bf6
55c717c07
55c297c17
55bdd7c28
55b917c39
55b497c4a
55afd7c5b
55ab17c6c
55a697c7c
55a1d7c8d
559d17c9e
559857caf
5593d7cc0
558f17cd0
558a57ce1
5585d7cf2
558117d03
557c57d14
5577d7d24
557317d35
556e57d46
556997d57
556517d67
556057d78
555b97d89
555717d9a
555257daa
554d97dbb
5548d7dcc
554457ddd
553f97ded
553ad7dfe
553617e0f
553197e20
552cd7e30
552817e41
552357e52
551ed7e63
551a17e73
551557e84
551097e95
550bd7ea5
550757eb6
550297ec7
54fdd7ed7
54f917ee8
54f457ef9
54efd7f0a
54eb17f1a
54e657f2b
54e197f3c
54dcd7f4c
54d857f5d
54d397f6e
54ced7f7e
54ca17f8f
54c557f9f
54c097fb0
54bc17fc1
54b757fd1
54b297fe2
54add7ff3
54a918003
54a458014
549fd8024
549b18035
549658046
549198056
548cd8067
548818078
548358088
547ed8099
547a180a9
5475580ba
5470980ca
546bd80db
5467180ec
5462580fc
545d9810d
5458d811d
54541812e
544f9813e
544ad814f
544618160
544158170
543c98181
5437d8191
5433181a2
542e581b2
5429981c3
5424d81d3
5420181e4
541b581f4
541698205
5411d8215
540d58226
540898236
5403d8247
53ff18257
53fa58268
53f598278
53f0d8289
53ec18299
53e7582aa
53e2982ba
53ddd82cb
53d9182db
53d4582ec
53cf982fc
53cad830d
53c61831d
53c15832d
53bc9833e
53b7d834e
53b31835f
53ae5836f
53a998380
53a4d8390
53a0183a0
539b583b1
5396983c1
5391d83d2
538d183e2
5388583f3
538358403
537e98413
5379d8424
537518434
537058444
536b98455
5366d8465
536218476
535d58486
535898496
5353d84a7
534f184b7
534a584c7
5345984d8
5340d84e8
533bd84f8
533718509
533258519
532d98529
5328d853a
53241854a
531f5855a
531a9856b
5315d857b
5310d858b
530c1859c
5307585ac
5302985bc
52fdd85cd
52f9185dd
52f4585ed
52ef985fd
52ea9860e
52e5d861e
52e11862e
52dc5863f
52d79864f
52d2d865f
52cdd866f
52c918680
52c458690
52bf986a0
52bad86b0
52b6186c1
52b1186d1
52ac586e1
52a7986f1
52a2d8702
529e18712
529918722
529458732
528f98742
528ad8753
528618763
528118773
527c58783
527798793
5272d87a4
526e187b4
5269187c4
5264587d4
525f987e4
525ad87f5
5255d8805
525118815
524c58825
524798835
524298845
523dd8855
523918866
523458876
522f58886
522a98896
5225d88a6
5220d88b6
521c188c6
5217588d7
5212988e7
520d988f7
5208d8907
520418917
51ff18927
51fa58937
51f598947
51f0d8957
51ebd8967
51e718978
51e258988
51dd58998
51d8989a8
51d3d89b8
51ced89c8
51ca189d8
51c5589e8
51c0589f8
51bb98a08
51b6d8a18
51b1d8a28
51ad18a38
51a858a48
51a358a58
519e98a68
5199d8a78
5194d8a88
519018a98
518b18aa8
518658ab8
518198ac8
517c98ad8
5177d8ae8
517318af8
516e18b08
516958b18
516458b28
515f98b38
515ad8b48
5155d8b58
515118b68
514c18b78
514758b88
514258b98
513d98ba8
5138d8bb8
5133d8bc8
512f18bd8
512a18be8
512558bf8
512058c08
511b98c18
5116d8c28
5111d8c38
510d18c47
510818c57
510358c67
50fe58c77
50f998c87
50f498c97
50efd8ca7
50ead8cb7
50e618cc7
50e118cd7
50dc58ce6
50d798cf6
50d298d06
50cdd8d16
50c8d8d26
50c418d36
50bf18d46
50ba58d55
50b558d65
50b098d75
50ab98d85
50a6d8d95
50a1d8da5
509cd8db4
509818dc4
509318dd4
508e58de4
508958df4
508498e04
507f98e13
507ad8e23
5075d8e33
507118e43
506c18e53
506758e62
506258e72
505d58e82
505898e92
505398ea2
504ed8eb1
5049d8ec1
504518ed1
504018ee1
503b18ef0
503658f00
503158f10
502c98f20
502798f2f
502298f3f
501dd8f4f
5018d8f5e
501418f6e
500f18f7e
500a18f8e
500558f9d
500058fad
4ffb98fbd
4ff698fcc
4ff198fdc
4fecd8fec
4fe7d8ffc
4fe2d900b
4fde1901b
4fd91902b
4fd45903a
4fcf5904a
4fca5905a
4fc599069
4fc099079
4fbb99089
4fb6d9098
4fb1d90a8
4facd90b8
4fa8190c7
4fa3190d7
4f9e190e6
4f99590f6
4f9459106
4f8f59115
4f8a59125
4f8599135
4f8099144
4f7b99154
4f76d9163
4f71d9173
4f6cd9183
4f6819192
4f63191a2
4f5e191b1
4f59191c1
4f54591d1
4f4f591e0
4f4a591f0
4f45991ff
4f409920f
4f3b9921e
4f369922e
4f31d923e
4f2cd924d
4f27d925d
4f22d926c
4f1e1927c
4f191928b
4f141929b
4f0f192aa
4f0a592ba
4f05592c9
4f00592d9
4efb592e8
4ef6592f8
4ef199307
4eec99317
4ee799326
4ee299336
4edd99345
4ed8d9355
4ed3d9364
4eced9374
4ec9d9383
4ec4d9393
4ec0193a2
4ebb193b2
4eb6193c1
4eb1193d1
4eac193e0
4ea7593ef
4ea2593ff
4e9d5940e
4e985941e
4e935942d
4e8e5943d
4e899944c
4e849945b
4e7f9946b
4e7a9947a
4e759948a
4e7099499
4e6b994a8
4e66d94b8
4e61d94c7
4e5cd94d7
4e57d94e6
4e52d94f5
4e4dd9505
4e48d9514
4e43d9524
4e3ed9533
4e3a19542
4e3519552
4e3019561
4e2b19570
4e2619580
4e211958f
4e1c1959e
4e17195ae
4e12195bd
4e0d195cc
4e08595dc
4e03595eb
4dfe595fa
4df95960a
4df459619
4def59628
4dea59638
4de559647
4de059656
4ddb59665
4dd659675
4dd159684
4dcc59693
4dc7596a3
4dc2596b2
4dbd596c1
4db8596d0
4db3596e0
4dae596ef
4da9596fe
4da45970d
4d9f9971d
4d9a9972c
4d959973b
4d909974a
4d8b99759
4d8699769
4d8199778
4d7c99787
4d7799796
4d72997a6
4d6d997b5
4d68597c4
4d63597d3
4d5e597e2
4d59597f2
4d5459801
4d4f59810
4d4a5981f
4d455982e
4d405983d
4d3b5984d
4d365985c
4d315986b
4d2c5987a
4d2759889
4d2259898
4d1d598a8
4d18598b7
4d13598c6
4d0e598d5
4d09598e4
4d04598f3
4cff59902
4cfa19911
4cf519921
4cf019930
4ceb1993f
4ce61994e
4ce11995d
4cdc1996c
4cd71997b
4cd21998a
4ccd19999
4cc7d99a8
4cc2d99b7
4cbdd99c7
4cb8d99d6
4cb3d99e5
4caed99f4
4ca9d9a03
4ca4d9a12
4c9fd9a21
4c9a99a30
4c9599a3f
4c9099a4e
4c8b99a5d
4c8699a6c
4c8199a7b
4c7c99a8a
4c7759a99
4c7259aa8
4c6d59ab7
4c6859ac6
4c6359ad5
4c5e59ae4
4c5919af3
4c5419b02
4c4f19b11
4c4a19b20
4c4519b2f
4c3fd9b3e
4c3ad9b4d
4c35d9b5c
4c30d9b6b
4c2bd9b7a
4c26d9b89
4c2199b98
4c1c99ba7
4c1799bb6
4c1299bc5
4c0d59bd4
4c0859be2
4c0359bf1
4bfe59c00
4bf959c0f
4bf419c1e
4bef19c2d
4bea19c3c
4be519c4b
4bdfd9c5a
4bdad9c69
4bd5d9c78
4bd0d9c86
4bcb99c95
4bc699ca4
4bc199cb3
4bbc99cc2
4bb759cd1
4bb259ce0
4bad59cef
4ba859cfd
4ba319d0c
4b9e19d1b
4b9919d2a
4b93d9d39
4b8ed9d48
4b89d9d56
4b84d9d65
4b7f99d74
4b7a99d83
4b7599d92
4b7059da1
4b6b59daf
4b6659dbe
4b6159dcd
4b5c19ddc
4b5719deb
4b5219df9
4b4cd9e08
4b47d9e17
4b42d9e26
4b3d99e35
4b3899e43
4b3399e52
4b2e59e61
4b2959e70
4b2459e7e
4b1f19e8d
4b1a19e9c
4b1519eab
4b0fd9eb9
4b0ad9ec8
4b0599ed7
4b0099ee6
4afb99ef4
4af659f03
4af159f12
4aec59f20
4ae719f2f
4ae219f3e
4adcd9f4d
4ad7d9f5b
4ad2d9f6a
4acd99f79
4ac899f87
4ac359f96
4abe59fa5
4ab959fb3
4ab419fc2
4aaf19fd1
4aa9d9fdf
4aa4d9fee
4a9fd9ffd
4a9a9a00b
4a959a01a
4a905a029
4a8b5a037
4a861a046
4a811a054
4a7c1a063
4a76da072
4a71da080
4a6c9a08f
4a679a09e
4a625a0ac
4a5d5a0bb
4a581a0c9
4a531a0d8
4a4e1a0e7
4a48da0f5
4a43da104
4a3e9a112
4a399a121
4a345a12f
4a2f5a13e
4a2a1a14d
4a251a15b
4a1fda16a
4a1ada178
4a159a187
4a109a195
4a0b5a1a4
4a065a1b2
4a011a1c1
49fc1a1cf
49f6da1de
49f1da1ed
49ec9a1fb
49e79a20a
49e25a218
49dd5a227
49d81a235
49d31a244
49cdda252
49c8da261
49c39a26f
49be5a27e
49b95a28c
49b41a29a
49af1a2a9
49a9da2b7
49a4da2c6
499f9a2d4
499a9a2e3
49955a2f1
49901a300
498b1a30e
4985da31d
4980da32b
497b9a339
49769a348
49715a356
496c1a365
49671a373
4961da382
495cda390
49579a39e
49525a3ad
494d5a3bb
49481a3ca
49431a3d8
493dda3e6
49389a3f5
49339a403
492e5a411
49295a420
49241a42e
491eda43c
4919da44b
49149a459
490f5a468
490a5a476
49051a484
48ffda493
48fada4a1
48f59a4af
48f09a4be
48eb5a4cc
48e61a4da
48e11a4e8
48dbda4f7
48d69a505
48d19a513
48cc5a522
48c71a530
48c21a53e
48bcda54d
48b79a55b
48b25a569
48ad5a577
48a81a586
48a2da594
489dda5a2
48989a5b0
48935a5bf
488e5a5cd
48891a5db
4883da5e9
487e9a5f8
48799a606
48745a614
486f1a622
486a1a631
4864da63f
485f9a64d
485a5a65b
48555a669
48501a678
484ada686
48459a694
48409a6a2
483b5a6b0
48361a6bf
4830da6cd
482bda6db
48269a6e9
48215a6f7
481c1a705
48171a714
4811da722
480c9a730
48075a73e
48025a74c
47fd1a75a
47f7da768
47f29a777
47ed5a785
47e85a793
47e31a7a1
47ddda7af
47d89a7bd
47d35a7cb
47ce5a7d9
47c91a7e7
47c3da7f6
47be9a804
47b95a812
47b45a820
47af1a82e
47a9da83c
47a49a84a
479f5a858
479a1a866
47951a874
478fda882
478a9a890
47855a89e
47801a8ac
477ada8ba
4775da8c8
47709a8d6
476b5a8e4
47661a8f3
4760da901
475b9a90f
47565a91d
47515a92b
474c1a939
4746da947
47419a955
473c5a963
47371a971
4731da97f
472c9a98c
47275a99a
47225a9a8
471d1a9b6
4717da9c4
47129a9d2
470d5a9e0
47081a9ee
4702da9fc
46fd9aa0a
46f85aa18
46f31aa26
46ee1aa34
46e8daa42
46e39aa50
46de5aa5e
46d91aa6c
46d3daa79
46ce9aa87
46c95aa95
46c41aaa3
46bedaab1
46b99aabf
46b45aacd
46af1aadb
46a9daae9
46a49aaf6
469f5ab04
469a1ab12
4694dab20
468fdab2e
468a9ab3c
46855ab4a
46801ab57
467adab65
46759ab73
46705ab81
466b1ab8f
4665dab9d
46609abaa
465b5abb8
46561abc6
4650dabd4
464b9abe2
46465abef
46411abfd
463bdac0b
46369ac19
46315ac27
462c1ac34
4626dac42
46219ac50
461c5ac5e
46171ac6c
46119ac79
460c5ac87
46071ac95
4601daca3
45fc9acb0
45f75acbe
45f21accc
45ecdacd9
45e79ace7
45e25acf5
45dd1ad03
45d7dad10
45d29ad1e
45cd5ad2c
45c81ad39
45c2dad47
45bd9ad55
45b85ad63
45b2dad70
45ad9ad7e
45a85ad8c
45a31ad99
459ddada7
45989adb5
45935adc2
458e1add0
4588dadde
45839adeb
457e5adf9
4578dae07
45739ae14
456e5ae22
45691ae2f
4563dae3d
455e9ae4b
45595ae58
45541ae66
454e9ae74
45495ae81
45441ae8f
453edae9c
45399aeaa
45345aeb8
452f1aec5
4529daed3
45245aee0
451f1aeee
4519daefb
45149af09
450f5af17
450a1af24
45049af32
44ff5af3f
44fa1af4d
44f4daf5a
44ef9af68
44ea5af75
44e4daf83
44df9af90
44da5af9e
44d51afab
44cfdafb9
44ca5afc6
44c51afd4
44bfdafe2
44ba9afef
44b55affc
44afdb00a
44aa9b017
44a55b025
44a01b032
449adb040
44955b04d
44901b05b
448adb068
44859b076
44801b083
447adb091
44759b09e
44705b0ac
446adb0b9
44659b0c6
44605b0d4
445b1b0e1
4455db0ef
44505b0fc
444b1b109
4445db117
44405b124
443b1b132
4435db13f
44309b14c
442b1b15a
4425db167
44209b175
441b5b182
4415db18f
44109b19d
440b5b1aa
4405db1b7
44009b1c5
43fb5b1d2
43f61b1e0
43f09b1ed
43eb5b1fa
43e61b208
43e09b215
43db5b222
43d61b230
43d09b23d
43cb5b24a
43c61b257
43c09b265
43bb5b272
43b61b27f
43b09b28d
43ab5b29a
43a61b2a7
43a09b2b5
439b5b2c2
43961b2cf
43909b2dc
438b5b2ea
43861b2f7
43809b304
437b5b311
43761b31f
43709b32c
436b5b339
43661b346
43609b354
435b5b361
4355db36e
43509b37b
434b5b388
4345db396
43409b3a3
433b5b3b0
4335db3bd
43309b3ca
432b1b3d8
4325db3e5
43209b3f2
431b1b3ff
4315db40c
43105b41a
430b1b427
4305db434
43005b441
42fb1b44e
42f59b45b
42f05b468
42eb1b476
42e59b483
42e05b490
42dadb49d
42d59b4aa
42d01b4b7
42cadb4c4
42c55b4d1
42c01b4df
42badb4ec
42b55b4f9
42b01b506
42aa9b513
42a55b520
429fdb52d
429a9b53a
42951b547
428fdb554
428a5b561
42851b56f
427fdb57c
427a5b589
42751b596
426f9b5a3
426a5b5b0
4264db5bd
425f9b5ca
425a1b5d7
4254db5e4
424f5b5f1
424a1b5fe
42449b60b
423f5b618
4239db625
42349b632
422f1b63f
4229db64c
42245b659
421f1b666
42199b673
42145b680
420edb68d
42095b69a
42041b6a7
41fe9b6b4
41f95b6c1
41f3db6ce
41ee9b6db
41e91b6e8
41e3db6f4
41de5b701
41d91b70e
41d39b71b
41ce1b728
41c8db735
41c35b742
41be1b74f
41b89b75c
41b35b769
41addb776
41a89b783
41a31b78f
419d9b79c
41985b7a9
4192db7b6
418d9b7c3
41881b7d0
41829b7dd
417d5b7ea
4177db7f6
41729b803
416d1b810
41679b81d
41625b82a
415cdb837
41579b843
41521b850
414c9b85d
41475b86a
4141db877
413c9b884
41371b890
41319b89d
412c5b8aa
4126db8b7
41215b8c4
411c1b8d0
41169b8dd
41111b8ea
410bdb8f7
41065b903
41011b910
40fb9b91d
40f61b92a
40f0db936
40eb5b943
40e5db950
40e09b95d
40db1b969
40d59b976
40d05b983
40cadb990
40c55b99c
40c01b9a9
40ba9b9b6
40b51b9c2
40af9b9cf
40aa5b9dc
40a4db9e9
409f5b9f5
409a1ba02
40949ba0f
408f1ba1b
4089dba28
40845ba35
407edba41
40795ba4e
40741ba5b
406e9ba67
40691ba74
4063dba81
405e5ba8d
4058dba9a
40535baa7
404e1bab3
40489bac0
40431bacc
403ddbad9
40385bae6
4032dbaf2
402d5baff
40281bb0b
40229bb18
401d1bb25
40179bb31
40125bb3e
400cdbb4a
40075bb57
4001dbb63
3ffc5bb70
3ff71bb7d
3ff19bb89
3fec1bb96
3fe69bba2
3fe15bbaf
3fdbdbbbb
3fd65bbc8
3fd0dbbd4
3fcb5bbe1
3fc61bbed
3fc09bbfa
3fbb1bc07
3fb59bc13
3fb05bc20
3faadbc2c
3fa55bc39
3f9fdbc45
3f9a5bc52
3f94dbc5e
3f8f9bc6a
3f8a1bc77
3f849bc83
3f7f1bc90
3f799bc9c
3f745bca9
3f6edbcb5
3f695bcc2
3f63dbcce
3f5e5bcdb
3f58dbce7
3f539bcf4
3f4e1bd00
3f489bd0c
3f431bd19
3f3d9bd25
3f381bd32
3f329bd3e
3f2d5bd4a
3f27dbd57
3f225bd63
3f1cdbd70
3f175bd7c
3f11dbd88
3f0c5bd95
3f071bda1
3f019bdae
3efc1bdba
3ef69bdc6
3ef11bdd3
3eeb9bddf
3ee61bdeb
3ee09bdf8
3edb1be04
3ed5dbe10
3ed05be1d
3ecadbe29
3ec55be35
3ebfdbe42
3eba5be4e
3eb4dbe5a
3eaf5be67
3ea9dbe73
3ea45be7f
3e9edbe8c
3e999be98
3e941bea4
3e8e9beb0
3e891bebd
3e839bec9
3e7e1bed5
3e789bee2
3e731beee
3e6d9befa
3e681bf06
3e629bf13
3e5d1bf1f
3e579bf2b
3e521bf37
3e4c9bf44
3e471bf50
3e41dbf5c
3e3c5bf68
3e36dbf74
3e315bf81
3e2bdbf8d
3e265bf99
3e20dbfa5
3e1b5bfb1
3e15dbfbe
3e105bfca
3e0adbfd6
3e055bfe2
3dffdbfee
3dfa5bffb
3df4dc007
3def5c013
3de9dc01f
3de45c02b
3ddedc037
3dd95c043
3dd3dc050
3dce5c05c
3dc8dc068
3dc35c074
3dbddc080
3db85c08c
3db2dc098
3dad5c0a4
3da7dc0b1
3da25c0bd
3d9cdc0c9
3d975c0d5
3d91dc0e1
3d8c5c0ed
3d86dc0f9
3d811c105
3d7b9c111
3d761c11d
3d709c129
3d6b1c136
3d659c142
3d601c14e
3d5a9c15a
3d551c166
3d4f9c172
3d4a1c17e
3d449c18a
3d3f1c196
3d399c1a2
3d341c1ae
3d2e9c1ba
3d291c1c6
3d235c1d2
3d1ddc1de
3d185c1ea
3d12dc1f6
3d0d5c202
3d07dc20e
3d025c21a
3cfcdc226
3cf75c232
3cf1dc23e
3cec5c24a
3ce69c256
3ce11c262
3cdb9c26e
3cd61c27a
3cd09c286
3ccb1c291
3cc59c29d
3cc01c2a9
3cba9c2b5
3cb4dc2c1
3caf5c2cd
3ca9dc2d9
3ca45c2e5
3c9edc2f1
3c995c2fd
3c93dc309
3c8e1c314
3c889c320
3c831c32c
3c7d9c338
3c781c344
3c729c350
3c6d1c35c
3c675c368
3c61dc373
3c5c5c37f
3c56dc38b
3c515c397
3c4bdc3a3
3c461c3af
3c409c3bb
3c3b1c3c6
3c359c3d2
3c301c3de
3c2a9c3ea
3c24dc3f6
3c1f5c401
3c19dc40d
3c145c419
3c0edc425
3c091c431
3c039c43c
3bfe1c448
3bf89c454
3bf31c460
3bed5c46c
3be7dc477
3be25c483
3bdcdc48f
3bd75c49b
3bd19c4a6
3bcc1c4b2
3bc69c4be
3bc11c4ca
3bbb5c4d5
3bb5dc4e1
3bb05c4ed
3baadc4f8
3ba51c504
3b9f9c510
3b9a1c51c
3b949c527
3b8f1c533
3b895c53f
3b83dc54a
3b7e5c556
3b78dc562
3b731c56d
3b6d9c579
3b681c585
3b625c590
3b5cdc59c
3b575c5a8
3b51dc5b3
3b4c1c5bf
3b469c5cb
3b411c5d6
3b3b9c5e2
3b35dc5ed
3b305c5f9
3b2adc605
3b251c610
3b1f9c61c
3b1a1c628
3b149c633
3b0edc63f
3b095c64a
3b03dc656
3afe1c662
3af89c66d
3af31c679
3aed5c684
3ae7dc690
3ae25c69b
3adc9c6a7
3ad71c6b3
3ad19c6be
3acc1c6ca
3ac65c6d5
3ac0dc6e1
3abb5c6ec
3ab59c6f8
3ab01c703
3aaa9c70f
3aa4dc71a
3a9f5c726
3a99dc731
3a941c73d
3a8e9c748
3a88dc754
3a835c75f
3a7ddc76b
3a781c776
3a729c782
3a6d1c78d
3a675c799
3a61dc7a4
3a5c5c7b0
3a569c7bb
3a511c7c7
3a4b5c7d2
3a45dc7dd
3a405c7e9
3a3a9c7f4
3a351c800
3a2f9c80b
3a29dc817
3a245c822
3a1e9c82d
3a191c839
3a139c844
3a0ddc850
3a085c85b
3a029c866
39fd1c872
39f79c87d
39f1dc889
39ec5c894
39e69c89f
39e11c8ab
39db9c8b6
39d5dc8c1
39d05c8cd
39ca9c8d8
39c51c8e3
39bf5c8ef
39b9dc8fa
39b45c905
39ae9c911
39a91c91c
39a35c927
399ddc933
39981c93e
39929c949
398cdc955
39875c960
3981dc96b
397c1c977
39769c982
3970dc98d
396b5c998
39659c9a4
39601c9af
395a5c9ba
3954dc9c5
394f1c9d1
39499c9dc
3943dc9e7
393e5c9f2
39389c9fe
39331ca09
392d9ca14
3927dca1f
39225ca2b
391c9ca36
39171ca41
39115ca4c
390bdca57
39061ca63
39009ca6e
38fadca79
38f55ca84
38ef9ca8f
38ea1ca9b
38e45caa6
38de9cab1
38d91cabc
38d35cac7
38cddcad2
38c81cade
38c29cae9
38bcdcaf4
38b75caff
38b19cb0a
38ac1cb15
38a65cb20
38a0dcb2b
389b1cb37
38959cb42
388fdcb4d
388a5cb58
38849cb63
387edcb6e
38795cb79
38739cb84
386e1cb8f
38685cb9a
3862dcba6
385d1cbb1
38575cbbc
3851dcbc7
384c1cbd2
38469cbdd
3840dcbe8
383b5cbf3
38359cbfe
382fdcc09
382a5cc14
38249cc1f
381f1cc2a
38195cc35
3813dcc40
380e1cc4b
38085cc56
3802dcc61
37fd1cc6c
37f79cc77
37f1dcc82
37ec1cc8d
37e69cc98
37e0dcca3
37db5ccae
37d59ccb9
37cfdccc4
37ca5cccf
37c49ccda
37bedcce5
37b95ccf0
37b39ccfb
37ae1cd06
37a85cd11
37a29cd1b
379d1cd26
37975cd31
37919cd3c
378c1cd47
37865cd52
37809cd5d
377b1cd68
37755cd73
376f9cd7e
376a1cd88
37645cd93
375edcd9e
37591cda9
37535cdb4
374ddcdbf
37481cdca
37425cdd5
373cdcddf
37371cdea
37315cdf5
372b9ce00
37261ce0b
37205ce16
371a9ce20
37151ce2b
370f5ce36
37099ce41
37041ce4c
36fe5ce56
36f89ce61
36f31ce6c
36ed5ce77
36e79ce82
36e1dce8c
36dc5ce97
36d69cea2
36d0dcead
36cb5ceb7
36c59cec2
36bfdcecd
36ba5ced8
36b49cee2
36aedceed
36a91cef8
36a39cf03
369ddcf0d
36981cf18
36925cf23
368cdcf2e
36871cf38
36815cf43
367b9cf4e
36761cf58
36705cf63
366a9cf6e
3664dcf78
365f5cf83
36599cf8e
3653dcf98
364e1cfa3
36489cfae
3642dcfb8
363d1cfc3
36375cfce
3631dcfd8
362c1cfe3
36265cfee
36209cff8
361b1d003
36155d00d
360f9d018
3609dd023
36041d02d
35fe9d038
35f8dd043
35f31d04d
35ed5d058
35e79d062
35e21d06d
35dc5d077
35d69d082
35d0dd08d
35cb1d097
35c59d0a2
35bfdd0ac
35ba1d0b7
35b45d0c1
35ae9d0cc
35a91d0d6
35a35d0e1
359d9d0ec
3597dd0f6
35921d101
358c5d10b
3586dd116
35811d120
357b5d12b
35759d135
356fdd140
356a1d14a
35649d155
355edd15f
35591d16a
35535d174
354d9d17e
3547dd189
35425d193
353c9d19e
3536dd1a8
35311d1b3
352b5d1bd
35259d1c8
351fdd1d2
351a5d1dc
35149d1e7
350edd1f1
35091d1fc
35035d206
34fd9d211
34f7dd21b
34f21d225
34ec9d230
34e6dd23a
34e11d245
34db5d24f
34d59d259
34cfdd264
34ca1d26e
34c45d278
34be9d283
34b8dd28d
34b35d297
34ad9d2a2
34a7dd2ac
34a21d2b6
349c5d2c1
34969d2cb
3490dd2d5
348b1d2e0
34855d2ea
347f9d2f4
3479dd2ff
34745d309
346e9d313
3468dd31e
34631d328
345d5d332
34579d33c
3451dd347
344c1d351
34465d35b
34409d366
343add370
34351d37a
342f5d384
34299d38f
3423dd399
341e1d3a3
34185d3ad
34129d3b7
340d1d3c2
34075d3cc
34019d3d6
33fbdd3e0
33f61d3eb
33f05d3f5
33ea9d3ff
33e4dd409
33df1d413
33d95d41d
33d39d428
33cddd432
33c81d43c
33c25d446
33bc9d450
33b6dd45a
33b11d465
33ab5d46f
33a59d479
339fdd483
339a1d48d
33945d497
338e9d4a1
3388dd4ac
33831d4b6
337d5d4c0
33779d4ca
3371dd4d4
336c1d4de
33665d4e8
33609d4f2
335add4fc
33551d506
334f5d511
33499d51b
3343dd525
333e1d52f
33385d539
33329d543
332cdd54d
33271d557
33215d561
331b5d56b
33159d575
330fdd57f
330a1d589
33045d593
32fe9d59d
32f8dd5a7
32f31d5b1
32ed5d5bb
32e79d5c5
32e1dd5cf
32dc1d5d9
32d65d5e3
32d09d5ed
32cadd5f7
32c51d601
32bf5d60b
32b95d615
32b39d61f
32addd629
32a81d633
32a25d63d
329c9d647
3296dd651
32911d65b
328b5d665
32859d66e
327fdd678
327a1d682
32741d68c
326e5d696
32689d6a0
3262dd6aa
325d1d6b4
32575d6be
32519d6c8
324bdd6d1
32461d6db
32401d6e5
323a5d6ef
32349d6f9
322edd703
32291d70d
32235d716
321d9d720
3217dd72a
3211dd734
320c1d73e
32065d748
32009d751
31fadd75b
31f51d765
31ef5d76f
31e99d779
31e39d782
31dddd78c
31d81d796
31d25d7a0
31cc9d7aa
31c6dd7b3
31c0dd7bd
31bb1d7c7
31b55d7d1
31af9d7da
31a9dd7e4
31a41d7ee
319e5d7f8
31985d801
31929d80b
318cdd815
31871d81f
31815d828
317b5d832
31759d83c
316fdd845
316a1d84f
31645d859
315e9d863
31589d86c
3152dd876
314d1d880
31475d889
31419d893
313b9d89d
3135dd8a6
31301d8b0
312a5d8ba
31249d8c3
311e9d8cd
3118dd8d7
31131d8e0
310d5d8ea
31079d8f3
31019d8fd
30fbdd907
30f61d910
30f05d91a
30ea5d924
30e49d92d
30dedd937
30d91d940
30d35d94a
30cd5d954
30c79d95d
30c1dd967
30bc1d970
30b61d97a
30b05d983
30aa9d98d
30a4dd997
309edd9a0
30991d9aa
30935d9b3
308d9d9bd
30879d9c6
3081dd9d0
307c1d9d9
30765d9e3
30705d9ec
306a9d9f6
3064dd9ff
305edda09
30591da12
30535da1c
304d9da25
30479da2f
3041dda38
303c1da42
30365da4b
30305da55
302a9da5e
3024dda68
301edda71
30191da7a
30135da84
300d9da8d
30079da97
3001ddaa0
2ffc1daaa
2ff61dab3
2ff05dabc
2fea9dac6
2fe49dacf
2fdeddad9
2fd91dae2
2fd35daeb
2fcd5daf5
2fc79dafe
2fc1ddb08
2fbbddb11
2fb61db1a
2fb05db24
2faa5db2d
2fa49db36
2f9eddb40
2f98ddb49
2f931db52
2f8d5db5c
2f875db65
2f819db6e
2f7bddb78
2f75ddb81
2f701db8a
2f6a5db94
2f645db9d
2f5e9dba6
2f58ddbb0
2f52ddbb9
2f4d1dbc2
2f471dbcc
2f415dbd5
2f3b9dbde
2f359dbe7
2f2fddbf1
2f2a1dbfa
2f241dc03
2f1e5dc0c
2f189dc16
2f129dc1f
2f0cddc28
2f06ddc31
2f011dc3b
2efb5dc44
2ef55dc4d
2eef9dc56
2ee9ddc5f
2ee3ddc69
2ede1dc72
2ed81dc7b
2ed25dc84
2ecc9dc8d
2ec69dc97
2ec0ddca0
2ebaddca9
2eb51dcb2
2eaf5dcbb
2ea95dcc5
2ea39dcce
2e9d9dcd7
2e97ddce0
2e921dce9
2e8c1dcf2
2e865dcfb
2e805dd05
2e7a9dd0e
2e74ddd17
2e6eddd20
2e691dd29
2e631dd32
2e5d5dd3b
2e575dd44
2e519dd4d
2e4bddd57
2e45ddd60
2e401dd69
2e3a1dd72
2e345dd7b
2e2e5dd84
2e289dd8d
2e22ddd96
2e1cddd9f
2e171dda8
2e111ddb1
2e0b5ddba
2e055ddc3
2dff9ddcc
2df99ddd5
2df3dddde
2dedddde7
2de81ddf0
2de25ddf9
2ddc5de02
2dd69de0b
2dd09de14
2dcadde1d
2dc4dde26
2dbf1de2f
2db91de38
2db35de41
2dad5de4a
2da79de53
2da19de5c
2d9bdde65
2d95dde6e
2d901de77
2d8a1de80
2d845de89
2d7e5de92
2d789de9b
2d729dea4
2d6cddead
2d66ddeb6
2d611debf
2d5b1dec7
2d555ded0
2d4f5ded9
2d499dee2
2d439deeb
2d3dddef4
2d37ddefd
2d321df06
2d2c1df0f
2d265df17
2d205df20
2d1a9df29
2d149df32
2d0eddf3b
2d08ddf44
2d031df4d
2cfd1df55
2cf75df5e
2cf15df67
2ceb9df70
2ce59df79
2cdfddf81
2cd9ddf8a
2cd3ddf93
2cce1df9c
2cc81dfa5
2cc25dfad
2cbc5dfb6
2cb69dfbf
2cb09dfc8
2caaddfd1
2ca4ddfd9
2c9eddfe2
2c991dfeb
2c931dff4
2c8d5dffc
2c875e005
2c819e00e
2c7b9e017
2c75de01f
2c6fde028
2c69de031
2c641e03a
2c5e1e042
2c585e04b
2c525e054
2c4c9e05c
2c469e065
2c409e06e
2c3ade076
2c34de07f
2c2f1e088
2c291e090
2c231e099
2c1d5e0a2
2c175e0aa
2c119e0b3
2c0b9e0bc
2c059e0c4
2bffde0cd
2bf9de0d6
2bf41e0de
2bee1e0e7
2be81e0f0
2be25e0f8
2bdc5e101
2bd69e109
2bd09e112
2bca9e11b
2bc4de123
2bbede12c
2bb91e134
2bb31e13d
2bad1e146
2ba75e14e
2ba15e157
2b9b5e15f
2b959e168
2b8f9e170
2b89de179
2b83de181
2b7dde18a
2b781e193
2b721e19b
2b6c1e1a4
2b665e1ac
2b605e1b5
2b5a5e1bd
2b549e1c6
2b4e9e1ce
2b489e1d7
2b42de1df
2b3cde1e8
2b36de1f0
2b311e1f9
2b2b1e201
2b251e20a
2b1f5e212
2b195e21b
2b135e223
2b0d9e22b
2b079e234
2b019e23c
2afbde245
2af5de24d
2aefde256
2aea1e25e
2ae41e267
2ade1e26f
2ad85e277
2ad25e280
2acc5e288
2ac69e291
2ac09e299
2aba9e2a1
2ab4de2aa
2aaede2b2
2aa8de2ba
2aa31e2c3
2a9d1e2cb
2a971e2d4
2a911e2dc
2a8b5e2e4
2a855e2ed
2a7f5e2f5
2a799e2fd
2a739e306
2a6d9e30e
2a679e316
2a61de31f
2a5bde327
2a55de32f
2a501e338
2a4a1e340
2a441e348
2a3e1e351
2a385e359
2a325e361
2a2c5e369
2a269e372
2a209e37a
2a1a9e382
2a149e38a
2a0ede393
2a08de39b
2a02de3a3
29fcde3ab
29f71e3b4
29f11e3bc
29eb1e3c4
29e51e3cc
29df5e3d5
29d95e3dd
29d35e3e5
29cd5e3ed
29c79e3f6
29c19e3fe
29bb9e406
29b59e40e
29afde416
29a9de41e
29a3de427
299dde42f
29981e437
29921e43f
298c1e447
29861e44f
29801e458
297a5e460
29745e468
296e5e470
29685e478
29629e480
295c9e488
29569e491
29509e499
294a9e4a1
2944de4a9
293ede4b1
2938de4b9
2932de4c1
292cde4c9
29271e4d1
29211e4d9
291b1e4e1
29151e4ea
290f1e4f2
29095e4fa
29035e502
28fd5e50a
28f75e512
28f15e51a
28eb9e522
28e59e52a
28df9e532
28d99e53a
28d39e542
28cd9e54a
28c7de552
28c1de55a
28bbde562
28b5de56a
28afde572
28aa1e57a
28a41e582
289e1e58a
28981e592
28921e59a
288c1e5a2
28865e5aa
28805e5b2
287a5e5ba
28745e5c2
286e5e5ca
28685e5d2
28625e5d9
285c9e5e1
28569e5e9
28509e5f1
284a9e5f9
28449e601
283e9e609
28389e611
2832de619
282cde621
2826de629
2820de630
281ade638
2814de640
280ede648
28091e650
28031e658
27fd1e660
27f71e667
27f11e66f
27eb1e677
27e51e67f
27df1e687
27d95e68f
27d35e696
27cd5e69e
27c75e6a6
27c15e6ae
27bb5e6b6
27b55e6be
27af5e6c5
27a95e6cd
27a39e6d5
279d9e6dd
27979e6e4
27919e6ec
278b9e6f4
27859e6fc
277f9e704
27799e70b
27739e713
276d9e71b
27679e722
2761de72a
275bde732
2755de73a
274fde741
2749de749
2743de751
273dde759
2737de760
2731de768
272bde770
2725de777
271fde77f
2719de787
27141e78e
270e1e796
27081e79e
27021e7a5
26fc1e7ad
26f61e7b5
26f01e7bc
26ea1e7c4
26e41e7cc
26de1e7d3
26d81e7db
26d21e7e2
26cc1e7ea
26c61e7f2
26c01e7f9
26ba1e801
26b41e809
26ae1e810
26a85e818
26a25e81f
269c5e827
26965e82e
26905e836
268a5e83e
26845e845
267e5e84d
26785e854
26725e85c
266c5e863
26665e86b
26605e872
265a5e87a
26545e882
264e5e889
26485e891
26425e898
263c5e8a0
26365e8a7
26305e8af
262a5e8b6
26245e8be
261e5e8c5
26185e8cd
26125e8d4
260c5e8dc
26065e8e3
26005e8ea
25fa5e8f2
25f45e8f9
25ee5e901
25e85e908
25e25e910
25dc5e917
25d65e91f
25d05e926
25ca5e92d
25c45e935
25be5e93c
25b85e944
25b25e94b
25ac5e952
25a65e95a
25a05e961
259a5e969
25945e970
258e5e977
25885e97f
25825e986
257c5e98d
25765e995
25705e99c
256a5e9a4
25645e9ab
255e5e9b2
25585e9ba
25525e9c1
254c1e9c8
25461e9d0
25401e9d7
253a1e9de
25341e9e5
252e1e9ed
25281e9f4
25221e9fb
251c1ea03
25161ea0a
25101ea11
250a1ea19
25041ea20
24fe1ea27
24f81ea2e
24f21ea36
24ec1ea3d
24e61ea44
24dfdea4b
24d9dea53
24d3dea5a
24cddea61
24c7dea68
24c1dea6f
24bbdea77
24b5dea7e
24afdea85
24a9dea8c
24a3dea93
249ddea9b
2497deaa2
24919eaa9
248b9eab0
24859eab7
247f9eabf
24799eac6
24739eacd
246d9ead4
24679eadb
24619eae2
245b9eae9
24559eaf1
244f5eaf8
24495eaff
24435eb06
243d5eb0d
24375eb14
24315eb1b
242b5eb22
24255eb2a
241f5eb31
24195eb38
24131eb3f
240d1eb46
24071eb4d
24011eb54
23fb1eb5b
23f51eb62
23ef1eb69
23e91eb70
23e2deb77
23dcdeb7e
23d6deb85
23d0deb8c
23cadeb93
23c4deb9a
23bedeba2
23b8deba9
23b29ebb0
23ac9ebb7
23a69ebbe
23a09ebc5
239a9ebcc
23949ebd3
238e9ebda
23885ebe0
23825ebe7
237c5ebee
23765ebf5
23705ebfc
236a5ec03
23645ec0a
235e1ec11
23581ec18
23521ec1f
234c1ec26
23461ec2d
23401ec34
2339dec3b
2333dec42
232ddec49
2327dec50
2321dec56
231bdec5d
23159ec64
230f9ec6b
23099ec72
23039ec79
22fd9ec80
22f79ec87
22f15ec8d
22eb5ec94
22e55ec9b
22df5eca2
22d95eca9
22d31ecb0
22cd1ecb7
22c71ecbd
22c11ecc4
22bb1eccb
22b51ecd2
22aedecd9
22a8decdf
22a2dece6
229cdeced
2296decf4
22909ecfb
228a9ed01
22849ed08
227e9ed0f
22789ed16
22725ed1d
226c5ed23
22665ed2a
22605ed31
225a5ed38
22541ed3e
224e1ed45
22481ed4c
22421ed52
223bded59
2235ded60
222fded67
2229ded6d
2223ded74
221d9ed7b
22179ed81
22119ed88
220b9ed8f
22055ed96
21ff5ed9c
21f95eda3
21f35edaa
21ed5edb0
21e71edb7
21e11edbe
21db1edc4
21d51edcb
21cededd1
21c8dedd8
21c2deddf
21bcdede5
21b69edec
21b09edf3
21aa9edf9
21a49ee00
219e5ee06
21985ee0d
21925ee14
218c5ee1a
21861ee21
21801ee27
217a1ee2e
21741ee34
216ddee3b
2167dee42
2161dee48
215bdee4f
21559ee55
214f9ee5c
21499ee62
21435ee69
213d5ee6f
21375ee76
21315ee7c
212b1ee83
21251ee89
211f1ee90
21191ee96
2112dee9d
210cdeea3
2106deeaa
21009eeb0
20fa9eeb7
20f49eebd
20ee9eec4
20e85eeca
20e25eed1
20dc5eed7
20d61eede
20d01eee4
20ca1eeeb
20c41eef1
20bddeef7
20b7deefe
20b1def04
20ab9ef0b
20a59ef11
209f9ef18
20995ef1e
20935ef24
208d5ef2b
20875ef31
20811ef38
207b1ef3e
20751ef44
206edef4b
2068def51
2062def57
205c9ef5e
20569ef64
20509ef6a
204a5ef71
20445ef77
203e5ef7d
20381ef84
20321ef8a
202c1ef90
2025def97
201fdef9d
2019defa3
20139efaa
200d9efb0
20079efb6
20015efbd
1ffb5efc3
1ff55efc9
1fef1efcf
1fe91efd6
1fe31efdc
1fdcdefe2
1fd6defe8
1fd0defef
1fca9eff5
1fc49effb
1fbe9f001
1fb85f008
1fb25f00e
1fac5f014
1fa61f01a
1fa01f020
1f9a1f027
1f93df02d
1f8ddf033
1f87df039
1f819f03f
1f7b9f046
1f755f04c
1f6f5f052
1f695f058
1f631f05e
1f5d1f064
1f571f06b
1f50df071
1f4adf077
1f44df07d
1f3e9f083
1f389f089
1f325f08f
1f2c5f096
1f265f09c
1f201f0a2
1f1a1f0a8
1f141f0ae
1f0ddf0b4
1f07df0ba
1f019f0c0
1efb9f0c6
1ef59f0cc
1eef5f0d3
1ee95f0d9
1ee31f0df
1edd1f0e5
1ed71f0eb
1ed0df0f1
1ecadf0f7
1ec49f0fd
1ebe9f103
1eb89f109
1eb25f10f
1eac5f115
1ea61f11b
1ea01f121
1e9a1f127
1e93df12d
1e8ddf133
1e879f139
1e819f13f
1e7b9f145
1e755f14b
1e6f5f151
1e691f157
1e631f15d
1e5d1f163
1e56df169
1e50df16f
1e4a9f175
1e449f17b
1e3e5f181
1e385f187
1e325f18d
1e2c1f193
1e261f198
1e1fdf19e
1e19df1a4
1e13df1aa
1e0d9f1b0
1e079f1b6
1e015f1bc
1dfb5f1c2
1df51f1c8
1def1f1ce
1de8df1d3
1de2df1d9
1ddcdf1df
1dd69f1e5
1dd09f1eb
1dca5f1f1
1dc45f1f7
1dbe1f1fc
1db81f202
1db1df208
1dabdf20e
1da5df214
1d9f9f21a
1d999f21f
1d935f225
1d8d5f22b
1d871f231
1d811f237
1d7adf23c
1d74df242
1d6edf248
1d689f24e
1d629f253
1d5c5f259
1d565f25f
1d501f265
1d4a1f26b
1d43df270
1d3ddf276
1d379f27c
1d319f281
1d2b5f287
1d255f28d
1d1f1f293
1d191f298
1d12df29e
1d0cdf2a4
1d06df2aa
1d009f2af
1cfa9f2b5
1cf45f2bb
1cee5f2c0
1ce81f2c6
1ce21f2cc
1cdbdf2d1
1cd5df2d7
1ccf9f2dd
1cc99f2e2
1cc35f2e8
1cbd5f2ee
1cb71f2f3
1cb11f2f9
1caadf2fe
1ca4df304
1c9e9f30a
1c989f30f
1c925f315
1c8c5f31b
1c861f320
1c801f326
1c79df32b
1c73df331
1c6d9f337
1c679f33c
1c615f342
1c5b5f347
1c551f34d
1c4f1f352
1c48df358
1c42df35d
1c3c9f363
1c369f369
1c305f36e
1c2a5f374
1c241f379
1c1e1f37f
1c17df384
1c11df38a
1c0b9f38f
1c059f395
1bff5f39a
1bf91f3a0
1bf31f3a5
1becdf3ab
1be6df3b0
1be09f3b6
1bda9f3bb
1bd45f3c1
1bce5f3c6
1bc81f3cc
1bc21f3d1
1bbbdf3d6
1bb5df3dc
1baf9f3e1
1ba99f3e7
1ba35f3ec
1b9d1f3f2
1b971f3f7
1b90df3fc
1b8adf402
1b849f407
1b7e9f40d
1b785f412
1b725f417
1b6c1f41d
1b661f422
1b5fdf428
1b599f42d
1b539f432
1b4d5f438
1b475f43d
1b411f442
1b3b1f448
1b34df44d
1b2edf452
1b289f458
1b225f45d
1b1c5f462
1b161f468
1b101f46d
1b09df472
1b03df478
1afd9f47d
1af75f482
1af15f488
1aeb1f48d
1ae51f492
1adedf497
1ad8df49d
1ad29f4a2
1acc5f4a7
1ac65f4ac
1ac01f4b2
1aba1f4b7
1ab3df4bc
1aaddf4c1
1aa79f4c7
1aa15f4cc
1a9b5f4d1
1a951f4d6
1a8f1f4dc
1a88df4e1
1a82df4e6
1a7c9f4eb
1a765f4f0
1a705f4f6
1a6a1f4fb
1a641f500
1a5ddf505
1a579f50a
1a519f510
1a4b5f515
1a455f51a
1a3f1f51f
1a38df524
1a32df529
1a2c9f52e
1a269f534
1a205f539
1a1a1f53e
1a141f543
1a0ddf548
1a07df54d
1a019f552
19fb5f557
19f55f55c
19ef1f562
19e8df567
19e2df56c
19dc9f571
19d69f576
19d05f57b
19ca1f580
19c41f585
19bddf58a
19b7df58f
19b19f594
19ab5f599
19a55f59e
199f1f5a3
1998df5a8
1992df5ad
198c9f5b2
19869f5b7
19805f5bc
197a1f5c1
19741f5c6
196ddf5cb
19679f5d0
19619f5d5
195b5f5da
19555f5df
194f1f5e4
1948df5e9
1942df5ee
193c9f5f3
19365f5f8
19305f5fd
192a1f602
1923df607
191ddf60c
19179f611
19115f616
190b5f61b
19051f620
18ff1f625
18f8df629
18f29f62e
18ec9f633
18e65f638
18e01f63d
18da1f642
18d3df647
18cd9f64c
18c79f651
18c15f655
18bb1f65a
18b51f65f
18aedf664
18a89f669
18a29f66e
189c5f673
18961f677
18901f67c
1889df681
18839f686
187d9f68b
18775f68f
18711f694
186b1f699
1864df69e
185e9f6a3
18589f6a7
18525f6ac
184c1f6b1
18461f6b6
183fdf6ba
18399f6bf
18339f6c4
182d5f6c9
18271f6cd
18211f6d2
181adf6d7
18149f6dc
180e9f6e0
18085f6e5
18021f6ea
17fbdf6ef
17f5df6f3
17ef9f6f8
17e95f6fd
17e35f701
17dd1f706
17d6df70b
17d0df70f
17ca9f714
17c45f719
17be5f71d
17b81f722
17b1df727
17ab9f72b
17a59f730
179f5f735
17991f739
17931f73e
178cdf743
17869f747
17809f74c
177a5f750
17741f755
176ddf75a
1767df75e
17619f763
175b5f767
17555f76c
174f1f771
1748df775
17429f77a
173c9f77e
17365f783
17301f787
172a1f78c
1723df790
171d9f795
17175f79a
17115f79e
170b1f7a3
1704df7a7
16fedf7ac
16f89f7b0
16f25f7b5
16ec1f7b9
16e61f7be
16dfdf7c2
16d99f7c7
16d35f7cb
16cd5f7d0
16c71f7d4
16c0df7d9
16badf7dd
16b49f7e1
16ae5f7e6
16a81f7ea
16a21f7ef
169bdf7f3
16959f7f8
168f5f7fc
16895f801
16831f805
167cdf809
16769f80e
16709f812
166a5f817
16641f81b
165ddf81f
1657df824
16519f828
164b5f82d
16451f831
163f1f835
1638df83a
16329f83e
162c5f842
16265f847
16201f84b
1619df84f
16139f854
160d9f858
16075f85c
16011f861
15fadf865
15f4df869
15ee9f86e
15e85f872
15e21f876
15dc1f87b
15d5df87f
15cf9f883
15c95f887
15c31f88c
15bd1f890
15b6df894
15b09f899
15aa5f89d
15a45f8a1
159e1f8a5
1597df8aa
15919f8ae
158b9f8b2
15855f8b6
157f1f8ba
1578df8bf
15729f8c3
156c9f8c7
15665f8cb
15601f8cf
1559df8d4
1553df8d8
154d9f8dc
15475f8e0
15411f8e4
153adf8e9
1534df8ed
152e9f8f1
15285f8f5
15221f8f9
151bdf8fd
1515df902
150f9f906
15095f90a
15031f90e
14fd1f912
14f6df916
14f09f91a
14ea5f91e
14e41f922
14de1f927
14d7df92b
14d19f92f
14cb5f933
14c51f937
14bf1f93b
14b8df93f
14b29f943
14ac5f947
14a61f94b
14a01f94f
1499df953
14939f957
148d5f95b
14871f95f
14811f964
147adf968
14749f96c
146e5f970
14681f974
1461df978
145bdf97c
14559f980
144f5f984
14491f988
1442df98c
143cdf990
14369f993
14305f997
142a1f99b
1423df99f
141ddf9a3
14179f9a7
14115f9ab
140b1f9af
1404df9b3
13fe9f9b7
13f89f9bb
13f25f9bf
13ec1f9c3
13e5df9c7
13df9f9cb
13d95f9ce
13d35f9d2
13cd1f9d6
13c6df9da
13c09f9de
13ba5f9e2
13b41f9e6
13ae1f9ea
13a7df9ed
13a19f9f1
139b5f9f5
13951f9f9
138edf9fd
1388dfa01
13829fa05
137c5fa08
13761fa0c
136fdfa10
13699fa14
13639fa18
135d5fa1b
13571fa1f
1350dfa23
134a9fa27
13445fa2b
133e1fa2e
13381fa32
1331dfa36
132b9fa3a
13255fa3d
131f1fa41
1318dfa45
1312dfa49
130c9fa4c
13065fa50
13001fa54
12f9dfa58
12f39fa5b
12ed5fa5f
12e75fa63
12e11fa67
12dadfa6a
12d49fa6e
12ce5fa72
12c81fa75
12c1dfa79
12bbdfa7d
12b59fa80
12af5fa84
12a91fa88
12a2dfa8b
129c9fa8f
12965fa93
12901fa96
128a1fa9a
1283dfa9e
127d9faa1
12775faa5
12711faa9
126adfaac
12649fab0
125e9fab3
12585fab7
12521fabb
124bdfabe
12459fac2
123f5fac5
12391fac9
1232dfacc
122cdfad0
12269fad4
12205fad7
121a1fadb
1213dfade
120d9fae2
12075fae5
12011fae9
11fadfaec
11f4dfaf0
11ee9faf3
11e85faf7
11e21fafb
11dbdfafe
11d59fb02
11cf5fb05
11c91fb09
11c2dfb0c
11bcdfb10
11b69fb13
11b05fb16
11aa1fb1a
11a3dfb1d
119d9fb21
11975fb24
11911fb28
118adfb2b
1184dfb2f
117e9fb32
11785fb36
11721fb39
116bdfb3c
11659fb40
115f5fb43
11591fb47
1152dfb4a
114c9fb4d
11469fb51
11405fb54
113a1fb58
1133dfb5b
112d9fb5e
11275fb62
11211fb65
111adfb68
11149fb6c
110e5fb6f
11085fb72
11021fb76
10fbdfb79
10f59fb7d
10ef5fb80
10e91fb83
10e2dfb86
10dc9fb8a
10d65fb8d
10d01fb90
10c9dfb94
10c39fb97
10bd9fb9a
10b75fb9e
10b11fba1
10aadfba4
10a49fba7
109e5fbab
10981fbae
1091dfbb1
108b9fbb4
10855fbb8
107f1fbbb
1078dfbbe
1072dfbc1
106c9fbc5
10665fbc8
10601fbcb
1059dfbce
10539fbd1
104d5fbd5
10471fbd8
1040dfbdb
103a9fbde
10345fbe1
102e1fbe5
1027dfbe8
10219fbeb
101b9fbee
10155fbf1
100f1fbf4
1008dfbf8
10029fbfb
ffc5fbfe
ff61fc01
fefdfc04
fe99fc07
fe35fc0a
fdd1fc0e
fd6dfc11
fd09fc14
fca5fc17
fc41fc1a
fbddfc1d
fb79fc20
fb19fc23
fab5fc26
fa51fc29
f9edfc2c
f989fc2f
f925fc33
f8c1fc36
f85dfc39
f7f9fc3c
f795fc3f
f731fc42
f6cdfc45
f669fc48
f605fc4b
f5a1fc4e
f53dfc51
f4d9fc54
f475fc57
f411fc5a
f3b1fc5d
f34dfc60
f2e9fc63
f285fc66
f221fc69
f1bdfc6c
f159fc6f
f0f5fc72
f091fc75
f02dfc78
efc9fc7b
ef65fc7d
ef01fc80
ee9dfc83
ee39fc86
edd5fc89
ed71fc8c
ed0dfc8f
eca9fc92
ec45fc95
ebe1fc98
eb7dfc9b
eb19fc9e
eab5fca0
ea51fca3
e9edfca6
e98dfca9
e929fcac
e8c5fcaf
e861fcb2
e7fdfcb4
e799fcb7
e735fcba
e6d1fcbd
e66dfcc0
e609fcc3
e5a5fcc5
e541fcc8
e4ddfccb
e479fcce
e415fcd1
e3b1fcd3
e34dfcd6
e2e9fcd9
e285fcdc
e221fcdf
e1bdfce1
e159fce4
e0f5fce7
e091fcea
e02dfcec
dfc9fcef
df65fcf2
df01fcf5
de9dfcf7
de39fcfa
ddd5fcfd
dd71fd00
dd0dfd02
dca9fd05
dc45fd08
dbe1fd0a
db7dfd0d
db19fd10
dab5fd12
da51fd15
d9edfd18
d989fd1a
d925fd1d
d8c1fd20
d85dfd22
d7f9fd25
d795fd28
d731fd2a
d6cdfd2d
d669fd30
d605fd32
d5a1fd35
d53dfd38
d4d9fd3a
d475fd3d
d411fd3f
d3adfd42
d349fd45
d2e5fd47
d281fd4a
d21dfd4c
d1b9fd4f
d155fd51
d0f1fd54
d08dfd57
d029fd59
cfc5fd5c
cf61fd5e
cefdfd61
ce99fd63
ce35fd66
cdd1fd68
cd6dfd6b
cd09fd6d
cca5fd70
cc41fd72
cbddfd75
cb79fd77
cb15fd7a
cab1fd7c
ca4dfd7f
c9e9fd81
c985fd84
c921fd86
c8bdfd89
c859fd8b
c7f5fd8e
c791fd90
c72dfd93
c6c9fd95
c665fd98
c601fd9a
c59dfd9c
c539fd9f
c4d5fda1
c471fda4
c40dfda6
c3a9fda8
c345fdab
c2e1fdad
c27dfdb0
c219fdb2
c1b5fdb4
c151fdb7
c0edfdb9
c089fdbc
c025fdbe
bfc1fdc0
bf5dfdc3
bef9fdc5
be95fdc7
be31fdca
bdcdfdcc
bd69fdce
bd05fdd1
bca1fdd3
bc3dfdd5
bbd9fdd8
bb75fdda
bb11fddc
baadfdde
ba49fde1
b9e5fde3
b97dfde5
b919fde8
b8b5fdea
b851fdec
b7edfdee
b789fdf1
b725fdf3
b6c1fdf5
b65dfdf7
b5f9fdfa
b595fdfc
b531fdfe
b4cdfe00
b469fe02
b405fe05
b3a1fe07
b33dfe09
b2d9fe0b
b275fe0d
b211fe10
b1adfe12
b149fe14
b0e5fe16
b081fe18
b01dfe1b
afb9fe1d
af55fe1f
aef1fe21
ae8dfe23
ae25fe25
adc1fe27
ad5dfe2a
acf9fe2c
ac95fe2e
ac31fe30
abcdfe32
ab69fe34
ab05fe36
aaa1fe38
aa3dfe3a
a9d9fe3c
a975fe3f
a911fe41
a8adfe43
a849fe45
a7e5fe47
a781fe49
a71dfe4b
a6b9fe4d
a655fe4f
a5edfe51
a589fe53
a525fe55
a4c1fe57
a45dfe59
a3f9fe5b
a395fe5d
a331fe5f
a2cdfe61
a269fe63
a205fe65
a1a1fe67
a13dfe69
a0d9fe6b
a075fe6d
a011fe6f
9fadfe71
9f49fe73
9ee5fe75
9e7dfe77
9e19fe79
9db5fe7b
9d51fe7d
9cedfe7f
9c89fe81
9c25fe82
9bc1fe84
9b5dfe86
9af9fe88
9a95fe8a
9a31fe8c
99cdfe8e
9969fe90
9905fe92
98a1fe94
983dfe95
97d5fe97
9771fe99
970dfe9b
96a9fe9d
9645fe9f
95e1fea1
957dfea2
9519fea4
94b5fea6
9451fea8
93edfeaa
9389feab
9325fead
92c1feaf
925dfeb1
91f5feb3
9191feb4
912dfeb6
90c9feb8
9065feba
9001febc
8f9dfebd
8f39febf
8ed5fec1
8e71fec3
8e0dfec4
8da9fec6
8d45fec8
8ce1feca
8c79fecb
8c15fecd
8bb1fecf
8b4dfed0
8ae9fed2
8a85fed4
8a21fed6
89bdfed7
8959fed9
88f5fedb
8891fedc
882dfede
87c9fee0
8761fee1
86fdfee3
8699fee5
8635fee6
85d1fee8
856dfeea
8509feeb
84a5feed
8441feee
83ddfef0
8379fef2
8315fef3
82b1fef5
8249fef6
81e5fef8
8181fefa
811dfefb
80b9fefd
8055fefe
7ff1ff00
7f8dff02
7f29ff03
7ec5ff05
7e61ff06
7dfdff08
7d95ff09
7d31ff0b
7ccdff0c
7c69ff0e
7c05ff0f
7ba1ff11
7b3dff12
7ad9ff14
7a75ff16
7a11ff17
79adff19
7945ff1a
78e1ff1b
787dff1d
7819ff1e
77b5ff20
7751ff21
76edff23
7689ff24
7625ff26
75c1ff27
755dff29
74f5ff2a
7491ff2c
742dff2d
73c9ff2e
7365ff30
7301ff31
729dff33
7239ff34
71d5ff35
7171ff37
710dff38
70a5ff3a
7041ff3b
6fddff3c
6f79ff3e
6f15ff3f
6eb1ff40
6e4dff42
6de9ff43
6d85ff44
6d21ff46
6cb9ff47
6c55ff48
6bf1ff4a
6b8dff4b
6b29ff4c
6ac5ff4e
6a61ff4f
69fdff50
6999ff52
6935ff53
68d1ff54
6869ff56
6805ff57
67a1ff58
673dff59
66d9ff5b
6675ff5c
6611ff5d
65adff5e
6549ff60
64e5ff61
647dff62
6419ff63
63b5ff65
6351ff66
62edff67
6289ff68
6225ff69
61c1ff6b
615dff6c
60f5ff6d
6091ff6e
602dff6f
5fc9ff71
5f65ff72
5f01ff73
5e9dff74
5e39ff75
5dd5ff76
5d71ff78
5d09ff79
5ca5ff7a
5c41ff7b
5bddff7c
5b79ff7d
5b15ff7e
5ab1ff7f
5a4dff81
59e9ff82
5981ff83
591dff84
58b9ff85
5855ff86
57f1ff87
578dff88
5729ff89
56c5ff8a
5661ff8b
55f9ff8c
5595ff8e
5531ff8f
54cdff90
5469ff91
5405ff92
53a1ff93
533dff94
52d9ff95
5271ff96
520dff97
51a9ff98
5145ff99
50e1ff9a
507dff9b
5019ff9c
4fb5ff9d
4f51ff9e
4ee9ff9f
4e85ffa0
4e21ffa1
4dbdffa2
4d59ffa2
4cf5ffa3
4c91ffa4
4c2dffa5
4bc9ffa6
4b61ffa7
4afdffa8
4a99ffa9
4a35ffaa
49d1ffab
496dffac
4909ffad
48a5ffae
483dffae
47d9ffaf
4775ffb0
4711ffb1
46adffb2
4649ffb3
45e5ffb4
4581ffb5
451dffb5
44b5ffb6
4451ffb7
43edffb8
4389ffb9
4325ffba
42c1ffba
425dffbb
41f9ffbc
4191ffbd
412dffbe
40c9ffbe
4065ffbf
4001ffc0
3f9dffc1
3f39ffc2
3ed5ffc2
3e6dffc3
3e09ffc4
3da5ffc5
3d41ffc5
3cddffc6
3c79ffc7
3c15ffc8
3bb1ffc8
3b4dffc9
3ae5ffca
3a81ffcb
3a1dffcb
39b9ffcc
3955ffcd
38f1ffcd
388dffce
3829ffcf
37c1ffcf
375dffd0
36f9ffd1
3695ffd1
3631ffd2
35cdffd3
3569ffd3
3505ffd4
349dffd5
3439ffd5
33d5ffd6
3371ffd7
330dffd7
32a9ffd8
3245ffd9
31e1ffd9
3179ffda
3115ffda
30b1ffdb
304dffdc
2fe9ffdc
2f85ffdd
2f21ffdd
2ebdffde
2e55ffde
2df1ffdf
2d8dffe0
2d29ffe0
2cc5ffe1
2c61ffe1
2bfdffe2
2b99ffe2
2b31ffe3
2acdffe3
2a69ffe4
2a05ffe4
29a1ffe5
293dffe5
28d9ffe6
2875ffe6
280dffe7
27a9ffe7
2745ffe8
26e1ffe8
267dffe9
2619ffe9
25b5ffea
254dffea
24e9ffeb
2485ffeb
2421ffec
23bdffec
2359ffec
22f5ffed
2291ffed
2229ffee
21c5ffee
2161ffef
20fdffef
2099ffef
2035fff0
1fd1fff0
1f6dfff1
1f05fff1
1ea1fff1
1e3dfff2
1dd9fff2
1d75fff2
1d11fff3
1cadfff3
1c45fff4
1be1fff4
1b7dfff4
1b19fff5
1ab5fff5
1a51fff5
19edfff6
1989fff6
1921fff6
18bdfff6
1859fff7
17f5fff7
1791fff7
172dfff8
16c9fff8
1665fff8
15fdfff8
1599fff9
1535fff9
14d1fff9
146dfff9
1409fffa
13a5fffa
133dfffa
12d9fffa
1275fffb
1211fffb
11adfffb
1149fffb
10e5fffc
1081fffc
1019fffc
fb5fffc
f51fffc
eedfffd
e89fffd
e25fffd
dc1fffd
d5dfffd
cf5fffd
c91fffe
c2dfffe
bc9fffe
b65fffe
b01fffe
a9dfffe
a35fffe
9d1fffe
96dffff
909ffff
8a5ffff
841ffff
7ddffff
779ffff
711ffff
6adffff
649ffff
5e5ffff
581ffff
51dffff
4b9ffff
451ffff
3edffff
389ffff
325ffff
2c1ffff
25dffff
1f9ffff
195ffff
12dffff
c9ffff
65ffff
7fffc0000
7fffc004b
7fffc0097
7fffc00e2
7fffc012e
7fffc0179
7fffc01c4
7fffc0210
7fffc025b
7fff802a7
7fff802f2
7fff4033d
7fff40389
7fff003d4
7fff00420
7ffec046b
7ffe804b6
7ffe80502
7ffe4054d
7ffe00599
7ffdc05e4
7ffd8062f
7ffd8067b
7ffd406c6
7ffd00711
7ffc8075d
7ffc407a8
7ffc007f4
7ffbc083f
7ffb8088a
7ffb008d6
7ffac0921
7ffa8096d
7ffa009b8
7ff9c0a03
7ff940a4f
7ff900a9a
7ff880ae6
7ff840b31
7ff7c0b7c
7ff740bc8
7ff700c13
7ff680c5e
7ff600caa
7ff580cf5
7ff500d41
7ff480d8c
7ff400dd7
7ff380e23
7ff300e6e
7ff280eb9
7ff200f05
7ff140f50
7ff0c0f9b
7ff040fe7
7fef81032
7fef0107e
7fee810c9
7fedc1114
7fed41160
7fec811ab
7febc11f6
7feb41242
7fea8128d
7fe9c12d8
7fe901324
7fe88136f
7fe7c13ba
7fe701406
7fe641451
7fe58149c
7fe4c14e8
7fe401533
7fe30157e
7fe2415ca
7fe181615
7fe0c1660
7fdfc16ac
7fdf016f7
7fde41742
7fdd4178e
7fdc817d9
7fdb81824
7fdac1870
7fd9c18bb
7fd8c1906
7fd801952
7fd70199d
7fd6019e8
7fd501a34
7fd401a7f
7fd301aca
7fd201b15
7fd101b61
7fd001bac
7fcf01bf7
7fce01c43
7fcd01c8e
7fcc01cd9
7fcb01d24
7fc9c1d70
7fc8c1dbb
7fc781e06
7fc681e51
7fc581e9d
7fc441ee8
7fc301f33
7fc201f7f
7fc0c1fca
7fbf82015
7fbe82060
7fbd420ac
7fbc020f7
7fbac2142
7fb98218d
7fb8421d8
7fb702224
7fb5c226f
7fb4822ba
7fb342305
7fb202351
7fb0c239c
7faf423e7
7fae02432
7facc247d
7fab424c9
7faa02514
7fa88255f
7fa7425aa
7fa5c25f5
7fa482641
7fa30268c
7fa1826d7
7fa042722
7f9ec276d
7f9d427b9
7f9bc2804
7f9a4284f
7f98c289a
7f97428e5
7f95c2930
7f944297b
7f92c29c7
7f9142a12
7f8fc2a5d
7f8e02aa8
7f8c82af3
7f8b02b3e
7f8942b89
7f87c2bd5
7f8602c20
7f8482c6b
7f82c2cb6
7f8142d01
7f7f82d4c
7f7dc2d97
7f7c42de2
7f7a82e2d
7f78c2e79
7f7702ec4
7f7542f0f
7f7382f5a
7f71c2fa5
7f7002ff0
7f6e4303b
7f6c83086
7f6ac30d1
7f690311c
7f6703167
7f65431b2
7f63831fd
7f6183248
7f5fc3293
7f5dc32de
7f5c03329
7f5a03374
7f58433bf
7f564340a
7f5443455
7f52834a0
7f50834eb
7f4e83536
7f4c83581
7f4a835cc
7f4883617
7f4683662
7f44836ad
7f42836f8
7f4083743
7f3e8378e
7f3c837d9
7f3a83824
7f384386f
7f36438ba
7f3443905
7f3203950
7f300399b
7f2dc39e6
7f2bc3a31
7f2983a7b
7f2783ac6
7f2543b11
7f2303b5c
7f20c3ba7
7f1ec3bf2
7f1c83c3d
7f1a43c88
7f1803cd3
7f15c3d1d
7f1383d68
7f1143db3
7f0f03dfe
7f0cc3e49
7f0a43e94
7f0803ede
7f05c3f29
7f0383f74
7f0103fbf
7efec400a
7efc44055
7efa0409f
7ef7840ea
7ef544135
7ef2c4180
7ef0441cb
7eee04215
7eeb84260
7ee9042ab
7ee6842f6
7ee404340
7ee18438b
7edf443d6
7edc84421
7eda0446b
7ed7844b6
7ed504501
7ed28454b
7ed004596
7ecd845e1
7ecac462b
7ec844676
7ec5846c1
7ec30470b
7ec084756
7ebdc47a1
7ebb047eb
7eb884836
7eb5c4881
7eb3048cb
7eb084916
7eadc4961
7eab049ab
7ea8449f6
7ea584a40
7ea2c4a8b
7ea004ad6
7e9d44b20
7e9a84b6b
7e97c4bb5
7e9504c00
7e9244c4b
7e8f44c95
7e8c84ce0
7e89c4d2a
7e86c4d75
7e8404dbf
7e8144e0a
7e7e44e54
7e7b44e9f
7e7884ee9
7e7584f34
7e72c4f7e
7e6fc4fc9
7e6cc5013
7e69c505e
7e66c50a8
7e64050f3
7e610513d
7e5e05187
7e5b051d2
7e57c521c
7e54c5267
7e51c52b1
7e4ec52fc
7e4bc5346
7e4885390
7e45853db
7e4285425
7e3f4546f
7e3c454ba
7e3905504
7e360554f
7e32c5599
7e2fc55e3
7e2c8562e
7e2945678
7e26456c2
7e230570c
7e1fc5757
7e1c857a1
7e19457eb
7e1605836
7e12c5880
7e0f858ca
7e0c45914
7e090595f
7e05c59a9
7e02459f3
7dff05a3d
7dfbc5a88
7df845ad2
7df505b1c
7df1c5b66
7dee45bb0
7deb05bfb
7de785c45
7de405c8f
7de0c5cd9
7ddd45d23
7dd9c5d6d
7dd685db7
7dd305e02
7dcf85e4c
7dcc05e96
7dc885ee0
7dc505f2a
7dc185f74
7dbe05fbe
7dba86008
7db706052
7db34609c
7dafc60e6
7dac46130
7da8c617a
7da5061c4
7da18620e
7d9dc6258
7d9a462a2
7d96862ec
7d9306336
7d8f46380
7d8b863ca
7d8806414
7d844645e
7d80864a8
7d7cc64f2
7d790653c
7d7546586
7d71865d0
7d6dc661a
7d6a06663
7d66466ad
7d62866f7
7d5ec6741
7d5b0678b
7d57067d5
7d534681f
7d4f86868
7d4b868b2
7d47c68fc
7d4406946
7d4006990
7d3c069d9
7d3846a23
7d3446a6d
7d3046ab7
7d2c86b00
7d2886b4a
7d2486b94
7d2086bdd
7d1c86c27
7d1886c71
7d1486cbb
7d1086d04
7d0c86d4e
7d0886d98
7d0486de1
7d0086e2b
7cfc86e74
7cf846ebe
7cf446f08
7cf046f51
7cec06f9b
7ce806fe4
7ce3c702e
7cdfc7078
7cdb870c1
7cd74710b
7cd347154
7ccf0719e
7ccac71e7
7cc6c7231
7cc28727a
7cbe472c4
7cba0730d
7cb5c7357
7cb1873a0
7cad473ea
7ca907433
7ca4c747c
7ca0474c6
7c9c0750f
7c97c7559
7c93875a2
7c8f075eb
7c8ac7635
7c868767e
7c82076c7
7c7dc7711
7c794775a
7c74c77a3
7c70877ed
7c6c07836
7c678787f
7c63478c9
7c5ec7912
7c5a4795b
7c55c79a4
7c51479ee
7c4cc7a37
7c4847a80
7c43c7ac9
7c3f47b12
7c3ac7b5c
7c3647ba5
7c3187bee
7c2d07c37
7c2887c80
7c23c7cc9
7c1f47d13
7c1ac7d5c
7c1607da5
7c1187dee
7c0cc7e37
7c0807e80
7c0387ec9
7bfec7f12
7bfa07f5b
7bf587fa4
7bf0c7fed
7bec08036
7be74807f
7be2880c8
7bddc8111
7bd90815a
7bd4481a3
7bcf881ec
7bcac8235
7bc60827e
7bc1082c7
7bbc48310
7bb788358
7bb2883a1
7badc83ea
7ba8c8433
7ba40847c
7b9f084c5
7b9a4850d
7b9548556
7b908859f
7b8b885e8
7b8688631
7b8188679
7b7cc86c2
7b77c870b
7b72c8754
7b6dc879c
7b68c87e5
7b63c882e
7b5ec8876
7b59c88bf
7b5488908
7b4f88950
7b4a88999
7b45889e2
7b4048a2a
7b3b48a73
7b3648abb
7b3108b04
7b2c08b4c
7b26c8b95
7b21c8bde
7b1c88c26
7b1748c6f
7b1248cb7
7b0d08d00
7b07c8d48
7b0288d91
7afd48dd9
7af808e21
7af308e6a
7aedc8eb2
7ae888efb
7ae308f43
7addc8f8b
7ad888fd4
7ad34901c
7ace09065
7ac8890ad
7ac3490f5
7abe0913d
7ab889186
7ab3491ce
7aadc9216
7aa88925f
7aa3092a7
7a9dc92ef
7a9849337
7a92c937f
7a8d893c8
7a8809410
7a8289458
7a7d094a0
7a77894e8
7a7209530
7a6c89579
7a67095c1
7a6189609
7a5c09651
7a5689699
7a51096e1
7a4b49729
7a45c9771
7a40497b9
7a3a89801
7a3509849
7a2f89891
7a29c98d9
7a2449921
7a1e89969
7a18c99b1
7a13499f9
7a0d89a41
7a07c9a89
7a0249ad0
79fc89b18
79f6c9b60
79f109ba8
79eb49bf0
79e589c38
79dfc9c7f
79da09cc7
79d449d0f
79ce89d57
79c889d9e
79c2c9de6
79bd09e2e
79b749e76
79b149ebd
79ab89f05
79a589f4d
799fc9f94
7999c9fdc
79940a024
798e0a06b
79884a0b3
79824a0fa
797c4a142
79764a189
79708a1d1
796a8a219
79648a260
795e8a2a8
79588a2ef
79528a336
794c8a37e
79468a3c5
79408a40d
793a8a454
79344a49c
792e4a4e3
79284a52a
79220a572
791c0a5b9
79160a600
790fca648
7909ca68f
79038a6d6
78fd8a71e
78f74a765
78f10a7ac
78eaca7f3
78e4ca83b
78de8a882
78d84a8c9
78d20a910
78cbca957
78c58a99e
78bf4a9e6
78b90aa2d
78b2caa74
78ac8aabb
78a64ab02
78a00ab49
7899cab90
78934abd7
788d0ac1e
7886cac65
78804acac
787a0acf3
78738ad3a
786d4ad81
7866cadc8
78604ae0f
785a0ae56
78538ae9d
784d0aee4
7846caf2a
78404af71
7839cafb8
78334afff
782ccb046
78264b08c
781fcb0d3
78194b11a
7812cb161
780c4b1a7
7805cb1ee
77ff0b235
77f88b27b
77f20b2c2
77eb4b309
77e4cb34f
77de4b396
77d78b3dd
77d10b423
77ca4b46a
77c3cb4b0
77bd0b4f7
77b64b53d
77afcb584
77a90b5ca
77a24b611
779b8b657
7794cb69e
778e0b6e4
77874b72b
77808b771
7779cb7b7
77730b7fe
776c4b844
77658b88b
775ecb8d1
77580b917
77510b95d
774a4b9a4
77438b9ea
773c8ba30
7735cba76
772ecbabd
77280bb03
77210bb49
771a4bb8f
77134bbd5
770c4bc1b
77058bc62
76fe8bca8
76f78bcee
76f08bd34
76e98bd7a
76e28bdc0
76db8be06
76d48be4c
76cd8be92
76c68bed8
76bf8bf1e
76b88bf64
76b18bfaa
76aa8bff0
76a34c036
769c4c07b
76954c0c1
768e0c107
76870c14d
767fcc193
7678cc1d9
76718c21e
766a8c264
76634c2aa
765c0c2f0
76550c335
764dcc37b
76468c3c1
763f4c406
76380c44c
7630cc492
76298c4d7
76224c51d
761b0c562
7613cc5a8
760c8c5ed
76054c633
75fe0c679
75f68c6be
75ef4c703
75e80c749
75e08c78e
75d94c7d4
75d20c819
75ca8c85f
75c34c8a4
75bbcc8e9
75b44c92f
75ad0c974
75a58c9b9
759e0c9ff
7596cca44
758f4ca89
7587ccace
75804cb14
7578ccb59
75714cb9e
7569ccbe3
75624cc28
755accc6d
75534ccb3
754bcccf8
75444cd3d
753c8cd82
75350cdc7
752d8ce0c
7525cce51
751e4ce96
75168cedb
750f0cf20
75074cf65
74ffccfaa
74f80cfef
74f08d034
74e8cd078
74e10d0bd
74d98d102
74d1cd147
74ca0d18c
74c24d1d1
74ba8d215
74b2cd25a
74ab0d29f
74a34d2e3
749b8d328
7493cd36d
748c0d3b2
74844d3f6
747c4d43b
74748d47f
746ccd4c4
7464cd509
745d0d54d
74554d592
744d4d5d6
74458d61b
743d8d65f
74358d6a4
742dcd6e8
7425cd72c
741dcd771
74160d7b5
740e0d7fa
74060d83e
73fe0d882
73f60d8c7
73ee0d90b
73e60d94f
73de0d993
73d60d9d8
73ce0da1c
73c60da60
73be0daa4
73b60dae9
73adcdb2d
73a5cdb71
739dcdbb5
73958dbf9
738d8dc3d
73858dc81
737d4dcc5
73754dd09
736d0dd4d
7364cdd91
735ccddd5
73548de19
734c4de5d
73444dea1
733c0dee5
7333cdf29
732b8df6d
73234dfb0
731b0dff4
7312ce038
730a8e07c
73024e0bf
72fa0e103
72f1ce147
72e98e18b
72e10e1ce
72d8ce212
72d08e256
72c80e299
72bfce2dd
72b78e320
72af0e364
72a6ce3a8
729e4e3eb
7295ce42f
728d8e472
72850e4b6
727c8e4f9
72744e53c
726bce580
72634e5c3
725ace607
72524e64a
7249ce68d
72414e6d1
7238ce714
72304e757
7227ce79a
721f4e7de
7216ce821
720e4e864
7205ce8a7
71fd0e8ea
71f48e92d
71ec0e971
71e34e9b4
71dace9f7
71d20ea3a
71c98ea7d
71c0ceac0
71b84eb03
71af8eb46
71a6ceb89
719e4ebcc
71958ec0f
718ccec52
71840ec94
717b4ecd7
7172ced1a
716a0ed5d
71614eda0
71588ede3
714fcee25
71470ee68
713e0eeab
71354eeed
712c8ef30
7123cef73
711b0efb5
71120eff8
71094f03b
71004f07d
70f78f0c0
70eecf102
70e5cf145
70dccf187
70d40f1ca
70cb0f20c
70c24f24f
70b94f291
70b04f2d3
70a74f316
709e8f358
70958f39a
708c8f3dd
70838f41f
707a8f461
70718f4a4
70688f4e6
705f8f528
70568f56a
704d8f5ac
70444f5ee
703b4f631
70324f673
70290f6b5
70200f6f7
70170f739
700dcf77b
7004cf7bd
6ffb8f7ff
6ff28f841
6fe94f883
6fe04f8c5
6fd70f907
6fcdcf948
6fc4cf98a
6fbb8f9cc
6fb24fa0e
6fa90fa50
6f9fcfa91
6f968fad3
6f8d4fb15
6f840fb57
6f7acfb98
6f718fbda
6f684fc1c
6f5f0fc5d
6f55cfc9f
6f4c8fce0
6f430fd22
6f39cfd63
6f308fda5
6f270fde6
6f1dcfe28
6f148fe69
6f0b0feab
6f01cfeec
6ef84ff2d
6eeecff6f
6ee58ffb0
6edc0fff1
6ed290033
6ec950074
6ebfd00b5
6eb6500f7
6eacd0138
6ea350179
6e99d01ba
6e90501fb
6e86d023c
6e7d5027d
6e73d02be
6e6a50300
6e60d0341
6e5750382
6e4d903c3
6e4410404
6e3a90444
6e3110485
6e27504c6
6e1dd0507
6e1410548
6e0a90589
6e00d05ca
6df75060a
6ded9064b
6de3d068c
6dda506cd
6dd09070d
6dc6d074e
6dbd1078f
6db3907cf
6da9d0810
6da010851
6d9650891
6d8c908d2
6d82d0912
6d7910953
6d6f50993
6d65909d4
6d5bd0a14
6d51d0a54
6d4810a95
6d3e50ad5
6d3450b15
6d2a90b56
6d20d0b96
6d16d0bd6
6d0d10c17
6d0310c57
6cf950c97
6cef50cd7
6ce590d17
6cdb90d57
6cd190d98
6cc7d0dd8
6cbdd0e18
6cb3d0e58
6ca9d0e98
6c9fd0ed8
6c95d0f18
6c8c10f58
6c8210f98
6c7810fd8
6c6dd1017
6c63d1057
6c59d1097
6c4fd10d7
6c45d1117
6c3bd1157
6c3191196
6c27911d6
6c1d91216
6c1351255
6c0951295
6bff112d5
6bf511314
6bead1354
6be0d1393
6bd6913d3
6bcc91412
6bc251452
6bb811491
6bae114d1
6ba3d1510
6b9991550
6b8f5158f
6b85115ce
6b7ad160e
6b709164d
6b665168c
6b5c116cb
6b51d170b
6b479174a
6b3d51789
6b33117c8
6b28d1807
6b1e51846
6b1411886
6b09d18c5
6aff51904
6af511943
6aea91982
6ae0519c1
6ad5d1a00
6acb91a3f
6ac111a7d
6ab6d1abc
6aac51afb
6aa1d1b3a
6a9791b79
6a8d11bb8
6a8291bf6
6a7811c35
6a6d91c74
6a6311cb2
6a58d1cf1
6a4e51d30
6a43d1d6e
6a3911dad
6a2e91deb
6a2411e2a
6a1991e68
6a0f11ea7
6a0491ee5
69f9d1f24
69ef51f62
69e4d1fa1
69da11fdf
69cf9201d
69c51205c
69ba5209a
69afd20d8
69a512116
699a52155
698fd2193
6985121d1
697a5220f
696fd224d
69651228b
695a522c9
694f92308
6944d2346
693a12384
692f923c2
6924d23ff
691a1243d
690f1247b
6904524b9
68f9924f7
68eed2535
68e412573
68d9525b0
68ce525ee
68c39262c
68b8d266a
68add26a7
68a3126e5
689852723
688d52760
68829279e
6877927db
686c92819
6861d2856
6856d2894
684bd28d1
68411290f
68361294c
682b12989
6820129c7
681512a04
680a52a41
67ff52a7f
67f452abc
67e952af9
67de52b36
67d352b73
67c812bb1
67bd12bee
67b212c2b
67a712c68
679c12ca5
6790d2ce2
6785d2d1f
677ad2d5c
676f92d99
676492dd6
675952e13
674e52e4f
674312e8c
673812ec9
672cd2f06
672192f43
671692f7f
670b52fbc
670012ff9
66f513035
66e9d3072
66de930af
66d3530eb
66c813128
66bcd3164
66b1931a1
66a6531dd
669b1321a
668fd3256
668493293
6679532cf
666dd330b
666293348
665753384
664c133c0
6640933fd
663553439
662a13475
661e934b1
6613534ed
6607d3529
65fc93565
65f1135a1
65e5935de
65da5361a
65ced3656
65c353691
65b8136cd
65ac93709
65a113745
659593781
658a137bd
657e937f9
657313834
656793870
655c138ac
6550938e8
654513923
65399395f
652e1399b
6522939d6
6516d3a12
650b53a4d
64ffd3a89
64f453ac4
64e893b00
64dd13b3b
64d153b76
64c5d3bb2
64ba13bed
64ae93c29
64a2d3c64
649753c9f
648b93cda
647fd3d16
647453d51
646893d8c
645cd3dc7
645113e02
644553e3d
643993e78
642e13eb3
642253eee
641693f29
640ad3f64
63ff13f9f
63f313fda
63e754015
63db94050
63cfd408a
63c4140c5
63b854100
63ac5413b
63a094175
6394d41b0
6388d41eb
637d14225
637114260
63655429b
6359542d5
634d94310
63419434a
6335d4384
6329d43bf
631dd43f9
6311d4434
63061446e
62fa144a8
62ee144e3
62e21451d
62d614557
62ca14591
62be145cc
62b214606
62a614640
629a1467a
628e146b4
6282146ee
627614728
626a14762
625e1479c
6251d47d6
6245d4810
6239d484a
622d94883
6221948bd
6215548f7
620954931
61fd5496b
61f1149a4
61e4d49de
61d8d4a18
61cc94a51
61c094a8b
61b454ac4
61a814afe
619bd4b37
618fd4b71
618394baa
617754be4
616b14c1d
615ed4c57
615294c90
614654cc9
613a14d03
612dd4d3c
612194d75
611554dae
610914de7
60fcd4e21
60f054e5a
60e414e93
60d7d4ecc
60cb54f05
60bf14f3e
60b2d4f77
60a654fb0
609a14fe9
608d95022
60815505a
6074d5093
6068950cc
605c15105
604f9513e
604355176
6036d51af
602a551e8
601e15220
601195259
600515291
5ff8952ca
5fec15302
5fdf9533b
5fd315373
5fc6953ac
5fba153e4
5fad9541d
5fa115455
5f949548d
5f88154c6
5f7b554fe
5f6ed5536
5f625556e
5f55d55a6
5f49155df
5f3c95617
5f301564f
5f2355687
5f16d56bf
5f0a156f7
5efd9572f
5ef0d5767
5ee45579f
5ed7957d7
5ecad580e
5ebe55846
5eb19587e
5ea4d58b6
5e98158ee
5e8b95925
5e7ed595d
5e7215995
5e65559cc
5e5895a04
5e4bd5a3b
5e3f15a73
5e3255aaa
5e2595ae2
5e18d5b19
5e0c15b51
5dff55b88
5df255bbf
5de595bf7
5dd8d5c2e
5dcc15c65
5dbf15c9d
5db255cd4
5da595d0b
5d9895d42
5d8bd5d79
5d7ed5db0
5d7215de7
5d6515e1e
5d5855e55
5d4b55e8c
5d3e55ec3
5d3195efa
5d2495f31
5d1795f68
5d0a95f9f
5cfdd5fd6
5cf0d600c
5ce3d6043
5cd6d607a
5cc9d60b0
5cbcd60e7
5cafd611e
5ca2d6154
5c95d618b
5c88d61c1
5c7bd61f8
5c6ed622e
5c61d6265
5c549629b
5c47962d1
5c3a96308
5c2d9633e
5c2056374
5c13563ab
5c06563e1
5bf916417
5bec1644d
5bded6483
5bd1d64b9
5bc4964f0
5bb796526
5baa5655c
5b9d16592
5b90165c8
5b82d65fd
5b7596633
5b6856669
5b5b5669f
5b4e166d5
5b40d670b
5b3396740
5b2656776
5b19167ac
5b0bd67e1
5afe96817
5af15684d
5ae416882
5ad6d68b8
5ac9968ed
5abc56923
5aaed6958
5aa19698d
5a94569c3
5a87169f8
5a7996a2d
5a6c56a63
5a5f16a98
5a5196acd
5a4456b02
5a36d6b38
5a2996b6d
5a1c16ba2
5a0ed6bd7
5a0156c0c
59f3d6c41
59e696c76
59d916cab
59cb96ce0
59be56d15
59b0d6d49
59a356d7e
5995d6db3
598856de8
597ad6e1c
596d96e51
596016e86
595296eba
594516eef
593796f24
5929d6f58
591c56f8d
590ed6fc1
590156ff6
58f3d702a
58e65705e
58d897093
58cb170c7
58bd970fb
58afd7130
58a257164
5894d7198
5887171cc
587997200
586bd7234
585e57268
58509729d
5842d72d1
583557304
582797338
581a1736c
580c573a0
57fe973d4
57f0d7408
57e31743c
57d59746f
57c7d74a3
57ba174d7
57ac5750b
579e9753e
5790d7572
5783175a5
5775575d9
57679760c
5759d7640
574c17673
573e576a7
5730576da
57229770d
5714d7741
570717774
56f9177a7
56eb577da
56dd9780e
56cf97841
56c1d7874
56b3d78a7
56a6178da
56981790d
568a57940
567c57973
566e979a6
5660979d9
565297a0c
5644d7a3f
5636d7a71
5628d7aa4
561ad7ad7
560d17b0a
55ff17b3c
55f117b6f
55e317ba1
55d517bd4
55c717c07
55b917c39
55ab17c6c
559d17c9e
558f17cd0
558117d03
557317d35
556517d67
555717d9a
5548d7dcc
553ad7dfe
552cd7e30
551ed7e63
551097e95
550297ec7
54f457ef9
54e657f2b
54d857f5d
54ca17f8f
54bc17fc1
54add7ff3
549fd8024
549198056
548358088
5475580ba
5467180ec
5458d811d
544ad814f
543c98181
542e581b2
5420181e4
5411d8215
5403d8247
53f598278
53e7582aa
53d9182db
53cad830d
53bc9833e
53ae5836f
53a0183a0
5391d83d2
538358403
537518434
5366d8465
535898496
534a584c7
533bd84f8
532d98529
531f5855a
5310d858b
5302985bc
52f4585ed
52e5d861e
52d79864f
52c918680
52bad86b0
52ac586e1
529e18712
528f98742
528118773
5272d87a4
5264587d4
5255d8805
524798835
523918866
522a98896
521c188c6
520d988f7
51ff18927
51f0d8957
51e258988
51d3d89b8
51c5589e8
51b6d8a18
51a858a48
5199d8a78
518b18aa8
517c98ad8
516e18b08
515f98b38
515118b68
514258b98
5133d8bc8
512558bf8
5116d8c28
510818c57
50f998c87
50ead8cb7
50dc58ce6
50cdd8d16
50bf18d46
50b098d75
50a1d8da5
509318dd4
508498e04
5075d8e33
506758e62
505898e92
5049d8ec1
503b18ef0
502c98f20
501dd8f4f
500f18f7e
500058fad
4ff198fdc
4fe2d900b
4fd45903a
4fc599069
4fb6d9098
4fa8190c7
4f99590f6
4f8a59125
4f7b99154
4f6cd9183
4f5e191b1
4f4f591e0
4f409920f
4f31d923e
4f22d926c
4f141929b
4f05592c9
4ef6592f8
4ee799326
4ed8d9355
4ec9d9383
4ebb193b2
4eac193e0
4e9d5940e
4e8e5943d
4e7f9946b
4e7099499
4e61d94c7
4e52d94f5
4e43d9524
4e3519552
4e2619580
4e17195ae
4e08595dc
4df95960a
4dea59638
4ddb59665
4dcc59693
4dbd596c1
4dae596ef
4d9f9971d
4d909974a
4d8199778
4d72997a6
4d63597d3
4d5459801
4d455982e
4d365985c
4d2759889
4d18598b7
4d09598e4
4cfa19911
4ceb1993f
4cdc1996c
4ccd19999
4cbdd99c7
4caed99f4
4c9fd9a21
4c9099a4e
4c8199a7b
4c7259aa8
4c6359ad5
4c5419b02
4c4519b2f
4c35d9b5c
4c26d9b89
4c1799bb6
4c0859be2
4bf959c0f
4bea19c3c
4bdad9c69
4bcb99c95
4bbc99cc2
4bad59cef
4b9e19d1b
4b8ed9d48
4b7f99d74
4b7059da1
4b6159dcd
4b5219df9
4b42d9e26
4b3399e52
4b2459e7e
4b1519eab
4b0599ed7
4af659f03
4ae719f2f
4ad7d9f5b
4ac899f87
4ab959fb3
4aa9d9fdf
4a9a9a00b
4a8b5a037
4a7c1a063
4a6c9a08f
4a5d5a0bb
4a4e1a0e7
4a3e9a112
4a2f5a13e
4a1fda16a
4a109a195
4a011a1c1
49f1da1ed
49e25a218
49d31a244
49c39a26f
49b41a29a
49a4da2c6
49955a2f1
4985da31d
49769a348
49671a373
49579a39e
49481a3ca
49389a3f5
49295a420
4919da44b
490a5a476
48fada4a1
48eb5a4cc
48dbda4f7
48cc5a522
48bcda54d
48ad5a577
489dda5a2
488e5a5cd
487e9a5f8
486f1a622
485f9a64d
48501a678
48409a6a2
4830da6cd
48215a6f7
4811da722
48025a74c
47f29a777
47e31a7a1
47d35a7cb
47c3da7f6
47b45a820
47a49a84a
47951a874
47855a89e
4775da8c8
47661a8f3
47565a91d
4746da947
47371a971
47275a99a
4717da9c4
47081a9ee
46f85aa18
46e8daa42
46d91aa6c
46c95aa95
46b99aabf
46a9daae9
469a1ab12
468a9ab3c
467adab65
466b1ab8f
465b5abb8
464b9abe2
463bdac0b
462c1ac34
461c5ac5e
460c5ac87
45fc9acb0
45ecdacd9
45dd1ad03
45cd5ad2c
45bd9ad55
45ad9ad7e
459ddada7
458e1add0
457e5adf9
456e5ae22
455e9ae4b
454e9ae74
453edae9c
452f1aec5
451f1aeee
450f5af17
44ff5af3f
44ef9af68
44df9af90
44cfdafb9
44bfdafe2
44afdb00a
44a01b032
44901b05b
44801b083
44705b0ac
44605b0d4
44505b0fc
44405b124
44309b14c
44209b175
44109b19d
44009b1c5
43f09b1ed
43e09b215
43d09b23d
43c09b265
43b09b28d
43a09b2b5
43909b2dc
43809b304
43709b32c
43609b354
43509b37b
43409b3a3
43309b3ca
43209b3f2
43105b41a
43005b441
42f05b468
42e05b490
42d01b4b7
42c01b4df
42b01b506
429fdb52d
428fdb554
427fdb57c
426f9b5a3
425f9b5ca
424f5b5f1
423f5b618
422f1b63f
421f1b666
420edb68d
41fe9b6b4
41ee9b6db
41de5b701
41ce1b728
41be1b74f
41addb776
419d9b79c
418d9b7c3
417d5b7ea
416d1b810
415cdb837
414c9b85d
413c9b884
412c5b8aa
411c1b8d0
410bdb8f7
40fb9b91d
40eb5b943
40db1b969
40cadb990
40ba9b9b6
40aa5b9dc
409a1ba02
4089dba28
40795ba4e
40691ba74
4058dba9a
40489bac0
40385bae6
40281bb0b
40179bb31
40075bb57
3ff71bb7d
3fe69bba2
3fd65bbc8
3fc61bbed
3fb59bc13
3fa55bc39
3f94dbc5e
3f849bc83
3f745bca9
3f63dbcce
3f539bcf4
3f431bd19
3f329bd3e
3f225bd63
3f11dbd88
3f019bdae
3ef11bdd3
3ee09bdf8
3ed05be1d
3ebfdbe42
3eaf5be67
3e9edbe8c
3e8e9beb0
3e7e1bed5
3e6d9befa
3e5d1bf1f
3e4c9bf44
3e3c5bf68
3e2bdbf8d
3e1b5bfb1
3e0adbfd6
3dfa5bffb
3de9dc01f
3dd95c043
3dc8dc068
3db85c08c
3da7dc0b1
3d975c0d5
3d86dc0f9
3d761c11d
3d659c142
3d551c166
3d449c18a
3d341c1ae
3d235c1d2
3d12dc1f6
3d025c21a
3cf1dc23e
3ce11c262
3cd09c286
3cc01c2a9
3caf5c2cd
3c9edc2f1
3c8e1c314
3c7d9c338
3c6d1c35c
3c5c5c37f
3c4bdc3a3
3c3b1c3c6
3c2a9c3ea
3c19dc40d
3c091c431
3bf89c454
3be7dc477
3bd75c49b
3bc69c4be
3bb5dc4e1
3ba51c504
3b949c527
3b83dc54a
3b731c56d
3b625c590
3b51dc5b3
3b411c5d6
3b305c5f9
3b1f9c61c
3b0edc63f
3afe1c662
3aed5c684
3adc9c6a7
3acc1c6ca
3abb5c6ec
3aaa9c70f
3a99dc731
3a88dc754
3a781c776
3a675c799
3a569c7bb
3a45dc7dd
3a351c800
3a245c822
3a139c844
3a029c866
39f1dc889
39e11c8ab
39d05c8cd
39bf5c8ef
39ae9c911
399ddc933
398cdc955
397c1c977
396b5c998
395a5c9ba
39499c9dc
39389c9fe
3927dca1f
39171ca41
39061ca63
38f55ca84
38e45caa6
38d35cac7
38c29cae9
38b19cb0a
38a0dcb2b
388fdcb4d
387edcb6e
386e1cb8f
385d1cbb1
384c1cbd2
383b5cbf3
382a5cc14
38195cc35
38085cc56
37f79cc77
37e69cc98
37d59ccb9
37c49ccda
37b39ccfb
37a29cd1b
37919cd3c
37809cd5d
376f9cd7e
375edcd9e
374ddcdbf
373cdcddf
372b9ce00
371a9ce20
37099ce41
36f89ce61
36e79ce82
36d69cea2
36c59cec2
36b49cee2
36a39cf03
36925cf23
36815cf43
36705cf63
365f5cf83
364e1cfa3
363d1cfc3
362c1cfe3
361b1d003
3609dd023
35f8dd043
35e79d062
35d69d082
35c59d0a2
35b45d0c1
35a35d0e1
35921d101
35811d120
356fdd140
355edd15f
354d9d17e
353c9d19e
352b5d1bd
351a5d1dc
35091d1fc
34f7dd21b
34e6dd23a
34d59d259
34c45d278
34b35d297
34a21d2b6
3490dd2d5
347f9d2f4
346e9d313
345d5d332
344c1d351
343add370
34299d38f
34185d3ad
34075d3cc
33f61d3eb
33e4dd409
33d39d428
33c25d446
33b11d465
339fdd483
338e9d4a1
337d5d4c0
336c1d4de
335add4fc
33499d51b
33385d539
33271d557
33159d575
33045d593
32f31d5b1
32e1dd5cf
32d09d5ed
32bf5d60b
32addd629
329c9d647
328b5d665
327a1d682
32689d6a0
32575d6be
32461d6db
32349d6f9
32235d716
3211dd734
32009d751
31ef5d76f
31dddd78c
31cc9d7aa
31bb1d7c7
31a9dd7e4
31985d801
31871d81f
31759d83c
31645d859
3152dd876
31419d893
31301d8b0
311e9d8cd
310d5d8ea
30fbdd907
30ea5d924
30d91d940
30c79d95d
30b61d97a
30a4dd997
30935d9b3
3081dd9d0
30705d9ec
305edda09
304d9da25
303c1da42
302a9da5e
30191da7a
30079da97
2ff61dab3
2fe49dacf
2fd35daeb
2fc1ddb08
2fb05db24
2f9eddb40
2f8d5db5c
2f7bddb78
2f6a5db94
2f58ddbb0
2f471dbcc
2f359dbe7
2f241dc03
2f129dc1f
2f011dc3b
2eef9dc56
2ede1dc72
2ecc9dc8d
2ebaddca9
2ea95dcc5
2e97ddce0
2e865dcfb
2e74ddd17
2e631dd32
2e519dd4d
2e401dd69
2e2e5dd84
2e1cddd9f
2e0b5ddba
2df99ddd5
2de81ddf0
2dd69de0b
2dc4dde26
2db35de41
2da19de5c
2d901de77
2d7e5de92
2d6cddead
2d5b1dec7
2d499dee2
2d37ddefd
2d265df17
2d149df32
2d031df4d
2cf15df67
2cdfddf81
2cce1df9c
2cbc5dfb6
2caaddfd1
2c991dfeb
2c875e005
2c75de01f
2c641e03a
2c525e054
2c409e06e
2c2f1e088
2c1d5e0a2
2c0b9e0bc
2bf9de0d6
2be81e0f0
2bd69e109
2bc4de123
2bb31e13d
2ba15e157
2b8f9e170
2b7dde18a
2b6c1e1a4
2b5a5e1bd
2b489e1d7
2b36de1f0
2b251e20a
2b135e223
2b019e23c
2aefde256
2ade1e26f
2acc5e288
2aba9e2a1
2aa8de2ba
2a971e2d4
2a855e2ed
2a739e306
2a61de31f
2a501e338
2a3e1e351
2a2c5e369
2a1a9e382
2a08de39b
29f71e3b4
29e51e3cc
29d35e3e5
29c19e3fe
29afde416
299dde42f
298c1e447
297a5e460
29685e478
29569e491
2944de4a9
2932de4c1
29211e4d9
290f1e4f2
28fd5e50a
28eb9e522
28d99e53a
28c7de552
28b5de56a
28a41e582
28921e59a
28805e5b2
286e5e5ca
285c9e5e1
284a9e5f9
28389e611
2826de629
2814de640
28031e658
27f11e66f
27df1e687
27cd5e69e
27bb5e6b6
27a95e6cd
27979e6e4
27859e6fc
27739e713
2761de72a
274fde741
273dde759
272bde770
2719de787
27081e79e
26f61e7b5
26e41e7cc
26d21e7e2
26c01e7f9
26ae1e810
269c5e827
268a5e83e
26785e854
26665e86b
26545e882
26425e898
26305e8af
261e5e8c5
260c5e8dc
25fa5e8f2
25e85e908
25d65e91f
25c45e935
25b25e94b
25a05e961
258e5e977
257c5e98d
256a5e9a4
25585e9ba
25461e9d0
25341e9e5
25221e9fb
25101ea11
24fe1ea27
24ec1ea3d
24d9dea53
24c7dea68
24b5dea7e
24a3dea93
24919eaa9
247f9eabf
246d9ead4
245b9eae9
24495eaff
24375eb14
24255eb2a
24131eb3f
24011eb54
23ef1eb69
23dcdeb7e
23cadeb93
23b8deba9
23a69ebbe
23949ebd3
23825ebe7
23705ebfc
235e1ec11
234c1ec26
2339dec3b
2327dec50
23159ec64
23039ec79
22f15ec8d
22df5eca2
22cd1ecb7
22bb1eccb
22a8decdf
2296decf4
22849ed08
22725ed1d
22605ed31
224e1ed45
223bded59
2229ded6d
22179ed81
22055ed96
21f35edaa
21e11edbe
21cededd1
21bcdede5
21aa9edf9
21985ee0d
21861ee21
21741ee34
2161dee48
214f9ee5c
213d5ee6f
212b1ee83
21191ee96
2106deeaa
20f49eebd
20e25eed1
20d01eee4
20bddeef7
20ab9ef0b
20995ef1e
20875ef31
20751ef44
2062def57
20509ef6a
203e5ef7d
202c1ef90
2019defa3
20079efb6
1ff55efc9
1fe31efdc
1fd0defef
1fbe9f001
1fac5f014
1f9a1f027
1f87df039
1f755f04c
1f631f05e
1f50df071
1f3e9f083
1f2c5f096
1f1a1f0a8
1f07df0ba
1ef59f0cc
1ee31f0df
1ed0df0f1
1ebe9f103
1eac5f115
1e9a1f127
1e879f139
1e755f14b
1e631f15d
1e50df16f
1e3e5f181
1e2c1f193
1e19df1a4
1e079f1b6
1df51f1c8
1de2df1d9
1dd09f1eb
1dbe1f1fc
1dabdf20e
1d999f21f
1d871f231
1d74df242
1d629f253
1d501f265
1d3ddf276
1d2b5f287
1d191f298
1d06df2aa
1cf45f2bb
1ce21f2cc
1ccf9f2dd
1cbd5f2ee
1caadf2fe
1c989f30f
1c861f320
1c73df331
1c615f342
1c4f1f352
1c3c9f363
1c2a5f374
1c17df384
1c059f395
1bf31f3a5
1be09f3b6
1bce5f3c6
1bbbdf3d6
1ba99f3e7
1b971f3f7
1b849f407
1b725f417
1b5fdf428
1b4d5f438
1b3b1f448
1b289f458
1b161f468
1b03df478
1af15f488
1adedf497
1acc5f4a7
1aba1f4b7
1aa79f4c7
1a951f4d6
1a82df4e6
1a705f4f6
1a5ddf505
1a4b5f515
1a38df524
1a269f534
1a141f543
1a019f552
19ef1f562
19dc9f571
19ca1f580
19b7df58f
19a55f59e
1992df5ad
19805f5bc
196ddf5cb
195b5f5da
1948df5e9
19365f5f8
1923df607
19115f616
18ff1f625
18ec9f633
18da1f642
18c79f651
18b51f65f
18a29f66e
18901f67c
187d9f68b
186b1f699
18589f6a7
18461f6b6
18339f6c4
18211f6d2
180e9f6e0
17fbdf6ef
17e95f6fd
17d6df70b
17c45f719
17b1df727
179f5f735
178cdf743
177a5f750
1767df75e
17555f76c
17429f77a
17301f787
171d9f795
170b1f7a3
16f89f7b0
16e61f7be
16d35f7cb
16c0df7d9
16ae5f7e6
169bdf7f3
16895f801
16769f80e
16641f81b
16519f828
163f1f835
162c5f842
1619df84f
16075f85c
15f4df869
15e21f876
15cf9f883
15bd1f890
15aa5f89d
1597df8aa
15855f8b6
15729f8c3
15601f8cf
154d9f8dc
153adf8e9
15285f8f5
1515df902
15031f90e
14f09f91a
14de1f927
14cb5f933
14b8df93f
14a61f94b
14939f957
14811f964
146e5f970
145bdf97c
14491f988
14369f993
1423df99f
14115f9ab
13fe9f9b7
13ec1f9c3
13d95f9ce
13c6df9da
13b41f9e6
13a19f9f1
138edf9fd
137c5fa08
13699fa14
13571fa1f
13445fa2b
1331dfa36
131f1fa41
130c9fa4c
12f9dfa58
12e75fa63
12d49fa6e
12c1dfa79
12af5fa84
129c9fa8f
128a1fa9a
12775faa5
12649fab0
12521fabb
123f5fac5
122cdfad0
121a1fadb
12075fae5
11f4dfaf0
11e21fafb
11cf5fb05
11bcdfb10
11aa1fb1a
11975fb24
1184dfb2f
11721fb39
115f5fb43
114c9fb4d
113a1fb58
11275fb62
11149fb6c
11021fb76
10ef5fb80
10dc9fb8a
10c9dfb94
10b75fb9e
10a49fba7
1091dfbb1
107f1fbbb
106c9fbc5
1059dfbce
10471fbd8
10345fbe1
10219fbeb
100f1fbf4
ffc5fbfe
fe99fc07
fd6dfc11
fc41fc1a
fb19fc23
f9edfc2c
f8c1fc36
f795fc3f
f669fc48
f53dfc51
f411fc5a
f2e9fc63
f1bdfc6c
f091fc75
ef65fc7d
ee39fc86
ed0dfc8f
ebe1fc98
eab5fca0
e98dfca9
e861fcb2
e735fcba
e609fcc3
e4ddfccb
e3b1fcd3
e285fcdc
e159fce4
e02dfcec
df01fcf5
ddd5fcfd
dca9fd05
db7dfd0d
da51fd15
d925fd1d
d7f9fd25
d6cdfd2d
d5a1fd35
d475fd3d
d349fd45
d21dfd4c
d0f1fd54
cfc5fd5c
ce99fd63
cd6dfd6b
cc41fd72
cb15fd7a
c9e9fd81
c8bdfd89
c791fd90
c665fd98
c539fd9f
c40dfda6
c2e1fdad
c1b5fdb4
c089fdbc
bf5dfdc3
be31fdca
bd05fdd1
bbd9fdd8
baadfdde
b97dfde5
b851fdec
b725fdf3
b5f9fdfa
b4cdfe00
b3a1fe07
b275fe0d
b149fe14
b01dfe1b
aef1fe21
adc1fe27
ac95fe2e
ab69fe34
aa3dfe3a
a911fe41
a7e5fe47
a6b9fe4d
a589fe53
a45dfe59
a331fe5f
a205fe65
a0d9fe6b
9fadfe71
9e7dfe77
9d51fe7d
9c25fe82
9af9fe88
99cdfe8e
98a1fe94
9771fe99
9645fe9f
9519fea4
93edfeaa
92c1feaf
9191feb4
9065feba
8f39febf
8e0dfec4
8ce1feca
8bb1fecf
8a85fed4
8959fed9
882dfede
86fdfee3
85d1fee8
84a5feed
8379fef2
8249fef6
811dfefb
7ff1ff00
7ec5ff05
7d95ff09
7c69ff0e
7b3dff12
7a11ff17
78e1ff1b
77b5ff20
7689ff24
755dff29
742dff2d
7301ff31
71d5ff35
70a5ff3a
6f79ff3e
6e4dff42
6d21ff46
6bf1ff4a
6ac5ff4e
6999ff52
6869ff56
673dff59
6611ff5d
64e5ff61
63b5ff65
6289ff68
615dff6c
602dff6f
5f01ff73
5dd5ff76
5ca5ff7a
5b79ff7d
5a4dff81
591dff84
57f1ff87
56c5ff8a
5595ff8e
5469ff91
533dff94
520dff97
50e1ff9a
4fb5ff9d
4e85ffa0
4d59ffa2
4c2dffa5
4afdffa8
49d1ffab
48a5ffae
4775ffb0
4649ffb3
451dffb5
43edffb8
42c1ffba
4191ffbd
4065ffbf
3f39ffc2
3e09ffc4
3cddffc6
3bb1ffc8
3a81ffcb
3955ffcd
3829ffcf
36f9ffd1
35cdffd3
349dffd5
3371ffd7
3245ffd9
3115ffda
2fe9ffdc
2ebdffde
2d8dffe0
2c61ffe1
2b31ffe3
2a05ffe4
28d9ffe6
27a9ffe7
267dffe9
254dffea
2421ffec
22f5ffed
21c5ffee
2099ffef
1f6dfff1
1e3dfff2
1d11fff3
1be1fff4
1ab5fff5
1989fff6
1859fff7
172dfff8
15fdfff8
14d1fff9
13a5fffa
1275fffb
1149fffb
1019fffc
eedfffd
dc1fffd
c91fffe
b65fffe
a35fffe
909ffff
7ddffff
6adffff
581ffff
451ffff
325ffff
1f9ffff
c9ffff
fff9dffff
ffe6dffff
ffd41ffff
ffc15ffff
ffae5ffff
ff9b9ffff
ff889ffff
ff75dffff
ff631fffe
ff501fffe
ff3d5fffe
ff2a5fffd
ff179fffd
ff04dfffc
fef1dfffc
fedf1fffb
fecc5fffa
feb95fff9
fea69fff9
fe939fff8
fe80dfff7
fe6e1fff6
fe5b1fff5
fe485fff4
fe355fff3
fe229fff2
fe0fdfff1
fdfcdfff0
fdea1ffef
fdd71ffed
fdc45ffec
fdb19ffeb
fd9e9ffe9
fd8bdffe8
fd78dffe6
fd661ffe5
fd535ffe3
fd405ffe2
fd2d9ffe0
fd1adffde
fd07dffdd
fcf51ffdb
fce21ffd9
fccf5ffd7
fcbc9ffd5
fca99ffd3
fc96dffd1
fc841ffcf
fc711ffcd
fc5e5ffcb
fc4b5ffc9
fc389ffc7
fc25dffc5
fc12dffc2
fc001ffc0
fbed5ffbe
fbda5ffbb
fbc79ffb9
fbb4dffb6
fba1dffb4
fb8f1ffb1
fb7c5ffae
fb695ffac
fb569ffa9
fb439ffa6
fb30dffa3
fb1e1ffa1
fb0b1ff9e
faf85ff9b
fae59ff98
fad29ff95
fabfdff92
faad1ff8f
fa9a1ff8b
fa875ff88
fa749ff85
fa619ff82
fa4edff7e
fa3c1ff7b
fa291ff78
fa165ff74
fa039ff71
f9f0dff6d
f9dddff69
f9cb1ff66
f9b85ff62
f9a55ff5e
f9929ff5b
f97fdff57
f96cdff53
f95a1ff4f
f9475ff4b
f9349ff47
f9219ff43
f90edff3f
f8fc1ff3b
f8e91ff37
f8d65ff33
f8c39ff2e
f8b0dff2a
f89ddff26
f88b1ff21
f8785ff1d
f8655ff19
f8529ff14
f83fdff0f
f82d1ff0b
f81a1ff06
f8075ff02
f7f49fefd
f7e1dfef8
f7cedfef3
f7bc1feee
f7a95feea
f7969fee5
f7839fee0
f770dfedb
f75e1fed6
f74b5fed0
f7389fecb
f7259fec6
f712dfec1
f7001febc
f6ed5feb6
f6da5feb1
f6c79feab
f6b4dfea6
f6a21fea1
f68f5fe9b
f67c5fe95
f6699fe90
f656dfe8a
f6441fe84
f6315fe7f
f61e9fe79
f60b9fe73
f5f8dfe6d
f5e61fe67
f5d35fe61
f5c09fe5b
f5addfe55
f59adfe4f
f5881fe49
f5755fe43
f5629fe3c
f54fdfe36
f53d1fe30
f52a5fe2a
f5175fe23
f5049fe1d
f4f1dfe16
f4df1fe10
f4cc5fe09
f4b99fe02
f4a6dfdfc
f4941fdf5
f4815fdee
f46e9fde8
f45b9fde1
f448dfdda
f4361fdd3
f4235fdcc
f4109fdc5
f3fddfdbe
f3eb1fdb7
f3d85fdb0
f3c59fda8
f3b2dfda1
f3a01fd9a
f38d5fd93
f37a9fd8b
f367dfd84
f3551fd7c
f3425fd75
f32f9fd6d
f31cdfd66
f30a1fd5e
f2f75fd57
f2e49fd4f
f2d1dfd47
f2bf1fd3f
f2ac5fd38
f2999fd30
f286dfd28
f2741fd20
f2615fd18
f24e9fd10
f23bdfd08
f2291fd00
f2165fcf7
f2039fcef
f1f0dfce7
f1de1fcdf
f1cb5fcd6
f1b89fcce
f1a5dfcc5
f1931fcbd
f1805fcb4
f16d9fcac
f15b1fca3
f1485fc9b
f1359fc92
f122dfc89
f1101fc80
f0fd5fc78
f0ea9fc6f
f0d7dfc66
f0c51fc5d
f0b29fc54
f09fdfc4b
f08d1fc42
f07a5fc39
f0679fc2f
f054dfc26
f0425fc1d
f02f9fc14
f01cdfc0a
f00a1fc01
eff75fbf8
efe49fbee
efd21fbe5
efbf5fbdb
efac9fbd1
ef99dfbc8
ef875fbbe
ef749fbb4
ef61dfbab
ef4f1fba1
ef3c9fb97
ef29dfb8d
ef171fb83
ef045fb79
eef1dfb6f
eedf1fb65
eecc5fb5b
eeb99fb51
eea71fb47
ee945fb3c
ee819fb32
ee6f1fb28
ee5c5fb1d
ee499fb13
ee371fb09
ee245fafe
ee119faf3
edff1fae9
edec5fade
edd99fad4
edc71fac9
edb45fabe
eda19fab3
ed8f1faa9
ed7c5fa9e
ed69dfa93
ed571fa88
ed445fa7d
ed31dfa72
ed1f1fa67
ed0c9fa5b
ecf9dfa50
ece75fa45
ecd49fa3a
ecc21fa2e
ecaf5fa23
ec9c9fa18
ec8a1fa0c
ec775fa01
ec64df9f5
ec521f9ea
ec3f9f9de
ec2cdf9d2
ec1a5f9c7
ec079f9bb
ebf51f9af
ebe25f9a3
ebcfdf997
ebbd5f98c
ebaa9f980
eb981f974
eb855f968
eb72df95b
eb601f94f
eb4d9f943
eb3b1f937
eb285f92b
eb15df91e
eb031f912
eaf09f906
eade1f8f9
eacb5f8ed
eab8df8e0
eaa65f8d4
ea939f8c7
ea811f8ba
ea6e9f8ae
ea5bdf8a1
ea495f894
ea36df887
ea241f87b
ea119f86e
e9ff1f861
e9ec9f854
e9d9df847
e9c75f83a
e9b4df82d
e9a25f81f
e98f9f812
e97d1f805
e96a9f7f8
e9581f7ea
e9455f7dd
e932df7d0
e9205f7c2
e90ddf7b5
e8fb5f7a7
e8e8df79a
e8d61f78c
e8c39f77e
e8b11f771
e89e9f763
e88c1f755
e8799f747
e8671f739
e8549f72b
e841df71d
e82f5f70f
e81cdf701
e80a5f6f3
e7f7df6e5
e7e55f6d7
e7d2df6c9
e7c05f6ba
e7addf6ac
e79b5f69e
e788df68f
e7765f681
e763df673
e7515f664
e73edf655
e72c5f647
e719df638
e7075f629
e6f4df61b
e6e25f60c
e6cfdf5fd
e6bd5f5ee
e6aadf5df
e6989f5d0
e6861f5c1
e6739f5b2
e6611f5a3
e64e9f594
e63c1f585
e6299f576
e6175f567
e604df557
e5f25f548
e5dfdf539
e5cd5f529
e5badf51a
e5a89f50a
e5961f4fb
e5839f4eb
e5711f4dc
e55edf4cc
e54c5f4bc
e539df4ac
e5275f49d
e5151f48d
e5029f47d
e4f01f46d
e4dddf45d
e4cb5f44d
e4b8df43d
e4a69f42d
e4941f41d
e4819f40d
e46f5f3fc
e45cdf3ec
e44a5f3dc
e4381f3cc
e4259f3bb
e4135f3ab
e400df39a
e3ee5f38a
e3dc1f379
e3c99f369
e3b75f358
e3a4df347
e3929f337
e3801f326
e36ddf315
e35b5f304
e3491f2f3
e3369f2e2
e3245f2d1
e311df2c0
e2ff9f2af
e2ed5f29e
e2dadf28d
e2c89f27c
e2b61f26b
e2a3df259
e2915f248
e27f1f237
e26cdf225
e25a5f214
e2481f202
e235df1f1
e2235f1df
e2111f1ce
e1fedf1bc
e1ec5f1aa
e1da1f198
e1c7df187
e1b59f175
e1a31f163
e190df151
e17e9f13f
e16c5f12d
e15a1f11b
e1479f109
e1355f0f7
e1231f0e5
e110df0d3
e0fe9f0c0
e0ec1f0ae
e0d9df09c
e0c79f089
e0b55f077
e0a31f064
e090df052
e07e9f03f
e06c5f02d
e05a1f01a
e047df008
e0359eff5
e0235efe2
e0111efcf
dffedefbd
dfec9efaa
dfda5ef97
dfc81ef84
dfb5def71
dfa39ef5e
df915ef4b
df7f1ef38
df6cdef24
df5a9ef11
df485eefe
df361eeeb
df23deed7
df119eec4
deff9eeb0
deed5ee9d
dedb1ee89
dec8dee76
deb69ee62
dea45ee4f
de925ee3b
de801ee27
de6ddee14
de5b9ee00
de499edec
de375edd8
de251edc4
de12dedb0
de00ded9c
ddee9ed88
dddc5ed74
ddca5ed60
ddb81ed4c
dda5ded38
dd93ded23
dd819ed0f
dd6f9ecfb
dd5d5ece6
dd4b1ecd2
dd391ecbd
dd26deca9
dd14dec94
dd029ec80
dcf09ec6b
dcde5ec56
dccc5ec42
dcba1ec2d
dca81ec18
dc95dec03
dc83debee
dc719ebda
dc5f9ebc5
dc4d9ebb0
dc3b5eb9a
dc295eb85
dc171eb70
dc051eb5b
dbf31eb46
dbe0deb31
dbcedeb1b
dbbcdeb06
dbaa9eaf1
db989eadb
db869eac6
db749eab0
db625ea9b
db505ea85
db3e5ea6f
db2c5ea5a
db1a1ea44
db081ea2e
daf61ea19
dae41ea03
dad21e9ed
dac01e9d7
daadde9c1
da9bde9ab
da89de995
da77de97f
da65de969
da53de952
da41de93c
da2fde926
da1dde910
da0bde8f9
d9f9de8e3
d9e7de8cd
d9d5de8b6
d9c3de8a0
d9b1de889
d99fde872
d98dde85c
d97bde845
d969de82e
d957de818
d9461e801
d9341e7ea
d9221e7d3
d9101e7bc
d8fe1e7a5
d8ec1e78e
d8da5e777
d8c85e760
d8b65e749
d8a45e732
d8929e71b
d8809e704
d86e9e6ec
d85c9e6d5
d84ade6be
d838de6a6
d826de68f
d8151e677
d8031e660
d7f15e648
d7df5e630
d7cd5e619
d7bb9e601
d7a99e5e9
d797de5d2
d785de5ba
d7741e5a2
d7621e58a
d7505e572
d73e5e55a
d72c9e542
d71a9e52a
d708de512
d6f6de4fa
d6e51e4e1
d6d35e4c9
d6c15e4b1
d6af9e499
d69d9e480
d68bde468
d67a1e44f
d6681e437
d6565e41e
d6449e406
d632de3ed
d620de3d5
d60f1e3bc
d5fd5e3a3
d5eb9e38a
d5d99e372
d5c7de359
d5b61e340
d5a45e327
d5929e30e
d580de2f5
d56f1e2dc
d55d1e2c3
d54b5e2aa
d5399e291
d527de277
d5161e25e
d5045e245
d4f29e22b
d4e0de212
d4cf1e1f9
d4bd5e1df
d4ab9e1c6
d499de1ac
d4881e193
d4765e179
d464de15f
d4531e146
d4415e12c
d42f9e112
d41dde0f8
d40c1e0de
d3fa9e0c4
d3e8de0aa
d3d71e090
d3c55e076
d3b39e05c
d3a21e042
d3905e028
d37e9e00e
d36d1dff4
d35b5dfd9
d3499dfbf
d3381dfa5
d3265df8a
d3149df70
d3031df55
d2f15df3b
d2dfddf20
d2ce1df06
d2bc9deeb
d2aadded0
d2995deb6
d2879de9b
d2761de80
d2645de65
d252dde4a
d2411de2f
d22f9de14
d21ddddf9
d20c5ddde
d1fadddc3
d1e91dda8
d1d79dd8d
d1c61dd72
d1b45dd57
d1a2ddd3b
d1915dd20
d17fddd05
d16e1dce9
d15c9dcce
d14b1dcb2
d1399dc97
d1281dc7b
d1165dc5f
d104ddc44
d0f35dc28
d0e1ddc0c
d0d05dbf1
d0beddbd5
d0ad5dbb9
d09bddb9d
d08a5db81
d078ddb65
d0675db49
d055ddb2d
d0445db11
d032ddaf5
d0215dad9
d00fddabc
cffe5daa0
cfecdda84
cfdb5da68
cfc9dda4b
cfb89da2f
cfa71da12
cf959d9f6
cf841d9d9
cf729d9bd
cf615d9a0
cf4fdd983
cf3e5d967
cf2cdd94a
cf1b9d92d
cf0a1d910
cef89d8f3
cee75d8d7
ced5dd8ba
cec49d89d
ceb31d880
cea19d863
ce905d845
ce7edd828
ce6d9d80b
ce5c1d7ee
ce4add7d1
ce395d7b3
ce281d796
ce169d779
ce055d75b
cdf41d73e
cde29d720
cdd15d703
cdc01d6e5
cdae9d6c8
cd9d5d6aa
cd8c1d68c
cd7a9d66e
cd695d651
cd581d633
cd46dd615
cd355d5f7
cd241d5d9
cd12dd5bb
cd019d59d
ccf05d57f
ccdedd561
cccd9d543
ccbc5d525
ccab1d506
cc99dd4e8
cc889d4ca
cc775d4ac
cc661d48d
cc54dd46f
cc439d450
cc325d432
cc211d413
cc0fdd3f5
cbfe9d3d6
cbed9d3b7
cbdc5d399
cbcb1d37a
cbb9dd35b
cba89d33c
cb975d31e
cb865d2ff
cb751d2e0
cb63dd2c1
cb529d2a2
cb419d283
cb305d264
cb1f1d245
cb0e1d225
cafcdd206
caeb9d1e7
cada9d1c8
cac95d1a8
cab85d189
caa71d16a
ca961d14a
ca84dd12b
ca73dd10b
ca629d0ec
ca519d0cc
ca405d0ac
ca2f5d08d
ca1e1d06d
ca0d1d04d
c9fc1d02d
c9eadd00d
c9d9dcfee
c9c8dcfce
c9b79cfae
c9a69cf8e
c9959cf6e
c9849cf4e
c9735cf2e
c9625cf0d
c9515ceed
c9405cecd
c92f5cead
c91e5ce8c
c90d1ce6c
c8fc1ce4c
c8eb1ce2b
c8da1ce0b
c8c91cdea
c8b81cdca
c8a71cda9
c8961cd88
c8851cd68
c8741cd47
c8631cd26
c8521cd06
c8415cce5
c8305ccc4
c81f5cca3
c80e5cc82
c7fd5cc61
c7ec5cc40
c7db9cc1f
c7ca9cbfe
c7b99cbdd
c7a8dcbbc
c797dcb9a
c786dcb79
c775dcb58
c7651cb37
c7541cb15
c7435caf4
c7325cad2
c7219cab1
c7109ca8f
c6ff9ca6e
c6eedca4c
c6dddca2b
c6cd1ca09
c6bc5c9e7
c6ab5c9c5
c69a9c9a4
c6899c982
c678dc960
c6681c93e
c6571c91c
c6465c8fa
c6359c8d8
c6249c8b6
c613dc894
c6031c872
c5f25c850
c5e19c82d
c5d09c80b
c5bfdc7e9
c5af1c7c7
c59e5c7a4
c58d9c782
c57cdc75f
c56c1c73d
c55b5c71a
c54a9c6f8
c539dc6d5
c5291c6b3
c5185c690
c5079c66d
c4f6dc64a
c4e61c628
c4d55c605
c4c49c5e2
c4b41c5bf
c4a35c59c
c4929c579
c481dc556
c4711c533
c4609c510
c44fdc4ed
c43f1c4ca
c42e9c4a6
c41ddc483
c40d1c460
c3fc9c43c
c3ebdc419
c3db5c3f6
c3ca9c3d2
c3ba1c3af
c3a95c38b
c398dc368
c3881c344
c3779c320
c366dc2fd
c3565c2d9
c3459c2b5
c3351c291
c3249c26e
c313dc24a
c3035c226
c2f2dc202
c2e25c1de
c2d19c1ba
c2c11c196
c2b09c172
c2a01c14e
c28f9c129
c27f1c105
c26e5c0e1
c25ddc0bd
c24d5c098
c23cdc074
c22c5c050
c21bdc02b
c20b5c007
c1fadbfe2
c1ea5bfbe
c1d9dbf99
c1c95bf74
c1b91bf50
c1a89bf2b
c1981bf06
c1879bee2
c1771bebd
c1669be98
c1565be73
c145dbe4e
c1355be29
c1251be04
c1149bddf
c1041bdba
c0f3dbd95
c0e35bd70
c0d2dbd4a
c0c29bd25
c0b21bd00
c0a1dbcdb
c0915bcb5
c0811bc90
c0709bc6a
c0605bc45
c04fdbc20
c03f9bbfa
c02f5bbd4
c01edbbaf
c00e9bb89
bffe5bb63
bfeddbb3e
bfdd9bb18
bfcd5baf2
bfbd1bacc
bfacdbaa7
bf9c5ba81
bf8c1ba5b
bf7bdba35
bf6b9ba0f
bf5b5b9e9
bf4b1b9c2
bf3adb99c
bf2a9b976
bf1a5b950
bf0a1b92a
bef9db903
bee99b8dd
bed95b8b7
bec91b890
beb8db86a
bea89b843
be989b81d
be885b7f6
be781b7d0
be67db7a9
be579b783
be479b75c
be375b735
be271b70e
be171b6e8
be06db6c1
bdf6db69a
bde69b673
bdd65b64c
bdc65b625
bdb61b5fe
bda61b5d7
bd95db5b0
bd85db589
bd75db561
bd659b53a
bd559b513
bd455b4ec
bd355b4c4
bd255b49d
bd151b476
bd051b44e
bcf51b427
bce51b3ff
bcd51b3d8
bcc4db3b0
bcb4db388
bca4db361
bc94db339
bc84db311
bc74db2ea
bc64db2c2
bc54db29a
bc44db272
bc34db24a
bc24db222
bc14db1fa
bc04db1d2
bbf4db1aa
bbe4db182
bbd51b15a
bbc51b132
bbb51b109
bba51b0e1
bb955b0b9
bb855b091
bb755b068
bb655b040
bb559b017
bb459afef
bb35dafc6
bb25daf9e
bb15daf75
bb061af4d
baf61af24
bae65aefb
bad65aed3
bac69aeaa
bab6dae81
baa6dae58
ba971ae2f
ba875ae07
ba775adde
ba679adb5
ba57dad8c
ba47dad63
ba381ad39
ba285ad10
ba189ace7
ba08dacbe
b9f91ac95
b9e91ac6c
b9d95ac42
b9c99ac19
b9b9dabef
b9aa1abc6
b99a5ab9d
b98a9ab73
b97adab4a
b96b5ab20
b95b9aaf6
b94bdaacd
b93c1aaa3
b92c5aa79
b91c9aa50
b90d1aa26
b8fd5a9fc
b8ed9a9d2
b8ddda9a8
b8ce5a97f
b8be9a955
b8aeda92b
b89f5a901
b88f9a8d6
b8801a8ac
b8705a882
b860da858
b8511a82e
b8419a804
b831da7d9
b8225a7af
b812da785
b8031a75a
b7f39a730
b7e41a705
b7d45a6db
b7c4da6b0
b7b55a686
b7a5da65b
b7961a631
b7869a606
b7771a5db
b7679a5b0
b7581a586
b7489a55b
b7391a530
b7299a505
b71a1a4da
b70a9a4af
b6fb1a484
b6eb9a459
b6dc1a42e
b6cc9a403
b6bd1a3d8
b6adda3ad
b69e5a382
b68eda356
b67f5a32b
b6701a300
b6609a2d4
b6511a2a9
b641da27e
b6325a252
b622da227
b6139a1fb
b6041a1cf
b5f4da1a4
b5e55a178
b5d61a14d
b5c69a121
b5b75a0f5
b5a81a0c9
b5989a09e
b5895a072
b57a1a046
b56a9a01a
b55b59fee
b54c19fc2
b53cd9f96
b52d59f6a
b51e19f3e
b50ed9f12
b4ff99ee6
b4f059eb9
b4e119e8d
b4d1d9e61
b4c299e35
b4b359e08
b4a419ddc
b494d9daf
b48599d83
b47659d56
b46719d2a
b457d9cfd
b448d9cd1
b43999ca4
b42a59c78
b41b19c4b
b40c19c1e
b3fcd9bf1
b3ed99bc5
b3de99b98
b3cf59b6b
b3c059b3e
b3b119b11
b3a1d9ae4
b392d9ab7
b38399a8a
b37499a5d
b36599a30
b35659a03
b347599d6
b338599a8
b3291997b
b31a1994e
b30b19921
b2fbd98f3
b2ecd98c6
b2ddd9898
b2ced986b
b2bfd983d
b2b0d9810
b2a1d97e2
b292997b5
b28399787
b27499759
b2659972c
b256d96fe
b247d96d0
b238d96a3
b229d9675
b21ad9647
b20bd9619
b1fcd95eb
b1ee195bd
b1df1958f
b1d019561
b1c159533
b1b259505
b1a3594d7
b194994a8
b1859947a
b1769944c
b167d941e
b158d93ef
b14a193c1
b13b59393
b12c59364
b11d99336
b10e99307
b0ffd92d9
b0f1192aa
b0e21927c
b0d35924d
b0c49921e
b0b5d91f0
b0a7191c1
b09819192
b08959163
b07a99135
b06bd9106
b05d190d7
b04e590a8
b03f99079
b030d904a
b0221901b
b01358fec
b00498fbd
aff618f8e
afe758f5e
afd898f2f
afc9d8f00
afbb18ed1
afac98ea2
af9dd8e72
af8f18e43
af8098e13
af71d8de4
af6358db4
af5498d85
af45d8d55
af3758d26
af2898cf6
af1a18cc7
af0b98c97
aefcd8c67
aeee58c38
aedfd8c08
aed118bd8
aec298ba8
aeb418b78
aea558b48
ae96d8b18
ae8858ae8
ae79d8ab8
ae6b58a88
ae5cd8a58
ae4e58a28
ae3fd89f8
ae31589c8
ae22d8998
ae1458967
ae05d8937
adf758907
ade8d88d7
adda588a6
adcbd8876
adbd98845
adaf18815
ada0987e4
ad92187b4
ad83d8783
ad7558753
ad6718722
ad58986f1
ad4a186c1
ad3bd8690
ad2d5865f
ad1f1862e
ad10985fd
ad02585cd
acf41859c
ace59856b
acd75853a
acc918509
acba984d8
acac584a7
ac9e18476
ac8fd8444
ac8198413
ac73183e2
ac64d83b1
ac5698380
ac485834e
ac3a1831d
ac2bd82ec
ac1d982ba
ac0f58289
ac0118257
abf2d8226
abe4d81f4
abd6981c3
abc858191
abba18160
abac1812e
ab9dd80fc
ab8f980ca
ab8158099
ab7358067
ab6518035
ab5718003
ab48d7fd1
ab3ad7f9f
ab2c97f6e
ab1e97f3c
ab1057f0a
ab0257ed7
aaf457ea5
aae617e73
aad817e41
aaca17e0f
aabbd7ddd
aaadd7daa
aa9fd7d78
aa91d7d46
aa83d7d14
aa75d7ce1
aa67d7caf
aa5997c7c
aa4b97c4a
aa3d97c17
aa2fd7be5
aa21d7bb2
aa13d7b80
aa05d7b4d
a9f7d7b1a
a9e9d7ae8
a9dbd7ab5
a9ce17a82
a9c017a4f
a9b217a1d
a9a4579ea
a996579b7
a98857984
a97a97951
a96c9791e
a95ed78eb
a950d78b8
a94317885
a93517852
a9275781f
a919577eb
a90b977b8
a8fdd7785
a8f017752
a8e21771e
a8d4576eb
a8c6976b8
a8b8d7684
a8ab17651
a89d1761d
a88f575ea
a881975b6
a873d7583
a8661754f
a8585751c
a84a974e8
a83d174b4
a82f57481
a8219744d
a813d7419
a806173e5
a7f8573b2
a7ead737e
a7dd1734a
a7cf57316
a7c1d72e2
a7b4172ae
a7a69727a
a798d7246
a78b57212
a77d971de
a770171a9
a76257175
a754d7141
a7471710d
a739970d8
a72c170a4
a71e97070
a710d703b
a70357007
a6f5d6fd3
a6e856f9e
a6dad6f6a
a6cd56f35
a6bf96f01
a6b216ecc
a6a496e97
a69716e63
a689d6e2e
a67c56df9
a66ed6dc5
a66156d90
a653d6d5b
a64656d26
a63916cf1
a62b96cbc
a61e16c87
a61096c53
a60356c1e
a5f5d6be8
a5e896bb3
a5db16b7e
a5cdd6b49
a5c056b14
a5b316adf
a5a596aaa
a59856a74
a58ad6a3f
a57d96a0a
a570569d5
a5631699f
a5559696a
a54856934
a53b168ff
a52dd68c9
a52096894
a5135685e
a50616829
a4f8967f3
a4eb567be
a4de56788
a4d116752
a4c3d671c
a4b6966e7
a4a9566b1
a49c1667b
a48ed6645
a481d660f
a474965d9
a467565a4
a45a5656e
a44d16538
a43fd6502
a432d64cb
a42596495
a4189645f
a40b56429
a3fe563f3
a3f1563bd
a3e416386
a3d716350
a3ca1631a
a3bcd62e4
a3afd62ad
a3a2d6277
a395d6240
a3889620a
a37b961d3
a36e9619d
a36196166
a35496130
a347960f9
a33a960c3
a32d9608c
a32096055
a3139601f
a306d5fe8
a2f9d5fb1
a2ecd5f7a
a2dfd5f43
a2d315f0c
a2c615ed6
a2b915e9f
a2ac55e68
a29f55e31
a29295dfa
a28595dc3
a278d5d8c
a26bd5d54
a25f15d1d
a25215ce6
a24555caf
a23895c78
a22b95c40
a21ed5c09
a21215bd2
a20555b9b
a1f855b63
a1eb95b2c
a1ded5af4
a1d215abd
a1c555a85
a1b895a4e
a1abd5a16
a19f159df
a192559a7
a1859596f
a178d5938
a16c55900
a15f958c8
a152d5891
a14615859
a13995821
a12cd57e9
a120157b1
a11395779
a106d5741
a0fa5570a
a0ed956d2
a0e11569a
a0d455661
a0c7d5629
a0bb155f1
a0ae955b9
a0a215581
a09595549
a088d5511
a07c554d8
a06fd54a0
a06355468
a056d542f
a04a553f7
a03d953bf
a03115386
a0249534e
a01855315
a00bd52dd
9fff552a4
9ff2d526c
9fe655233
9fd9d51fb
9fcd951c2
9fc115189
9fb495150
9fa815118
9f9bd50df
9f8f550a6
9f831506d
9f7695035
9f6a54ffc
9f5dd4fc3
9f5194f8a
9f4514f51
9f38d4f18
9f2c94edf
9f2014ea6
9f13d4e6d
9f0794e34
9efb54dfa
9eef14dc1
9ee294d88
9ed654d4f
9eca14d16
9ebdd4cdc
9eb194ca3
9ea554c6a
9e9914c30
9e8cd4bf7
9e80d4bbe
9e7494b84
9e6854b4b
9e5c14b11
9e4fd4ad8
9e43d4a9e
9e3794a64
9e2b54a2b
9e1f549f1
9e13149b8
9e071497e
9dfad4944
9deed490a
9de2948d1
9dd694897
9dca5485d
9dbe54823
9db2547e9
9da6547af
9d9a14775
9d8e1473b
9d8214701
9d76146c7
9d6a1468d
9d5e14653
9d5214619
9d46145df
9d3a145a5
9d2e1456b
9d2214530
9d16144f6
9d0a144bc
9cfe14481
9cf214447
9ce65440d
9cda543d2
9cce54398
9cc29435e
9cb694323
9caad42e9
9c9ed42ae
9c9314273
9c8714239
9c7b541fe
9c6f541c4
9c6394189
9c579414e
9c4bd4114
9c40140d9
9c345409e
9c2894063
9c1c94028
9c10d3fee
9c0513fb3
9bf953f78
9bed93f3d
9be1d3f02
9bd613ec7
9bca53e8c
9bbe93e51
9bb2d3e16
9ba753ddb
9b9b93da0
9b8fd3d64
9b8413d29
9b7893cee
9b6cd3cb3
9b6113c78
9b5593c3c
9b49d3c01
9b3e53bc6
9b3293b8a
9b2713b4f
9b1b53b13
9b0fd3ad8
9b0453a9d
9af893a61
9aed13a26
9ae1939ea
9ad6139ae
9aca53973
9abed3937
9ab3538fb
9aa7d38c0
9a9c53884
9a90d3848
9a855380d
9a79d37d1
9a6e53795
9a62d3759
9a575371d
9a4c136e1
9a40936a5
9a351366a
9a29d362e
9a1e535f2
9a12d35b6
9a0793579
99fc1353d
99f0d3501
99e5534c5
99da13489
99ce9344d
99c353411
99b7d33d4
99ac93398
99a15335c
99961331f
998a932e3
997f532a7
99741326a
9968d322e
995d931f2
9952531b5
994713179
993bd313c
9930930ff
9925530c3
991a13086
990ed304a
9903d300d
98f892fd0
98ed52f94
98e212f57
98d712f1a
98cbd2edd
98c0d2ea1
98b592e64
98aa92e27
989f52dea
989452dad
988912d70
987e12d33
9872d2cf6
9867d2cb9
985cd2c7c
9851d2c3f
984692c02
983b92bc5
983092b88
982592b4b
981a92b0d
980f92ad0
980492a93
97f992a56
97ee92a18
97e3929db
97d89299e
97cdd2960
97c2d2923
97b7d28e6
97acd28a8
97a21286b
97971282d
978c527f0
9781527b2
977652775
976b92737
9760926f9
9755d26bc
974b1267e
974012640
973552603
972a925c5
971f92587
9714d2549
970a1250c
96ff524ce
96f492490
96e9d2452
96df12414
96d4523d6
96c992398
96bed235a
96b41231c
96a9522de
969e922a0
969412262
968952224
967e921e6
9673d21a8
966952169
965e9212b
9654120ed
9649520af
963ed2070
963412032
962991ff4
961ed1fb5
961451f77
9609d1f39
95ff11efa
95f491ebc
95ea11e7d
95df91e3f
95d511e00
95ca91dc2
95bfd1d83
95b551d45
95aad1d06
95a051cc7
959611c89
958b91c4a
958111c0b
957691bcc
956c11b8e
9561d1b4f
955751b10
954cd1ad1
954291a92
953811a53
952d91a15
9523519d6
9518d1997
950e91958
950451919
94f9d18da
94ef9189b
94e51185c
94dad181c
94d0917dd
94c65179e
94bc1175f
94b1d1720
94a7516e1
949d116a1
9492d1662
948891623
947e515e3
9474515a4
946a11565
945fd1525
9455914e6
944b514a7
944151467
943711428
942cd13e8
9422d13a9
941891369
940e91329
9404512ea
93fa512aa
93f01126b
93e61122b
93dbd11eb
93d1d11ab
93c7d116c
93bdd112c
93b3910ec
93a9910ac
939f9106d
93959102d
938b90fed
938190fad
937790f6d
936d90f2d
936390eed
935990ead
934f90e6d
934590e2d
933bd0ded
9331d0dad
9327d0d6d
931e10d2d
931410ced
930a10cac
930050c6c
92f650c2c
92ec90bec
92e290bac
92d8d0b6b
92cf10b2b
92c510aeb
92bb50aaa
92b190a6a
92a7d0a29
929dd09e9
9294109a9
928a50968
928090928
9276d08e7
926d108a7
926350866
925990825
924fd07e5
9246107a4
923c90764
9232d0723
9229106e2
921f506a2
9215d0661
920c10620
9202905df
91f8d059e
91ef5055e
91e59051d
91dc104dc
91d25049b
91c8d045a
91bf50419
91b5903d8
91ac10397
91a290356
919910315
918f902d4
9185d0293
917c50252
9172d0211
9169501d0
915fd018f
91565014d
914d1010c
9143900cb
913a1008a
913090049
912750007
911dcffc6
91144ff85
910b0ff43
91018ff02
90f80fec1
90eecfe7f
90e58fe3e
90dc0fdfc
90d2cfdbb
90c94fd79
90c00fd38
90b6cfcf6
90ad8fcb5
90a40fc73
909acfc31
90918fbf0
90884fbae
907f0fb6c
9075cfb2b
906c8fae9
90634faa7
905a0fa66
9050cfa24
90478f9e2
903e8f9a0
90354f95e
902c0f91c
90230f8db
9019cf899
90108f857
90078f815
8ffe4f7d3
8ff54f791
8fec0f74f
8fe30f70d
8fda0f6cb
8fd0cf689
8fc7cf647
8fbecf604
8fb5cf5c2
8fac8f580
8fa38f53e
8f9a8f4fc
8f918f4ba
8f888f477
8f7f8f435
8f768f3f3
8f6d8f3b1
8f648f36e
8f5bcf32c
8f52cf2ea
8f49cf2a7
8f40cf265
8f380f222
8f2f0f1e0
8f260f19d
8f1d4f15b
8f144f118
8f0b8f0d6
8f028f093
8ef9cf051
8ef10f00e
8ee80efcc
8edf4ef89
8ed68ef46
8ecd8ef04
8ec4ceec1
8ebc0ee7e
8eb34ee3c
8eaa8edf9
8ea1cedb6
8e990ed73
8e904ed30
8e878ecee
8e7ececab
8e760ec68
8e6d8ec25
8e64cebe2
8e5c0eb9f
8e534eb5c
8e4aceb19
8e420ead6
8e398ea93
8e30cea50
8e284ea0d
8e1f8e9ca
8e170e987
8e0e4e944
8e05ce901
8dfd4e8be
8df4ce87a
8dec0e837
8de38e7f4
8ddb0e7b1
8dd28e76e
8dca0e72a
8dc18e6e7
8db90e6a4
8db08e660
8da80e61d
8d9f8e5da
8d970e596
8d8ece553
8d864e50f
8d7dce4cc
8d754e489
8d6d0e445
8d648e402
8d5c4e3be
8d53ce37a
8d4b8e337
8d430e2f3
8d3ace2b0
8d324e26c
8d2a0e229
8d21ce1e5
8d198e1a1
8d110e15d
8d08ce11a
8d008e0d6
8cf84e092
8cf00e04f
8ce7ce00b
8cdf8dfc7
8cd74df83
8ccf0df3f
8cc6cdefb
8cbe8deb8
8cb68de74
8cae4de30
8ca60ddec
8c9e0dda8
8c95cdd64
8c8d8dd20
8c858dcdc
8c7d4dc98
8c754dc54
8c6d0dc10
8c650dbcc
8c5d0db87
8c54cdb43
8c4ccdaff
8c44cdabb
8c3ccda77
8c348da33
8c2c8d9ee
8c248d9aa
8c1c8d966
8c148d922
8c0c8d8dd
8c048d899
8bfccd855
8bf4cd810
8beccd7cc
8be4cd788
8bdccd743
8bd50d6ff
8bcd0d6ba
8bc50d676
8bbd4d631
8bb54d5ed
8bad8d5a8
8ba58d564
8b9dcd51f
8b960d4db
8b8e0d496
8b864d452
8b7e8d40d
8b76cd3c8
8b6ecd384
8b670d33f
8b5f4d2fa
8b578d2b6
8b4fcd271
8b480d22c
8b404d1e7
8b388d1a3
8b310d15e
8b294d119
8b218d0d4
8b19cd08f
8b124d04a
8b0a8d006
8b02ccfc1
8afb4cf7c
8af38cf37
8aec0cef2
8ae44cead
8adccce68
8ad50ce23
8acd8cdde
8ac60cd99
8abe8cd54
8ab6ccd0f
8aaf4ccca
8aa7ccc85
8aa04cc3f
8a98ccbfa
8a914cbb5
8a89ccb70
8a824cb2b
8a7accae5
8a734caa0
8a6bcca5b
8a648ca16
8a5d0c9d0
8a558c98b
8a4e0c946
8a46cc900
8a3f4c8bb
8a380c876
8a308c830
8a294c7eb
8a21cc7a6
8a1a8c760
8a134c71b
8a0bcc6d5
8a048c690
89fd4c64a
89f60c605
89eecc5bf
89e74c57a
89e00c534
89d8cc4ee
89d18c4a9
89ca4c463
89c34c41e
89bc0c3d8
89b4cc392
89ad8c34d
89a64c307
899f4c2c1
89980c27b
8990cc236
8989cc1f0
89828c1aa
897b8c164
89744c11e
896d4c0d9
89660c093
895f0c04d
89580c007
89510bfc1
8949cbf7b
8942cbf35
893bcbeef
8934cbea9
892dcbe63
8926cbe1d
891fcbdd7
8918cbd91
8911cbd4b
890acbd05
8903cbcbf
88fd0bc79
88f60bc33
88ef0bbed
88e84bba7
88e14bb60
88da4bb1a
88d38bad4
88cc8ba8e
88c5cba48
88becba01
88b80b9bb
88b14b975
88aa4b92f
88a38b8e8
889ccb8a2
88960b85c
888f4b815
88888b7cf
8881cb789
887b0b742
88744b6fc
886d8b6b5
8866cb66f
88600b628
88594b5e2
88528b59b
884c0b555
88454b50e
883e8b4c8
88380b481
88314b43b
882acb3f4
88240b3ae
881d8b367
8816cb320
88104b2da
8809cb293
88030b24c
87fc8b206
87f60b1bf
87ef8b178
87e90b132
87e28b0eb
87dc0b0a4
87d58b05d
87cf0b016
87c88afd0
87c20af89
87bb8af42
87b50aefb
87ae8aeb4
87a84ae6d
87a1cae27
879b4ade0
87950ad99
878e8ad52
87884ad0b
8781cacc4
877b8ac7d
87754ac36
876ecabef
87688aba8
87624ab61
875bcab1a
87558aad3
874f4aa8c
87490aa44
8742ca9fd
873c8a9b6
87364a96f
87300a928
8729ca8e1
87238a89a
871d8a852
87174a80b
87110a7c4
870aca77d
8704ca735
86fe8a6ee
86f88a6a7
86f24a660
86ec4a618
86e60a5d1
86e00a58a
86d9ca542
86d3ca4fb
86cdca4b3
86c7ca46c
86c18a425
86bb8a3dd
86b58a396
86af8a34e
86a98a307
86a38a2bf
869d8a278
86978a230
86918a1e9
868b8a1a1
8685ca15a
867fca112
8679ca0cb
86740a083
866e0a03b
866809ff4
866249fac
865c49f65
865689f1d
865089ed5
864ac9e8e
864509e46
863f09dfe
863949db6
863389d6f
862dc9d27
862809cdf
862249c97
861c89c50
8616c9c08
861109bc0
860b49b78
860589b30
85ffc9ae8
85fa09aa1
85f489a59
85eec9a11
85e9099c9
85e389981
85ddc9939
85d8098f1
85d2898a9
85ccc9861
85c749819
85c1c97d1
85bc09789
85b689741
85b1096f9
85ab896b1
85a5c9669
85a049621
859ac95d9
859549591
858fc9549
858a49500
8584c94b8
857f49470
8579c9428
8574893e0
856f09398
85698934f
856449307
855ec92bf
855949277
85540922e
854e891e6
85494919e
8543c9156
853e8910d
8539490c5
8533c907d
852e89034
852948fec
852408fa4
851ec8f5b
851988f13
851408eca
850ec8e82
850988e3a
850488df1
84ff48da9
84fa08d60
84f4c8d18
84ef88ccf
84ea88c87
84e548c3e
84e008bf6
84db08bad
84d5c8b65
84d0c8b1c
84cb88ad4
84c688a8b
84c148a42
84bc489fa
84b7489b1
84b208969
84ad08920
84a8088d7
84a30888f
849e08846
8499087fd
8494087b5
848f0876c
848a08723
8485086da
848008692
847b08649
847648600
8471485b7
846c4856f
846788526
8462884dd
845dc8494
8458c844b
845408402
844f083ba
844a48371
844548328
8440882df
843bc8296
84370824d
843208204
842d481bb
842888172
8423c8129
841f080e0
841a48097
84158804e
8410c8005
840c47fbc
840787f73
8402c7f2a
83fe07ee1
83f987e98
83f4c7e4f
83f047e06
83eb87dbd
83e707d74
83e247d2b
83ddc7ce2
83d907c99
83d487c50
83d007c06
83cb47bbd
83c6c7b74
83c247b2b
83bdc7ae2
83b947a98
83b4c7a4f
83b047a06
83abc79bd
83a747974
83a2c792a
839e478e1
839a07898
83958784f
839107805
838c877bc
838847773
8383c7729
837f876e0
837b07697
8376c764d
837247604
836e075bb
8369c7571
836547528
8361074de
835cc7495
83588744b
835447402
8350073b9
834bc736f
834787326
8343472dc
833f07293
833ac7249
833687200
8332471b6
832e4716d
832a07123
8325c70da
8321c7090
831d87047
831986ffd
831546fb3
831146f6a
830d06f20
830906ed7
830506e8d
830106e43
82fcc6dfa
82f8c6db0
82f4c6d66
82f0c6d1d
82ecc6cd3
82e8c6c89
82e4c6c40
82e0c6bf6
82dcc6bac
82d8c6b63
82d506b19
82d106acf
82cd06a85
82c906a3c
82c5469f2
82c1469a8
82bd8695e
82b986915
82b5c68cb
82b1c6881
82ae06837
82aa467ed
82a6467a3
82a28675a
829ec6710
829b066c6
82974667c
829386632
828fc65e8
828c0659e
828846555
82848650b
8280c64c1
827d06477
82794642d
8275c63e3
827206399
826e4634f
826ac6305
8267062bb
826346271
825fc6227
825c461dd
825886193
825506149
8251860ff
824dc60b5
824a4606b
8246c6021
824345fd7
823fc5f8d
823c45f43
8238c5ef9
823545eae
8231c5e64
822e45e1a
822ac5dd0
822745d86
8223c5d3c
822085cf2
821d05ca8
821985c5d
821645c13
8212c5bc9
820f85b7f
820c05b35
8208c5aeb
820585aa0
820205a56
81fec5a0c
81fb859c2
81f845977
81f4c592d
81f1858e3
81ee45899
81eb0584e
81e7c5804
81e4857ba
81e145770
81de45725
81db056db
81d7c5691
81d485646
81d1855fc
81ce455b2
81cb05567
81c80551d
81c4c54d3
81c1c5488
81be8543e
81bb853f4
81b8853a9
81b54535f
81b245314
81af452ca
81ac45280
81a945235
81a6051eb
81a3051a0
81a005156
819d0510b
819a450c1
819745077
81944502c
819144fe2
818e44f97
818b84f4d
818884f02
818584eb8
8182c4e6d
817fc4e23
817d04dd8
817a04d8e
817744d43
817484cf8
817184cae
816ec4c63
816c04c19
816944bce
816644b84
816384b39
8160c4aef
815e04aa4
815b44a59
815884a0f
8155c49c4
81534497a
81508492f
814dc48e4
814b0489a
81488484f
8145c4804
8143447ba
81408476f
813dc4724
813b446da
8138c468f
813604644
8133845fa
8131045af
812e44564
812bc451a
8129444cf
8126c4484
812444439
8121c43ef
811f443a4
811cc4359
811a4430e
8117c42c4
811544279
81130422e
8110841e3
810e04199
810bc414e
810944103
8106c40b8
81048406e
810204023
80ffc3fd8
80fd83f8d
80fb03f42
80f8c3ef7
80f683ead
80f443e62
80f1c3e17
80ef83dcc
80ed43d81
80eb03d36
80e8c3cec
80e683ca1
80e443c56
80e203c0b
80e003bc0
80ddc3b75
80db83b2a
80d943adf
80d743a94
80d503a4a
80d3039ff
80d0c39b4
80cec3969
80cc8391e
80ca838d3
80c843888
80c64383d
80c4437f2
80c2437a7
80c00375c
80be03711
80bc036c6
80ba0367b
80b803630
80b6035e5
80b40359a
80b20354f
80b043504
80ae434b9
80ac4346e
80aa43423
80a8833d8
80a68338d
80a4c3342
80a2c32f7
80a1032ac
809f03261
809d43216
809b431cb
809983180
8097c3135
8096030ea
80940309f
809243054
809083009
808ec2fbe
808d02f73
808b42f28
808982edd
8087c2e92
808602e46
808482dfb
8082c2db0
808102d65
807f82d1a
807dc2ccf
807c02c84
807a82c39
8078c2bee
807742ba3
807582b57
807402b0c
807282ac1
807102a76
806f42a2b
806dc29e0
806c42995
806ac2949
8069428fe
8067c28b3
806642868
8064c281d
8063427d2
8061c2786
80604273b
805f026f0
805d826a5
805c0265a
805ac260f
8059425c3
8057c2578
80568252d
8055424e2
8053c2497
80528244b
805102400
804fc23b5
804e8236a
804d4231e
804c022d3
804a82288
80494223d
8048021f2
8046c21a6
80458215b
804482110
8043420c5
804202079
8040c202e
803f81fe3
803e81f98
803d41f4c
803c41f01
803b01eb6
8039c1e6b
8038c1e1f
8037c1dd4
803681d89
803581d3d
803481cf2
803341ca7
803241c5c
803141c10
803041bc5
802f41b7a
802e41b2e
802d41ae3
802c41a98
802b41a4d
802a41a01
8029419b6
80288196b
80278191f
8026818d4
8025c1889
8024c183d
8023c17f2
8023017a7
80220175c
802141710
8020816c5
801f8167a
801ec162e
801e015e3
801d41598
801c4154c
801b81501
801ac14b6
801a0146a
80194141f
8018813d4
8017c1388
80174133d
8016812f2
8015c12a6
80150125b
80148120f
8013c11c4
801301179
80128112d
8011c10e2
801141097
80108104b
801001000
800f80fb5
800ec0f69
800e40f1e
800dc0ed3
800d40e87
800cc0e3c
800c40df0
800bc0da5
800b40d5a
800ac0d0e
800a40cc3
8009c0c78
800940c2c
8008c0be1
800880b95
800800b4a
800780aff
800740ab3
8006c0a68
800680a1d
8006009d1
8005c0986
80054093a
8005008ef
8004c08a4
800440858
80040080d
8003c07c1
800380776
80034072b
8003006df
8002c0694
800280648
8002405fd
8002005b2
8001c0566
8001c051b
8001804cf
800140484
800100439
8001003ed
8000c03a2
8000c0357
80008030b
8000802c0
800080274
800040229
8000401de
800040192
800040147
8000400fb
8000400b0
800040065
800040019
80007ffce
80007ff82
80007ff37
80007feec
80007fea0
80007fe55
80007fe09
80007fdbe
8000bfd73
8000bfd27
8000bfcdc
8000ffc90
8000ffc45
80013fbfa
80017fbae
80017fb63
8001bfb17
8001ffacc
80023fa81
80023fa35
80027f9ea
8002bf99e
8002ff953
80033f908
80037f8bc
8003bf871
8003ff825
80047f7da
8004bf78f
8004ff743
80053f6f8
8005bf6ad
8005ff661
80067f616
8006bf5ca
80073f57f
80077f534
8007ff4e8
80083f49d
8008bf451
80093f406
8009bf3bb
8009ff36f
800a7f324
800aff2d9
800b7f28d
800bff242
800c7f1f6
800cff1ab
800d7f160
800e3f114
800ebf0c9
800f3f07e
800fbf032
80107efe7
8010fef9c
8011bef50
80123ef05
8012feeb9
80137ee6e
80143ee23
8014bedd7
80157ed8c
80163ed41
8016fecf5
8017becaa
80183ec5f
8018fec13
8019bebc8
801a7eb7d
801b3eb31
801bfeae6
801cbea9b
801dbea4f
801e7ea04
801f3e9b9
801ffe96d
8020fe922
8021be8d7
8022be88b
80237e840
80247e7f5
80253e7a9
80263e75e
8026fe713
8027fe6c7
8028fe67c
8029fe631
802abe5e6
802bbe59a
802cbe54f
802dbe504
802ebe4b8
802fbe46d
8030be422
8031be3d7
8032fe38b
8033fe340
8034fe2f5
8035fe2a9
80373e25e
80383e213
80397e1c8
803a7e17c
803bbe131
803cbe0e6
803dfe09b
803efe04f
80403e004
80417dfb9
8042bdf6e
8043bdf22
8044fded7
80463de8c
80477de41
8048bddf5
8049fddaa
804b3dd5f
804c7dd14
804dbdcc8
804f3dc7d
80507dc32
8051bdbe7
80533db9c
80547db50
8055bdb05
80573daba
80587da6f
8059fda24
805b3d9d8
805cbd98d
805e3d942
805fbd8f7
8060fd8ac
80627d861
8063fd815
80657d7ca
8066fd77f
80687d734
8069fd6e9
806b7d69e
806cfd652
806e7d607
806ffd5bc
8071bd571
80733d526
8074bd4db
80767d490
8077fd444
80797d3f9
807b3d3ae
807cfd363
807e7d318
80803d2cd
8081bd282
80837d237
80853d1ec
8086fd1a1
8088bd155
808a3d10a
808bfd0bf
808dbd074
808f7d029
80913cfde
80933cf93
8094fcf48
8096bcefd
80987ceb2
809a3ce67
809c3ce1c
809dfcdd1
809ffcd86
80a1bcd3b
80a3bccf0
80a57cca5
80a77cc5a
80a93cc0f
80ab3cbc4
80ad3cb79
80aefcb2e
80b0fcae3
80b2fca98
80b4fca4d
80b6fca02
80b8fc9b7
80bafc96c
80bcfc921
80befc8d6
80c0fc88b
80c2fc840
80c53c7f5
80c73c7aa
80c93c75f
80cb7c714
80cd7c6c9
80cf7c67e
80d1bc633
80d3bc5e8
80d5fc59d
80d83c553
80da3c508
80dc7c4bd
80debc472
80e0fc427
80e2fc3dc
80e53c391
80e77c346
80e9bc2fc
80ebfc2b1
80ee3c266
80f07c21b
80f2bc1d0
80f53c185
80f77c13a
80f9bc0f0
80fbfc0a5
80fe7c05a
8100bc00f
81033bfc4
81057bf7a
8107fbf2f
810a3bee4
810cbbe99
810efbe4e
81117be04
8113fbdb9
81167bd6e
8118bbd23
811b3bcd9
811dbbc8e
81203bc43
8122bbbf8
81253bbae
8127bbb63
812a3bb18
812cfbace
812f7ba83
8131fba38
81347b9ed
81373b9a3
8139bb958
813c3b90d
813efb8c3
81417b878
81443b82d
8146fb7e3
81497b798
814c3b74d
814efb703
81517b6b8
81543b66e
8156fb623
8159bb5d8
815c7b58e
815f3b543
8161fb4f9
8164bb4ae
81677b463
816a3b419
816d3b3ce
816ffb384
8172bb339
81757b2ef
81787b2a4
817b3b25a
817e3b20f
8180fb1c5
8183fb17a
8186bb130
8189bb0e5
818cbb09b
818f7b050
81927b006
81957afbb
81987af71
819b7af26
819e3aedc
81a13ae91
81a43ae47
81a73adfc
81aa7adb2
81ad7ad68
81b07ad1d
81b37acd3
81b67ac88
81b9bac3e
81bcbabf4
81bfbaba9
81c2fab5f
81c5fab15
81c93aaca
81cc7aa80
81cf7aa36
81d2ba9eb
81d5ba9a1
81d8fa957
81dc3a90c
81df7a8c2
81e2ba878
81e5fa82d
81e93a7e3
81ec7a799
81efba74f
81f2fa704
81f63a6ba
81f97a670
81fcba626
81fffa5db
82037a591
8206ba547
8209fa4fd
820d7a4b3
8210ba468
82143a41e
82177a3d4
821afa38a
821e7a340
8221ba2f6
82253a2ab
8228ba261
822c3a217
822f7a1cd
8232fa183
82367a139
8239fa0ef
823d7a0a5
8240fa05b
82447a011
824839fc6
824bb9f7c
824f39f32
8252b9ee8
825679e9e
8259f9e54
825d79e0a
826139dc0
8264b9d76
826879d2c
826bf9ce2
826fb9c98
827379c4e
8276f9c04
827ab9bbb
827e79b71
828239b27
8285f9add
8289b9a93
828d79a49
8291399ff
8294f99b5
8298b996b
829c79921
82a0398d8
82a3f988e
82a7b9844
82abb97fa
82af797b0
82b339766
82b73971d
82baf96d3
82bef9689
82c2b963f
82c6b95f5
82cab95ac
82ce79562
82d279518
82d6794cf
82da79485
82de3943b
82e2393f1
82e6393a8
82ea3935e
82ee39314
82f2392cb
82f639281
82fa79237
82fe791ee
8302791a4
83067915a
830ab9111
830eb90c7
8312b907e
8316f9034
831af8fea
831f38fa1
832338f57
832778f0e
832bb8ec4
832fb8e7b
8333f8e31
833838de8
833c78d9e
8340b8d55
8344b8d0b
8348f8cc2
834d38c78
835178c2f
8355b8be5
835a38b9c
835e78b53
8362b8b09
8366f8ac0
836b78a76
836fb8a2d
8373f89e4
83787899a
837cb8951
838138908
8385788be
8389f8875
838e3882c
8392b87e2
839738799
839b78750
839ff8707
83a4786bd
83a8f8674
83ad7862b
83b1f85e2
83b678598
83baf854f
83bf78506
83c3f84bd
83c878474
83cd3842a
83d1b83e1
83d638398
83dab834f
83df78306
83e3f82bd
83e8b8274
83ed3822b
83f1f81e1
83f678198
83fb3814f
83fff8106
8404780bd
840938074
840df802b
8412b7fe2
841777f99
841c37f50
8420f7f07
8425b7ebe
842a77e75
842f37e2c
8433f7de3
8438b7d9b
843d77d52
844277d09
844737cc0
844bf7c77
8450f7c2e
8455b7be5
845ab7b9c
845f77b54
846477b0b
846937ac2
846e37a79
847337a30
8477f79e8
847cf799f
8481f7956
8486f790d
848bf78c5
8490b787c
8495b7833
849ab77eb
849ff77a2
84a4f7759
84a9f7711
84aef76c8
84b3f767f
84b8f7637
84be375ee
84c3375a5
84c87755d
84cd77514
84d2774cc
84d7b7483
84dcf743b
84e1f73f2
84e7373aa
84ec37361
84f177319
84f6b72d0
84fbf7288
85013723f
8506771f7
850b771ae
8510b7166
8515f711d
851b770d5
8520b708d
8525f7044
852b36ffc
853076fb4
8535b6f6b
853b36f23
854076edb
8545f6e92
854b36e4a
855076e02
8555f6dba
855b76d71
8560b6d29
856636ce1
856b76c99
8570f6c50
857676c08
857bf6bc0
858176b78
8586f6b30
858c36ae8
8591b6a9f
859736a57
859cf6a0f
85a2769c7
85a7f697f
85ad76937
85b2f68ef
85b8768a7
85be3685f
85c3b6817
85c9367cf
85cef6787
85d47673f
85da366f7
85dfb66af
85e576667
85eb3661f
85f0b65d7
85f67658f
85fc36548
8601f6500
8607b64b8
860d36470
8612f6428
8618b63e0
861e76399
862436351
8629f6309
862ff62c1
8635b6279
863b76232
8641361ea
8647361a2
864cf615b
8652b6113
8658b60cb
865e76084
86647603c
866a35ff4
867035fad
8675f5f65
867bf5f1e
8681f5ed6
8687f5e8e
868db5e47
8693b5dff
8699b5db8
869fb5d70
86a5b5d29
86abb5ce1
86b1b5c9a
86b7b5c52
86bdb5c0b
86c3b5bc4
86c9f5b7c
86cff5b35
86d5f5aed
86dbf5aa6
86e235a5f
86e835a17
86ee759d0
86f475989
86fab5941
8700b58fa
8706f58b3
870d3586c
871335824
8719757dd
871fb5796
8725f574f
872bf5708
8732356c0
873875679
873eb5632
8744f55eb
874b355a4
8751b555d
8757f5516
875e354cf
876475488
876ab5441
8771353fa
8777753b3
877db536c
878435325
878a752de
8790f5297
879735250
879db5209
87a4351c2
87aa7517b
87b0f5134
87b7750ed
87bdf50a6
87c435060
87cab5019
87d134fd2
87d7b4f8b
87de34f44
87e4b4efe
87eb34eb7
87f1b4e70
87f874e29
87fef4de3
880574d9c
880bf4d55
8812b4d0f
881934cc8
881ff4c81
882674c3b
882cf4bf4
8833b4bae
883a74b67
8840f4b21
8847b4ada
884e74a94
8854f4a4d
885bb4a07
8862749c0
88693497a
886ff4933
8876b48ed
887d748a6
888434860
888af481a
8891b47d3
88987478d
889f34747
88a5f4700
88acf46ba
88b3b4674
88ba7462d
88c1745e7
88c8345a1
88cef455b
88d5f4515
88dcf44ce
88e3b4488
88eab4442
88f1743fc
88f8743b6
88ff74370
89067432a
890d342e4
89143429d
891b34257
892234211
8929341cb
893034185
89373413f
893e340f9
8945740b3
894c7406e
895374028
895a73fe2
8961b3f9c
8968b3f56
896fb3f10
8976f3eca
897df3e85
898533e3f
898c33df9
899373db3
899a73d6d
89a1b3d28
89a8f3ce2
89b033c9c
89b733c57
89be73c11
89c5b3bcb
89ccf3b86
89d433b40
89db73afa
89e2b3ab5
89e9f3a6f
89f133a2a
89f8739e4
89fff399f
8a0733959
8a0e73914
8a15b38ce
8a1d33889
8a2473843
8a2bf37fe
8a33337b9
8a3ab3773
8a41f372e
8a49736e8
8a50b36a3
8a583365e
8a5fb3618
8a66f35d3
8a6e7358e
8a75f3549
8a7d73503
8a84f34be
8a8c73479
8a93f3434
8a9b733ef
8aa2f33aa
8aaa73364
8ab1f331f
8ab9732da
8ac133295
8ac8b3250
8ad03320b
8ad7f31c6
8adf73181
8ae6f313c
8aeeb30f7
8af6330b2
8afdf306d
8b0573028
8b0d32fe3
8b14f2f9f
8b1c72f5a
8b2432f15
8b2bf2ed0
8b33b2e8b
8b3b72e46
8b4332e02
8b4af2dbd
8b52b2d78
8b5a72d33
8b6232cef
8b69f2caa
8b71b2c65
8b7972c21
8b8132bdc
8b8932b97
8b90f2b53
8b98b2b0e
8ba0b2aca
8ba872a85
8bb032a41
8bb8329fc
8bbff29b8
8bc7f2973
8bcff292f
8bd7b28ea
8bdfb28a6
8be7b2862
8bef7281d
8bf7727d9
8bff72794
8c0772750
8c0f7270c
8c17726c8
8c1f72683
8c277263f
8c2f725fb
8c37725b7
8c3f72572
8c47b252e
8c4fb24ea
8c57b24a6
8c5fb2462
8c67f241e
8c6ff23da
8c7832396
8c8032352
8c887230d
8c90722c9
8c98b2285
8ca0b2242
8ca8f21fe
8cb1321ba
8cb972176
8cc172132
8cc9b20ee
8cd1f20aa
8cda32066
8ce272022
8ceab1fdf
8cf2f1f9b
8cfb31f57
8d0371f13
8d0bb1ed0
8d13f1e8c
8d1c71e48
8d24b1e05
8d2cf1dc1
8d3571d7d
8d3db1d3a
8d45f1cf6
8d4e71cb3
8d56b1c6f
8d5f31c2b
8d6771be8
8d6ff1ba4
8d7871b61
8d80b1b1e
8d8931ada
8d91b1a97
8d9a31a53
8da271a10
8daaf19cd
8db371989
8dbbf1946
8dc471903
8dccf18bf
8dd57187c
8dddf1839
8de6b17f6
8def317b2
8df7b176f
8e003172c
8e08f16e9
8e11716a6
8e19f1663
8e22b1620
8e2b315dd
8e33f1599
8e3c71556
8e4531513
8e4db14d0
8e567148e
8e5f3144b
8e67b1408
8e70713c5
8e7931382
8e81f133f
8e8ab12fc
8e93712b9
8e9c31277
8ea4f1234
8eadb11f1
8eb6711ae
8ebf3116c
8ec7f1129
8ed0b10e6
8ed9710a3
8ee271061
8eeb3101e
8ef3f0fdc
8efcf0f99
8f05b0f56
8f0eb0f14
8f1770ed1
8f2070e8f
8f2930e4c
8f3230e0a
8f3b30dc8
8f43f0d85
8f4cf0d43
8f55f0d00
8f5eb0cbe
8f67b0c7c
8f70b0c39
8f79b0bf7
8f82b0bb5
8f8bb0b73
8f94b0b30
8f9db0aee
8fa6b0aac
8fafb0a6a
8fb8f0a28
8fc1f09e5
8fcaf09a3
8fd3f0961
8fdd3091f
8fe6308dd
8fef7089b
8ff870859
900170817
900ab07d5
9013f0793
901cf0751
90263070f
902f306ce
90387068c
9041b064a
904af0608
9054305c6
905d30585
906670543
906fb0501
9078f04bf
90823047e
908b7043c
9094b03fa
909e303b9
90a770377
90b0b0336
90b9f02f4
90c3302b2
90ccb0271
90d5f022f
90df701ee
90e8b01ad
90f1f016b
90fb7012a
9104f00e8
910e300a7
9117b0066
9120f0024
912a6ffe3
9133effa2
913d6ff60
9146aff1f
91502fede
9159afe9d
91632fe5c
916cafe1b
91762fdd9
917fafd98
91892fd57
9192afd16
919c2fcd5
91a5efc94
91af6fc53
91b8efc12
91c26fbd1
91cc2fb90
91d5afb4f
91df2fb0e
91e8eface
91f26fa8d
91fc2fa4c
9205afa0b
920f6f9ca
92192f98a
9222af949
922c6f908
92362f8c8
923fef887
92496f846
92532f806
925cef7c5
9266af784
92706f744
927a2f703
9283ef6c3
928daf682
92976f642
92a12f601
92ab2f5c1
92b4ef581
92beaf540
92c86f500
92d26f4c0
92dc2f47f
92e62f43f
92efef3ff
92f9af3bf
9303af37e
930daf33e
93176f2fe
93216f2be
932b2f27e
93352f23e
933f2f1fe
93492f1be
9352ef17e
935cef13e
9366ef0fe
9370ef0be
937aef07e
9384ef03e
938eeeffe
9398eefbe
93a2eef7e
93ad2ef3e
93b72eeff
93c12eebf
93cb2ee7f
93d52ee3f
93df6ee00
93e96edc0
93f3aed80
93fdaed41
9407aed01
9411eecc1
941c2ec82
94262ec42
94306ec03
943a6ebc3
9444aeb84
944eeeb44
94592eb05
94632eac6
946d6ea86
9477aea47
9481eea07
948c2e9c8
94966e989
94a0ae94a
94aaee90a
94b52e8cb
94bf6e88c
94c9ee84d
94d42e80e
94de6e7cf
94e8ae78f
94f32e750
94fd6e711
9507ae6d2
95122e693
951c6e654
9526ee615
95312e5d6
953bae598
9545ee559
95506e51a
955aee4db
95652e49c
956fae45d
957a2e41f
9584ae3e0
958f2e3a1
9599ae363
95a3ee324
95ae6e2e5
95b8ee2a7
95c36e268
95ce2e229
95d8ae1eb
95e32e1ac
95edae16e
95f82e12f
9602ae0f1
960d6e0b3
9617ee074
96226e036
962d2dff7
9637adfb9
96426df7b
964cedf3d
9657adefe
96622dec0
966cede82
9677ade44
96822de06
968ceddc7
9697add89
96a26dd4b
96acedd0d
96b7adccf
96c26dc91
96cd2dc53
96d7edc15
96e2adbd7
96ed6db99
96f82db5b
9702edb1e
970dadae0
9718adaa2
97236da64
972e2da26
9738ed9e9
9743ed9ab
974ead96d
9759ad930
97646d8f2
976f2d8b4
977a2d877
9784ed839
978fed7fc
979aed7be
97a5ad781
97b0ad743
97bbad706
97c66d6c8
97d16d68b
97dc6d64e
97e76d610
97f26d5d3
97fd6d596
98086d559
98136d51b
981e6d4de
98296d4a1
98346d464
983f6d427
984a6d3ea
98556d3ac
9860ad36f
986bad332
9876ad2f5
9881ed2b8
988ced27b
9897ed23f
98a32d202
98ae2d1c5
98b96d188
98c46d14b
98cfad10e
98daed0d2
98e5ed095
98f12d058
98fc6d01b
9907acfdf
9912acfa2
991decf65
99292cf29
99346ceec
993faceb0
994aece73
99562ce37
99616cdfa
996cacdbe
9977ecd81
99832cd45
998e6cd09
9999ecccc
99a52cc90
99b06cc54
99bbecc18
99c72cbdb
99d26cb9f
99ddecb63
99e92cb27
99f4acaeb
99ffecaaf
9a0b6ca73
9a16aca36
9a222c9fa
9a2dac9be
9a38ec982
9a446c947
9a4fec90b
9a5b6c8cf
9a66ec893
9a722c857
9a7dac81b
9a892c7df
9a94ac7a4
9aa02c768
9aabac72c
9ab72c6f1
9ac2ec6b5
9ace6c679
9ad9ec63e
9ae56c602
9af0ec5c7
9afcac58b
9b082c550
9b13ac514
9b1f6c4d9
9b2aec49d
9b36ac462
9b422c427
9b4dec3eb
9b596c3b0
9b652c375
9b70ac339
9b7c6c2fe
9b882c2c3
9b93ec288
9b9f6c24d
9bab2c212
9bb6ec1d7
9bc2ac19b
9bce6c160
9bda2c125
9be5ec0ea
9bf1ac0af
9bfd6c075
9c092c03a
9c14ebfff
9c20abfc4
9c2c6bf89
9c382bf4e
9c442bf14
9c4febed9
9c5babe9e
9c67abe63
9c736be29
9c7f2bdee
9c8b2bdb4
9c96ebd79
9ca2ebd3e
9caeabd04
9cbaabcc9
9cc6abc8f
9cd26bc55
9cde6bc1a
9cea6bbe0
9cf62bba5
9d022bb6b
9d0e2bb31
9d1a2baf7
9d262babc
9d322ba82
9d3e2ba48
9d4a2ba0e
9d562b9d4
9d622b999
9d6e2b95f
9d7a2b925
9d862b8eb
9d922b8b1
9d9e2b877
9daa6b83d
9db66b804
9dc26b7ca
9dceab790
9ddaab756
9de6ab71c
9df2eb6e2
9dfeeb6a9
9e0b2b66f
9e172b635
9e236b5fc
9e2fab5c2
9e3bab588
9e47eb54f
9e542b515
9e602b4dc
9e6c6b4a2
9e78ab469
9e84eb42f
9e912b3f6
9e9d6b3bd
9ea9ab383
9eb5eb34a
9ec22b311
9ece6b2d7
9edaab29e
9ee6eb265
9ef32b22c
9eff6b1f3
9f0bab1b9
9f182b180
9f246b147
9f30ab10e
9f3ceb0d5
9f496b09c
9f55ab063
9f622b02a
9f6e6aff1
9f7aeafb9
9f872af80
9f93aaf47
9f9feaf0e
9fac6aed5
9fb8eae9d
9fc52ae64
9fd1aae2b
9fde2adf3
9feaaadba
9ff72ad81
a0036ad49
a00fead10
a01c6acd8
a028eac9f
a0356ac67
a041eac2f
a04e6abf6
a05aeabbe
a0676ab85
a0742ab4d
a080aab15
a08d2aadd
a099aaaa4
a0a66aa6c
a0b2eaa34
a0bf6a9fc
a0cc2a9c4
a0d8aa98c
a0e52a954
a0f1ea91c
a0fe6a8e4
a10b2a8ac
a117ea874
a1246a83c
a1312a804
a13daa7cc
a14a6a795
a1572a75d
a163ea725
a1706a6ed
a17d2a6b6
a189ea67e
a196aa646
a1a36a60f
a1b02a5d7
a1bcea5a0
a1c9aa568
a1d66a531
a1e32a4f9
a1efea4c2
a1fcaa48a
a209aa453
a2166a41c
a2232a3e4
a22fea3ad
a23cea376
a249aa33f
a2566a307
a2636a2d0
a2702a299
a27d2a262
a289ea22b
a296ea1f4
a2a3aa1bd
a2b0aa186
a2bd6a14f
a2ca6a118
a2d76a0e1
a2e46a0aa
a2f12a074
a2fe2a03d
a30b2a006
a31829fcf
a32529f98
a33229f62
a33f29f2b
a34be9ef5
a358e9ebe
a36629e87
a37329e51
a38029e1a
a38d29de4
a39a29dad
a3a729d77
a3b429d41
a3c169d0a
a3ce69cd4
a3db69c9e
a3e8a9c67
a3f5a9c31
a402a9bfb
a40fe9bc5
a41ce9b8f
a42a29b59
a43729b22
a44469aec
a451a9ab6
a45ea9a80
a46be9a4a
a47929a15
a486299df
a493699a9
a4a0a9973
a4ade993d
a4bae9907
a4c8298d2
a4d56989c
a4e2a9866
a4efe9831
a4fd297fb
a50a697c5
a517a9790
a524e975a
a53229725
a53fa96ef
a54ce96ba
a55a29684
a5676964f
a574e961a
a582295e4
a58f695af
a59ce957a
a5aa29545
a5b76950f
a5c4e94da
a5d2294a5
a5dfa9470
a5ece943b
a5fa69406
a607e93d1
a6152939c
a622a9367
a63029332
a63d692fd
a64ae92c8
a65869293
a665e925f
a6736922a
a680e91f5
a68e291c0
a69ba918c
a6a929157
a6b6a9122
a6c4290ee
a6d1e90b9
a6df69085
a6ece9050
a6fa6901c
a707e8fe7
a71568fb3
a72328f7f
a730a8f4a
a73e28f16
a74be8ee2
a75968eae
a766e8e79
a774a8e45
a78228e11
a78fe8ddd
a79d68da9
a7ab28d75
a7b8a8d41
a7c668d0d
a7d428cd9
a7e1a8ca5
a7ef68c71
a7fd28c3d
a80aa8c09
a81868bd6
a82628ba2
a833e8b6e
a841a8b3a
a84f68b07
a85d28ad3
a86ae8a9f
a878a8a6c
a88668a38
a89428a05
a8a1e89d1
a8afa899e
a8bd6896a
a8cb28937
a8d8e8904
a8e6e88d0
a8f4a889d
a9026886a
a91068837
a91e28803
a92be87d0
a939e879d
a947a876a
a955a8737
a96368704
a971686d1
a97f2869e
a98d2866b
a99ae8638
a9a8e8605
a9b6e85d2
a9c4a85a0
a9d2a856d
a9e0a853a
a9eea8507
a9fca84d5
aa0a684a2
aa186846f
aa266843d
aa346840a
aa42683d8
aa50683a5
aa5e68373
aa6c68340
aa7a6830e
aa88682dc
aa96a82a9
aaa4a8277
aab2a8245
aac0a8213
aacea81e0
aadce81ae
aaeae817c
aaf8e814a
ab0728118
ab15280e6
ab23680b4
ab3168082
ab3fa8050
ab4da801e
ab5be7fec
ab69e7fba
ab7827f88
ab8627f57
ab9467f25
aba2a7ef3
abb0a7ec2
abbee7e90
abcd27e5e
abdb67e2d
abe9a7dfb
abf7a7dca
ac05e7d98
ac1427d67
ac2267d35
ac30a7d04
ac3ee7cd3
ac4d27ca1
ac5b67c70
ac69a7c3f
ac77e7c0d
ac8667bdc
ac94a7bab
aca2e7b7a
acb127b49
acbf67b18
accde7ae7
acdc27ab6
acea67a85
acf8e7a54
ad0727a23
ad15a79f2
ad23e79c1
ad3267991
ad40a7960
ad4f2792f
ad5d678fe
ad6be78ce
ad7a2789d
ad88a786d
ad972783c
ada56780b
adb3e77db
adc2677ab
add0e777a
addf6774a
adeda7719
adfc276e9
ae0aa76b9
ae1927688
ae27a7658
ae3627628
ae44a75f8
ae53275c8
ae61a7598
ae7027568
ae7ea7538
ae8d27508
ae9be74d8
aeaa674a8
aeb8e7478
aec767448
aed627418
aee4a73e8
aef3273b9
af01e7389
af1067359
af1f27329
af2da72fa
af3c272ca
af4ae729b
af596726b
af682723c
af76e720c
af85671dd
af94271ad
afa2e717e
afb16714f
afc02711f
afcee70f0
afdda70c1
afec27092
affae7063
b009a7034
b01867004
b02726fd5
b035e6fa6
b044a6f77
b05366f48
b06226f1a
b070e6eeb
b07fa6ebc
b08e66e8d
b09d26e5e
b0abe6e2f
b0baa6e01
b0c9a6dd2
b0d866da3
b0e726d75
b0f5e6d46
b104e6d18
b113a6ce9
b122a6cbb
b13166c8c
b14026c5e
b14f26c2f
b15de6c01
b16ce6bd3
b17ba6ba5
b18aa6b76
b19966b48
b1a866b1a
b1b766aec
b1c626abe
b1d526a90
b1e426a62
b1f326a34
b201e6a06
b210e69d8
b21fe69aa
b22ee697c
b23de694e
b24ce6920
b25be68f3
b26aa68c5
b279a6897
b288a686a
b297e683c
b2a6e680e
b2b5e67e1
b2c4e67b3
b2d3e6786
b2e2e6758
b2f1e672b
b300e66fe
b310266d0
b31f266a3
b32e26676
b33d66649
b34c6661b
b35b665ee
b36aa65c1
b379a6594
b388e6567
b397e653a
b3a72650d
b3b6264e0
b3c5664b3
b3d466486
b3e3a6459
b3f2e642c
b401e6400
b411263d3
b420663a6
b42f6637a
b43ea634d
b44de6320
b45d262f4
b46c662c7
b47b6629b
b48aa626e
b499e6242
b4a926215
b4b8661e9
b4c7a61bd
b4d6e6190
b4e626164
b4f566138
b504a610c
b513e60e0
b523660b3
b532a6087
b541e605b
b5512602f
b56066003
b56fe5fd7
b57f25fac
b58e65f80
b59de5f54
b5ad25f28
b5bc65efc
b5cbe5ed1
b5db25ea5
b5eaa5e79
b5f9e5e4e
b60965e22
b618a5df6
b62825dcb
b63765d9f
b646e5d74
b65665d49
b665a5d1d
b67525cf2
b684a5cc7
b69425c9b
b6a365c70
b6b2e5c45
b6c265c1a
b6d1e5bef
b6e165bc4
b6f0e5b98
b70065b6d
b70fa5b42
b71f25b18
b72ea5aed
b73e25ac2
b74de5a97
b75d65a6c
b76ce5a41
b77c65a17
b78be59ec
b79b659c1
b7aae5997
b7baa596c
b7ca25941
b7d9a5917
b7e9258ec
b7f8e58c2
b80865898
b817e586d
b827a5843
b83725819
b846e57ee
b856657c4
b8662579a
b875a5770
b88565746
b894e571c
b8a4a56f1
b8b4256c7
b8c3e569d
b8d3a5674
b8e32564a
b8f2e5620
b902a55f6
b912255cc
b921e55a2
b931a5579
b9416554f
b95125525
b960e54fc
b970654d2
b980254a9
b98fe547f
b99fa5456
b9af6542c
b9bf25403
b9cee53d9
b9dea53b0
b9eea5387
b9fe6535d
ba0e25334
ba1de530b
ba2da52e2
ba3d652b9
ba4d65290
ba5d25267
ba6ce523e
ba7ca5215
ba8ca51ec
ba9c651c3
baac2519a
babc25171
bacbe5148
badbe5120
baeba50f7
bafba50ce
bb0b650a6
bb1b6507d
bb2b25055
bb3b2502c
bb4ae5004
bb5ae4fdb
bb6ae4fb3
bb7aa4f8a
bb8aa4f62
bb9aa4f3a
bbaa64f11
bbba64ee9
bbca64ec1
bbda64e99
bbea64e71
bbfa64e49
bc0a24e20
bc1a24df8
bc2a24dd0
bc3a24da9
bc4a24d81
bc5a24d59
bc6a24d31
bc7a24d09
bc8a24ce1
bc9a24cba
bcaa64c92
bcba64c6a
bcca64c43
bcda64c1b
bcea64bf4
bcfa64bcc
bd0aa4ba5
bd1aa4b7d
bd2aa4b56
bd3ae4b2f
bd4ae4b07
bd5ae4ae0
bd6b24ab9
bd7b24a91
bd8b24a6a
bd9b64a43
bdab64a1c
bdbba49f5
bdcba49ce
bddbe49a7
bdebe4980
bdfc24959
be0c64932
be1c6490c
be2ca48e5
be3ce48be
be4ce4897
be5d24871
be6d6484a
be7da4823
be8da47fd
be9de47d6
beae247b0
bebe64789
becea4763
bedee473c
beef24716
beff246f0
bf0f646ca
bf1fa46a3
bf2fe467d
bf4024657
bf50a4631
bf60e460b
bf71245e5
bf81645bf
bf91a4599
bfa1e4573
bfb22454d
bfc264527
bfd2e4501
bfe3244db
bff3644b6
c003e4490
c0142446a
c02464445
c034e441f
c045243f9
c055643d4
c065e43ae
c07624389
c086a4364
c096e433e
c0a764319
c0b7a42f4
c0c8242ce
c0d8642a9
c0e8e4284
c0f92425f
c109a423a
c11a24215
c12a641f0
c13ae41cb
c14b641a6
c15be4181
c16c2415c
c17ca4137
c18d24112
c19da40ed
c1ae240c9
c1be640a4
c1cee407f
c1df6405b
c1efe4036
c20064012
c210e3fed
c22163fc9
c231e3fa4
c24263f80
c252e3f5c
c26363f37
c273e3f13
c284a3eef
c29523eca
c2a5a3ea6
c2b623e82
c2c6a3e5e
c2d723e3a
c2e7e3e16
c2f863df2
c308e3dce
c319a3daa
c32a23d86
c33aa3d63
c34b63d3f
c35be3d1b
c36c63cf7
c37d23cd4
c38da3cb0
c39e63c8d
c3aee3c69
c3bfa3c45
c3d023c22
c3e0e3bff
c3f163bdb
c40223bb8
c412e3b94
c42363b71
c43423b4e
c444e3b2b
c45563b08
c46623ae4
c476e3ac1
c48763a9e
c49823a7b
c4a8e3a58
c4b9a3a35
c4ca63a13
c4db239f0
c4eba39cd
c4fc639aa
c50d23987
c51de3965
c52ea3942
c53f6391f
c550238fd
c560e38da
c571a38b8
c58263895
c59323873
c5a3e3850
c5b4e382e
c5c5a380c
c5d6637e9
c5e7237c7
c5f7e37a5
c608a3783
c619a3761
c62a6373f
c63b2371d
c64be36fb
c65ce36d9
c66da36b7
c67e63695
c68f63673
c6a023651
c6b12362f
c6c1e360e
c6d2a35ec
c6e3a35ca
c6f4635a9
c70563587
c71623565
c72723544
c73823522
c748e3501
c759e34e0
c76aa34be
c77ba349d
c78ca347c
c79d6345a
c7ae63439
c7bf63418
c7d0633f7
c7e1233d6
c7f2233b5
c80323394
c81423373
c824e3352
c835e3331
c846e3310
c857e32ef
c868e32cf
c879e32ae
c88ae328d
c89be326d
c8ace324c
c8bde322b
c8cee320b
c8dfe31ea
c8f0e31ca
c901e31aa
c912e3189
c923e3169
c934e3149
c945e3128
c95723108
c968230e8
c979230c8
c98a230a8
c99b63088
c9ac63068
c9bd63048
c9ce63028
c9dfa3008
c9f0a2fe8
ca01a2fc8
ca12e2fa8
ca23e2f89
ca3522f69
ca4622f49
ca5722f2a
ca6862f0a
ca7962eea
ca8aa2ecb
ca9ba2eab
caace2e8c
cabde2e6d
cacf22e4d
cae062e2e
caf162e0f
cb02a2def
cb13a2dd0
cb24e2db1
cb3622d92
cb4762d73
cb5862d54
cb69a2d35
cb7ae2d16
cb8be2cf7
cb9d22cd8
cbae62cb9
cbbfa2c9a
cbd0e2c7c
cbe222c5d
cbf322c3e
cc0462c20
cc15a2c01
cc26e2be3
cc3822bc4
cc4962ba6
cc5aa2b87
cc6be2b69
cc7d22b4a
cc8e62b2c
cc9fa2b0e
ccb0e2aef
ccc222ad1
ccd362ab3
cce4e2a95
ccf622a77
cd0762a59
cd18a2a3b
cd29e2a1d
cd3b229ff
cd4ca29e1
cd5de29c3
cd6f229a5
cd8062988
cd91e296a
cda32294c
cdb46292f
cdc5e2911
cdd7228f3
cde8628d6
cdf9e28b8
ce0b2289b
ce1ca287e
ce2de2860
ce3f62843
ce50a2826
ce61e2808
ce73627eb
ce84e27ce
ce96227b1
cea7a2794
ceb8e2777
ceca6275a
cedba273d
ceed22720
cefea2703
cf0fe26e6
cf21626c9
cf32e26ac
cf4422690
cf55a2673
cf6722656
cf78a263a
cf89e261d
cf9b62601
cface25e4
cfbe625c8
cfcfe25ab
cfe16258f
cff2a2573
d00422556
d015a253a
d0272251e
d038a2502
d04a224e6
d05ba24ca
d06d224ae
d07ea2492
d09022476
d0a1a245a
d0b32243e
d0c4a2422
d0d622406
d0e7a23ea
d0f9623cf
d10ae23b3
d11c62397
d12de237c
d13f62360
d150e2345
d162a2329
d1742230e
d185a22f2
d197222d7
d1a8e22bc
d1ba622a0
d1cbe2285
d1dd6226a
d1ef2224f
d200a2234
d21262219
d223e21fe
d235621e3
d247221c8
d258a21ad
d26a62192
d27be2177
d28da215c
d29f22141
d2b0e2127
d2c26210c
d2d4220f1
d2e5a20d7
d2f7620bc
d308e20a2
d31aa2087
d32c6206d
d33de2053
d34fa2038
d3616201e
d372e2004
d384a1fe9
d39661fcf
d3a7e1fb5
d3b9a1f9b
d3cb61f81
d3dd21f67
d3eea1f4d
d40061f33
d41221f19
d423e1eff
d435a1ee5
d44721ecc
d458e1eb2
d46aa1e98
d47c61e7f
d48e21e65
d49fe1e4b
d4b1a1e32
d4c361e18
d4d521dff
d4e6e1de5
d4f8a1dcc
d50a61db3
d51c21d99
d52de1d80
d53fa1d67
d55161d4e
d56321d35
d574e1d1c
d586a1d03
d598a1cea
d5aa61cd1
d5bc21cb8
d5cde1c9f
d5dfa1c86
d5f161c6d
d60361c55
d61521c3c
d626e1c23
d638a1c0a
d64aa1bf2
d65c61bd9
d66e21bc1
d68021ba8
d691e1b90
d6a3a1b78
d6b5a1b5f
d6c761b47
d6d921b2f
d6eb21b16
d6fce1afe
d70ee1ae6
d720a1ace
d732a1ab6
d74461a9e
d75621a86
d76821a6e
d779e1a56
d78be1a3e
d79de1a27
d7afa1a0f
d7c1a19f7
d7d3619df
d7e5619c8
d7f7219b0
d80921999
d81b21981
d82ce196a
d83ee1952
d850e193b
d862a1923
d874a190c
d886a18f5
d898a18de
d8aa618c6
d8bc618af
d8ce61898
d8e061881
d8f22186a
d90421853
d9162183c
d92821825
d93a2180e
d94c217f7
d95de17e1
d96fe17ca
d981e17b3
d993e179d
d9a5e1786
d9b7e176f
d9c9e1759
d9dbe1742
d9ede172c
d9ffe1716
da11e16ff
da23e16e9
da35e16d3
da47e16bc
da59e16a6
da6be1690
da7de167a
da8fe1664
daa1e164e
dab421638
dac621622
dad82160c
daea215f6
dafc215e0
db0e215ca
db20615b5
db326159f
db4461589
db5661574
db686155e
db7aa1549
db8ca1533
db9ea151e
dbb0e1508
dbc2e14f3
dbd4e14de
dbe6e14c8
dbf9214b3
dc0b2149e
dc1d61489
dc2f61474
dc416145e
dc53a1449
dc65a1434
dc77e1420
dc89e140b
dc9be13f6
dcae213e1
dcc0213cc
dcd2613b7
dce4613a3
dcf6a138e
dd08a1379
dd1ae1365
dd2d21350
dd3f2133c
dd5161327
dd6361313
dd75a12ff
dd87a12ea
dd99e12d6
ddac212c2
ddbe212ae
ddd061299
dde2a1285
ddf4a1271
de06e125d
de1921249
de2b21235
de3d61221
de4fa120d
de61e11fa
de73e11e6
de86211d2
de98611be
deaaa11ab
debce1197
decee1184
dee121170
def36115d
df05a1149
df17e1136
df2a21122
df3c2110f
df4e610fc
df60a10e8
df72e10d5
df85210c2
df97610af
dfa9a109c
dfbbe1089
dfce21076
dfe061063
dff2a1050
e004e103d
e0172102a
e02961018
e03ba1005
e04de0ff2
e06020fe0
e07260fcd
e084a0fba
e096e0fa8
e0a920f95
e0bb60f83
e0cde0f71
e0e020f5e
e0f260f4c
e104a0f3a
e116e0f27
e12920f15
e13ba0f03
e14de0ef1
e16020edf
e17260ecd
e184a0ebb
e19720ea9
e1a960e97
e1bba0e85
e1cde0e73
e1e060e62
e1f2a0e50
e204e0e3e
e21760e2d
e229a0e1b
e23be0e09
e24e60df8
e260a0de6
e272e0dd5
e28560dc4
e297a0db2
e2a9e0da1
e2bc60d90
e2cea0d7f
e2e120d6d
e2f360d5c
e305a0d4b
e31820d3a
e32a60d29
e33ce0d18
e34f20d07
e361a0cf6
e373e0ce5
e38660cd5
e398a0cc4
e3ab20cb3
e3bd60ca3
e3cfe0c92
e3e220c81
e3f4a0c71
e40720c60
e41960c50
e42be0c3f
e43e20c2f
e450a0c1f
e46320c0e
e47560bfe
e487e0bee
e49a20bde
e4aca0bce
e4bf20bbe
e4d160bae
e4e3e0b9e
e4f660b8e
e508e0b7e
e51b20b6e
e52da0b5e
e54020b4e
e55260b3f
e564e0b2f
e57760b1f
e589e0b10
e59c20b00
e5aea0af0
e5c120ae1
e5d3a0ad2
e5e620ac2
e5f860ab3
e60ae0aa4
e61d60a94
e62fe0a85
e64260a76
e654e0a67
e66760a58
e679a0a49
e68c20a3a
e69ea0a2b
e6b120a1c
e6c3a0a0d
e6d6209fe
e6e8a09ef
e6fb209e0
e70da09d2
e720209c3
e732a09b4
e745209a6
e757a0997
e76a20989
e77ca097a
e78f2096c
e7a1a095d
e7b42094f
e7c6a0941
e7d920933
e7eba0924
e7fe20916
e810a0908
e823208fa
e835a08ec
e848208de
e85aa08d0
e86d208c2
e87fa08b4
e892608a6
e8a4e0899
e8b76088b
e8c9e087d
e8dc60870
e8eee0862
e90160854
e91420847
e926a0839
e9392082c
e94ba081f
e95e20811
e970e0804
e983607f7
e995e07e9
e9a8607dc
e9bb207cf
e9cda07c2
e9e0207b5
e9f2a07a8
ea056079b
ea17e078e
ea2a60781
ea3d20774
ea4fa0767
ea622075b
ea74a074e
ea8760741
ea99e0735
eaac60728
eabf2071c
ead1a070f
eae460703
eaf6e06f6
eb09606ea
eb1c206de
eb2ea06d1
eb41206c5
eb53e06b9
eb66606ad
eb79206a1
eb8ba0694
eb9e60688
ebb0e067c
ebc360670
ebd620665
ebe8a0659
ebfb6064d
ec0de0641
ec20a0635
ec332062a
ec45e061e
ec5860613
ec6b20607
ec7da05fb
ec90605f0
eca2e05e5
ecb5a05d9
ecc8205ce
ecdae05c3
eced605b7
ed00205ac
ed12e05a1
ed2560596
ed382058b
ed4aa0580
ed5d60575
ed702056a
ed82a055f
ed9560554
eda7e0549
edbaa053e
edcd60534
eddfe0529
edf2a051e
ee0560514
ee17e0509
ee2aa04fe
ee3d604f4
ee4fe04ea
ee62a04df
ee75604d5
ee87e04ca
ee9aa04c0
eead604b6
eebfe04ac
eed2a04a2
eee560498
eef7e048e
ef0aa0483
ef1d6047a
ef3020470
ef42a0466
ef556045c
ef6820452
ef7ae0448
ef8d6043f
efa020435
efb2e042b
efc5a0422
efd860418
efeae040f
effda0405
f010603fc
f023203f2
f035e03e9
f048a03e0
f05b203d7
f06de03cd
f080a03c4
f093603bb
f0a6203b2
f0b8e03a9
f0cb603a0
f0de20397
f0f0e038e
f103a0385
f1166037d
f12920374
f13be036b
f14ea0362
f1616035a
f173e0351
f186a0349
f19960340
f1ac20338
f1bee032f
f1d1a0327
f1e46031f
f1f720316
f209e030e
f21ca0306
f22f602fe
f242202f6
f254e02ee
f267a02e6
f27a602de
f28d202d6
f29fe02ce
f2b2a02c6
f2c5602be
f2d8202b6
f2eae02af
f2fda02a7
f3106029f
f32320298
f335e0290
f348a0289
f35b60281
f36e2027a
f380e0272
f393a026b
f3a660264
f3b92025c
f3cbe0255
f3dea024e
f3f160247
f40420240
f416e0239
f429a0232
f43c6022b
f44f20224
f461e021d
f474e0216
f487a020f
f49a60209
f4ad20202
f4bfe01fb
f4d2a01f5
f4e5601ee
f4f8201e8
f50ae01e1
f51de01db
f530a01d4
f543601ce
f556201c8
f568e01c1
f57ba01bb
f58e601b5
f5a1601af
f5b4201a9
f5c6e01a3
f5d9a019d
f5ec60197
f5ff20191
f611e018b
f624e0185
f637a017f
f64a6017a
f65d20174
f66fe016e
f682e0169
f695a0163
f6a86015e
f6bb20158
f6cde0153
f6e0e014d
f6f3a0148
f70660143
f7192013d
f72be0138
f73ee0133
f751a012e
f76460129
f77720124
f78a2011f
f79ce011a
f7afa0115
f7c260110
f7d52010b
f7e820106
f7fae0102
f80da00fd
f820600f8
f833600f4
f846200ef
f858e00ea
f86be00e6
f87ea00e2
f891600dd
f8a4200d9
f8b7200d4
f8c9e00d0
f8dca00cc
f8ef600c8
f902600c4
f915200c0
f927e00bc
f93ae00b8
f94da00b4
f960600b0
f973200ac
f986200a8
f998e00a4
f9aba00a0
f9bea009d
f9d160099
f9e420095
f9f720092
fa09e008e
fa1ca008b
fa2fa0087
fa4260084
fa5520081
fa682007d
fa7ae007a
fa8da0077
faa0a0074
fab360070
fac62006d
fad92006a
faebe0067
fafea0064
fb11a0061
fb246005e
fb372005c
fb4a20059
fb5ce0056
fb6fa0053
fb82a0051
fb956004e
fba82004b
fbbb20049
fbcde0046
fbe0a0044
fbf3a0042
fc066003f
fc196003d
fc2c2003b
fc3ee0038
fc51e0036
fc64a0034
fc7760032
fc8a60030
fc9d2002e
fcafe002c
fcc2e002a
fcd5a0028
fce8a0026
fcfb60024
fd0e20023
fd2120021
fd33e001f
fd46a001e
fd59a001c
fd6c6001b
fd7f60019
fd9220018
fda4e0016
fdb7e0015
fdcaa0014
fddda0012
fdf060011
fe0320010
fe162000f
fe28e000e
fe3be000c
fe4ea000b
fe616000a
fe746000a
fe8720009
fe99e0008
feace0007
febfa0006
fed2a0006
fee560005
fef820004
ff0b20004
ff1de0003
ff30e0003
ff43a0002
ff5660002
ff6960001
ff7c20001
ff8f20001
ffa1e0001
ffb4a0001
ffc7a0001
ffda60001
ffed60001
7fffc0000
7fffc000d
7fffc0019
7fffc0026
7fffc0032
7fffc003f
7fffc004b
7fffc0058
7fffc0065
7fffc0071
7fffc007e
7fffc008a
7fffc0097
7fffc00a3
7fffc00b0
7fffc00bc
7fffc00c9
7fffc00d6
7fffc00e2
7fffc00ef
7fffc00fb
7fffc0108
7fffc0114
7fffc0121
7fffc012e
7fffc013a
7fffc0147
7fffc0153
7fffc0160
7fffc016c
7fffc0179
7fffc0186
7fffc0192
7fffc019f
7fffc01ab
7fffc01b8
7fffc01c4
7fffc01d1
7fffc01de
7fffc01ea
7fffc01f7
7fffc0203
7fffc0210
7fffc021c
7fffc0229
7fffc0235
7fffc0242
7fffc024f
7fffc025b
7fffc0268
7fff80274
7fff80281
7fff8028d
7fff8029a
7fff802a7
7fff802b3
7fff802c0
7fff802cc
7fff802d9
7fff802e5
7fff802f2
7fff802ff
7fff8030b
7fff80318
7fff80324
7fff40331
7fff4033d
7fff4034a
7fff40357
7fff40363
7fff40370
7fff4037c
7fff40389
7fff40395
7fff403a2
7fff403ae
7fff403bb
7fff003c8
7fff003d4
7fff003e1
7fff003ed
7fff003fa
7fff00406
7fff00413
7fff00420
7fff0042c
7fff00439
7ffec0445
7ffec0452
7ffec045e
7ffec046b
7ffec0478
7ffec0484
7ffec0491
7ffec049d
7ffec04aa
7ffe804b6
7ffe804c3
7ffe804cf
7ffe804dc
7ffe804e9
7ffe804f5
7ffe80502
7ffe8050e
7ffe4051b
7ffe40527
7ffe40534
7ffe40541
7ffe4054d
7ffe4055a
7ffe40566
7ffe40573
7ffe0057f
7ffe0058c
7ffe00599
7ffe005a5
7ffe005b2
7ffe005be
7ffe005cb
7ffdc05d7
7ffdc05e4
7ffdc05f0
7ffdc05fd
7ffdc060a
7ffdc0616
7ffdc0623
7ffd8062f
7ffd8063c
7ffd80648
7ffd80655
7ffd80662
7ffd8066e
7ffd8067b
7ffd40687
7ffd40694
7ffd406a0
7ffd406ad
7ffd406ba
7ffd406c6
7ffd006d3
7ffd006df
7ffd006ec
7ffd006f8
7ffd00705
7ffd00711
7ffcc071e
7ffcc072b
7ffcc0737
7ffcc0744
7ffcc0750
7ffc8075d
7ffc80769
7ffc80776
7ffc80783
7ffc8078f
7ffc8079c
7ffc407a8
7ffc407b5
7ffc407c1
7ffc407ce
7ffc407db
7ffc007e7
7ffc007f4
7ffc00800
7ffc0080d
7ffc00819
7ffbc0826
7ffbc0832
7ffbc083f
7ffbc084c
7ffbc0858
7ffb80865
7ffb80871
7ffb8087e
7ffb8088a
7ffb80897
7ffb408a4
7ffb408b0
7ffb408bd
7ffb408c9
7ffb008d6
7ffb008e2
7ffb008ef
7ffb008fc
7ffb00908
7ffac0915
7ffac0921
7ffac092e
7ffac093a
7ffa80947
7ffa80953
7ffa80960
7ffa8096d
7ffa80979
7ffa40986
7ffa40992
7ffa4099f
7ffa409ab
7ffa009b8
7ffa009c5
7ffa009d1
7ffa009de
7ff9c09ea
7ff9c09f7
7ff9c0a03
7ff9c0a10
7ff980a1d
7ff980a29
7ff980a36
7ff980a42
7ff940a4f
7ff940a5b
7ff940a68
7ff940a74
7ff900a81
7ff900a8e
7ff900a9a
7ff900aa7
7ff8c0ab3
7ff8c0ac0
7ff8c0acc
7ff8c0ad9
7ff880ae6
7ff880af2
7ff880aff
7ff880b0b
7ff840b18
7ff840b24
7ff840b31
7ff800b3d
7ff800b4a
7ff800b57
7ff800b63
7ff7c0b70
7ff7c0b7c
7ff7c0b89
7ff780b95
7ff780ba2
7ff780baf
7ff780bbb
7ff740bc8
7ff740bd4
7ff740be1
7ff700bed
7ff700bfa
7ff700c06
7ff700c13
7ff6c0c20
7ff6c0c2c
7ff6c0c39
7ff680c45
7ff680c52
7ff680c5e
7ff640c6b
7ff640c78
7ff640c84
7ff640c91
7ff600c9d
7ff600caa
7ff600cb6
7ff5c0cc3
7ff5c0ccf
7ff5c0cdc
7ff580ce9
7ff580cf5
7ff580d02
7ff540d0e
7ff540d1b
7ff540d27
7ff500d34
7ff500d41
7ff500d4d
7ff4c0d5a
7ff4c0d66
7ff4c0d73
7ff480d7f
7ff480d8c
7ff480d98
7ff440da5
7ff440db2
7ff440dbe
7ff400dcb
7ff400dd7
7ff400de4
7ff3c0df0
7ff3c0dfd
7ff3c0e0a
7ff380e16
7ff380e23
7ff380e2f
7ff340e3c
7ff340e48
7ff340e55
7ff300e61
7ff300e6e
7ff300e7b
7ff2c0e87
7ff2c0e94
7ff2c0ea0
7ff280ead
7ff280eb9
7ff240ec6
7ff240ed3
7ff240edf
7ff200eec
7ff200ef8
7ff200f05
7ff1c0f11
7ff1c0f1e
7ff180f2a
7ff180f37
7ff180f44
7ff140f50
7ff140f5d
7ff140f69
7ff100f76
7ff100f82
7ff0c0f8f
7ff0c0f9b
7ff0c0fa8
7ff080fb5
7ff080fc1
7ff080fce
7ff040fda
7ff040fe7
7ff000ff3
7ff001000
7ff00100d
7fefc1019
7fefc1026
7fef81032
7fef8103f
7fef8104b
7fef41058
7fef41064
7fef01071
7fef0107e
7fef0108a
7feec1097
7feec10a3
7fee810b0
7fee810bc
7fee810c9
7fee410d5
7fee410e2
7fee010ef
7fee010fb
7fedc1108
7fedc1114
7fedc1121
7fed8112d
7fed8113a
7fed41147
7fed41153
7fed41160
7fed0116c
7fed01179
7fecc1185
7fecc1192
7fec8119e
7fec811ab
7fec811b8
7fec411c4
7fec411d1
7fec011dd
7fec011ea
7febc11f6
7febc1203
7feb8120f
7feb8121c
7feb81229
7feb41235
7feb41242
7feb0124e
7feb0125b
7feac1267
7feac1274
7fea81280
7fea8128d
7fea4129a
7fea412a6
7fea412b3
7fea012bf
7fea012cc
7fe9c12d8
7fe9c12e5
7fe9812f2
7fe9812fe
7fe94130b
7fe941317
7fe901324
7fe901330
7fe8c133d
7fe8c1349
7fe881356
7fe881363
7fe88136f
7fe84137c
7fe841388
7fe801395
7fe8013a1
7fe7c13ae
7fe7c13ba
7fe7813c7
7fe7813d4
7fe7413e0
7fe7413ed
7fe7013f9
7fe701406
7fe6c1412
7fe6c141f
7fe68142b
7fe681438
7fe641445
7fe641451
7fe60145e
7fe60146a
7fe5c1477
7fe5c1483
7fe581490
7fe58149c
7fe5414a9
7fe5414b6
7fe5014c2
7fe5014cf
7fe4c14db
7fe4c14e8
7fe4814f4
7fe481501
7fe44150d
7fe44151a
7fe401527
7fe401533
7fe3c1540
7fe3c154c
7fe381559
7fe381565
7fe341572
7fe30157e
7fe30158b
7fe2c1598
7fe2c15a4
7fe2815b1
7fe2815bd
7fe2415ca
7fe2415d6
7fe2015e3
7fe2015ef
7fe1c15fc
7fe1c1609
7fe181615
7fe141622
7fe14162e
7fe10163b
7fe101647
7fe0c1654
7fe0c1660
7fe08166d
7fe08167a
7fe041686
7fe041693
7fe00169f
7fdfc16ac
7fdfc16b8
7fdf816c5
7fdf816d1
7fdf416de
7fdf416eb
7fdf016f7
7fdf01704
7fdec1710
7fde8171d
7fde81729
7fde41736
7fde41742
7fde0174f
7fde0175c
7fddc1768
7fdd81775
7fdd81781
7fdd4178e
7fdd4179a
7fdd017a7
7fdcc17b3
7fdcc17c0
7fdc817cc
7fdc817d9
7fdc417e6
7fdc417f2
7fdc017ff
7fdbc180b
7fdbc1818
7fdb81824
7fdb81831
7fdb4183d
7fdb0184a
7fdb01857
7fdac1863
7fdac1870
7fda8187c
7fda41889
7fda41895
7fda018a2
7fda018ae
7fd9c18bb
7fd9818c8
7fd9818d4
7fd9418e1
7fd9418ed
7fd9018fa
7fd8c1906
7fd8c1913
7fd88191f
7fd88192c
7fd841939
7fd801945
7fd801952
7fd7c195e
7fd78196b
7fd781977
7fd741984
7fd741990
7fd70199d
7fd6c19a9
7fd6c19b6
7fd6819c3
7fd6419cf
7fd6419dc
7fd6019e8
7fd5c19f5
7fd5c1a01
7fd581a0e
7fd581a1a
7fd541a27
7fd501a34
7fd501a40
7fd4c1a4d
7fd481a59
7fd481a66
7fd441a72
7fd401a7f
7fd401a8b
7fd3c1a98
7fd381aa4
7fd381ab1
7fd341abe
7fd301aca
7fd301ad7
7fd2c1ae3
7fd281af0
7fd281afc
7fd241b09
7fd201b15
7fd201b22
7fd1c1b2e
7fd181b3b
7fd181b48
7fd141b54
7fd101b61
7fd101b6d
7fd0c1b7a
7fd081b86
7fd081b93
7fd041b9f
7fd001bac
7fd001bb9
7fcfc1bc5
7fcf81bd2
7fcf81bde
7fcf41beb
7fcf01bf7
7fcf01c04
7fcec1c10
7fce81c1d
7fce81c29
7fce41c36
7fce01c43
7fcdc1c4f
7fcdc1c5c
7fcd81c68
7fcd41c75
7fcd41c81
7fcd01c8e
7fccc1c9a
7fccc1ca7
7fcc81cb3
7fcc41cc0
7fcc01ccd
7fcc01cd9
7fcbc1ce6
7fcb81cf2
7fcb81cff
7fcb41d0b
7fcb01d18
7fcb01d24
7fcac1d31
7fca81d3d
7fca41d4a
7fca41d57
7fca01d63
7fc9c1d70
7fc981d7c
7fc981d89
7fc941d95
7fc901da2
7fc901dae
7fc8c1dbb
7fc881dc7
7fc841dd4
7fc841de1
7fc801ded
7fc7c1dfa
7fc781e06
7fc781e13
7fc741e1f
7fc701e2c
7fc6c1e38
7fc6c1e45
7fc681e51
7fc641e5e
7fc641e6b
7fc601e77
7fc5c1e84
7fc581e90
7fc581e9d
7fc541ea9
7fc501eb6
7fc4c1ec2
7fc481ecf
7fc481edb
7fc441ee8
7fc401ef5
7fc3c1f01
7fc3c1f0e
7fc381f1a
7fc341f27
7fc301f33
7fc301f40
7fc2c1f4c
7fc281f59
7fc241f65
7fc241f72
7fc201f7f
7fc1c1f8b
7fc181f98
7fc141fa4
7fc141fb1
7fc101fbd
7fc0c1fca
7fc081fd6
7fc081fe3
7fc041fef
7fc001ffc
7fbfc2008
7fbf82015
7fbf82022
7fbf4202e
7fbf0203b
7fbec2047
7fbe82054
7fbe82060
7fbe4206d
7fbe02079
7fbdc2086
7fbd82092
7fbd8209f
7fbd420ac
7fbd020b8
7fbcc20c5
7fbc820d1
7fbc820de
7fbc420ea
7fbc020f7
7fbbc2103
7fbb82110
7fbb8211c
7fbb42129
7fbb02135
7fbac2142
7fba8214f
7fba8215b
7fba42168
7fba02174
7fb9c2181
7fb98218d
7fb94219a
7fb9421a6
7fb9021b3
7fb8c21bf
7fb8821cc
7fb8421d8
7fb8021e5
7fb8021f2
7fb7c21fe
7fb78220b
7fb742217
7fb702224
7fb6c2230
7fb6c223d
7fb682249
7fb642256
7fb602262
7fb5c226f
7fb58227b
7fb582288
7fb542295
7fb5022a1
7fb4c22ae
7fb4822ba
7fb4422c7
7fb4022d3
7fb4022e0
7fb3c22ec
7fb3822f9
7fb342305
7fb302312
7fb2c231e
7fb28232b
7fb282338
7fb242344
7fb202351
7fb1c235d
7fb18236a
7fb142376
7fb102383
7fb0c238f
7fb0c239c
7fb0823a8
7fb0423b5
7fb0023c1
7fafc23ce
7faf823da
7faf423e7
7faf023f4
7faf02400
7faec240d
7fae82419
7fae42426
7fae02432
7fadc243f
7fad8244b
7fad42458
7fad02464
7fad02471
7facc247d
7fac8248a
7fac42497
7fac024a3
7fabc24b0
7fab824bc
7fab424c9
7fab024d5
7faac24e2
7faac24ee
7faa824fb
7faa42507
7faa02514
7fa9c2520
7fa98252d
7fa942539
7fa902546
7fa8c2553
7fa88255f
7fa84256c
7fa842578
7fa802585
7fa7c2591
7fa78259e
7fa7425aa
7fa7025b7
7fa6c25c3
7fa6825d0
7fa6425dc
7fa6025e9
7fa5c25f5
7fa582602
7fa54260f
7fa50261b
7fa502628
7fa4c2634
7fa482641
7fa44264d
7fa40265a
7fa3c2666
7fa382673
7fa34267f
7fa30268c
7fa2c2698
7fa2826a5
7fa2426b1
7fa2026be
7fa1c26ca
7fa1826d7
7fa1426e4
7fa1026f0
7fa0c26fd
7fa082709
7fa082716
7fa042722
7fa00272f
7f9fc273b
7f9f82748
7f9f42754
7f9f02761
7f9ec276d
7f9e8277a
7f9e42786
7f9e02793
7f9dc279f
7f9d827ac
7f9d427b9
7f9d027c5
7f9cc27d2
7f9c827de
7f9c427eb
7f9c027f7
7f9bc2804
7f9b82810
7f9b4281d
7f9b02829
7f9ac2836
7f9a82842
7f9a4284f
7f9a0285b
7f99c2868
7f9982874
7f9942881
7f990288e
7f98c289a
7f98828a7
7f98428b3
7f98028c0
7f97c28cc
7f97828d9
7f97428e5
7f97028f2
7f96c28fe
7f968290b
7f9642917
7f9602924
7f95c2930
7f958293d
7f9542949
7f9502956
7f94c2962
7f948296f
7f944297b
7f9402988
7f93c2995
7f93829a1
7f93429ae
7f93029ba
7f92c29c7
7f92829d3
7f92429e0
7f92029ec
7f91c29f9
7f9182a05
7f9142a12
7f9102a1e
7f90c2a2b
7f9082a37
7f9042a44
7f9002a50
7f8fc2a5d
7f8f82a69
7f8f02a76
7f8ec2a83
7f8e82a8f
7f8e42a9c
7f8e02aa8
7f8dc2ab5
7f8d82ac1
7f8d42ace
7f8d02ada
7f8cc2ae7
7f8c82af3
7f8c42b00
7f8c02b0c
7f8bc2b19
7f8b82b25
7f8b42b32
7f8b02b3e
7f8ac2b4b
7f8a82b57
7f8a02b64
7f89c2b70
7f8982b7d
7f8942b89
7f8902b96
7f88c2ba3
7f8882baf
7f8842bbc
7f8802bc8
7f87c2bd5
7f8782be1
7f8742bee
7f8702bfa
7f86c2c07
7f8642c13
7f8602c20
7f85c2c2c
7f8582c39
7f8542c45
7f8502c52
7f84c2c5e
7f8482c6b
7f8442c77
7f8402c84
7f83c2c90
7f8342c9d
7f8302ca9
7f82c2cb6
7f8282cc2
7f8242ccf
7f8202cdb
7f81c2ce8
7f8182cf5
7f8142d01
7f8102d0e
7f8082d1a
7f8042d27
7f8002d33
7f7fc2d40
7f7f82d4c
7f7f42d59
7f7f02d65
7f7ec2d72
7f7e82d7e
7f7e02d8b
7f7dc2d97
7f7d82da4
7f7d42db0
7f7d02dbd
7f7cc2dc9
7f7c82dd6
7f7c42de2
7f7bc2def
7f7b82dfb
7f7b42e08
7f7b02e14
7f7ac2e21
7f7a82e2d
7f7a42e3a
7f7a02e46
7f7982e53
7f7942e5f
7f7902e6c
7f78c2e79
7f7882e85
7f7842e92
7f7802e9e
7f7782eab
7f7742eb7
7f7702ec4
7f76c2ed0
7f7682edd
7f7642ee9
7f7602ef6
7f7582f02
7f7542f0f
7f7502f1b
7f74c2f28
7f7482f34
7f7442f41
7f73c2f4d
7f7382f5a
7f7342f66
7f7302f73
7f72c2f7f
7f7282f8c
7f7202f98
7f71c2fa5
7f7182fb1
7f7142fbe
7f7102fca
7f70c2fd7
7f7042fe3
7f7002ff0
7f6fc2ffc
7f6f83009
7f6f43015
7f6f03022
7f6e8302e
7f6e4303b
7f6e03047
7f6dc3054
7f6d83061
7f6d0306d
7f6cc307a
7f6c83086
7f6c43093
7f6c0309f
7f6b830ac
7f6b430b8
7f6b030c5
7f6ac30d1
7f6a830de
7f6a030ea
7f69c30f7
7f6983103
7f6943110
7f690311c
7f6883129
7f6843135
7f6803142
7f67c314e
7f678315b
7f6703167
7f66c3174
7f6683180
7f664318d
7f6603199
7f65831a6
7f65431b2
7f65031bf
7f64c31cb
7f64431d8
7f64031e4
7f63c31f1
7f63831fd
7f634320a
7f62c3216
7f6283223
7f624322f
7f620323c
7f6183248
7f6143255
7f6103261
7f60c326e
7f604327a
7f6003287
7f5fc3293
7f5f832a0
7f5f032ac
7f5ec32b9
7f5e832c5
7f5e432d2
7f5dc32de
7f5d832eb
7f5d432f7
7f5d03304
7f5c83310
7f5c4331d
7f5c03329
7f5bc3336
7f5b43342
7f5b0334f
7f5ac335b
7f5a83368
7f5a03374
7f59c3381
7f598338d
7f594339a
7f58c33a6
7f58833b3
7f58433bf
7f58033cc
7f57833d8
7f57433e5
7f57033f1
7f56833fe
7f564340a
7f5603417
7f55c3423
7f5543430
7f550343c
7f54c3449
7f5443455
7f5403462
7f53c346e
7f538347b
7f5303487
7f52c3494
7f52834a0
7f52034ad
7f51c34b9
7f51834c6
7f51434d2
7f50c34df
7f50834eb
7f50434f8
7f4fc3504
7f4f83511
7f4f4351d
7f4ec352a
7f4e83536
7f4e43543
7f4e0354f
7f4d8355c
7f4d43568
7f4d03575
7f4c83581
7f4c4358e
7f4c0359a
7f4b835a7
7f4b435b3
7f4b035c0
7f4a835cc
7f4a435d9
7f4a035e5
7f49835f2
7f49435fe
7f490360b
7f4883617
7f4843624
7f4803630
7f478363d
7f4743649
7f4703656
7f4683662
7f464366f
7f460367b
7f4583688
7f4543694
7f45036a1
7f44836ad
7f44436ba
7f44036c6
7f43836d3
7f43436df
7f43036ec
7f42836f8
7f4243705
7f4203711
7f418371e
7f414372a
7f4103737
7f4083743
7f4043750
7f400375c
7f3f83769
7f3f43775
7f3ec3782
7f3e8378e
7f3e4379b
7f3dc37a7
7f3d837b4
7f3d437c0
7f3cc37cd
7f3c837d9
7f3c437e6
7f3bc37f2
7f3b837ff
7f3b0380b
7f3ac3818
7f3a83824
7f3a03831
7f39c383d
7f398384a
7f3903856
7f38c3863
7f384386f
7f380387c
7f37c3888
7f3743895
7f37038a1
7f36838ad
7f36438ba
7f36038c6
7f35838d3
7f35438df
7f34c38ec
7f34838f8
7f3443905
7f33c3911
7f338391e
7f330392a
7f32c3937
7f3283943
7f3203950
7f31c395c
7f3143969
7f3103975
7f30c3982
7f304398e
7f300399b
7f2f839a7
7f2f439b4
7f2f039c0
7f2e839cd
7f2e439d9
7f2dc39e6
7f2d839f2
7f2d039ff
7f2cc3a0b
7f2c83a18
7f2c03a24
7f2bc3a31
7f2b43a3d
7f2b03a4a
7f2a83a56
7f2a43a63
7f2a03a6f
7f2983a7b
7f2943a88
7f28c3a94
7f2883aa1
7f2803aad
7f27c3aba
7f2783ac6
7f2703ad3
7f26c3adf
7f2643aec
7f2603af8
7f2583b05
7f2543b11
7f24c3b1e
7f2483b2a
7f2403b37
7f23c3b43
7f2383b50
7f2303b5c
7f22c3b69
7f2243b75
7f2203b82
7f2183b8e
7f2143b9b
7f20c3ba7
7f2083bb4
7f2003bc0
7f1fc3bcd
7f1f43bd9
7f1f03be5
7f1ec3bf2
7f1e43bfe
7f1e03c0b
7f1d83c17
7f1d43c24
7f1cc3c30
7f1c83c3d
7f1c03c49
7f1bc3c56
7f1b43c62
7f1b03c6f
7f1a83c7b
7f1a43c88
7f19c3c94
7f1983ca1
7f1903cad
7f18c3cba
7f1843cc6
7f1803cd3
7f1783cdf
7f1743cec
7f16c3cf8
7f1683d04
7f1603d11
7f15c3d1d
7f1543d2a
7f1503d36
7f1483d43
7f1443d4f
7f13c3d5c
7f1383d68
7f1303d75
7f12c3d81
7f1243d8e
7f1203d9a
7f1183da7
7f1143db3
7f10c3dc0
7f1083dcc
7f1003dd9
7f0fc3de5
7f0f43df2
7f0f03dfe
7f0e83e0a
7f0e43e17
7f0dc3e23
7f0d83e30
7f0d03e3c
7f0cc3e49
7f0c43e55
7f0bc3e62
7f0b83e6e
7f0b03e7b
7f0ac3e87
7f0a43e94
7f0a03ea0
7f0983ead
7f0943eb9
7f08c3ec6
7f0883ed2
7f0803ede
7f07c3eeb
7f0743ef7
7f06c3f04
7f0683f10
7f0603f1d
7f05c3f29
7f0543f36
7f0503f42
7f0483f4f
7f0443f5b
7f03c3f68
7f0383f74
7f0303f81
7f0283f8d
7f0243f9a
7f01c3fa6
7f0183fb2
7f0103fbf
7f00c3fcb
7f0043fd8
7effc3fe4
7eff83ff1
7eff03ffd
7efec400a
7efe44016
7efe04023
7efd8402f
7efd0403c
7efcc4048
7efc44055
7efc04061
7efb8406e
7efb4407a
7efac4086
7efa44093
7efa0409f
7ef9840ac
7ef9440b8
7ef8c40c5
7ef8440d1
7ef8040de
7ef7840ea
7ef7440f7
7ef6c4103
7ef644110
7ef60411c
7ef584128
7ef544135
7ef4c4141
7ef44414e
7ef40415a
7ef384167
7ef344173
7ef2c4180
7ef24418c
7ef204199
7ef1841a5
7ef1441b2
7ef0c41be
7ef0441cb
7ef0041d7
7eef841e3
7eef441f0
7eeec41fc
7eee44209
7eee04215
7eed84222
7eed0422e
7eecc423b
7eec44247
7eec04254
7eeb84260
7eeb0426c
7eeac4279
7eea44285
7ee9c4292
7ee98429e
7ee9042ab
7ee8842b7
7ee8442c4
7ee7c42d0
7ee7842dd
7ee7042e9
7ee6842f6
7ee644302
7ee5c430e
7ee54431b
7ee504327
7ee484334
7ee404340
7ee3c434d
7ee344359
7ee2c4366
7ee284372
7ee20437f
7ee18438b
7ee144397
7ee0c43a4
7ee0443b0
7ee0043bd
7edf843c9
7edf443d6
7edec43e2
7ede443ef
7ede043fb
7edd84408
7edd04414
7edc84421
7edc4442d
7edbc4439
7edb44446
7edb04452
7eda8445f
7eda0446b
7ed9c4478
7ed944484
7ed8c4491
7ed88449d
7ed8044aa
7ed7844b6
7ed7444c2
7ed6c44cf
7ed6444db
7ed6044e8
7ed5844f4
7ed504501
7ed4c450d
7ed44451a
7ed3c4526
7ed344532
7ed30453f
7ed28454b
7ed204558
7ed1c4564
7ed144571
7ed0c457d
7ed08458a
7ed004596
7ecf845a3
7ecf045af
7ecec45bb
7ece445c8
7ecdc45d4
7ecd845e1
7ecd045ed
7ecc845fa
7ecc04606
7ecbc4613
7ecb4461f
7ecac462b
7eca44638
7eca04644
7ec984651
7ec90465d
7ec8c466a
7ec844676
7ec7c4683
7ec74468f
7ec70469b
7ec6846a8
7ec6046b4
7ec5846c1
7ec5446cd
7ec4c46da
7ec4446e6
7ec4046f3
7ec3846ff
7ec30470b
7ec284718
7ec244724
7ec1c4731
7ec14473d
7ec0c474a
7ec084756
7ec004763
7ebf8476f
7ebf0477b
7ebec4788
7ebe44794
7ebdc47a1
7ebd447ad
7ebcc47ba
7ebc847c6
7ebc047d3
7ebb847df
7ebb047eb
7ebac47f8
7eba44804
7eb9c4811
7eb94481d
7eb90482a
7eb884836
7eb804843
7eb78484f
7eb74485b
7eb6c4868
7eb644874
7eb5c4881
7eb54488d
7eb50489a
7eb4848a6
7eb4048b3
7eb3848bf
7eb3048cb
7eb2c48d8
7eb2448e4
7eb1c48f1
7eb1448fd
7eb10490a
7eb084916
7eb004922
7eaf8492f
7eaf0493b
7eaec4948
7eae44954
7eadc4961
7ead4496d
7eacc497a
7eac84986
7eac04992
7eab8499f
7eab049ab
7eaa849b8
7eaa449c4
7ea9c49d1
7ea9449dd
7ea8c49e9
7ea8449f6
7ea7c4a02
7ea784a0f
7ea704a1b
7ea684a28
7ea604a34
7ea584a40
7ea544a4d
7ea4c4a59
7ea444a66
7ea3c4a72
7ea344a7f
7ea2c4a8b
7ea284a98
7ea204aa4
7ea184ab0
7ea104abd
7ea084ac9
7ea004ad6
7e9fc4ae2
7e9f44aef
7e9ec4afb
7e9e44b07
7e9dc4b14
7e9d44b20
7e9cc4b2d
7e9c84b39
7e9c04b46
7e9b84b52
7e9b04b5e
7e9a84b6b
7e9a04b77
7e99c4b84
7e9944b90
7e98c4b9d
7e9844ba9
7e97c4bb5
7e9744bc2
7e96c4bce
7e9684bdb
7e9604be7
7e9584bf4
7e9504c00
7e9484c0c
7e9404c19
7e9384c25
7e9304c32
7e92c4c3e
7e9244c4b
7e91c4c57
7e9144c63
7e90c4c70
7e9044c7c
7e8fc4c89
7e8f44c95
7e8f04ca2
7e8e84cae
7e8e04cba
7e8d84cc7
7e8d04cd3
7e8c84ce0
7e8c04cec
7e8b84cf8
7e8b44d05
7e8ac4d11
7e8a44d1e
7e89c4d2a
7e8944d37
7e88c4d43
7e8844d4f
7e87c4d5c
7e8744d68
7e86c4d75
7e8684d81
7e8604d8e
7e8584d9a
7e8504da6
7e8484db3
7e8404dbf
7e8384dcc
7e8304dd8
7e8284de4
7e8204df1
7e8184dfd
7e8144e0a
7e80c4e16
7e8044e23
7e7fc4e2f
7e7f44e3b
7e7ec4e48
7e7e44e54
7e7dc4e61
7e7d44e6d
7e7cc4e7a
7e7c44e86
7e7bc4e92
7e7b44e9f
7e7b04eab
7e7a84eb8
7e7a04ec4
7e7984ed0
7e7904edd
7e7884ee9
7e7804ef6
7e7784f02
7e7704f0f
7e7684f1b
7e7604f27
7e7584f34
7e7504f40
7e7484f4d
7e7404f59
7e7384f65
7e7344f72
7e72c4f7e
7e7244f8b
7e71c4f97
7e7144fa4
7e70c4fb0
7e7044fbc
7e6fc4fc9
7e6f44fd5
7e6ec4fe2
7e6e44fee
7e6dc4ffa
7e6d45007
7e6cc5013
7e6c45020
7e6bc502c
7e6b45038
7e6ac5045
7e6a45051
7e69c505e
7e694506a
7e68c5077
7e6845083
7e67c508f
7e674509c
7e66c50a8
7e66450b5
7e65c50c1
7e65450cd
7e64c50da
7e64450e6
7e64050f3
7e63850ff
7e630510b
7e6285118
7e6205124
7e6185131
7e610513d
7e6085149
7e6005156
7e5f85162
7e5f0516f
7e5e8517b
7e5e05187
7e5d85194
7e5d051a0
7e5c851ad
7e5c051b9
7e5b851c6
7e5b051d2
7e5a851de
7e5a051eb
7e59851f7
7e5905204
7e5845210
7e57c521c
7e5745229
7e56c5235
7e5645242
7e55c524e
7e554525a
7e54c5267
7e5445273
7e53c5280
7e534528c
7e52c5298
7e52452a5
7e51c52b1
7e51452be
7e50c52ca
7e50452d6
7e4fc52e3
7e4f452ef
7e4ec52fc
7e4e45308
7e4dc5314
7e4d45321
7e4cc532d
7e4c4533a
7e4bc5346
7e4b45352
7e4ac535f
7e4a4536b
7e49c5378
7e4945384
7e4885390
7e480539d
7e47853a9
7e47053b6
7e46853c2
7e46053ce
7e45853db
7e45053e7
7e44853f4
7e4405400
7e438540c
7e4305419
7e4285425
7e4205432
7e418543e
7e410544a
7e4085457
7e3fc5463
7e3f4546f
7e3ec547c
7e3e45488
7e3dc5495
7e3d454a1
7e3cc54ad
7e3c454ba
7e3bc54c6
7e3b454d3
7e3ac54df
7e3a454eb
7e39c54f8
7e3905504
7e3885511
7e380551d
7e3785529
7e3705536
7e3685542
7e360554f
7e358555b
7e3505567
7e3485574
7e33c5580
7e334558d
7e32c5599
7e32455a5
7e31c55b2
7e31455be
7e30c55ca
7e30455d7
7e2fc55e3
7e2f455f0
7e2e855fc
7e2e05608
7e2d85615
7e2d05621
7e2c8562e
7e2c0563a
7e2b85646
7e2b05653
7e2a8565f
7e29c566b
7e2945678
7e28c5684
7e2845691
7e27c569d
7e27456a9
7e26c56b6
7e26456c2
7e25856cf
7e25056db
7e24856e7
7e24056f4
7e2385700
7e230570c
7e2285719
7e21c5725
7e2145732
7e20c573e
7e204574a
7e1fc5757
7e1f45763
7e1ec5770
7e1e0577c
7e1d85788
7e1d05795
7e1c857a1
7e1c057ad
7e1b857ba
7e1b057c6
7e1a457d3
7e19c57df
7e19457eb
7e18c57f8
7e1845804
7e17c5810
7e170581d
7e1685829
7e1605836
7e1585842
7e150584e
7e148585b
7e13c5867
7e1345874
7e12c5880
7e124588c
7e11c5899
7e11458a5
7e10858b1
7e10058be
7e0f858ca
7e0f058d7
7e0e858e3
7e0e058ef
7e0d458fc
7e0cc5908
7e0c45914
7e0bc5921
7e0b4592d
7e0a8593a
7e0a05946
7e0985952
7e090595f
7e088596b
7e07c5977
7e0745984
7e06c5990
7e064599d
7e05c59a9
7e05059b5
7e04859c2
7e04059ce
7e03859da
7e03059e7
7e02459f3
7e01c59ff
7e0145a0c
7e00c5a18
7e0045a25
7dff85a31
7dff05a3d
7dfe85a4a
7dfe05a56
7dfd45a62
7dfcc5a6f
7dfc45a7b
7dfbc5a88
7dfb45a94
7dfa85aa0
7dfa05aad
7df985ab9
7df905ac5
7df845ad2
7df7c5ade
7df745aeb
7df6c5af7
7df645b03
7df585b10
7df505b1c
7df485b28
7df405b35
7df345b41
7df2c5b4d
7df245b5a
7df1c5b66
7df105b73
7df085b7f
7df005b8b
7def85b98
7deec5ba4
7dee45bb0
7dedc5bbd
7ded45bc9
7dec85bd5
7dec05be2
7deb85bee
7deb05bfb
7dea45c07
7de9c5c13
7de945c20
7de8c5c2c
7de805c38
7de785c45
7de705c51
7de685c5d
7de5c5c6a
7de545c76
7de4c5c82
7de405c8f
7de385c9b
7de305ca8
7de285cb4
7de1c5cc0
7de145ccd
7de0c5cd9
7de045ce5
7ddf85cf2
7ddf05cfe
7dde85d0a
7dddc5d17
7ddd45d23
7ddcc5d2f
7ddc45d3c
7ddb85d48
7ddb05d55
7dda85d61
7dd9c5d6d
7dd945d7a
7dd8c5d86
7dd805d92
7dd785d9f
7dd705dab
7dd685db7
7dd5c5dc4
7dd545dd0
7dd4c5ddc
7dd405de9
7dd385df5
7dd305e02
7dd245e0e
7dd1c5e1a
7dd145e27
7dd0c5e33
7dd005e3f
7dcf85e4c
7dcf05e58
7dce45e64
7dcdc5e71
7dcd45e7d
7dcc85e89
7dcc05e96
7dcb85ea2
7dcac5eae
7dca45ebb
7dc9c5ec7
7dc905ed3
7dc885ee0
7dc805eec
7dc745ef9
7dc6c5f05
7dc645f11
7dc585f1e
7dc505f2a
7dc485f36
7dc3c5f43
7dc345f4f
7dc2c5f5b
7dc205f68
7dc185f74
7dc105f80
7dc045f8d
7dbfc5f99
7dbf45fa5
7dbe85fb2
7dbe05fbe
7dbd85fca
7dbcc5fd7
7dbc45fe3
7dbbc5fef
7dbb05ffc
7dba86008
7db9c6014
7db946021
7db8c602d
7db80603a
7db786046
7db706052
7db64605f
7db5c606b
7db546077
7db486084
7db406090
7db34609c
7db2c60a9
7db2460b5
7db1860c1
7db1060ce
7db0860da
7dafc60e6
7daf460f3
7dae860ff
7dae0610b
7dad86118
7dacc6124
7dac46130
7dabc613d
7dab06149
7daa86155
7da9c6162
7da94616e
7da8c617a
7da806187
7da786193
7da6c619f
7da6461ac
7da5c61b8
7da5061c4
7da4861d1
7da3c61dd
7da3461e9
7da2c61f6
7da206202
7da18620e
7da0c621b
7da046227
7d9fc6233
7d9f06240
7d9e8624c
7d9dc6258
7d9d46265
7d9cc6271
7d9c0627d
7d9b8628a
7d9ac6296
7d9a462a2
7d99862af
7d99062bb
7d98862c7
7d97c62d4
7d97462e0
7d96862ec
7d96062f9
7d9546305
7d94c6311
7d944631e
7d938632a
7d9306336
7d9246343
7d91c634f
7d910635b
7d9086368
7d9006374
7d8f46380
7d8ec638d
7d8e06399
7d8d863a5
7d8cc63b2
7d8c463be
7d8b863ca
7d8b063d7
7d8a463e3
7d89c63ef
7d89463fc
7d8886408
7d8806414
7d8746421
7d86c642d
7d8606439
7d8586445
7d84c6452
7d844645e
7d838646a
7d8306477
7d8286483
7d81c648f
7d814649c
7d80864a8
7d80064b4
7d7f464c1
7d7ec64cd
7d7e064d9
7d7d864e6
7d7cc64f2
7d7c464fe
7d7b8650b
7d7b06517
7d7a46523
7d79c6530
7d790653c
7d7886548
7d77c6555
7d7746561
7d768656d
7d7606579
7d7546586
7d74c6592
7d740659e
7d73865ab
7d72c65b7
7d72465c3
7d71865d0
7d71065dc
7d70465e8
7d6fc65f5
7d6f06601
7d6e8660d
7d6dc661a
7d6d46626
7d6c86632
7d6c0663f
7d6b4664b
7d6ac6657
7d6a06663
7d6986670
7d68c667c
7d6846688
7d6786695
7d67066a1
7d66466ad
7d65c66ba
7d65066c6
7d64866d2
7d63c66df
7d63466eb
7d62866f7
7d6206703
7d6146710
7d60c671c
7d6006728
7d5f86735
7d5ec6741
7d5e0674d
7d5d8675a
7d5cc6766
7d5c46772
7d5b8677f
7d5b0678b
7d5a46797
7d59c67a3
7d59067b0
7d58867bc
7d57c67c8
7d57067d5
7d56867e1
7d55c67ed
7d55467fa
7d5486806
7d5406812
7d534681f
7d52c682b
7d5206837
7d5186843
7d50c6850
7d500685c
7d4f86868
7d4ec6875
7d4e46881
7d4d8688d
7d4d0689a
7d4c468a6
7d4b868b2
7d4b068be
7d4a468cb
7d49c68d7
7d49068e3
7d48868f0
7d47c68fc
7d4706908
7d4686915
7d45c6921
7d454692d
7d4486939
7d4406946
7d4346952
7d428695e
7d420696b
7d4146977
7d40c6983
7d4006990
7d3f4699c
7d3ec69a8
7d3e069b4
7d3d869c1
7d3cc69cd
7d3c069d9
7d3b869e6
7d3ac69f2
7d3a469fe
7d3986a0b
7d38c6a17
7d3846a23
7d3786a2f
7d3706a3c
7d3646a48
7d3586a54
7d3506a61
7d3446a6d
7d33c6a79
7d3306a85
7d3246a92
7d31c6a9e
7d3106aaa
7d3046ab7
7d2fc6ac3
7d2f06acf
7d2e86adb
7d2dc6ae8
7d2d06af4
7d2c86b00
7d2bc6b0d
7d2b06b19
7d2a86b25
7d29c6b31
7d2946b3e
7d2886b4a
7d27c6b56
7d2746b63
7d2686b6f
7d25c6b7b
7d2546b87
7d2486b94
7d23c6ba0
7d2346bac
7d2286bb9
7d2206bc5
7d2146bd1
7d2086bdd
7d2006bea
7d1f46bf6
7d1e86c02
7d1e06c0f
7d1d46c1b
7d1c86c27
7d1c06c33
7d1b46c40
7d1a86c4c
7d1a06c58
7d1946c65
7d1886c71
7d1806c7d
7d1746c89
7d1686c96
7d1606ca2
7d1546cae
7d1486cbb
7d1406cc7
7d1346cd3
7d1286cdf
7d1206cec
7d1146cf8
7d1086d04
7d1006d11
7d0f46d1d
7d0e86d29
7d0e06d35
7d0d46d42
7d0c86d4e
7d0c06d5a
7d0b46d66
7d0a86d73
7d0a06d7f
7d0946d8b
7d0886d98
7d0806da4
7d0746db0
7d0686dbc
7d05c6dc9
7d0546dd5
7d0486de1
7d03c6ded
7d0346dfa
7d0286e06
7d01c6e12
7d0146e1f
7d0086e2b
7cffc6e37
7cff06e43
7cfe86e50
7cfdc6e5c
7cfd06e68
7cfc86e74
7cfbc6e81
7cfb06e8d
7cfa46e99
7cf9c6ea6
7cf906eb2
7cf846ebe
7cf7c6eca
7cf706ed7
7cf646ee3
7cf586eef
7cf506efb
7cf446f08
7cf386f14
7cf306f20
7cf246f2c
7cf186f39
7cf0c6f45
7cf046f51
7cef86f5e
7ceec6f6a
7cee06f76
7ced86f82
7cecc6f8f
7cec06f9b
7ceb46fa7
7ceac6fb3
7cea06fc0
7ce946fcc
7ce886fd8
7ce806fe4
7ce746ff1
7ce686ffd
7ce5c7009
7ce547016
7ce487022
7ce3c702e
7ce30703a
7ce287047
7ce1c7053
7ce10705f
7ce04706b
7cdfc7078
7cdf07084
7cde47090
7cdd8709c
7cdd070a9
7cdc470b5
7cdb870c1
7cdac70cd
7cda470da
7cd9870e6
7cd8c70f2
7cd8070fe
7cd74710b
7cd6c7117
7cd607123
7cd54712f
7cd48713c
7cd407148
7cd347154
7cd287160
7cd1c716d
7cd107179
7cd087185
7ccfc7191
7ccf0719e
7cce471aa
7ccdc71b6
7ccd071c3
7ccc471cf
7ccb871db
7ccac71e7
7cca471f4
7cc987200
7cc8c720c
7cc807218
7cc747225
7cc6c7231
7cc60723d
7cc547249
7cc487256
7cc3c7262
7cc34726e
7cc28727a
7cc1c7287
7cc107293
7cc04729f
7cbf872ab
7cbf072b7
7cbe472c4
7cbd872d0
7cbcc72dc
7cbc072e8
7cbb872f5
7cbac7301
7cba0730d
7cb947319
7cb887326
7cb7c7332
7cb74733e
7cb68734a
7cb5c7357
7cb507363
7cb44736f
7cb38737b
7cb307388
7cb247394
7cb1873a0
7cb0c73ac
7cb0073b9
7caf473c5
7caec73d1
7cae073dd
7cad473ea
7cac873f6
7cabc7402
7cab0740e
7caa8741b
7ca9c7427
7ca907433
7ca84743f
7ca78744b
7ca6c7458
7ca607464
7ca587470
7ca4c747c
7ca407489
7ca347495
7ca2874a1
7ca1c74ad
7ca1074ba
7ca0474c6
7c9fc74d2
7c9f074de
7c9e474eb
7c9d874f7
7c9cc7503
7c9c0750f
7c9b4751c
7c9ac7528
7c9a07534
7c9947540
7c988754c
7c97c7559
7c9707565
7c9647571
7c958757d
7c94c758a
7c9447596
7c93875a2
7c92c75ae
7c92075bb
7c91475c7
7c90875d3
7c8fc75df
7c8f075eb
7c8e475f8
7c8dc7604
7c8d07610
7c8c4761c
7c8b87629
7c8ac7635
7c8a07641
7c894764d
7c8887659
7c87c7666
7c8707672
7c868767e
7c85c768a
7c8507697
7c84476a3
7c83876af
7c82c76bb
7c82076c7
7c81476d4
7c80876e0
7c7fc76ec
7c7f076f8
7c7e87705
7c7dc7711
7c7d0771d
7c7c47729
7c7b87735
7c7ac7742
7c7a0774e
7c794775a
7c7887766
7c77c7773
7c770777f
7c764778b
7c7587797
7c74c77a3
7c74077b0
7c73877bc
7c72c77c8
7c72077d4
7c71477e1
7c70877ed
7c6fc77f9
7c6f07805
7c6e47811
7c6d8781e
7c6cc782a
7c6c07836
7c6b47842
7c6a8784f
7c69c785b
7c6907867
7c6847873
7c678787f
7c66c788c
7c6607898
7c65878a4
7c64c78b0
7c64078bc
7c63478c9
7c62878d5
7c61c78e1
7c61078ed
7c60478f9
7c5f87906
7c5ec7912
7c5e0791e
7c5d4792a
7c5c87937
7c5bc7943
7c5b0794f
7c5a4795b
7c5987967
7c58c7974
7c5807980
7c574798c
7c5687998
7c55c79a4
7c55079b1
7c54479bd
7c53879c9
7c52c79d5
7c52079e1
7c51479ee
7c50879fa
7c4fc7a06
7c4f07a12
7c4e47a1e
7c4d87a2b
7c4cc7a37
7c4c07a43
7c4b47a4f
7c4a87a5b
7c49c7a68
7c4907a74
7c4847a80
7c4787a8c
7c46c7a98
7c4607aa5
7c4547ab1
7c4487abd
7c43c7ac9
7c4307ad5
7c4247ae2
7c4187aee
7c40c7afa
7c4007b06
7c3f47b12
7c3e87b1f
7c3dc7b2b
7c3d07b37
7c3c47b43
7c3b87b4f
7c3ac7b5c
7c3a07b68
7c3947b74
7c3887b80
7c37c7b8c
7c3707b99
7c3647ba5
7c3587bb1
7c34c7bbd
7c3407bc9
7c3307bd6
7c3247be2
7c3187bee
7c30c7bfa
7c3007c06
7c2f47c13
7c2e87c1f
7c2dc7c2b
7c2d07c37
7c2c47c43
7c2b87c50
7c2ac7c5c
7c2a07c68
7c2947c74
7c2887c80
7c27c7c8c
7c2707c99
7c2647ca5
7c2587cb1
7c24c7cbd
7c23c7cc9
7c2307cd6
7c2247ce2
7c2187cee
7c20c7cfa
7c2007d06
7c1f47d13
7c1e87d1f
7c1dc7d2b
7c1d07d37
7c1c47d43
7c1b87d4f
7c1ac7d5c
7c1a07d68
7c1907d74
7c1847d80
7c1787d8c
7c16c7d99
7c1607da5
7c1547db1
7c1487dbd
7c13c7dc9
7c1307dd5
7c1247de2
7c1187dee
7c10c7dfa
7c0fc7e06
7c0f07e12
7c0e47e1f
7c0d87e2b
7c0cc7e37
7c0c07e43
7c0b47e4f
7c0a87e5b
7c09c7e68
7c0907e74
7c0807e80
7c0747e8c
7c0687e98
7c05c7ea4
7c0507eb1
7c0447ebd
7c0387ec9
7c02c7ed5
7c0207ee1
7c0107eee
7c0047efa
7bff87f06
7bfec7f12
7bfe07f1e
7bfd47f2a
7bfc87f37
7bfbc7f43
7bfb07f4f
7bfa07f5b
7bf947f67
7bf887f73
7bf7c7f80
7bf707f8c
7bf647f98
7bf587fa4
7bf487fb0
7bf3c7fbc
7bf307fc9
7bf247fd5
7bf187fe1
7bf0c7fed
7bf007ff9
7bef48005
7bee48012
7bed8801e
7becc802a
7bec08036
7beb48042
7bea8804e
7be98805b
7be8c8067
7be808073
7be74807f
7be68808b
7be5c8097
7be5080a4
7be4080b0
7be3480bc
7be2880c8
7be1c80d4
7be1080e0
7be0480ed
7bdf480f9
7bde88105
7bddc8111
7bdd0811d
7bdc48129
7bdb88136
7bda88142
7bd9c814e
7bd90815a
7bd848166
7bd788172
7bd6c817f
7bd5c818b
7bd508197
7bd4481a3
7bd3881af
7bd2c81bb
7bd1c81c7
7bd1081d4
7bd0481e0
7bcf881ec
7bcec81f8
7bce08204
7bcd08210
7bcc4821d
7bcb88229
7bcac8235
7bca08241
7bc90824d
7bc848259
7bc788265
7bc6c8272
7bc60827e
7bc50828a
7bc448296
7bc3882a2
7bc2c82ae
7bc2082bb
7bc1082c7
7bc0482d3
7bbf882df
7bbec82eb
7bbdc82f7
7bbd08303
7bbc48310
7bbb8831c
7bbac8328
7bb9c8334
7bb908340
7bb84834c
7bb788358
7bb688365
7bb5c8371
7bb50837d
7bb448389
7bb388395
7bb2883a1
7bb1c83ad
7bb1083ba
7bb0483c6
7baf483d2
7bae883de
7badc83ea
7bad083f6
7bac08402
7bab4840f
7baa8841b
7ba9c8427
7ba8c8433
7ba80843f
7ba74844b
7ba688457
7ba588464
7ba4c8470
7ba40847c
7ba348488
7ba248494
7ba1884a0
7ba0c84ac
7ba0084b9
7b9f084c5
7b9e484d1
7b9d884dd
7b9cc84e9
7b9bc84f5
7b9b08501
7b9a4850d
7b998851a
7b9888526
7b97c8532
7b970853e
7b964854a
7b9548556
7b9488562
7b93c856f
7b92c857b
7b9208587
7b9148593
7b908859f
7b8f885ab
7b8ec85b7
7b8e085c3
7b8d085d0
7b8c485dc
7b8b885e8
7b8ac85f4
7b89c8600
7b890860c
7b8848618
7b8748624
7b8688631
7b85c863d
7b8508649
7b8408655
7b8348661
7b828866d
7b8188679
7b80c8685
7b8008692
7b7f0869e
7b7e486aa
7b7d886b6
7b7cc86c2
7b7bc86ce
7b7b086da
7b7a486e6
7b79486f3
7b78886ff
7b77c870b
7b76c8717
7b7608723
7b754872f
7b744873b
7b7388747
7b72c8754
7b71c8760
7b710876c
7b7048778
7b6f88784
7b6e88790
7b6dc879c
7b6d087a8
7b6c087b5
7b6b487c1
7b6a887cd
7b69887d9
7b68c87e5
7b68087f1
7b67087fd
7b6648809
7b6588815
7b6488822
7b63c882e
7b62c883a
7b6208846
7b6148852
7b604885e
7b5f8886a
7b5ec8876
7b5dc8882
7b5d0888f
7b5c4889b
7b5b488a7
7b5a888b3
7b59c88bf
7b58c88cb
7b58088d7
7b57488e3
7b56488ef
7b55888fc
7b5488908
7b53c8914
7b5308920
7b520892c
7b5148938
7b5088944
7b4f88950
7b4ec895c
7b4e08969
7b4d08975
7b4c48981
7b4b4898d
7b4a88999
7b49c89a5
7b48c89b1
7b48089bd
7b47489c9
7b46489d5
7b45889e2
7b44889ee
7b43c89fa
7b4308a06
7b4208a12
7b4148a1e
7b4048a2a
7b3f88a36
7b3ec8a42
7b3dc8a4e
7b3d08a5b
7b3c08a67
7b3b48a73
7b3a88a7f
7b3988a8b
7b38c8a97
7b37c8aa3
7b3708aaf
7b3648abb
7b3548ac7
7b3488ad4
7b3388ae0
7b32c8aec
7b3208af8
7b3108b04
7b3048b10
7b2f48b1c
7b2e88b28
7b2dc8b34
7b2cc8b40
7b2c08b4c
7b2b08b59
7b2a48b65
7b2948b71
7b2888b7d
7b27c8b89
7b26c8b95
7b2608ba1
7b2508bad
7b2448bb9
7b2348bc5
7b2288bd1
7b21c8bde
7b20c8bea
7b2008bf6
7b1f08c02
7b1e48c0e
7b1d48c1a
7b1c88c26
7b1bc8c32
7b1ac8c3e
7b1a08c4a
7b1908c56
7b1848c63
7b1748c6f
7b1688c7b
7b1588c87
7b14c8c93
7b1408c9f
7b1308cab
7b1248cb7
7b1148cc3
7b1088ccf
7b0f88cdb
7b0ec8ce7
7b0dc8cf4
7b0d08d00
7b0c08d0c
7b0b48d18
7b0a48d24
7b0988d30
7b08c8d3c
7b07c8d48
7b0708d54
7b0608d60
7b0548d6c
7b0448d78
7b0388d84
7b0288d91
7b01c8d9d
7b00c8da9
7b0008db5
7aff08dc1
7afe48dcd
7afd48dd9
7afc88de5
7afb88df1
7afac8dfd
7af9c8e09
7af908e15
7af808e21
7af748e2d
7af688e3a
7af588e46
7af4c8e52
7af3c8e5e
7af308e6a
7af208e76
7af148e82
7af048e8e
7aef88e9a
7aee88ea6
7aedc8eb2
7aecc8ebe
7aec08eca
7aeb08ed6
7aea48ee3
7ae948eef
7ae888efb
7ae788f07
7ae688f13
7ae5c8f1f
7ae4c8f2b
7ae408f37
7ae308f43
7ae248f4f
7ae148f5b
7ae088f67
7adf88f73
7adec8f7f
7addc8f8b
7add08f98
7adc08fa4
7adb48fb0
7ada48fbc
7ad988fc8
7ad888fd4
7ad7c8fe0
7ad6c8fec
7ad608ff8
7ad509004
7ad409010
7ad34901c
7ad249028
7ad189034
7ad089040
7acfc904c
7acec9058
7ace09065
7acd09071
7acc4907d
7acb49089
7aca89095
7ac9890a1
7ac8890ad
7ac7c90b9
7ac6c90c5
7ac6090d1
7ac5090dd
7ac4490e9
7ac3490f5
7ac289101
7ac18910d
7ac089119
7abfc9125
7abec9131
7abe0913d
7abd0914a
7abc49156
7abb49162
7aba4916e
7ab98917a
7ab889186
7ab7c9192
7ab6c919e
7ab6091aa
7ab5091b6
7ab4091c2
7ab3491ce
7ab2491da
7ab1891e6
7ab0891f2
7aafc91fe
7aaec920a
7aadc9216
7aad09222
7aac0922e
7aab4923a
7aaa49246
7aa949253
7aa88925f
7aa78926b
7aa6c9277
7aa5c9283
7aa4c928f
7aa40929b
7aa3092a7
7aa2492b3
7aa1492bf
7aa0492cb
7a9f892d7
7a9e892e3
7a9dc92ef
7a9cc92fb
7a9bc9307
7a9b09313
7a9a0931f
7a994932b
7a9849337
7a9749343
7a968934f
7a958935b
7a94c9367
7a93c9373
7a92c937f
7a920938c
7a9109398
7a90093a4
7a8f493b0
7a8e493bc
7a8d893c8
7a8c893d4
7a8b893e0
7a8ac93ec
7a89c93f8
7a88c9404
7a8809410
7a870941c
7a8649428
7a8549434
7a8449440
7a838944c
7a8289458
7a8189464
7a80c9470
7a7fc947c
7a7ec9488
7a7e09494
7a7d094a0
7a7c094ac
7a7b494b8
7a7a494c4
7a79494d0
7a78894dc
7a77894e8
7a76c94f4
7a75c9500
7a74c950c
7a7409518
7a7309524
7a7209530
7a714953c
7a7049549
7a6f49555
7a6e89561
7a6d8956d
7a6c89579
7a6bc9585
7a6ac9591
7a69c959d
7a69095a9
7a68095b5
7a67095c1
7a66495cd
7a65495d9
7a64495e5
7a63495f1
7a62895fd
7a6189609
7a6089615
7a5fc9621
7a5ec962d
7a5dc9639
7a5d09645
7a5c09651
7a5b0965d
7a5a49669
7a5949675
7a5849681
7a578968d
7a5689699
7a55896a5
7a54896b1
7a53c96bd
7a52c96c9
7a51c96d5
7a51096e1
7a50096ed
7a4f096f9
7a4e49705
7a4d49711
7a4c4971d
7a4b49729
7a4a89735
7a4989741
7a488974d
7a47c9759
7a46c9765
7a45c9771
7a44c977d
7a4409789
7a4309795
7a42097a1
7a41497ad
7a40497b9
7a3f497c5
7a3e497d1
7a3d897dd
7a3c897e9
7a3b897f5
7a3a89801
7a39c980d
7a38c9819
7a37c9825
7a3709831
7a360983d
7a3509849
7a3409855
7a3349861
7a324986d
7a3149879
7a3049885
7a2f89891
7a2e8989d
7a2d898a9
7a2c898b5
7a2bc98c1
7a2ac98cd
7a29c98d9
7a28c98e5
7a28098f1
7a27098fd
7a2609909
7a2509915
7a2449921
7a234992d
7a2249939
7a2149945
7a2089951
7a1f8995d
7a1e89969
7a1d89975
7a1c89981
7a1bc998d
7a1ac9999
7a19c99a5
7a18c99b1
7a18099bd
7a17099c9
7a16099d5
7a15099e1
7a14499ed
7a13499f9
7a1249a05
7a1149a11
7a1049a1d
7a0f89a29
7a0e89a35
7a0d89a41
7a0c89a4d
7a0b89a59
7a0ac9a65
7a09c9a71
7a08c9a7d
7a07c9a89
7a0709a95
7a0609aa1
7a0509aad
7a0409ab8
7a0309ac4
7a0249ad0
7a0149adc
7a0049ae8
79ff49af4
79fe49b00
79fd89b0c
79fc89b18
79fb89b24
79fa89b30
79f989b3c
79f889b48
79f7c9b54
79f6c9b60
79f5c9b6c
79f4c9b78
79f3c9b84
79f309b90
79f209b9c
79f109ba8
79f009bb4
79ef09bc0
79ee09bcc
79ed49bd8
79ec49be4
79eb49bf0
79ea49bfc
79e949c08
79e889c14
79e789c20
79e689c2c
79e589c38
79e489c44
79e389c50
79e2c9c5c
79e1c9c67
79e0c9c73
79dfc9c7f
79dec9c8b
79ddc9c97
79dcc9ca3
79dc09caf
79db09cbb
79da09cc7
79d909cd3
79d809cdf
79d709ceb
79d649cf7
79d549d03
79d449d0f
79d349d1b
79d249d27
79d149d33
79d049d3f
79cf89d4b
79ce89d57
79cd89d63
79cc89d6f
79cb89d7b
79ca89d87
79c989d93
79c889d9e
79c7c9daa
79c6c9db6
79c5c9dc2
79c4c9dce
79c3c9dda
79c2c9de6
79c1c9df2
79c109dfe
79c009e0a
79bf09e16
79be09e22
79bd09e2e
79bc09e3a
79bb09e46
79ba09e52
79b909e5e
79b849e6a
79b749e76
79b649e82
79b549e8e
79b449e99
79b349ea5
79b249eb1
79b149ebd
79b049ec9
79af89ed5
79ae89ee1
79ad89eed
79ac89ef9
79ab89f05
79aa89f11
79a989f1d
79a889f29
79a789f35
79a689f41
79a589f4d
79a4c9f59
79a3c9f65
79a2c9f70
79a1c9f7c
79a0c9f88
799fc9f94
799ec9fa0
799dc9fac
799cc9fb8
799bc9fc4
799ac9fd0
7999c9fdc
799909fe8
799809ff4
79970a000
79960a00c
79950a018
79940a024
79930a02f
79920a03b
79910a047
79900a053
798f0a05f
798e0a06b
798d0a077
798c0a083
798b0a08f
798a4a09b
79894a0a7
79884a0b3
79874a0bf
79864a0cb
79854a0d7
79844a0e2
79834a0ee
79824a0fa
79814a106
79804a112
797f4a11e
797e4a12a
797d4a136
797c4a142
797b4a14e
797a4a15a
79794a166
79784a172
79774a17e
79764a189
79758a195
79748a1a1
79738a1ad
79728a1b9
79718a1c5
79708a1d1
796f8a1dd
796e8a1e9
796d8a1f5
796c8a201
796b8a20d
796a8a219
79698a224
79688a230
79678a23c
79668a248
79658a254
79648a260
79638a26c
79628a278
79618a284
79608a290
795f8a29c
795e8a2a8
795d8a2b3
795c8a2bf
795b8a2cb
795a8a2d7
79598a2e3
79588a2ef
79578a2fb
79568a307
79558a313
79548a31f
79538a32b
79528a336
79518a342
79508a34e
794f8a35a
794e8a366
794d8a372
794c8a37e
794b8a38a
794a8a396
79498a3a2
79488a3ae
79478a3b9
79468a3c5
79458a3d1
79448a3dd
79438a3e9
79428a3f5
79418a401
79408a40d
793f8a419
793e8a425
793d8a431
793c8a43c
793b8a448
793a8a454
79398a460
79384a46c
79374a478
79364a484
79354a490
79344a49c
79334a4a8
79324a4b3
79314a4bf
79304a4cb
792f4a4d7
792e4a4e3
792d4a4ef
792c4a4fb
792b4a507
792a4a513
79294a51f
79284a52a
79274a536
79264a542
79254a54e
79244a55a
79230a566
79220a572
79210a57e
79200a58a
791f0a595
791e0a5a1
791d0a5ad
791c0a5b9
791b0a5c5
791a0a5d1
79190a5dd
79180a5e9
79170a5f5
79160a600
79150a60c
7913ca618
7912ca624
7911ca630
7910ca63c
790fca648
790eca654
790dca660
790cca66b
790bca677
790aca683
7909ca68f
7908ca69b
79078a6a7
79068a6b3
79058a6bf
79048a6ca
79038a6d6
79028a6e2
79018a6ee
79008a6fa
78ff8a706
78fe8a712
78fd8a71e
78fc4a72a
78fb4a735
78fa4a741
78f94a74d
78f84a759
78f74a765
78f64a771
78f54a77d
78f44a789
78f30a794
78f20a7a0
78f10a7ac
78f00a7b8
78ef0a7c4
78ee0a7d0
78ed0a7dc
78ec0a7e8
78eaca7f3
78e9ca7ff
78e8ca80b
78e7ca817
78e6ca823
78e5ca82f
78e4ca83b
78e3ca846
78e28a852
78e18a85e
78e08a86a
78df8a876
78de8a882
78dd8a88e
78dc8a89a
78db8a8a5
78da4a8b1
78d94a8bd
78d84a8c9
78d74a8d5
78d64a8e1
78d54a8ed
78d44a8f8
78d30a904
78d20a910
78d10a91c
78d00a928
78cf0a934
78ce0a940
78ccca94b
78cbca957
78caca963
78c9ca96f
78c8ca97b
78c7ca987
78c6ca993
78c58a99e
78c48a9aa
78c38a9b6
78c28a9c2
78c18a9ce
78c08a9da
78bf4a9e6
78be4a9f1
78bd4a9fd
78bc4aa09
78bb4aa15
78ba0aa21
78b90aa2d
78b80aa39
78b70aa44
78b60aa50
78b50aa5c
78b3caa68
78b2caa74
78b1caa80
78b0caa8c
78afcaa97
78ae8aaa3
78ad8aaaf
78ac8aabb
78ab8aac7
78aa8aad3
78a98aade
78a84aaea
78a74aaf6
78a64ab02
78a54ab0e
78a44ab1a
78a30ab26
78a20ab31
78a10ab3d
78a00ab49
789f0ab55
789dcab61
789ccab6d
789bcab78
789acab84
7899cab90
78988ab9c
78978aba8
78968abb4
78958abbf
78944abcb
78934abd7
78924abe3
78914abef
78904abfb
788f0ac06
788e0ac12
788d0ac1e
788c0ac2a
788acac36
7889cac42
7888cac4d
7887cac59
7886cac65
78858ac71
78848ac7d
78838ac89
78828ac94
78814aca0
78804acac
787f4acb8
787e4acc4
787d0acd0
787c0acdb
787b0ace7
787a0acf3
7878cacff
7877cad0b
7876cad17
7875cad22
78748ad2e
78738ad3a
78728ad46
78718ad52
78704ad5e
786f4ad69
786e4ad75
786d4ad81
786c0ad8d
786b0ad99
786a0ada4
78690adb0
7867cadbc
7866cadc8
7865cadd4
7864cade0
78638adeb
78628adf7
78618ae03
78604ae0f
785f4ae1b
785e4ae27
785d4ae32
785c0ae3e
785b0ae4a
785a0ae56
78590ae62
7857cae6d
7856cae79
7855cae85
78548ae91
78538ae9d
78528aea8
78518aeb4
78504aec0
784f4aecc
784e4aed8
784d0aee4
784c0aeef
784b0aefb
784a0af07
7848caf13
7847caf1f
7846caf2a
78458af36
78448af42
78438af4e
78424af5a
78414af65
78404af71
783f0af7d
783e0af89
783d0af95
783c0afa0
783acafac
7839cafb8
7838cafc4
78378afd0
78368afdb
78358afe7
78344aff3
78334afff
78324b00b
78310b016
78300b022
782f0b02e
782dcb03a
782ccb046
782bcb051
782a8b05d
78298b069
78288b075
78274b081
78264b08c
78254b098
78240b0a4
78230b0b0
78220b0bc
7820cb0c7
781fcb0d3
781ecb0df
781d8b0eb
781c8b0f7
781b8b102
781a4b10e
78194b11a
78184b126
78170b132
78160b13d
78150b149
7813cb155
7812cb161
7811cb16c
78108b178
780f8b184
780e8b190
780d4b19c
780c4b1a7
780b0b1b3
780a0b1bf
78090b1cb
7807cb1d7
7806cb1e2
7805cb1ee
78048b1fa
78038b206
78028b211
78014b21d
78004b229
77ff0b235
77fe0b241
77fd0b24c
77fbcb258
77facb264
77f9cb270
77f88b27b
77f78b287
77f64b293
77f54b29f
77f44b2ab
77f30b2b6
77f20b2c2
77f0cb2ce
77efcb2da
77eecb2e5
77ed8b2f1
77ec8b2fd
77eb4b309
77ea4b315
77e94b320
77e80b32c
77e70b338
77e60b344
77e4cb34f
77e3cb35b
77e28b367
77e18b373
77e04b37f
77df4b38a
77de4b396
77dd0b3a2
77dc0b3ae
77dacb3b9
77d9cb3c5
77d8cb3d1
77d78b3dd
77d68b3e8
77d54b3f4
77d44b400
77d34b40c
77d20b417
77d10b423
77cfcb42f
77cecb43b
77cd8b447
77cc8b452
77cb8b45e
77ca4b46a
77c94b476
77c80b481
77c70b48d
77c5cb499
77c4cb4a5
77c3cb4b0
77c28b4bc
77c18b4c8
77c04b4d4
77bf4b4df
77be0b4eb
77bd0b4f7
77bbcb503
77bacb50e
77b9cb51a
77b88b526
77b78b532
77b64b53d
77b54b549
77b40b555
77b30b561
77b1cb56c
77b0cb578
77afcb584
77ae8b590
77ad8b59b
77ac4b5a7
77ab4b5b3
77aa0b5bf
77a90b5ca
77a7cb5d6
77a6cb5e2
77a58b5ee
77a48b5f9
77a34b605
77a24b611
77a14b61d
77a00b628
779f0b634
779dcb640
779ccb64c
779b8b657
779a8b663
77994b66f
77984b67b
77970b686
77960b692
7794cb69e
7793cb6aa
77928b6b5
77918b6c1
77904b6cd
778f4b6d9
778e0b6e4
778d0b6f0
778bcb6fc
778acb707
77898b713
77888b71f
77874b72b
77864b736
77850b742
77840b74e
7782cb75a
7781cb765
77808b771
777f8b77d
777e4b789
777d4b794
777c0b7a0
777b0b7ac
7779cb7b7
7778cb7c3
77778b7cf
77768b7db
77754b7e6
77744b7f2
77730b7fe
77720b80a
7770cb815
776fcb821
776e8b82d
776d8b838
776c4b844
776b4b850
776a0b85c
77690b867
7767cb873
7766cb87f
77658b88b
77648b896
77634b8a2
77620b8ae
77610b8b9
775fcb8c5
775ecb8d1
775d8b8dd
775c8b8e8
775b4b8f4
775a4b900
77590b90b
77580b917
7756cb923
7755cb92f
77548b93a
77534b946
77524b952
77510b95d
77500b969
774ecb975
774dcb981
774c8b98c
774b8b998
774a4b9a4
77490b9af
77480b9bb
7746cb9c7
7745cb9d3
77448b9de
77438b9ea
77424b9f6
77414ba01
77400ba0d
773ecba19
773dcba24
773c8ba30
773b8ba3c
773a4ba48
77394ba53
77380ba5f
7736cba6b
7735cba76
77348ba82
77338ba8e
77324ba9a
77314baa5
77300bab1
772ecbabd
772dcbac8
772c8bad4
772b8bae0
772a4baeb
77290baf7
77280bb03
7726cbb0f
7725cbb1a
77248bb26
77234bb32
77224bb3d
77210bb49
77200bb55
771ecbb60
771dcbb6c
771c8bb78
771b4bb83
771a4bb8f
77190bb9b
7717cbba7
7716cbbb2
77158bbbe
77148bbca
77134bbd5
77120bbe1
77110bbed
770fcbbf8
770ecbc04
770d8bc10
770c4bc1b
770b4bc27
770a0bc33
77090bc3f
7707cbc4a
77068bc56
77058bc62
77044bc6d
77030bc79
77020bc85
7700cbc90
76ffcbc9c
76fe8bca8
76fd4bcb3
76fc4bcbf
76fb0bccb
76f9cbcd6
76f8cbce2
76f78bcee
76f64bcf9
76f54bd05
76f40bd11
76f30bd1c
76f1cbd28
76f08bd34
76ef8bd40
76ee4bd4b
76ed0bd57
76ec0bd63
76eacbd6e
76e98bd7a
76e88bd86
76e74bd91
76e60bd9d
76e50bda9
76e3cbdb4
76e28bdc0
76e18bdcc
76e04bdd7
76df0bde3
76de0bdef
76dccbdfa
76db8be06
76da8be12
76d94be1d
76d80be29
76d70be35
76d5cbe40
76d48be4c
76d38be58
76d24be63
76d10be6f
76d00be7b
76cecbe86
76cd8be92
76cc8be9e
76cb4bea9
76ca0beb5
76c90bec1
76c7cbecc
76c68bed8
76c58bee4
76c44beef
76c30befb
76c20bf07
76c0cbf12
76bf8bf1e
76be8bf2a
76bd4bf35
76bc0bf41
76bacbf4d
76b9cbf58
76b88bf64
76b74bf6f
76b64bf7b
76b50bf87
76b3cbf92
76b2cbf9e
76b18bfaa
76b04bfb5
76af0bfc1
76ae0bfcd
76accbfd8
76ab8bfe4
76aa8bff0
76a94bffb
76a80c007
76a6cc013
76a5cc01e
76a48c02a
76a34c036
76a24c041
76a10c04d
769fcc058
769e8c064
769d8c070
769c4c07b
769b0c087
769a0c093
7698cc09e
76978c0aa
76964c0b6
76954c0c1
76940c0cd
7692cc0d9
76918c0e4
76908c0f0
768f4c0fb
768e0c107
768ccc113
768bcc11e
768a8c12a
76894c136
76884c141
76870c14d
7685cc159
76848c164
76838c170
76824c17b
76810c187
767fcc193
767ecc19e
767d8c1aa
767c4c1b6
767b0c1c1
767a0c1cd
7678cc1d9
76778c1e4
76764c1f0
76750c1fb
76740c207
7672cc213
76718c21e
76704c22a
766f4c236
766e0c241
766ccc24d
766b8c258
766a8c264
76694c270
76680c27b
7666cc287
7665cc293
76648c29e
76634c2aa
76620c2b5
7660cc2c1
765fcc2cd
765e8c2d8
765d4c2e4
765c0c2f0
765acc2fb
7659cc307
76588c312
76574c31e
76560c32a
76550c335
7653cc341
76528c34d
76514c358
76500c364
764f0c36f
764dcc37b
764c8c387
764b4c392
764a0c39e
76490c3a9
7647cc3b5
76468c3c1
76454c3cc
76440c3d8
76430c3e3
7641cc3ef
76408c3fb
763f4c406
763e0c412
763ccc41e
763bcc429
763a8c435
76394c440
76380c44c
7636cc458
7635cc463
76348c46f
76334c47a
76320c486
7630cc492
762f8c49d
762e8c4a9
762d4c4b4
762c0c4c0
762acc4cc
76298c4d7
76288c4e3
76274c4ee
76260c4fa
7624cc506
76238c511
76224c51d
76210c528
76200c534
761ecc540
761d8c54b
761c4c557
761b0c562
7619cc56e
7618cc57a
76178c585
76164c591
76150c59c
7613cc5a8
76128c5b4
76114c5bf
76104c5cb
760f0c5d6
760dcc5e2
760c8c5ed
760b4c5f9
760a0c605
7608cc610
7607cc61c
76068c627
76054c633
76040c63f
7602cc64a
76018c656
76004c661
75ff4c66d
75fe0c679
75fccc684
75fb8c690
75fa4c69b
75f90c6a7
75f7cc6b2
75f68c6be
75f58c6ca
75f44c6d5
75f30c6e1
75f1cc6ec
75f08c6f8
75ef4c703
75ee0c70f
75eccc71b
75ebcc726
75ea8c732
75e94c73d
75e80c749
75e6cc755
75e58c760
75e44c76c
75e30c777
75e1cc783
75e08c78e
75df8c79a
75de4c7a6
75dd0c7b1
75dbcc7bd
75da8c7c8
75d94c7d4
75d80c7df
75d6cc7eb
75d58c7f7
75d44c802
75d34c80e
75d20c819
75d0cc825
75cf8c830
75ce4c83c
75cd0c847
75cbcc853
75ca8c85f
75c94c86a
75c80c876
75c6cc881
75c58c88d
75c48c898
75c34c8a4
75c20c8b0
75c0cc8bb
75bf8c8c7
75be4c8d2
75bd0c8de
75bbcc8e9
75ba8c8f5
75b94c900
75b80c90c
75b6cc918
75b58c923
75b44c92f
75b30c93a
75b20c946
75b0cc951
75af8c95d
75ae4c968
75ad0c974
75abcc980
75aa8c98b
75a94c997
75a80c9a2
75a6cc9ae
75a58c9b9
75a44c9c5
75a30c9d0
75a1cc9dc
75a08c9e8
759f4c9f3
759e0c9ff
759ccca0a
759b8ca16
759a4ca21
75994ca2d
75980ca38
7596cca44
75958ca4f
75944ca5b
75930ca67
7591cca72
75908ca7e
758f4ca89
758e0ca95
758cccaa0
758b8caac
758a4cab7
75890cac3
7587ccace
75868cada
75854cae5
75840caf1
7582ccafd
75818cb08
75804cb14
757f0cb1f
757dccb2b
757c8cb36
757b4cb42
757a0cb4d
7578ccb59
75778cb64
75764cb70
75750cb7b
7573ccb87
75728cb92
75714cb9e
75700cbaa
756eccbb5
756d8cbc1
756c4cbcc
756b0cbd8
7569ccbe3
75688cbef
75674cbfa
75660cc06
7564ccc11
75638cc1d
75624cc28
75610cc34
755fccc3f
755e8cc4b
755d4cc56
755c0cc62
755accc6d
75598cc79
75584cc85
75570cc90
7555ccc9c
75548cca7
75534ccb3
75520ccbe
7550cccca
754f8ccd5
754e4cce1
754d0ccec
754bcccf8
754a8cd03
75494cd0f
75480cd1a
7546ccd26
75458cd31
75444cd3d
75430cd48
75418cd54
75404cd5f
753f0cd6b
753dccd76
753c8cd82
753b4cd8d
753a0cd99
7538ccda4
75378cdb0
75364cdbb
75350cdc7
7533ccdd2
75328cdde
75314cde9
75300cdf5
752ecce00
752d8ce0c
752c4ce17
752b0ce23
7529cce2e
75284ce3a
75270ce45
7525cce51
75248ce5c
75234ce68
75220ce73
7520cce7f
751f8ce8a
751e4ce96
751d0cea1
751bccead
751a8ceb8
75194cec4
75180cecf
75168cedb
75154cee6
75140cef2
7512ccefd
75118cf09
75104cf14
750f0cf20
750dccf2b
750c8cf37
750b4cf42
750a0cf4e
7508ccf59
75074cf65
75060cf70
7504ccf7c
75038cf87
75024cf93
75010cf9e
74ffccfaa
74fe8cfb5
74fd4cfc1
74fc0cfcc
74faccfd8
74f94cfe3
74f80cfef
74f6ccffa
74f58d006
74f44d011
74f30d01d
74f1cd028
74f08d034
74ef4d03f
74edcd04a
74ec8d056
74eb4d061
74ea0d06d
74e8cd078
74e78d084
74e64d08f
74e50d09b
74e3cd0a6
74e24d0b2
74e10d0bd
74dfcd0c9
74de8d0d4
74dd4d0e0
74dc0d0eb
74dacd0f7
74d98d102
74d80d10e
74d6cd119
74d58d125
74d44d130
74d30d13b
74d1cd147
74d08d152
74cf0d15e
74cdcd169
74cc8d175
74cb4d180
74ca0d18c
74c8cd197
74c78d1a3
74c60d1ae
74c4cd1ba
74c38d1c5
74c24d1d1
74c10d1dc
74bfcd1e7
74be8d1f3
74bd0d1fe
74bbcd20a
74ba8d215
74b94d221
74b80d22c
74b6cd238
74b54d243
74b40d24f
74b2cd25a
74b18d265
74b04d271
74af0d27c
74ad8d288
74ac4d293
74ab0d29f
74a9cd2aa
74a88d2b6
74a74d2c1
74a5cd2cd
74a48d2d8
74a34d2e3
74a20d2ef
74a0cd2fa
749f8d306
749e0d311
749ccd31d
749b8d328
749a4d334
74990d33f
74978d34b
74964d356
74950d361
7493cd36d
74928d378
74914d384
748fcd38f
748e8d39b
748d4d3a6
748c0d3b2
748acd3bd
74894d3c8
74880d3d4
7486cd3df
74858d3eb
74844d3f6
7482cd402
74818d40d
74804d418
747f0d424
747dcd42f
747c4d43b
747b0d446
7479cd452
74788d45d
74770d469
7475cd474
74748d47f
74734d48b
74720d496
74708d4a2
746f4d4ad
746e0d4b9
746ccd4c4
746b8d4cf
746a0d4db
7468cd4e6
74678d4f2
74664d4fd
7464cd509
74638d514
74624d51f
74610d52b
745f8d536
745e4d542
745d0d54d
745bcd559
745a8d564
74590d56f
7457cd57b
74568d586
74554d592
7453cd59d
74528d5a8
74514d5b4
74500d5bf
744e8d5cb
744d4d5d6
744c0d5e2
744acd5ed
74494d5f8
74480d604
7446cd60f
74458d61b
74440d626
7442cd631
74418d63d
74404d648
743ecd654
743d8d65f
743c4d66b
743b0d676
74398d681
74384d68d
74370d698
74358d6a4
74344d6af
74330d6ba
7431cd6c6
74304d6d1
742f0d6dd
742dcd6e8
742c8d6f3
742b0d6ff
7429cd70a
74288d716
74270d721
7425cd72c
74248d738
74234d743
7421cd74f
74208d75a
741f4d765
741dcd771
741c8d77c
741b4d788
741a0d793
74188d79e
74174d7aa
74160d7b5
74148d7c1
74134d7cc
74120d7d7
7410cd7e3
740f4d7ee
740e0d7fa
740ccd805
740b4d810
740a0d81c
7408cd827
74074d833
74060d83e
7404cd849
74034d855
74020d860
7400cd86c
73ff8d877
73fe0d882
73fccd88e
73fb8d899
73fa0d8a4
73f8cd8b0
73f78d8bb
73f60d8c7
73f4cd8d2
73f38d8dd
73f20d8e9
73f0cd8f4
73ef8d900
73ee0d90b
73eccd916
73eb8d922
73ea0d92d
73e8cd938
73e78d944
73e60d94f
73e4cd95b
73e38d966
73e20d971
73e0cd97d
73df8d988
73de0d993
73dccd99f
73db8d9aa
73da0d9b6
73d8cd9c1
73d78d9cc
73d60d9d8
73d4cd9e3
73d38d9ee
73d20d9fa
73d0cda05
73cf8da11
73ce0da1c
73cccda27
73cb8da33
73ca0da3e
73c8cda49
73c74da55
73c60da60
73c4cda6c
73c34da77
73c20da82
73c0cda8e
73bf4da99
73be0daa4
73bccdab0
73bb4dabb
73ba0dac6
73b88dad2
73b74dadd
73b60dae9
73b48daf4
73b34daff
73b20db0b
73b08db16
73af4db21
73adcdb2d
73ac8db38
73ab4db43
73a9cdb4f
73a88db5a
73a74db65
73a5cdb71
73a48db7c
73a30db87
73a1cdb93
73a08db9e
739f0dbaa
739dcdbb5
739c4dbc0
739b0dbcc
7399cdbd7
73984dbe2
73970dbee
73958dbf9
73944dc04
73930dc10
73918dc1b
73904dc26
738ecdc32
738d8dc3d
738c4dc48
738acdc54
73898dc5f
73880dc6a
7386cdc76
73858dc81
73840dc8c
7382cdc98
73814dca3
73800dcae
737e8dcba
737d4dcc5
737c0dcd0
737a8dcdc
73794dce7
7377cdcf3
73768dcfe
73754dd09
7373cdd15
73728dd20
73710dd2b
736fcdd37
736e4dd42
736d0dd4d
736bcdd59
736a4dd64
73690dd6f
73678dd7b
73664dd86
7364cdd91
73638dd9c
73620dda8
7360cddb3
735f8ddbe
735e0ddca
735ccddd5
735b4dde0
735a0ddec
73588ddf7
73574de02
7355cde0e
73548de19
73534de24
7351cde30
73508de3b
734f0de46
734dcde52
734c4de5d
734b0de68
73498de74
73484de7f
7346cde8a
73458de96
73444dea1
7342cdeac
73418deb8
73400dec3
733ecdece
733d4ded9
733c0dee5
733a8def0
73394defb
7337cdf07
73368df12
73350df1d
7333cdf29
73324df34
73310df3f
732f8df4b
732e4df56
732ccdf61
732b8df6d
732a4df78
7328cdf83
73278df8e
73260df9a
7324cdfa5
73234dfb0
73220dfbc
73208dfc7
731f4dfd2
731dcdfde
731c8dfe9
731b0dff4
7319cdfff
73184e00b
73170e016
73158e021
73144e02d
7312ce038
73118e043
73100e04f
730ece05a
730d4e065
730c0e070
730a8e07c
73094e087
7307ce092
73068e09e
73050e0a9
7303ce0b4
73024e0bf
7300ce0cb
72ff8e0d6
72fe0e0e1
72fcce0ed
72fb4e0f8
72fa0e103
72f88e10e
72f74e11a
72f5ce125
72f48e130
72f30e13c
72f1ce147
72f04e152
72ef0e15d
72ed8e169
72ec4e174
72eace17f
72e98e18b
72e80e196
72e68e1a1
72e54e1ac
72e3ce1b8
72e28e1c3
72e10e1ce
72dfce1da
72de4e1e5
72dd0e1f0
72db8e1fb
72da4e207
72d8ce212
72d74e21d
72d60e229
72d48e234
72d34e23f
72d1ce24a
72d08e256
72cf0e261
72cdce26c
72cc4e277
72cace283
72c98e28e
72c80e299
72c6ce2a4
72c54e2b0
72c40e2bb
72c28e2c6
72c14e2d2
72bfce2dd
72be4e2e8
72bd0e2f3
72bb8e2ff
72ba4e30a
72b8ce315
72b78e320
72b60e32c
72b48e337
72b34e342
72b1ce34d
72b08e359
72af0e364
72adce36f
72ac4e37a
72aace386
72a98e391
72a80e39c
72a6ce3a8
72a54e3b3
72a3ce3be
72a28e3c9
72a10e3d5
729fce3e0
729e4e3eb
729cce3f6
729b8e402
729a0e40d
7298ce418
72974e423
7295ce42f
72948e43a
72930e445
7291ce450
72904e45c
728ece467
728d8e472
728c0e47d
728ace489
72894e494
7287ce49f
72868e4aa
72850e4b6
7283ce4c1
72824e4cc
7280ce4d7
727f8e4e2
727e0e4ee
727c8e4f9
727b4e504
7279ce50f
72788e51b
72770e526
72758e531
72744e53c
7272ce548
72714e553
72700e55e
726e8e569
726d4e575
726bce580
726a4e58b
72690e596
72678e5a1
72660e5ad
7264ce5b8
72634e5c3
72620e5ce
72608e5da
725f0e5e5
725dce5f0
725c4e5fb
725ace607
72598e612
72580e61d
72568e628
72554e633
7253ce63f
72524e64a
72510e655
724f8e660
724e0e66c
724cce677
724b4e682
7249ce68d
72488e698
72470e6a4
72458e6af
72444e6ba
7242ce6c5
72414e6d1
72400e6dc
723e8e6e7
723d0e6f2
723bce6fd
723a4e709
7238ce714
72378e71f
72360e72a
72348e735
72334e741
7231ce74c
72304e757
722f0e762
722d8e76e
722c0e779
722ace784
72294e78f
7227ce79a
72268e7a6
72250e7b1
72238e7bc
72224e7c7
7220ce7d2
721f4e7de
721e0e7e9
721c8e7f4
721b0e7ff
72198e80a
72184e816
7216ce821
72154e82c
72140e837
72128e842
72110e84e
720fce859
720e4e864
720cce86f
720b4e87a
720a0e886
72088e891
72070e89c
7205ce8a7
72044e8b2
7202ce8be
72014e8c9
72000e8d4
71fe8e8df
71fd0e8ea
71fbce8f6
71fa4e901
71f8ce90c
71f74e917
71f60e922
71f48e92d
71f30e939
71f1ce944
71f04e94f
71eece95a
71ed4e965
71ec0e971
71ea8e97c
71e90e987
71e78e992
71e64e99d
71e4ce9a8
71e34e9b4
71e20e9bf
71e08e9ca
71df0e9d5
71dd8e9e0
71dc4e9ec
71dace9f7
71d94ea02
71d7cea0d
71d68ea18
71d50ea23
71d38ea2f
71d20ea3a
71d0cea45
71cf4ea50
71cdcea5b
71cc4ea67
71cb0ea72
71c98ea7d
71c80ea88
71c68ea93
71c54ea9e
71c3ceaaa
71c24eab5
71c0ceac0
71bf8eacb
71be0ead6
71bc8eae1
71bb0eaed
71b98eaf8
71b84eb03
71b6ceb0e
71b54eb19
71b3ceb24
71b28eb30
71b10eb3b
71af8eb46
71ae0eb51
71acceb5c
71ab4eb67
71a9ceb72
71a84eb7e
71a6ceb89
71a58eb94
71a40eb9f
71a28ebaa
71a10ebb5
719f8ebc1
719e4ebcc
719ccebd7
719b4ebe2
7199cebed
71988ebf8
71970ec03
71958ec0f
71940ec1a
71928ec25
71914ec30
718fcec3b
718e4ec46
718ccec52
718b4ec5d
718a0ec68
71888ec73
71870ec7e
71858ec89
71840ec94
7182ceca0
71814ecab
717fcecb6
717e4ecc1
717cceccc
717b4ecd7
717a0ece2
71788ecee
71770ecf9
71758ed04
71740ed0f
7172ced1a
71714ed25
716fced30
716e4ed3c
716cced47
716b4ed52
716a0ed5d
71688ed68
71670ed73
71658ed7e
71640ed89
7162ced95
71614eda0
715fcedab
715e4edb6
715ccedc1
715b4edcc
715a0edd7
71588ede3
71570edee
71558edf9
71540ee04
71528ee0f
71510ee1a
714fcee25
714e4ee30
714ccee3c
714b4ee47
7149cee52
71484ee5d
71470ee68
71458ee73
71440ee7e
71428ee89
71410ee94
713f8eea0
713e0eeab
713cceeb6
713b4eec1
7139ceecc
71384eed7
7136ceee2
71354eeed
7133ceef9
71328ef04
71310ef0f
712f8ef1a
712e0ef25
712c8ef30
712b0ef3b
71298ef46
71280ef51
7126cef5d
71254ef68
7123cef73
71224ef7e
7120cef89
711f4ef94
711dcef9f
711c4efaa
711b0efb5
71198efc0
71180efcc
71168efd7
71150efe2
71138efed
71120eff8
71108f003
710f0f00e
710dcf019
710c4f024
710acf02f
71094f03b
7107cf046
71064f051
7104cf05c
71034f067
7101cf072
71004f07d
70ff0f088
70fd8f093
70fc0f09e
70fa8f0aa
70f90f0b5
70f78f0c0
70f60f0cb
70f48f0d6
70f30f0e1
70f18f0ec
70f00f0f7
70eecf102
70ed4f10d
70ebcf118
70ea4f123
70e8cf12f
70e74f13a
70e5cf145
70e44f150
70e2cf15b
70e14f166
70dfcf171
70de4f17c
70dccf187
70db8f192
70da0f19d
70d88f1a8
70d70f1b4
70d58f1bf
70d40f1ca
70d28f1d5
70d10f1e0
70cf8f1eb
70ce0f1f6
70cc8f201
70cb0f20c
70c98f217
70c80f222
70c68f22d
70c50f238
70c3cf244
70c24f24f
70c0cf25a
70bf4f265
70bdcf270
70bc4f27b
70bacf286
70b94f291
70b7cf29c
70b64f2a7
70b4cf2b2
70b34f2bd
70b1cf2c8
70b04f2d3
70aecf2de
70ad4f2ea
70abcf2f5
70aa4f300
70a8cf30b
70a74f316
70a5cf321
70a44f32c
70a2cf337
70a18f342
70a00f34d
709e8f358
709d0f363
709b8f36e
709a0f379
70988f384
70970f38f
70958f39a
70940f3a5
70928f3b1
70910f3bc
708f8f3c7
708e0f3d2
708c8f3dd
708b0f3e8
70898f3f3
70880f3fe
70868f409
70850f414
70838f41f
70820f42a
70808f435
707f0f440
707d8f44b
707c0f456
707a8f461
70790f46c
70778f477
70760f482
70748f48d
70730f498
70718f4a4
70700f4af
706e8f4ba
706d0f4c5
706b8f4d0
706a0f4db
70688f4e6
70670f4f1
70658f4fc
70640f507
70628f512
70610f51d
705f8f528
705e0f533
705c8f53e
705b0f549
70598f554
70580f55f
70568f56a
70550f575
70538f580
70520f58b
70508f596
704f0f5a1
704d8f5ac
704bcf5b7
704a4f5c2
7048cf5cd
70474f5d8
7045cf5e3
70444f5ee
7042cf5f9
70414f604
703fcf610
703e4f61b
703ccf626
703b4f631
7039cf63c
70384f647
7036cf652
70354f65d
7033cf668
70324f673
7030cf67e
702f4f689
702dcf694
702c4f69f
702acf6aa
70290f6b5
70278f6c0
70260f6cb
70248f6d6
70230f6e1
70218f6ec
70200f6f7
701e8f702
701d0f70d
701b8f718
701a0f723
70188f72e
70170f739
70158f744
70140f74f
70128f75a
7010cf765
700f4f770
700dcf77b
700c4f786
700acf791
70094f79c
7007cf7a7
70064f7b2
7004cf7bd
70034f7c8
7001cf7d3
70004f7de
6ffecf7e9
6ffd0f7f4
6ffb8f7ff
6ffa0f80a
6ff88f815
6ff70f820
6ff58f82b
6ff40f836
6ff28f841
6ff10f84c
6fef8f857
6fee0f862
6fec4f86d
6feacf878
6fe94f883
6fe7cf88e
6fe64f899
6fe4cf8a4
6fe34f8af
6fe1cf8ba
6fe04f8c5
6fdecf8d0
6fdd0f8db
6fdb8f8e6
6fda0f8f1
6fd88f8fc
6fd70f907
6fd58f911
6fd40f91c
6fd28f927
6fd10f932
6fcf4f93d
6fcdcf948
6fcc4f953
6fcacf95e
6fc94f969
6fc7cf974
6fc64f97f
6fc4cf98a
6fc30f995
6fc18f9a0
6fc00f9ab
6fbe8f9b6
6fbd0f9c1
6fbb8f9cc
6fba0f9d7
6fb88f9e2
6fb6cf9ed
6fb54f9f8
6fb3cfa03
6fb24fa0e
6fb0cfa19
6faf4fa24
6fadcfa2f
6fac0fa3a
6faa8fa45
6fa90fa50
6fa78fa5b
6fa60fa66
6fa48fa71
6fa30fa7b
6fa14fa86
6f9fcfa91
6f9e4fa9c
6f9ccfaa7
6f9b4fab2
6f99cfabd
6f980fac8
6f968fad3
6f950fade
6f938fae9
6f920faf4
6f908faff
6f8f0fb0a
6f8d4fb15
6f8bcfb20
6f8a4fb2b
6f88cfb36
6f874fb41
6f85cfb4c
6f840fb57
6f828fb62
6f810fb6c
6f7f8fb77
6f7e0fb82
6f7c8fb8d
6f7acfb98
6f794fba3
6f77cfbae
6f764fbb9
6f74cfbc4
6f730fbcf
6f718fbda
6f700fbe5
6f6e8fbf0
6f6d0fbfb
6f6b8fc06
6f69cfc11
6f684fc1c
6f66cfc26
6f654fc31
6f63cfc3c
6f620fc47
6f608fc52
6f5f0fc5d
6f5d8fc68
6f5c0fc73
6f5a4fc7e
6f58cfc89
6f574fc94
6f55cfc9f
6f544fcaa
6f528fcb5
6f510fcc0
6f4f8fcca
6f4e0fcd5
6f4c8fce0
6f4acfceb
6f494fcf6
6f47cfd01
6f464fd0c
6f44cfd17
6f430fd22
6f418fd2d
6f400fd38
6f3e8fd43
6f3d0fd4e
6f3b4fd58
6f39cfd63
6f384fd6e
6f36cfd79
6f350fd84
6f338fd8f
6f320fd9a
6f308fda5
6f2f0fdb0
6f2d4fdbb
6f2bcfdc6
6f2a4fdd1
6f28cfddb
6f270fde6
6f258fdf1
6f240fdfc
6f228fe07
6f20cfe12
6f1f4fe1d
6f1dcfe28
6f1c4fe33
6f1a8fe3e
6f190fe49
6f178fe53
6f160fe5e
6f148fe69
6f12cfe74
6f114fe7f
6f0fcfe8a
6f0e4fe95
6f0c8fea0
6f0b0feab
6f098feb6
6f080fec1
6f064fecb
6f04cfed6
6f034fee1
6f01cfeec
6f000fef7
6efe8ff02
6efd0ff0d
6efb4ff18
6ef9cff23
6ef84ff2d
6ef6cff38
6ef50ff43
6ef38ff4e
6ef20ff59
6ef08ff64
6eeecff6f
6eed4ff7a
6eebcff85
6eea4ff90
6ee88ff9a
6ee70ffa5
6ee58ffb0
6ee3cffbb
6ee24ffc6
6ee0cffd1
6edf4ffdc
6edd8ffe7
6edc0fff1
6eda8fffc
6ed8d0007
6ed750012
6ed5d001d
6ed450028
6ed290033
6ed11003e
6ecf90049
6ecdd0053
6ecc5005e
6ecad0069
6ec950074
6ec79007f
6ec61008a
6ec490095
6ec2d00a0
6ec1500aa
6ebfd00b5
6ebe500c0
6ebc900cb
6ebb100d6
6eb9900e1
6eb7d00ec
6eb6500f7
6eb4d0101
6eb31010c
6eb190117
6eb010122
6eae5012d
6eacd0138
6eab50143
6ea9d014d
6ea810158
6ea690163
6ea51016e
6ea350179
6ea1d0184
6ea05018f
6e9e90199
6e9d101a4
6e9b901af
6e99d01ba
6e98501c5
6e96d01d0
6e95101db
6e93901e5
6e92101f0
6e90501fb
6e8ed0206
6e8d50211
6e8b9021c
6e8a10227
6e8890231
6e86d023c
6e8550247
6e83d0252
6e821025d
6e8090268
6e7f10273
6e7d5027d
6e7bd0288
6e7a50293
6e789029e
6e77102a9
6e75902b4
6e73d02be
6e72502c9
6e70902d4
6e6f102df
6e6d902ea
6e6bd02f5
6e6a50300
6e68d030a
6e6710315
6e6590320
6e641032b
6e6250336
6e60d0341
6e5f5034b
6e5d90356
6e5c10361
6e5a5036c
6e58d0377
6e5750382
6e559038c
6e5410397
6e52903a2
6e50d03ad
6e4f503b8
6e4d903c3
6e4c103cd
6e4a903d8
6e48d03e3
6e47503ee
6e45d03f9
6e4410404
6e429040e
6e40d0419
6e3f50424
6e3dd042f
6e3c1043a
6e3a90444
6e391044f
6e375045a
6e35d0465
6e3410470
6e329047b
6e3110485
6e2f50490
6e2dd049b
6e2c104a6
6e2a904b1
6e29104bb
6e27504c6
6e25d04d1
6e24104dc
6e22904e7
6e21104f2
6e1f504fc
6e1dd0507
6e1c10512
6e1a9051d
6e1910528
6e1750532
6e15d053d
6e1410548
6e1290553
6e10d055e
6e0f50568
6e0dd0573
6e0c1057e
6e0a90589
6e08d0594
6e075059e
6e05d05a9
6e04105b4
6e02905bf
6e00d05ca
6dff505d4
6dfd905df
6dfc105ea
6dfa905f5
6df8d0600
6df75060a
6df590615
6df410620
6df25062b
6df0d0636
6def50640
6ded9064b
6dec10656
6dea50661
6de8d066c
6de710676
6de590681
6de3d068c
6de250697
6de0d06a2
6ddf106ac
6ddd906b7
6ddbd06c2
6dda506cd
6dd8906d7
6dd7106e2
6dd5506ed
6dd3d06f8
6dd210703
6dd09070d
6dcf10718
6dcd50723
6dcbd072e
6dca10738
6dc890743
6dc6d074e
6dc550759
6dc390764
6dc21076e
6dc050779
6dbed0784
6dbd1078f
6dbb90799
6dba107a4
6db8507af
6db6d07ba
6db5107c5
6db3907cf
6db1d07da
6db0507e5
6dae907f0
6dad107fa
6dab50805
6da9d0810
6da81081b
6da690825
6da4d0830
6da35083b
6da190846
6da010851
6d9e5085b
6d9cd0866
6d9b10871
6d999087c
6d97d0886
6d9650891
6d949089c
6d93108a7
6d91508b1
6d8fd08bc
6d8e108c7
6d8c908d2
6d8ad08dc
6d89508e7
6d87908f2
6d86108fd
6d8450907
6d82d0912
6d811091d
6d7f90928
6d7dd0932
6d7c5093d
6d7a90948
6d7910953
6d775095d
6d75d0968
6d7410973
6d729097e
6d70d0988
6d6f50993
6d6d9099e
6d6c109a9
6d6a509b3
6d68d09be
6d67109c9
6d65909d4
6d63d09de
6d62509e9
6d60909f4
6d5f109ff
6d5d50a09
6d5bd0a14
6d5a10a1f
6d5850a29
6d56d0a34
6d5510a3f
6d5390a4a
6d51d0a54
6d5050a5f
6d4e90a6a
6d4d10a75
6d4b50a7f
6d49d0a8a
6d4810a95
6d4690a9f
6d44d0aaa
6d4310ab5
6d4190ac0
6d3fd0aca
6d3e50ad5
6d3c90ae0
6d3b10aeb
6d3950af5
6d37d0b00
6d3610b0b
6d3450b15
6d32d0b20
6d3110b2b
6d2f90b36
6d2dd0b40
6d2c50b4b
6d2a90b56
6d2910b60
6d2750b6b
6d2590b76
6d2410b81
6d2250b8b
6d20d0b96
6d1f10ba1
6d1d90bac
6d1bd0bb6
6d1a10bc1
6d1890bcc
6d16d0bd6
6d1550be1
6d1390bec
6d1210bf6
6d1050c01
6d0e90c0c
6d0d10c17
6d0b50c21
6d09d0c2c
6d0810c37
6d0690c41
6d04d0c4c
6d0310c57
6d0190c62
6cffd0c6c
6cfe50c77
6cfc90c82
6cfad0c8c
6cf950c97
6cf790ca2
6cf610cac
6cf450cb7
6cf290cc2
6cf110ccd
6cef50cd7
6cedd0ce2
6cec10ced
6cea50cf7
6ce8d0d02
6ce710d0d
6ce590d17
6ce3d0d22
6ce210d2d
6ce090d37
6cded0d42
6cdd50d4d
6cdb90d57
6cd9d0d62
6cd850d6d
6cd690d78
6cd510d82
6cd350d8d
6cd190d98
6cd010da2
6cce50dad
6ccc90db8
6ccb10dc2
6cc950dcd
6cc7d0dd8
6cc610de2
6cc450ded
6cc2d0df8
6cc110e02
6cbf50e0d
6cbdd0e18
6cbc10e22
6cba90e2d
6cb8d0e38
6cb710e42
6cb590e4d
6cb3d0e58
6cb210e62
6cb090e6d
6caed0e78
6cad50e82
6cab90e8d
6ca9d0e98
6ca850ea2
6ca690ead
6ca4d0eb8
6ca350ec2
6ca190ecd
6c9fd0ed8
6c9e50ee2
6c9c90eed
6c9ad0ef8
6c9950f02
6c9790f0d
6c95d0f18
6c9450f22
6c9290f2d
6c90d0f38
6c8f50f42
6c8d90f4d
6c8c10f58
6c8a50f62
6c8890f6d
6c8710f78
6c8550f82
6c8390f8d
6c8210f98
6c8050fa2
6c7e90fad
6c7d10fb8
6c7b50fc2
6c7990fcd
6c7810fd8
6c7650fe2
6c7490fed
6c7310ff8
6c7151002
6c6f9100d
6c6dd1017
6c6c51022
6c6a9102d
6c68d1037
6c6751042
6c659104d
6c63d1057
6c6251062
6c609106d
6c5ed1077
6c5d51082
6c5b9108d
6c59d1097
6c58510a2
6c56910ac
6c54d10b7
6c53110c2
6c51910cc
6c4fd10d7
6c4e110e2
6c4c910ec
6c4ad10f7
6c4911101
6c479110c
6c45d1117
6c4411121
6c425112c
6c40d1137
6c3f11141
6c3d5114c
6c3bd1157
6c3a11161
6c385116c
6c36d1176
6c3511181
6c335118c
6c3191196
6c30111a1
6c2e511ab
6c2c911b6
6c2b111c1
6c29511cb
6c27911d6
6c25d11e1
6c24511eb
6c22911f6
6c20d1200
6c1f1120b
6c1d91216
6c1bd1220
6c1a1122b
6c1891236
6c16d1240
6c151124b
6c1351255
6c11d1260
6c101126b
6c0e51275
6c0c91280
6c0b1128a
6c0951295
6c07912a0
6c05d12aa
6c04512b5
6c02912bf
6c00d12ca
6bff112d5
6bfd912df
6bfbd12ea
6bfa112f4
6bf8912ff
6bf6d130a
6bf511314
6bf35131f
6bf191329
6bf011334
6bee5133f
6bec91349
6bead1354
6be95135e
6be791369
6be5d1374
6be41137e
6be291389
6be0d1393
6bdf1139e
6bdd513a9
6bdbd13b3
6bda113be
6bd8513c8
6bd6913d3
6bd5113dd
6bd3513e8
6bd1913f3
6bcfd13fd
6bce11408
6bcc91412
6bcad141d
6bc911428
6bc751432
6bc5d143d
6bc411447
6bc251452
6bc09145c
6bbed1467
6bbd51472
6bbb9147c
6bb9d1487
6bb811491
6bb69149c
6bb4d14a7
6bb3114b1
6bb1514bc
6baf914c6
6bae114d1
6bac514db
6baa914e6
6ba8d14f1
6ba7114fb
6ba591506
6ba3d1510
6ba21151b
6ba051525
6b9e91530
6b9d1153a
6b9b51545
6b9991550
6b97d155a
6b9611565
6b949156f
6b92d157a
6b9111584
6b8f5158f
6b8d9159a
6b8bd15a4
6b8a515af
6b88915b9
6b86d15c4
6b85115ce
6b83515d9
6b81d15e3
6b80115ee
6b7e515f9
6b7c91603
6b7ad160e
6b7911618
6b7791623
6b75d162d
6b7411638
6b7251642
6b709164d
6b6ed1657
6b6d51662
6b6b9166d
6b69d1677
6b6811682
6b665168c
6b6491697
6b63116a1
6b61516ac
6b5f916b6
6b5dd16c1
6b5c116cb
6b5a516d6
6b58d16e1
6b57116eb
6b55516f6
6b5391700
6b51d170b
6b5011715
6b4e51720
6b4cd172a
6b4b11735
6b495173f
6b479174a
6b45d1754
6b441175f
6b4291769
6b40d1774
6b3f1177f
6b3d51789
6b3b91794
6b39d179e
6b38117a9
6b36517b3
6b34d17be
6b33117c8
6b31517d3
6b2f917dd
6b2dd17e8
6b2c117f2
6b2a517fd
6b28d1807
6b2711812
6b255181c
6b2391827
6b21d1831
6b201183c
6b1e51846
6b1c91851
6b1b1185c
6b1951866
6b1791871
6b15d187b
6b1411886
6b1251890
6b109189b
6b0ed18a5
6b0d118b0
6b0b918ba
6b09d18c5
6b08118cf
6b06518da
6b04918e4
6b02d18ef
6b01118f9
6aff51904
6afd9190e
6afbd1919
6afa51923
6af89192e
6af6d1938
6af511943
6af35194d
6af191958
6aefd1962
6aee1196d
6aec51977
6aea91982
6ae91198c
6ae751997
6ae5919a1
6ae3d19ac
6ae2119b6
6ae0519c1
6ade919cb
6adcd19d6
6adb119e0
6ad9519eb
6ad7919f5
6ad5d1a00
6ad451a0a
6ad291a15
6ad0d1a1f
6acf11a2a
6acd51a34
6acb91a3f
6ac9d1a49
6ac811a53
6ac651a5e
6ac491a68
6ac2d1a73
6ac111a7d
6abf51a88
6abd91a92
6abc11a9d
6aba51aa7
6ab891ab2
6ab6d1abc
6ab511ac7
6ab351ad1
6ab191adc
6aafd1ae6
6aae11af1
6aac51afb
6aaa91b06
6aa8d1b10
6aa711b1b
6aa551b25
6aa391b2f
6aa1d1b3a
6aa011b44
6a9e51b4f
6a9cd1b59
6a9b11b64
6a9951b6e
6a9791b79
6a95d1b83
6a9411b8e
6a9251b98
6a9091ba3
6a8ed1bad
6a8d11bb8
6a8b51bc2
6a8991bcc
6a87d1bd7
6a8611be1
6a8451bec
6a8291bf6
6a80d1c01
6a7f11c0b
6a7d51c16
6a7b91c20
6a79d1c2b
6a7811c35
6a7651c3f
6a7491c4a
6a72d1c54
6a7111c5f
6a6f51c69
6a6d91c74
6a6bd1c7e
6a6a11c89
6a6851c93
6a6691c9d
6a64d1ca8
6a6311cb2
6a6151cbd
6a5fd1cc7
6a5e11cd2
6a5c51cdc
6a5a91ce7
6a58d1cf1
6a5711cfb
6a5551d06
6a5391d10
6a51d1d1b
6a5011d25
6a4e51d30
6a4c91d3a
6a4ad1d45
6a4911d4f
6a4751d59
6a4591d64
6a43d1d6e
6a4211d79
6a4051d83
6a3e91d8e
6a3cd1d98
6a3b11da2
6a3911dad
6a3751db7
6a3591dc2
6a33d1dcc
6a3211dd7
6a3051de1
6a2e91deb
6a2cd1df6
6a2b11e00
6a2951e0b
6a2791e15
6a25d1e20
6a2411e2a
6a2251e34
6a2091e3f
6a1ed1e49
6a1d11e54
6a1b51e5e
6a1991e68
6a17d1e73
6a1611e7d
6a1451e88
6a1291e92
6a10d1e9d
6a0f11ea7
6a0d51eb1
6a0b91ebc
6a09d1ec6
6a0811ed1
6a0651edb
6a0491ee5
6a02d1ef0
6a0111efa
69ff51f05
69fd91f0f
69fb91f19
69f9d1f24
69f811f2e
69f651f39
69f491f43
69f2d1f4d
69f111f58
69ef51f62
69ed91f6d
69ebd1f77
69ea11f81
69e851f8c
69e691f96
69e4d1fa1
69e311fab
69e151fb5
69df91fc0
69ddd1fca
69dbd1fd5
69da11fdf
69d851fe9
69d691ff4
69d4d1ffe
69d312009
69d152013
69cf9201d
69cdd2028
69cc12032
69ca5203d
69c892047
69c6d2051
69c51205c
69c312066
69c152070
69bf9207b
69bdd2085
69bc12090
69ba5209a
69b8920a4
69b6d20af
69b5120b9
69b3520c3
69b1920ce
69afd20d8
69add20e3
69ac120ed
69aa520f7
69a892102
69a6d210c
69a512116
69a352121
69a19212b
699fd2136
699e12140
699c5214a
699a52155
69989215f
6996d2169
699512174
69935217e
699192189
698fd2193
698e1219d
698c521a8
698a521b2
6988921bc
6986d21c7
6985121d1
6983521db
6981921e6
697fd21f0
697e121fa
697c52205
697a5220f
69789221a
6976d2224
69751222e
697352239
697192243
696fd224d
696e12258
696c12262
696a5226c
696892277
6966d2281
69651228b
696352296
6961922a0
695fd22aa
695dd22b5
695c122bf
695a522c9
6958922d4
6956d22de
6955122e8
6953522f3
6951522fd
694f92308
694dd2312
694c1231c
694a52327
694892331
6946d233b
6944d2346
694312350
69415235a
693f92365
693dd236f
693c12379
693a12384
69385238e
693692398
6934d23a3
6933123ad
6931523b7
692f923c2
692d923cc
692bd23d6
692a123e0
6928523eb
6926923f5
6924d23ff
6922d240a
692112414
691f5241e
691d92429
691bd2433
691a1243d
691812448
691652452
69149245c
6912d2467
691112471
690f1247b
690d52486
690b92490
6909d249a
6908124a5
6906524af
6904524b9
6902924c3
6900d24ce
68ff124d8
68fd524e2
68fb524ed
68f9924f7
68f7d2501
68f61250c
68f452516
68f292520
68f09252b
68eed2535
68ed1253f
68eb52549
68e992554
68e79255e
68e5d2568
68e412573
68e25257d
68e092587
68de92592
68dcd259c
68db125a6
68d9525b0
68d7525bb
68d5925c5
68d3d25cf
68d2125da
68d0525e4
68ce525ee
68cc925f8
68cad2603
68c91260d
68c752617
68c552622
68c39262c
68c1d2636
68c012640
68be1264b
68bc52655
68ba9265f
68b8d266a
68b712674
68b51267e
68b352688
68b192693
68afd269d
68add26a7
68ac126b2
68aa526bc
68a8926c6
68a6926d0
68a4d26db
68a3126e5
68a1526ef
689f926f9
689d92704
689bd270e
689a12718
689852723
68965272d
689492737
6892d2741
68911274c
688f12756
688d52760
688b9276a
6889d2775
6887d277f
688612789
688452793
68829279e
6880927a8
687ed27b2
687d127bc
687b527c7
6879527d1
6877927db
6875d27e5
6873d27f0
6872127fa
687052804
686e9280e
686c92819
686ad2823
68691282d
686752837
686552842
68639284c
6861d2856
686012860
685e1286b
685c52875
685a9287f
685892889
6856d2894
68551289e
6853528a8
6851528b2
684f928bd
684dd28c7
684bd28d1
684a128db
6848528e6
6846928f0
6844928fa
6842d2904
68411290f
683f12919
683d52923
683b9292d
6839d2938
6837d2942
68361294c
683452956
683252960
68309296b
682ed2975
682cd297f
682b12989
682952994
68279299e
6825929a8
6823d29b2
6822129bc
6820129c7
681e529d1
681c929db
681a929e5
6818d29f0
6817129fa
681512a04
681352a0e
681192a18
680fd2a23
680dd2a2d
680c12a37
680a52a41
680852a4c
680692a56
6804d2a60
6802d2a6a
680112a74
67ff52a7f
67fd52a89
67fb92a93
67f9d2a9d
67f7d2aa7
67f612ab2
67f452abc
67f252ac6
67f092ad0
67eed2ada
67ecd2ae5
67eb12aef
67e952af9
67e752b03
67e592b0d
67e3d2b18
67e1d2b22
67e012b2c
67de52b36
67dc52b40
67da92b4b
67d8d2b55
67d6d2b5f
67d512b69
67d352b73
67d152b7e
67cf92b88
67cd92b92
67cbd2b9c
67ca12ba6
67c812bb1
67c652bbb
67c492bc5
67c292bcf
67c0d2bd9
67bf12be4
67bd12bee
67bb52bf8
67b992c02
67b792c0c
67b5d2c16
67b3d2c21
67b212c2b
67b052c35
67ae52c3f
67ac92c49
67aad2c54
67a8d2c5e
67a712c68
67a512c72
67a352c7c
67a192c86
679f92c91
679dd2c9b
679c12ca5
679a12caf
679852cb9
679652cc3
679492cce
6792d2cd8
6790d2ce2
678f12cec
678d52cf6
678b52d00
678992d0b
678792d15
6785d2d1f
678412d29
678212d33
678052d3d
677e52d48
677c92d52
677ad2d5c
6778d2d66
677712d70
677512d7a
677352d85
677192d8f
676f92d99
676dd2da3
676bd2dad
676a12db7
676852dc1
676652dcc
676492dd6
676292de0
6760d2dea
675f12df4
675d12dfe
675b52e08
675952e13
675792e1d
675592e27
6753d2e31
675212e3b
675012e45
674e52e4f
674c52e5a
674a92e64
6748d2e6e
6746d2e78
674512e82
674312e8c
674152e96
673f52ea1
673d92eab
673bd2eb5
6739d2ebf
673812ec9
673612ed3
673452edd
673252ee8
673092ef2
672ed2efc
672cd2f06
672b12f10
672912f1a
672752f24
672552f2e
672392f39
672192f43
671fd2f4d
671e12f57
671c12f61
671a52f6b
671852f75
671692f7f
671492f8a
6712d2f94
6710d2f9e
670f12fa8
670d52fb2
670b52fbc
670992fc6
670792fd0
6705d2fda
6703d2fe5
670212fef
670012ff9
66fe53003
66fc5300d
66fa93017
66f893021
66f6d302b
66f513035
66f313040
66f15304a
66ef53054
66ed9305e
66eb93068
66e9d3072
66e7d307c
66e613086
66e413090
66e25309b
66e0530a5
66de930af
66dc930b9
66dad30c3
66d8d30cd
66d7130d7
66d5130e1
66d3530eb
66d1930f5
66cf930ff
66cdd310a
66cbd3114
66ca1311e
66c813128
66c653132
66c45313c
66c293146
66c093150
66bed315a
66bcd3164
66bb1316e
66b913179
66b753183
66b55318d
66b393197
66b1931a1
66afd31ab
66add31b5
66ac131bf
66aa131c9
66a8531d3
66a6531dd
66a4931e7
66a2931f2
66a0d31fc
669ed3206
669d13210
669b1321a
669953224
66975322e
669553238
669393242
66919324c
668fd3256
668dd3260
668c1326a
668a13274
66885327f
668653289
668493293
66829329d
6680d32a7
667ed32b1
667d132bb
667b132c5
6679532cf
6677532d9
6675932e3
6673932ed
6671d32f7
666fd3301
666dd330b
666c13315
666a1331f
66685332a
666653334
66649333e
666293348
6660d3352
665ed335c
665d13366
665b13370
66591337a
665753384
66555338e
665393398
6651933a2
664fd33ac
664dd33b6
664c133c0
664a133ca
6648533d4
6646533de
6644533e8
6642933f2
6640933fd
663ed3407
663cd3411
663b1341b
663913425
66375342f
663553439
663353443
66319344d
662f93457
662dd3461
662bd346b
662a13475
66281347f
662613489
662453493
66225349d
6620934a7
661e934b1
661cd34bb
661ad34c5
6618d34cf
6617134d9
6615134e3
6613534ed
6611534f7
660f53501
660d9350b
660b93515
6609d351f
6607d3529
660613533
66041353d
660213547
660053551
65fe5355b
65fc93565
65fa9356f
65f893579
65f6d3583
65f4d358d
65f313597
65f1135a1
65ef135ac
65ed535b6
65eb535c0
65e9935ca
65e7935d4
65e5935de
65e3d35e8
65e1d35f2
65e0135fc
65de13606
65dc13610
65da5361a
65d853624
65d65362e
65d493638
65d293642
65d0d364c
65ced3656
65ccd3660
65cb1366a
65c913674
65c75367e
65c553687
65c353691
65c19369b
65bf936a5
65bd936af
65bbd36b9
65b9d36c3
65b8136cd
65b6136d7
65b4136e1
65b2536eb
65b0536f5
65ae536ff
65ac93709
65aa93713
65a8d371d
65a6d3727
65a4d3731
65a31373b
65a113745
659f1374f
659d53759
659b53763
65995376d
659793777
659593781
65939378b
6591d3795
658fd379f
658e137a9
658c137b3
658a137bd
6588537c7
6586537d1
6584537db
6582937e5
6580937ef
657e937f9
657cd3803
657ad380d
6578d3817
657713821
65751382a
657313834
65715383e
656f53848
656d53852
656b9385c
656993866
656793870
6565d387a
6563d3884
6561d388e
656013898
655e138a2
655c138ac
655a538b6
6558538c0
6556538ca
6554938d4
6552938de
6550938e8
654ed38f2
654cd38fb
654ad3905
65491390f
654713919
654513923
65431392d
654153937
653f53941
653d5394b
653b93955
65399395f
653793969
6535d3973
6533d397d
6531d3987
653013991
652e1399b
652c139a4
652a139ae
6528539b8
6526539c2
6524539cc
6522939d6
6520939e0
651e939ea
651cd39f4
651ad39fe
6518d3a08
6516d3a12
651513a1c
651313a26
651113a2f
650f53a39
650d53a43
650b53a4d
650953a57
650793a61
650593a6b
650393a75
6501d3a7f
64ffd3a89
64fdd3a93
64fbd3a9d
64fa13aa6
64f813ab0
64f613aba
64f453ac4
64f253ace
64f053ad8
64ee53ae2
64ec93aec
64ea93af6
64e893b00
64e693b0a
64e4d3b13
64e2d3b1d
64e0d3b27
64ded3b31
64dd13b3b
64db13b45
64d913b4f
64d753b59
64d553b63
64d353b6d
64d153b76
64cf93b80
64cd93b8a
64cb93b94
64c993b9e
64c7d3ba8
64c5d3bb2
64c3d3bbc
64c1d3bc6
64c013bd0
64be13bd9
64bc13be3
64ba13bed
64b853bf7
64b653c01
64b453c0b
64b253c15
64b093c1f
64ae93c29
64ac93c32
64aa93c3c
64a893c46
64a6d3c50
64a4d3c5a
64a2d3c64
64a0d3c6e
649f13c78
649d13c81
649b13c8b
649913c95
649753c9f
649553ca9
649353cb3
649153cbd
648f93cc7
648d93cd0
648b93cda
648993ce4
648793cee
6485d3cf8
6483d3d02
6481d3d0c
647fd3d16
647dd3d1f
647c13d29
647a13d33
647813d3d
647613d47
647453d51
647253d5b
647053d64
646e53d6e
646c53d78
646a93d82
646893d8c
646693d96
646493da0
646293da9
6460d3db3
645ed3dbd
645cd3dc7
645ad3dd1
6458d3ddb
645713de5
645513dee
645313df8
645113e02
644f13e0c
644d53e16
644b53e20
644953e29
644753e33
644553e3d
644393e47
644193e51
643f93e5b
643d93e65
643b93e6e
643993e78
6437d3e82
6435d3e8c
6433d3e96
6431d3ea0
642fd3ea9
642e13eb3
642c13ebd
642a13ec7
642813ed1
642613edb
642413ee4
642253eee
642053ef8
641e53f02
641c53f0c
641a53f16
641853f1f
641693f29
641493f33
641293f3d
641093f47
640e93f51
640c93f5a
640ad3f64
6408d3f6e
6406d3f78
6404d3f82
6402d3f8b
6400d3f95
63ff13f9f
63fd13fa9
63fb13fb3
63f913fbd
63f713fc6
63f513fd0
63f313fda
63f153fe4
63ef53fee
63ed53ff7
63eb54001
63e95400b
63e754015
63e59401f
63e394028
63e194032
63df9403c
63dd94046
63db94050
63d994059
63d794063
63d5d406d
63d3d4077
63d1d4081
63cfd408a
63cdd4094
63cbd409e
63c9d40a8
63c8140b2
63c6140bb
63c4140c5
63c2140cf
63c0140d9
63be140e3
63bc140ec
63ba140f6
63b854100
63b65410a
63b454114
63b25411d
63b054127
63ae54131
63ac5413b
63aa54145
63a89414e
63a694158
63a494162
63a29416c
63a094175
639e9417f
639c94189
639a94193
63989419d
6396941a6
6394d41b0
6392d41ba
6390d41c4
638ed41cd
638cd41d7
638ad41e1
6388d41eb
6386d41f5
6384d41fe
6382d4208
638114212
637f1421c
637d14225
637b1422f
637914239
637714243
63751424c
637314256
637114260
636f1426a
636d14273
636b5427d
636954287
636754291
63655429b
6363542a4
6361542ae
635f542b8
635d542c2
635b542cb
6359542d5
6357542df
6355542e9
6353942f2
6351942fc
634f94306
634d94310
634b94319
634994323
63479432d
634594337
634394340
63419434a
633f94354
633d9435e
633b94367
633994371
63379437b
6335d4384
6333d438e
6331d4398
632fd43a2
632dd43ab
632bd43b5
6329d43bf
6327d43c9
6325d43d2
6323d43dc
6321d43e6
631fd43f0
631dd43f9
631bd4403
6319d440d
6317d4416
6315d4420
6313d442a
6311d4434
63101443d
630e14447
630c14451
630a1445b
630814464
63061446e
630414478
630214481
63001448b
62fe14495
62fc1449f
62fa144a8
62f8144b2
62f6144bc
62f4144c5
62f2144cf
62f0144d9
62ee144e3
62ec144ec
62ea144f6
62e814500
62e614509
62e414513
62e21451d
62e014527
62de14530
62dc1453a
62da14544
62d81454d
62d614557
62d414561
62d21456b
62d014574
62ce1457e
62cc14588
62ca14591
62c81459b
62c6145a5
62c4145ae
62c2145b8
62c0145c2
62be145cc
62bc145d5
62ba145df
62b8145e9
62b6145f2
62b4145fc
62b214606
62b01460f
62ae14619
62ac14623
62aa1462c
62a814636
62a614640
62a414649
62a214653
62a01465d
629e14667
629c14670
629a1467a
629814684
62961468d
629414697
6292146a1
6290146aa
628e146b4
628c146be
628a146c7
6288146d1
6286146db
6284146e4
6282146ee
6280146f8
627e14701
627c1470b
627a14715
62781471e
627614728
627414732
62721473b
627014745
626e1474f
626c14758
626a14762
62681476c
626614775
62641477f
626214789
626014792
625e1479c
625c147a6
6259d47af
6257d47b9
6255d47c3
6253d47cc
6251d47d6
624fd47e0
624dd47e9
624bd47f3
6249d47fc
6247d4806
6245d4810
6243d4819
6241d4823
623fd482d
623dd4836
623bd4840
6239d484a
6237d4853
6235d485d
623394867
623194870
622f9487a
622d94883
622b9488d
622994897
6227948a0
6225948aa
6223948b4
6221948bd
621f948c7
621d948d1
621b948da
6219948e4
6217948ed
6215548f7
621354901
62115490a
620f54914
620d5491e
620b54927
620954931
62075493a
620554944
62035494e
620154957
61ff54961
61fd5496b
61fb14974
61f91497e
61f714987
61f514991
61f31499b
61f1149a4
61ef149ae
61ed149b8
61eb149c1
61e9149cb
61e7149d4
61e4d49de
61e2d49e8
61e0d49f1
61ded49fb
61dcd4a04
61dad4a0e
61d8d4a18
61d6d4a21
61d4d4a2b
61d2d4a34
61d094a3e
61ce94a48
61cc94a51
61ca94a5b
61c894a64
61c694a6e
61c494a78
61c294a81
61c094a8b
61be54a94
61bc54a9e
61ba54aa8
61b854ab1
61b654abb
61b454ac4
61b254ace
61b054ad8
61ae54ae1
61ac14aeb
61aa14af4
61a814afe
61a614b08
61a414b11
61a214b1b
61a014b24
619e14b2e
619bd4b37
6199d4b41
6197d4b4b
6195d4b54
6193d4b5e
6191d4b67
618fd4b71
618d94b7b
618b94b84
618994b8e
618794b97
618594ba1
618394baa
618194bb4
617f54bbe
617d54bc7
617b54bd1
617954bda
617754be4
617554bed
617354bf7
617114c01
616f14c0a
616d14c14
616b14c1d
616914c27
616714c30
616514c3a
6162d4c43
6160d4c4d
615ed4c57
615cd4c60
615ad4c6a
6158d4c73
615694c7d
615494c86
615294c90
615094c99
614e94ca3
614c94cad
614a54cb6
614854cc0
614654cc9
614454cd3
614254cdc
614054ce6
613e14cef
613c14cf9
613a14d03
613814d0c
613614d16
613414d1f
6131d4d29
612fd4d32
612dd4d3c
612bd4d45
6129d4d4f
6127d4d58
612594d62
612394d6b
612194d75
611f94d7f
611d94d88
611b54d92
611954d9b
611754da5
611554dae
611354db8
611114dc1
610f14dcb
610d14dd4
610b14dde
610914de7
610714df1
6104d4dfa
6102d4e04
6100d4e0d
60fed4e17
60fcd4e21
60fa94e2a
60f894e34
60f694e3d
60f494e47
60f254e50
60f054e5a
60ee54e63
60ec54e6d
60ea54e76
60e814e80
60e614e89
60e414e93
60e214e9c
60e014ea6
60ddd4eaf
60dbd4eb9
60d9d4ec2
60d7d4ecc
60d5d4ed5
60d394edf
60d194ee8
60cf94ef2
60cd94efb
60cb54f05
60c954f0e
60c754f18
60c554f21
60c354f2b
60c114f34
60bf14f3e
60bd14f47
60bb14f51
60b8d4f5a
60b6d4f64
60b4d4f6d
60b2d4f77
60b094f80
60ae94f8a
60ac94f93
60aa94f9d
60a894fa6
60a654fb0
60a454fb9
60a254fc3
60a054fcc
609e14fd6
609c14fdf
609a14fe9
609814ff2
6095d4ffc
6093d5005
6091d500f
608fd5018
608d95022
608b9502b
608995035
60879503e
608555047
608355051
60815505a
607f55064
607d1506d
607b15077
607915080
60771508a
6074d5093
6072d509d
6070d50a6
606e950b0
606c950b9
606a950c3
6068950cc
6066550d6
6064550df
6062550e8
6060550f2
605e150fb
605c15105
605a1510e
605815118
6055d5121
6053d512b
6051d5134
604f9513e
604d95147
604b95150
60499515a
604755163
60455516d
604355176
604115180
603f15189
603d15193
603b1519c
6038d51a6
6036d51af
6034d51b8
6032951c2
6030951cb
602e951d5
602c951de
602a551e8
6028551f1
6026551fb
602415204
60221520d
602015217
601e15220
601bd522a
6019d5233
6017d523d
601595246
60139524f
601195259
600f55262
600d5526c
600b55275
60091527f
600715288
600515291
60031529b
6000d52a4
5ffed52ae
5ffcd52b7
5ffa952c1
5ff8952ca
5ff6952d3
5ff4552dd
5ff2552e6
5ff0552f0
5fee152f9
5fec15302
5fea1530c
5fe7d5315
5fe5d531f
5fe3d5328
5fe195332
5fdf9533b
5fdd95344
5fdb9534e
5fd955357
5fd755361
5fd55536a
5fd315373
5fd11537d
5fcf15386
5fccd5390
5fcad5399
5fc8d53a2
5fc6953ac
5fc4953b5
5fc2953bf
5fc0553c8
5fbe553d1
5fbc153db
5fba153e4
5fb8153ee
5fb5d53f7
5fb3d5400
5fb1d540a
5faf95413
5fad9541d
5fab95426
5fa95542f
5fa755439
5fa555442
5fa31544c
5fa115455
5f9f1545e
5f9cd5468
5f9ad5471
5f98d547b
5f9695484
5f949548d
5f9255497
5f90554a0
5f8e554a9
5f8c154b3
5f8a154bc
5f88154c6
5f85d54cf
5f83d54d8
5f81d54e2
5f7f954eb
5f7d954f4
5f7b554fe
5f7955507
5f7755511
5f751551a
5f7315523
5f711552d
5f6ed5536
5f6cd553f
5f6a95549
5f6895552
5f669555c
5f6455565
5f625556e
5f6055578
5f5e15581
5f5c1558a
5f59d5594
5f57d559d
5f55d55a6
5f53955b0
5f51955b9
5f4f955c3
5f4d555cc
5f4b555d5
5f49155df
5f47155e8
5f45155f1
5f42d55fb
5f40d5604
5f3e9560d
5f3c95617
5f3a95620
5f3855629
5f3655633
5f341563c
5f3215645
5f301564f
5f2dd5658
5f2bd5661
5f299566b
5f2795674
5f259567e
5f2355687
5f2155690
5f1f1569a
5f1d156a3
5f1b156ac
5f18d56b6
5f16d56bf
5f14956c8
5f12956d2
5f10556db
5f0e556e4
5f0c556ee
5f0a156f7
5f0815700
5f05d570a
5f03d5713
5f01d571c
5eff95726
5efd9572f
5efb55738
5ef955741
5ef71574b
5ef515754
5ef31575d
5ef0d5767
5eeed5770
5eec95779
5eea95783
5ee85578c
5ee655795
5ee45579f
5ee2157a8
5ee0157b1
5eddd57bb
5edbd57c4
5ed9957cd
5ed7957d7
5ed5957e0
5ed3557e9
5ed1557f3
5ecf157fc
5ecd15805
5ecad580e
5ec8d5818
5ec695821
5ec49582a
5ec295834
5ec05583d
5ebe55846
5ebc15850
5eba15859
5eb7d5862
5eb5d586b
5eb395875
5eb19587e
5eaf55887
5ead55891
5eab5589a
5ea9158a3
5ea7158ad
5ea4d58b6
5ea2d58bf
5ea0958c8
5e9e958d2
5e9c558db
5e9a558e4
5e98158ee
5e96158f7
5e93d5900
5e91d5909
5e8fd5913
5e8d9591c
5e8b95925
5e895592f
5e8755938
5e8515941
5e831594a
5e80d5954
5e7ed595d
5e7c95966
5e7a9596f
5e7855979
5e7655982
5e741598b
5e7215995
5e6fd599e
5e6dd59a7
5e6b959b0
5e69959ba
5e67559c3
5e65559cc
5e63159d5
5e61159df
5e5ed59e8
5e5cd59f1
5e5a959fb
5e5895a04
5e5695a0d
5e5455a16
5e5255a20
5e5015a29
5e4e15a32
5e4bd5a3b
5e49d5a45
5e4795a4e
5e4595a57
5e4355a60
5e4155a6a
5e3f15a73
5e3d15a7c
5e3ad5a85
5e38d5a8f
5e3695a98
5e3455aa1
5e3255aaa
5e3015ab4
5e2e15abd
5e2bd5ac6
5e29d5acf
5e2795ad9
5e2595ae2
5e2355aeb
5e2155af4
5e1f15afe
5e1d15b07
5e1ad5b10
5e18d5b19
5e1695b23
5e1495b2c
5e1255b35
5e1055b3e
5e0e15b47
5e0c15b51
5e09d5b5a
5e07d5b63
5e0595b6c
5e0395b76
5e0155b7f
5dff55b88
5dfd15b91
5dfad5b9b
5df8d5ba4
5df695bad
5df495bb6
5df255bbf
5df055bc9
5dee15bd2
5dec15bdb
5de9d5be4
5de7d5bee
5de595bf7
5de395c00
5de155c09
5ddf15c12
5ddd15c1c
5ddad5c25
5dd8d5c2e
5dd695c37
5dd495c40
5dd255c4a
5dd055c53
5dce15c5c
5dcc15c65
5dc9d5c6f
5dc795c78
5dc595c81
5dc355c8a
5dc155c93
5dbf15c9d
5dbd15ca6
5dbad5caf
5db8d5cb8
5db695cc1
5db455ccb
5db255cd4
5db015cdd
5dae15ce6
5dabd5cef
5da9d5cf9
5da795d02
5da595d0b
5da355d14
5da115d1d
5d9f15d27
5d9cd5d30
5d9ad5d39
5d9895d42
5d9695d4b
5d9455d54
5d9215d5e
5d9015d67
5d8dd5d70
5d8bd5d79
5d8995d82
5d8755d8c
5d8555d95
5d8315d9e
5d8115da7
5d7ed5db0
5d7cd5db9
5d7a95dc3
5d7855dcc
5d7655dd5
5d7415dde
5d7215de7
5d6fd5df1
5d6d95dfa
5d6b95e03
5d6955e0c
5d6755e15
5d6515e1e
5d6315e28
5d60d5e31
5d5e95e3a
5d5c95e43
5d5a55e4c
5d5855e55
5d5615e5f
5d53d5e68
5d51d5e71
5d4f95e7a
5d4d95e83
5d4b55e8c
5d4915e96
5d4715e9f
5d44d5ea8
5d42d5eb1
5d4095eba
5d3e55ec3
5d3c55ecc
5d3a15ed6
5d37d5edf
5d35d5ee8
5d3395ef1
5d3195efa
5d2f55f03
5d2d15f0c
5d2b15f16
5d28d5f1f
5d26d5f28
5d2495f31
5d2255f3a
5d2055f43
5d1e15f4d
5d1bd5f56
5d19d5f5f
5d1795f68
5d1595f71
5d1355f7a
5d1115f83
5d0f15f8c
5d0cd5f96
5d0a95f9f
5d0895fa8
5d0655fb1
5d0455fba
5d0215fc3
5cffd5fcc
5cfdd5fd6
5cfb95fdf
5cf955fe8
5cf755ff1
5cf515ffa
5cf2d6003
5cf0d600c
5cee96015
5cec9601f
5cea56028
5ce816031
5ce61603a
5ce3d6043
5ce19604c
5cdf96055
5cdd5605e
5cdb16068
5cd916071
5cd6d607a
5cd496083
5cd29608c
5cd056095
5cce1609e
5ccc160a7
5cc9d60b0
5cc7960ba
5cc5960c3
5cc3560cc
5cc1160d5
5cbf160de
5cbcd60e7
5cbad60f0
5cb8960f9
5cb656102
5cb45610b
5cb216115
5cafd611e
5cadd6127
5cab96130
5ca956139
5ca756142
5ca51614b
5ca2d6154
5ca09615d
5c9e96166
5c9c56170
5c9a16179
5c9816182
5c95d618b
5c9396194
5c919619d
5c8f561a6
5c8d161af
5c8b161b8
5c88d61c1
5c86961ca
5c84961d3
5c82561dd
5c80161e6
5c7e161ef
5c7bd61f8
5c7996201
5c779620a
5c7556213
5c731621c
5c70d6225
5c6ed622e
5c6c96237
5c6a56240
5c6856249
5c6616253
5c63d625c
5c61d6265
5c5f9626e
5c5d56277
5c5b56280
5c5916289
5c56d6292
5c549629b
5c52962a4
5c50562ad
5c4e162b6
5c4c162bf
5c49d62c8
5c47962d1
5c45562db
5c43562e4
5c41162ed
5c3ed62f6
5c3cd62ff
5c3a96308
5c3856311
5c361631a
5c3416323
5c31d632c
5c2f96335
5c2d9633e
5c2b56347
5c2916350
5c26d6359
5c24d6362
5c229636b
5c2056374
5c1e5637d
5c1c16386
5c19d6390
5c1796399
5c15963a2
5c13563ab
5c11163b4
5c0ed63bd
5c0cd63c6
5c0a963cf
5c08563d8
5c06563e1
5c04163ea
5c01d63f3
5bff963fc
5bfd96405
5bfb5640e
5bf916417
5bf6d6420
5bf4d6429
5bf296432
5bf05643b
5bee16444
5bec1644d
5be9d6456
5be79645f
5be556468
5be356471
5be11647a
5bded6483
5bdc9648c
5bda96495
5bd85649e
5bd6164a7
5bd3d64b0
5bd1d64b9
5bcf964c2
5bcd564cb
5bcb164d5
5bc9164de
5bc6d64e7
5bc4964f0
5bc2564f9
5bc056502
5bbe1650b
5bbbd6514
5bb99651d
5bb796526
5bb55652f
5bb316538
5bb0d6541
5bae9654a
5bac96553
5baa5655c
5ba816565
5ba5d656e
5ba3d6577
5ba196580
5b9f56589
5b9d16592
5b9ad659b
5b98d65a4
5b96965ad
5b94565b6
5b92165bf
5b90165c8
5b8dd65d1
5b8b965d9
5b89565e2
5b87165eb
5b85165f4
5b82d65fd
5b8096606
5b7e5660f
5b7c56618
5b7a16621
5b77d662a
5b7596633
5b735663c
5b7156645
5b6f1664e
5b6cd6657
5b6a96660
5b6856669
5b6656672
5b641667b
5b61d6684
5b5f9668d
5b5d56696
5b5b5669f
5b59166a8
5b56d66b1
5b54966ba
5b52566c3
5b50566cc
5b4e166d5
5b4bd66de
5b49966e7
5b47566f0
5b45566f9
5b4316702
5b40d670b
5b3e96714
5b3c5671c
5b3a16725
5b381672e
5b35d6737
5b3396740
5b3156749
5b2f16752
5b2d1675b
5b2ad6764
5b289676d
5b2656776
5b241677f
5b21d6788
5b1fd6791
5b1d9679a
5b1b567a3
5b19167ac
5b16d67b5
5b14d67be
5b12967c7
5b10567cf
5b0e167d8
5b0bd67e1
5b09967ea
5b07967f3
5b05567fc
5b0316805
5b00d680e
5afe96817
5afc56820
5afa16829
5af816832
5af5d683b
5af396844
5af15684d
5aef16855
5aecd685e
5aead6867
5ae896870
5ae656879
5ae416882
5ae1d688b
5adf96894
5add5689d
5adb568a6
5ad9168af
5ad6d68b8
5ad4968c1
5ad2568c9
5ad0168d2
5ace168db
5acbd68e4
5ac9968ed
5ac7568f6
5ac5168ff
5ac2d6908
5ac096911
5abe9691a
5abc56923
5aba1692b
5ab7d6934
5ab59693d
5ab356946
5ab11694f
5aaed6958
5aacd6961
5aaa9696a
5aa856973
5aa61697c
5aa3d6985
5aa19698d
5a9f56996
5a9d1699f
5a9b169a8
5a98d69b1
5a96969ba
5a94569c3
5a92169cc
5a8fd69d5
5a8d969dd
5a8b569e6
5a89569ef
5a87169f8
5a84d6a01
7fffc0000
7fffc003f
7fffc007e
7fffc00bc
7fffc00fb
7fffc013a
7fffc0179
7fffc01b8
7fffc01f7
7fffc0235
7fff80274
7fff802b3
7fff802f2
7fff40331
7fff40370
7fff403ae
7fff003ed
7fff0042c
7ffec046b
7ffec04aa
7ffe804e9
7ffe40527
7ffe40566
7ffe005a5
7ffdc05e4
7ffdc0623
7ffd80662
7ffd406a0
7ffd006df
7ffcc071e
7ffc8075d
7ffc8079c
7ffc407db
7ffc00819
7ffbc0858
7ffb80897
7ffb008d6
7ffac0915
7ffa80953
7ffa40992
7ffa009d1
7ff9c0a10
7ff940a4f
7ff900a8e
7ff8c0acc
7ff880b0b
7ff800b4a
7ff7c0b89
7ff740bc8
7ff700c06
7ff680c45
7ff640c84
7ff5c0cc3
7ff580d02
7ff500d41
7ff480d7f
7ff440dbe
7ff3c0dfd
7ff340e3c
7ff300e7b
7ff280eb9
7ff200ef8
7ff180f37
7ff100f76
7ff080fb5
7ff000ff3
7fef81032
7fef01071
7fee810b0
7fee010ef
7fed8112d
7fed0116c
7fec811ab
7fec011ea
7feb81229
7feac1267
7fea412a6
7fe9c12e5
7fe901324
7fe881363
7fe8013a1
7fe7413e0
7fe6c141f
7fe60145e
7fe58149c
7fe4c14db
7fe44151a
7fe381559
7fe2c1598
7fe2415d6
7fe181615
7fe0c1654
7fe041693
7fdf816d1
7fdec1710
7fde0174f
7fdd4178e
7fdc817cc
7fdbc180b
7fdb0184a
7fda41889
7fd9818c8
7fd8c1906
7fd801945
7fd741984
7fd6819c3
7fd5c1a01
7fd501a40
7fd401a7f
7fd341abe
7fd281afc
7fd181b3b
7fd0c1b7a
7fd001bb9
7fcf01bf7
7fce41c36
7fcd41c75
7fcc81cb3
7fcb81cf2
7fcac1d31
7fc9c1d70
7fc901dae
7fc801ded
7fc701e2c
7fc641e6b
7fc541ea9
7fc441ee8
7fc341f27
7fc241f65
7fc141fa4
7fc081fe3
7fbf82022
7fbe82060
7fbd8209f
7fbc820de
7fbb8211c
7fba8215b
7fb94219a
7fb8421d8
7fb742217
7fb642256
7fb542295
7fb4022d3
7fb302312
7fb202351
7fb0c238f
7fafc23ce
7faec240d
7fad8244b
7fac8248a
7fab424c9
7faa42507
7fa902546
7fa802585
7fa6c25c3
7fa582602
7fa482641
7fa34267f
7fa2026be
7fa0c26fd
7f9fc273b
7f9e8277a
7f9d427b9
7f9c027f7
7f9ac2836
7f9982874
7f98428b3
7f97028f2
7f95c2930
7f948296f
7f93429ae
7f92029ec
7f90c2a2b
7f8f82a69
7f8e02aa8
7f8cc2ae7
7f8b82b25
7f8a02b64
7f88c2ba3
7f8782be1
7f8602c20
7f84c2c5e
7f8342c9d
7f8202cdb
7f8082d1a
7f7f42d59
7f7dc2d97
7f7c82dd6
7f7b02e14
7f7982e53
7f7842e92
7f76c2ed0
7f7542f0f
7f73c2f4d
7f7282f8c
7f7102fca
7f6f83009
7f6e03047
7f6c83086
7f6b030c5
7f6983103
7f6803142
7f6683180
7f65031bf
7f63831fd
7f620323c
7f604327a
7f5ec32b9
7f5d432f7
7f5bc3336
7f5a03374
7f58833b3
7f57033f1
7f5543430
7f53c346e
7f52034ad
7f50834eb
7f4ec352a
7f4d43568
7f4b835a7
7f4a035e5
7f4843624
7f4683662
7f45036a1
7f43436df
7f418371e
7f400375c
7f3e4379b
7f3c837d9
7f3ac3818
7f3903856
7f3743895
7f35838d3
7f33c3911
7f3203950
7f304398e
7f2e839cd
7f2cc3a0b
7f2b03a4a
7f2943a88
7f2783ac6
7f2583b05
7f23c3b43
7f2203b82
7f2003bc0
7f1e43bfe
7f1c83c3d
7f1a83c7b
7f18c3cba
7f16c3cf8
7f1503d36
7f1303d75
7f1143db3
7f0f43df2
7f0d83e30
7f0b83e6e
7f0983ead
7f07c3eeb
7f05c3f29
7f03c3f68
7f01c3fa6
7effc3fe4
7efe04023
7efc04061
7efa0409f
7ef8040de
7ef60411c
7ef40415a
7ef204199
7ef0041d7
7eee04215
7eec04254
7ee9c4292
7ee7c42d0
7ee5c430e
7ee3c434d
7ee18438b
7edf843c9
7edd84408
7edb44446
7ed944484
7ed7444c2
7ed504501
7ed30453f
7ed0c457d
7ecec45bb
7ecc845fa
7eca44638
7ec844676
7ec6046b4
7ec4046f3
7ec1c4731
7ebf8476f
7ebd447ad
7ebb047eb
7eb90482a
7eb6c4868
7eb4848a6
7eb2448e4
7eb004922
7eadc4961
7eab8499f
7ea9449dd
7ea704a1b
7ea4c4a59
7ea284a98
7ea004ad6
7e9dc4b14
7e9b84b52
7e9944b90
7e96c4bce
7e9484c0c
7e9244c4b
7e8fc4c89
7e8d84cc7
7e8b44d05
7e88c4d43
7e8684d81
7e8404dbf
7e8184dfd
7e7f44e3b
7e7cc4e7a
7e7a84eb8
7e7804ef6
7e7584f34
7e7344f72
7e70c4fb0
7e6e44fee
7e6bc502c
7e694506a
7e66c50a8
7e64450e6
7e6205124
7e5f85162
7e5d051a0
7e5a851de
7e57c521c
7e554525a
7e52c5298
7e50452d6
7e4dc5314
7e4b45352
7e4885390
7e46053ce
7e438540c
7e410544a
7e3e45488
7e3bc54c6
7e3905504
7e3685542
7e33c5580
7e31455be
7e2e855fc
7e2c0563a
7e2945678
7e26c56b6
7e24056f4
7e2145732
7e1ec5770
7e1c057ad
7e19457eb
7e1685829
7e13c5867
7e11458a5
7e0e858e3
7e0bc5921
7e090595f
7e064599d
7e03859da
7e00c5a18
7dfe05a56
7dfb45a94
7df845ad2
7df585b10
7df2c5b4d
7df005b8b
7ded45bc9
7dea45c07
7de785c45
7de4c5c82
7de1c5cc0
7ddf05cfe
7ddc45d3c
7dd945d7a
7dd685db7
7dd385df5
7dd0c5e33
7dcdc5e71
7dcac5eae
7dc805eec
7dc505f2a
7dc205f68
7dbf45fa5
7dbc45fe3
7db946021
7db64605f
7db34609c
7db0860da
7dad86118
7daa86155
7da786193
7da4861d1
7da18620e
7d9e8624c
7d9b8628a
7d98862c7
7d9546305
7d9246343
7d8f46380
7d8c463be
7d89463fc
7d8606439
7d8306477
7d80064b4
7d7cc64f2
7d79c6530
7d768656d
7d73865ab
7d70465e8
7d6d46626
7d6a06663
7d67066a1
7d63c66df
7d60c671c
7d5d8675a
7d5a46797
7d57067d5
7d5406812
7d50c6850
7d4d8688d
7d4a468cb
7d4706908
7d4406946
7d40c6983
7d3d869c1
7d3a469fe
7d3706a3c
7d33c6a79
7d3046ab7
7d2d06af4
7d29c6b31
7d2686b6f
7d2346bac
7d2006bea
7d1c86c27
7d1946c65
7d1606ca2
7d1286cdf
7d0f46d1d
7d0c06d5a
7d0886d98
7d0546dd5
7d01c6e12
7cfe86e50
7cfb06e8d
7cf7c6eca
7cf446f08
7cf0c6f45
7ced86f82
7cea06fc0
7ce686ffd
7ce30703a
7cdfc7078
7cdc470b5
7cd8c70f2
7cd54712f
7cd1c716d
7cce471aa
7ccac71e7
7cc747225
7cc3c7262
7cc04729f
7cbcc72dc
7cb947319
7cb5c7357
7cb247394
7caec73d1
7cab0740e
7ca78744b
7ca407489
7ca0474c6
7c9cc7503
7c9947540
7c958757d
7c92075bb
7c8e475f8
7c8ac7635
7c8707672
7c83876af
7c7fc76ec
7c7c47729
7c7887766
7c74c77a3
7c71477e1
7c6d8781e
7c69c785b
7c6607898
7c62878d5
7c5ec7912
7c5b0794f
7c574798c
7c53879c9
7c4fc7a06
7c4c07a43
7c4847a80
7c4487abd
7c40c7afa
7c3d07b37
7c3947b74
7c3587bb1
7c3187bee
7c2dc7c2b
7c2a07c68
7c2647ca5
7c2247ce2
7c1e87d1f
7c1ac7d5c
7c16c7d99
7c1307dd5
7c0f07e12
7c0b47e4f
7c0747e8c
7c0387ec9
7bff87f06
7bfbc7f43
7bf7c7f80
7bf3c7fbc
7bf007ff9
7bec08036
7be808073
7be4080b0
7be0480ed
7bdc48129
7bd848166
7bd4481a3
7bd0481e0
7bcc4821d
7bc848259
7bc448296
7bc0482d3
7bbc48310
7bb84834c
7bb448389
7bb0483c6
7bac08402
7ba80843f
7ba40847c
7ba0084b9
7b9bc84f5
7b97c8532
7b93c856f
7b8f885ab
7b8b885e8
7b8748624
7b8348661
7b7f0869e
7b7b086da
7b76c8717
7b72c8754
7b6e88790
7b6a887cd
7b6648809
7b6208846
7b5dc8882
7b59c88bf
7b55888fc
7b5148938
7b4d08975
7b48c89b1
7b44889ee
7b4048a2a
7b3c08a67
7b37c8aa3
7b3388ae0
7b2f48b1c
7b2b08b59
7b26c8b95
7b2288bd1
7b1e48c0e
7b1a08c4a
7b1588c87
7b1148cc3
7b0d08d00
7b08c8d3c
7b0448d78
7b0008db5
7afb88df1
7af748e2d
7af308e6a
7aee88ea6
7aea48ee3
7ae5c8f1f
7ae148f5b
7add08f98
7ad888fd4
7ad409010
7acfc904c
7acb49089
7ac6c90c5
7ac289101
7abe0913d
7ab98917a
7ab5091b6
7ab0891f2
7aac0922e
7aa78926b
7aa3092a7
7a9e892e3
7a9a0931f
7a958935b
7a9109398
7a8c893d4
7a8809410
7a838944c
7a7ec9488
7a7a494c4
7a75c9500
7a714953c
7a6c89579
7a68095b5
7a63495f1
7a5ec962d
7a5a49669
7a55896a5
7a51096e1
7a4c4971d
7a47c9759
7a4309795
7a3e497d1
7a39c980d
7a3509849
7a3049885
7a2bc98c1
7a27098fd
7a2249939
7a1d89975
7a18c99b1
7a14499ed
7a0f89a29
7a0ac9a65
7a0609aa1
7a0149adc
79fc89b18
79f7c9b54
79f309b90
79ee09bcc
79e949c08
79e489c44
79dfc9c7f
79db09cbb
79d649cf7
79d149d33
79cc89d6f
79c7c9daa
79c2c9de6
79be09e22
79b909e5e
79b449e99
79af89ed5
79aa89f11
79a589f4d
79a0c9f88
799bc9fc4
79970a000
79920a03b
798d0a077
79884a0b3
79834a0ee
797e4a12a
79794a166
79748a1a1
796f8a1dd
796a8a219
79658a254
79608a290
795b8a2cb
79568a307
79518a342
794c8a37e
79478a3b9
79428a3f5
793d8a431
79384a46c
79334a4a8
792e4a4e3
79294a51f
79244a55a
791f0a595
791a0a5d1
79150a60c
790fca648
790aca683
79058a6bf
79008a6fa
78fb4a735
78f64a771
78f10a7ac
78ec0a7e8
78e6ca823
78e18a85e
78dc8a89a
78d74a8d5
78d20a910
78ccca94b
78c7ca987
78c28a9c2
78bd4a9fd
78b80aa39
78b2caa74
78ad8aaaf
78a84aaea
78a30ab26
789dcab61
78988ab9c
78934abd7
788e0ac12
7888cac4d
78838ac89
787e4acc4
7878cacff
78738ad3a
786e4ad75
78690adb0
78638adeb
785e4ae27
78590ae62
78538ae9d
784e4aed8
7848caf13
78438af4e
783e0af89
7838cafc4
78334afff
782dcb03a
78288b075
78230b0b0
781d8b0eb
78184b126
7812cb161
780d4b19c
7807cb1d7
78028b211
77fd0b24c
77f78b287
77f20b2c2
77ec8b2fd
77e70b338
77e18b373
77dc0b3ae
77d68b3e8
77d10b423
77cb8b45e
77c5cb499
77c04b4d4
77bacb50e
77b54b549
77afcb584
77aa0b5bf
77a48b5f9
779f0b634
77994b66f
7793cb6aa
778e0b6e4
77888b71f
7782cb75a
777d4b794
77778b7cf
77720b80a
776c4b844
7766cb87f
77610b8b9
775b4b8f4
7755cb92f
77500b969
774a4b9a4
77448b9de
773ecba19
77394ba53
77338ba8e
772dcbac8
77280bb03
77224bb3d
771c8bb78
7716cbbb2
77110bbed
770b4bc27
77058bc62
76ffcbc9c
76f9cbcd6
76f40bd11
76ee4bd4b
76e88bd86
76e28bdc0
76dccbdfa
76d70be35
76d10be6f
76cb4bea9
76c58bee4
76bf8bf1e
76b9cbf58
76b3cbf92
76ae0bfcd
76a80c007
76a24c041
769c4c07b
76964c0b6
76908c0f0
768a8c12a
76848c164
767ecc19e
7678cc1d9
7672cc213
766ccc24d
7666cc287
7660cc2c1
765acc2fb
76550c335
764f0c36f
76490c3a9
76430c3e3
763ccc41e
7636cc458
7630cc492
762acc4cc
7624cc506
761ecc540
7618cc57a
76128c5b4
760c8c5ed
76068c627
76004c661
75fa4c69b
75f44c6d5
75ee0c70f
75e80c749
75e1cc783
75dbcc7bd
75d58c7f7
75cf8c830
75c94c86a
75c34c8a4
75bd0c8de
75b6cc918
75b0cc951
75aa8c98b
75a44c9c5
759e0c9ff
75980ca38
7591cca72
758b8caac
75854cae5
757f0cb1f
7578ccb59
75728cb92
756c4cbcc
75660cc06
755fccc3f
75598cc79
75534ccb3
754d0ccec
7546ccd26
75404cd5f
753a0cd99
7533ccdd2
752d8ce0c
75270ce45
7520cce7f
751a8ceb8
75140cef2
750dccf2b
75074cf65
75010cf9e
74faccfd8
74f44d011
74edcd04a
74e78d084
74e10d0bd
74dacd0f7
74d44d130
74cdcd169
74c78d1a3
74c10d1dc
74ba8d215
74b40d24f
74ad8d288
74a74d2c1
74a0cd2fa
749a4d334
7493cd36d
748d4d3a6
7486cd3df
74804d418
7479cd452
74734d48b
746ccd4c4
74664d4fd
745f8d536
74590d56f
74528d5a8
744c0d5e2
74458d61b
743ecd654
74384d68d
7431cd6c6
742b0d6ff
74248d738
741dcd771
74174d7aa
7410cd7e3
740a0d81c
74034d855
73fccd88e
73f60d8c7
73ef8d900
73e8cd938
73e20d971
73db8d9aa
73d4cd9e3
73ce0da1c
73c74da55
73c0cda8e
73ba0dac6
73b34daff
73ac8db38
73a5cdb71
739f0dbaa
73984dbe2
73918dc1b
738acdc54
73840dc8c
737d4dcc5
73768dcfe
736fcdd37
73690dd6f
73620dda8
735b4dde0
73548de19
734dcde52
7346cde8a
73400dec3
73394defb
73324df34
732b8df6d
7324cdfa5
731dcdfde
73170e016
73100e04f
73094e087
73024e0bf
72fb4e0f8
72f48e130
72ed8e169
72e68e1a1
72dfce1da
72d8ce212
72d1ce24a
72cace283
72c40e2bb
72bd0e2f3
72b60e32c
72af0e364
72a80e39c
72a10e3d5
729a0e40d
72930e445
728c0e47d
72850e4b6
727e0e4ee
72770e526
72700e55e
72690e596
72620e5ce
725ace607
7253ce63f
724cce677
72458e6af
723e8e6e7
72378e71f
72304e757
72294e78f
72224e7c7
721b0e7ff
72140e837
720cce86f
7205ce8a7
71fe8e8df
71f74e917
71f04e94f
71e90e987
71e20e9bf
71dace9f7
71d38ea2f
71cc4ea67
71c54ea9e
71be0ead6
71b6ceb0e
71af8eb46
71a84eb7e
71a10ebb5
7199cebed
71928ec25
718b4ec5d
71840ec94
717cceccc
71758ed04
716e4ed3c
71670ed73
715fcedab
71588ede3
71510ee1a
7149cee52
71428ee89
713b4eec1
7133ceef9
712c8ef30
71254ef68
711dcef9f
71168efd7
710f0f00e
7107cf046
71004f07d
70f90f0b5
70f18f0ec
70ea4f123
70e2cf15b
70db8f192
70d40f1ca
70cc8f201
70c50f238
70bdcf270
70b64f2a7
70aecf2de
70a74f316
70a00f34d
70988f384
70910f3bc
70898f3f3
70820f42a
707a8f461
70730f498
706b8f4d0
70640f507
705c8f53e
70550f575
704d8f5ac
7045cf5e3
703e4f61b
7036cf652
702f4f689
70278f6c0
70200f6f7
70188f72e
7010cf765
70094f79c
7001cf7d3
6ffa0f80a
6ff28f841
6feacf878
6fe34f8af
6fdb8f8e6
6fd40f91c
6fcc4f953
6fc4cf98a
6fbd0f9c1
6fb54f9f8
6fadcfa2f
6fa60fa66
6f9e4fa9c
6f968fad3
6f8f0fb0a
6f874fb41
6f7f8fb77
6f77cfbae
6f700fbe5
6f684fc1c
6f608fc52
6f58cfc89
6f510fcc0
6f494fcf6
6f418fd2d
6f39cfd63
6f320fd9a
6f2a4fdd1
6f228fe07
6f1a8fe3e
6f12cfe74
6f0b0feab
6f034fee1
6efb4ff18
6ef38ff4e
6eebcff85
6ee3cffbb
6edc0fff1
6ed450028
6ecc5005e
6ec490095
6ebc900cb
6eb4d0101
6eacd0138
6ea51016e
6e9d101a4
6e95101db
6e8d50211
6e8550247
6e7d5027d
6e75902b4
6e6d902ea
6e6590320
6e5d90356
6e559038c
6e4d903c3
6e45d03f9
6e3dd042f
6e35d0465
6e2dd049b
6e25d04d1
6e1dd0507
6e15d053d
6e0dd0573
6e05d05a9
6dfd905df
6df590615
6ded9064b
6de590681
6ddd906b7
6dd5506ed
6dcd50723
6dc550759
6dbd1078f
6db5107c5
6dad107fa
6da4d0830
6d9cd0866
6d949089c
6d8c908d2
6d8450907
6d7c5093d
6d7410973
6d6c109a9
6d63d09de
6d5bd0a14
6d5390a4a
6d4b50a7f
6d4310ab5
6d3b10aeb
6d32d0b20
6d2a90b56
6d2250b8b
6d1a10bc1
6d1210bf6
6d09d0c2c
6d0190c62
6cf950c97
6cf110ccd
6ce8d0d02
6ce090d37
6cd850d6d
6cd010da2
6cc7d0dd8
6cbf50e0d
6cb710e42
6caed0e78
6ca690ead
6c9e50ee2
6c95d0f18
6c8d90f4d
6c8550f82
6c7d10fb8
6c7490fed
6c6c51022
6c63d1057
6c5b9108d
6c53110c2
6c4ad10f7
6c425112c
6c3a11161
6c3191196
6c29511cb
6c20d1200
6c1891236
6c101126b
6c07912a0
6bff112d5
6bf6d130a
6bee5133f
6be5d1374
6bdd513a9
6bd5113dd
6bcc91412
6bc411447
6bbb9147c
6bb3114b1
6baa914e6
6ba21151b
6b9991550
6b9111584
6b88915b9
6b80115ee
6b7791623
6b6ed1657
6b665168c
6b5dd16c1
6b55516f6
6b4cd172a
6b441175f
6b3b91794
6b33117c8
6b2a517fd
6b21d1831
6b1951866
6b109189b
6b08118cf
6aff51904
6af6d1938
6aee1196d
6ae5919a1
6adcd19d6
6ad451a0a
6acb91a3f
6ac2d1a73
6aba51aa7
6ab191adc
6aa8d1b10
6aa011b44
6a9791b79
6a8ed1bad
6a8611be1
6a7d51c16
6a7491c4a
6a6bd1c7e
6a6311cb2
6a5a91ce7
6a51d1d1b
6a4911d4f
6a4051d83
6a3751db7
6a2e91deb
6a25d1e20
6a1d11e54
6a1451e88
6a0b91ebc
6a02d1ef0
69f9d1f24
69f111f58
69e851f8c
69df91fc0
69d691ff4
69cdd2028
69c51205c
69bc12090
69b3520c3
69aa520f7
69a19212b
69989215f
698fd2193
6986d21c7
697e121fa
69751222e
696c12262
696352296
695a522c9
6951522fd
694892331
693f92365
693692398
692d923cc
6924d23ff
691bd2433
6912d2467
6909d249a
6900d24ce
68f7d2501
68eed2535
68e5d2568
68dcd259c
68d3d25cf
68cad2603
68c1d2636
68b8d266a
68afd269d
68a6926d0
689d92704
689492737
688b9276a
68829279e
6879527d1
687052804
686752837
685e1286b
68551289e
684bd28d1
6842d2904
6839d2938
68309296b
68279299e
681e529d1
681512a04
680c12a37
6802d2a6a
67f9d2a9d
67f092ad0
67e752b03
67de52b36
67d512b69
67cbd2b9c
67c292bcf
67b992c02
67b052c35
67a712c68
679dd2c9b
679492cce
678b52d00
678212d33
6778d2d66
676f92d99
676652dcc
675d12dfe
6753d2e31
674a92e64
674152e96
673812ec9
672ed2efc
672552f2e
671c12f61
6712d2f94
670992fc6
670012ff9
66f6d302b
66ed9305e
66e413090
66dad30c3
66d1930f5
66c813128
66bed315a
66b55318d
66ac131bf
66a2931f2
669953224
668fd3256
668653289
667d132bb
6673932ed
666a1331f
6660d3352
665753384
664dd33b6
6644533e8
663b1341b
66319344d
66281347f
661e934b1
6615134e3
660b93515
660213547
65f893579
65ef135ac
65e5935de
65dc13610
65d293642
65c913674
65bf936a5
65b6136d7
65ac93709
65a31373b
65995376d
658fd379f
6586537d1
657cd3803
657313834
656993866
656013898
6556538ca
654cd38fb
65431392d
65399395f
653013991
6526539c2
651cd39f4
651313a26
650953a57
64ffd3a89
64f613aba
64ec93aec
64e2d3b1d
64d913b4f
64cf93b80
64c5d3bb2
64bc13be3
64b253c15
64a893c46
649f13c78
649553ca9
648b93cda
6481d3d0c
647813d3d
646e53d6e
646493da0
645ad3dd1
645113e02
644753e33
643d93e65
6433d3e96
642a13ec7
642053ef8
641693f29
640c93f5a
6402d3f8b
63f913fbd
63ef53fee
63e59401f
63db94050
63d1d4081
63c8140b2
63be140e3
63b454114
63aa54145
63a094175
6396941a6
638cd41d7
6382d4208
637914239
636f1426a
63655429b
635b542cb
6351942fc
63479432d
633d9435e
6333d438e
6329d43bf
631fd43f0
6315d4420
630c14451
630214481
62f8144b2
62ee144e3
62e414513
62da14544
62d014574
62c6145a5
62bc145d5
62b214606
62a814636
629e14667
629414697
628a146c7
6280146f8
627614728
626c14758
626214789
6257d47b9
624dd47e9
6243d4819
6239d484a
622f9487a
6225948aa
621b948da
62115490a
62075493a
61fd5496b
61f31499b
61e9149cb
61ded49fb
61d4d4a2b
61ca94a5b
61c094a8b
61b654abb
61ac14aeb
61a214b1b
6197d4b4b
618d94b7b
618394baa
617954bda
616f14c0a
616514c3a
615ad4c6a
615094c99
614654cc9
613c14cf9
6131d4d29
6127d4d58
611d94d88
611354db8
610914de7
60fed4e17
60f494e47
60ea54e76
60e014ea6
60d5d4ed5
60cb54f05
60c114f34
60b6d4f64
60ac94f93
60a254fc3
609814ff2
608d95022
608355051
607915080
606e950b0
6064550df
605a1510e
604f9513e
60455516d
603b1519c
6030951cb
6026551fb
601bd522a
601195259
600715288
5ffcd52b7
5ff2552e6
5fe7d5315
5fdd95344
5fd315373
5fc8d53a2
5fbe553d1
5fb3d5400
5fa95542f
5f9f1545e
5f949548d
5f8a154bc
5f7f954eb
5f751551a
5f6a95549
5f6055578
5f55d55a6
5f4b555d5
5f40d5604
5f3655633
5f2bd5661
5f2155690
5f16d56bf
5f0c556ee
5f01d571c
5ef71574b
5eec95779
5ee2157a8
5ed7957d7
5ecd15805
5ec295834
5eb7d5862
5ead55891
5ea2d58bf
5e98158ee
5e8d9591c
5e831594a
5e7855979
5e6dd59a7
5e63159d5
5e5895a04
5e4e15a32
5e4355a60
5e38d5a8f
5e2e15abd
5e2355aeb
5e18d5b19
5e0e15b47
5e0395b76
5df8d5ba4
5dee15bd2
5de395c00
5dd8d5c2e
5dce15c5c
5dc355c8a
5db8d5cb8
5dae15ce6
5da355d14
5d9895d42
5d8dd5d70
5d8315d9e
5d7855dcc
5d6d95dfa
5d6315e28
5d5855e55
5d4d95e83
5d42d5eb1
5d37d5edf
5d2d15f0c
5d2255f3a
5d1795f68
5d0cd5f96
5d0215fc3
5cf755ff1
5cec9601f
5ce19604c
5cd6d607a
5ccc160a7
5cc1160d5
5cb656102
5cab96130
5ca09615d
5c95d618b
5c8b161b8
5c80161e6
5c7556213
5c6a56240
5c5f9626e
5c549629b
5c49d62c8
5c3ed62f6
5c3416323
5c2916350
5c1e5637d
5c13563ab
5c08563d8
5bfd96405
5bf296432
5be79645f
5bdc9648c
5bd1d64b9
5bc6d64e7
5bbbd6514
5bb0d6541
5ba5d656e
5b9ad659b
5b90165c8
5b85165f4
5b7a16621
5b6f1664e
5b641667b
5b59166a8
5b4e166d5
5b4316702
5b381672e
5b2d1675b
5b21d6788
5b16d67b5
5b0bd67e1
5b00d680e
5af5d683b
5aead6867
5adf96894
5ad4968c1
5ac9968ed
5abe9691a
5ab356946
5aa856973
5a9d1699f
5a92169cc
5a87169f8
5a7bd6a25
5a70d6a51
5a6596a7d
5a5a96aaa
5a4f56ad6
5a4456b02
5a3916b2f
5a2e16b5b
5a22d6b87
5a1796bb3
5a0c96be0
5a0156c0c
59f616c38
59eb16c64
59dfd6c90
59d496cbc
59c956ce8
59be56d15
59b316d41
59a7d6d6d
599c96d99
599156dc5
598616df1
597ad6e1c
596fd6e48
596496e74
595956ea0
594e16ecc
5942d6ef8
593796f24
592c16f4f
5920d6f7b
591596fa7
590a56fd3
58ff16ffe
58f3d702a
58e897056
58dd17081
58d1d70ad
58c6970d8
58bb57104
58afd7130
58a49715b
589957187
588dd71b2
5882971de
587757209
586bd7234
586097260
58551728b
5849d72b7
583e572e2
58331730d
582797338
581c57364
5810d738f
5805573ba
57fa173e5
57ee97411
57e31743c
57d7d7467
57cc57492
57c0d74bd
57b5974e8
57aa17513
579e9753e
579317569
578797594
577c575bf
5770d75ea
576557615
5759d7640
574e5766b
5742d7696
5737576c0
572bd76eb
572057716
5714d7741
57095776b
56fdd7796
56f2577c1
56e6d77eb
56db17816
56cf97841
56c41786b
56b897896
56ad178c0
56a1578eb
5695d7916
568a57940
567ed796a
567317995
5667979bf
565bd79ea
565057a14
5644d7a3f
563917a69
562d97a93
5621d7abd
561657ae8
560a97b12
55ff17b3c
55f357b66
55e7d7b91
55dc17bbb
55d057be5
55c4d7c0f
55b917c39
55ad97c63
55a1d7c8d
559617cb7
558a57ce1
557ed7d0b
557317d35
556757d5f
555b97d89
554fd7db3
554457ddd
553897e07
552cd7e30
552117e5a
551557e84
550997eae
54fdd7ed7
54f217f01
54e657f2b
54da97f55
54ced7f7e
54c317fa8
54b757fd1
54ab97ffb
549fd8024
5493d804e
548818078
547c580a1
5470980ca
5464d80f4
5458d811d
544d18147
544158170
543598199
5429981c3
541dd81ec
5411d8215
54061823f
53fa58268
53ee58291
53e2982ba
53d6982e3
53cad830d
53bed8336
53b31835f
53a718388
539b583b1
538f583da
538358403
53779842c
536b98455
535fd847e
5353d84a7
5347d84d0
533bd84f8
533018521
53241854a
531818573
530c1859c
5300585c4
52f4585ed
52e858616
52dc5863f
52d058667
52c458690
52b8586b9
52ac586e1
52a05870a
529458732
52885875b
527c58783
5270587ac
5264587d4
5258587fd
524c58825
52405884d
523458876
52281889e
521c188c6
5210188ef
520418917
51f81893f
51ebd8967
51dfd8990
51d3d89b8
51c7989e0
51bb98a08
51af98a30
51a358a58
519758a80
518b18aa8
517f18ad0
517318af8
5166d8b20
515ad8b48
514e98b70
514258b98
513658bc0
512a18be8
511e18c10
5111d8c38
510598c5f
50f998c87
50ed58caf
50e118cd7
50d518cfe
50c8d8d26
50bc98d4e
50b098d75
50a458d9d
509818dc4
508bd8dec
507f98e13
507358e3b
506758e62
505b18e8a
504ed8eb1
504298ed9
503658f00
502a18f27
501dd8f4f
501198f76
500558f9d
4ff918fc5
4fecd8fec
4fe099013
4fd45903a
4fc7d9061
4fbb99089
4faf590b0
4fa3190d7
4f96d90fe
4f8a59125
4f7e1914c
4f71d9173
4f659919a
4f59191c1
4f4cd91e8
4f409920f
4f3419236
4f27d925d
4f1b99283
4f0f192aa
4f02d92d1
4ef6592f8
4eea1931f
4edd99345
4ed15936c
4ec4d9393
4eb8993b9
4eac193e0
4e9fd9407
4e935942d
4e8719454
4e7a9947a
4e6e194a1
4e61d94c7
4e55594ee
4e48d9514
4e3c9953b
4e3019561
4e2399587
4e17195ae
4e0a995d4
4dfe595fa
4df1d9621
4de559647
4dd8d966d
4dcc59693
4dbfd96b9
4db3596e0
4da6d9706
4d9a9972c
4d8e19752
4d8199778
4d751979e
4d68597c4
4d5bd97ea
4d4f59810
4d42d9836
4d365985c
4d29d9882
4d1d598a8
4d10d98cd
4d04598f3
4cf799919
4ceb1993f
4cde99964
4cd21998a
4cc5599b0
4cb8d99d6
4cac599fb
4c9fd9a21
4c9319a46
4c8699a6c
4c79d9a92
4c6d59ab7
4c60d9add
4c5419b02
4c4799b28
4c3ad9b4d
4c2e59b72
4c2199b98
4c1519bbd
4c0859be2
4bfbd9c08
4bef19c2d
4be299c52
4bd5d9c78
4bc919c9d
4bbc99cc2
4bafd9ce7
4ba319d0c
4b9699d31
4b89d9d56
4b7d19d7c
4b7059da1
4b63d9dc6
4b5719deb
4b4a59e10
4b3d99e35
4b30d9e59
4b2459e7e
4b1799ea3
4b0ad9ec8
4afe19eed
4af159f12
4ae499f36
4ad7d9f5b
4acb19f80
4abe59fa5
4ab199fc9
4aa4d9fee
4a981a013
4a8b5a037
4a7e9a05c
4a71da080
4a651a0a5
4a581a0c9
4a4b5a0ee
4a3e9a112
4a31da137
4a251a15b
4a181a180
4a0b5a1a4
49fe9a1c8
49f1da1ed
49e4da211
49d81a235
49cb5a259
49be5a27e
49b19a2a2
49a4da2c6
4997da2ea
498b1a30e
497e1a332
49715a356
49649a37a
49579a39e
494ada3c2
493dda3e6
4930da40a
49241a42e
49171a452
490a5a476
48fd5a49a
48f09a4be
48e39a4e1
48d69a505
48c9da529
48bcda54d
48afda570
48a2da594
48961a5b8
48891a5db
487c1a5ff
486f1a622
48625a646
48555a669
48485a68d
483b5a6b0
482e5a6d4
48215a6f7
48145a71b
48075a73e
47fa5a761
47ed5a785
47e05a7a8
47d35a7cb
47c65a7ee
47b95a812
47ac5a835
479f5a858
47925a87b
47855a89e
47785a8c1
476b5a8e4
475e5a908
47515a92b
47441a94e
47371a971
472a1a993
471d1a9b6
470fda9d9
4702da9fc
46f5daa1f
46e8daa42
46db9aa65
46ce9aa87
46c19aaaa
46b45aacd
46a75aaf0
469a1ab12
468d1ab35
46801ab57
4672dab7a
4665dab9d
46589abbf
464b9abe2
463e5ac04
46315ac27
46241ac49
46171ac6c
4609dac8e
45fc9acb0
45ef9acd3
45e25acf5
45d51ad17
45c81ad39
45badad5c
45ad9ad7e
45a09ada0
45935adc2
45861ade4
4578dae07
456bdae29
455e9ae4b
45515ae6d
45441ae8f
4536daeb1
4529daed3
451c9aef5
450f5af17
45021af38
44f4daf5a
44e79af7c
44da5af9e
44cd1afc0
44bfdafe2
44b29b003
44a55b025
44981b047
448adb068
447d9b08a
44705b0ac
44631b0cd
4455db0ef
44485b110
443b1b132
442ddb153
44209b175
44135b196
4405db1b7
43f89b1d9
43eb5b1fa
43de1b21c
43d09b23d
43c35b25e
43b61b27f
43a89b2a1
439b5b2c2
438e1b2e3
43809b304
43735b325
43661b346
43589b367
434b5b388
433ddb3a9
43309b3ca
43231b3eb
4315db40c
43085b42d
42fb1b44e
42ed9b46f
42e05b490
42d2db4b1
42c55b4d1
42b81b4f2
42aa9b513
429d5b534
428fdb554
42825b575
42751b596
42679b5b6
425a1b5d7
424c9b5f7
423f5b618
4231db638
42245b659
4216db679
42095b69a
41fc1b6ba
41ee9b6db
41e11b6fb
41d39b71b
41c61b73c
41b89b75c
41ab1b77c
419d9b79c
41901b7bd
41829b7dd
41751b7fd
41679b81d
415a1b83d
414c9b85d
413f1b87d
41319b89d
41241b8bd
41169b8dd
41091b8fd
40fb9b91d
40ee1b93d
40e09b95d
40d2db97d
40c55b99c
40b7db9bc
40aa5b9dc
409cdb9fc
408f1ba1b
40819ba3b
40741ba5b
40665ba7a
4058dba9a
404b5bab9
403ddbad9
40301baf9
40229bb18
4014dbb37
40075bb57
3ff9dbb76
3fec1bb96
3fde9bbb5
3fd0dbbd4
3fc35bbf4
3fb59bc13
3fa81bc32
3f9a5bc52
3f8cdbc71
3f7f1bc90
3f719bcaf
3f63dbcce
3f561bced
3f489bd0c
3f3adbd2b
3f2d5bd4a
3f1f9bd69
3f11dbd88
3f045bda7
3ef69bdc6
3ee8dbde5
3edb1be04
3ecd9be23
3ebfdbe42
3eb21be60
3ea45be7f
3e96dbe9e
3e891bebd
3e7b5bedb
3e6d9befa
3e5fdbf19
3e521bf37
3e445bf56
3e36dbf74
3e291bf93
3e1b5bfb1
3e0d9bfd0
3dffdbfee
3df21c00d
3de45c02b
3dd69c04a
3dc8dc068
3dbb1c086
3dad5c0a4
3d9f9c0c3
3d91dc0e1
3d841c0ff
3d761c11d
3d685c13c
3d5a9c15a
3d4cdc178
3d3f1c196
3d315c1b4
3d235c1d2
3d159c1f0
3d07dc20e
3cfa1c22c
3cec5c24a
3cde5c268
3cd09c286
3cc2dc2a3
3cb4dc2c1
3ca71c2df
3c995c2fd
3c8b5c31a
3c7d9c338
3c6fdc356
3c61dc373
3c541c391
3c461c3af
3c385c3cc
3c2a9c3ea
3c1c9c407
3c0edc425
3c00dc442
3bf31c460
3be51c47d
3bd75c49b
3bc95c4b8
3bbb5c4d5
3bad9c4f3
3b9f9c510
3b91dc52d
3b83dc54a
3b75dc568
3b681c585
3b5a1c5a2
3b4c1c5bf
3b3e5c5dc
3b305c5f9
3b225c616
3b149c633
3b069c650
3af89c66d
3aea9c68a
3adc9c6a7
3acedc6c4
3ac0dc6e1
3ab2dc6fe
3aa4dc71a
3a96dc737
3a88dc754
3a7b1c771
3a6d1c78d
3a5f1c7aa
3a511c7c7
3a431c7e3
3a351c800
3a271c81c
3a191c839
3a0b1c855
39fd1c872
39ef1c88e
39e11c8ab
39d31c8c7
39c51c8e3
39b71c900
39a91c91c
399b1c938
398cdc955
397edc971
3970dc98d
3962dc9a9
3954dc9c5
3946dc9e2
39389c9fe
392a9ca1a
391c9ca36
390e9ca52
39009ca6e
38f25ca8a
38e45caa6
38d65cac2
38c81cade
38ba1caf9
38ac1cb15
389ddcb31
388fdcb4d
3881dcb69
38739cb84
38659cba0
38575cbbc
38495cbd7
383b5cbf3
382d1cc0f
381f1cc2a
3810dcc46
3802dcc61
37f49cc7d
37e69cc98
37d85ccb3
37ca5cccf
37bc1ccea
37ae1cd06
379fdcd21
37919cd3c
37839cd57
37755cd73
37671cd8e
37591cda9
374adcdc4
373cdcddf
372e9cdfa
37205ce16
37121ce31
37041ce4c
36f5dce67
36e79ce82
36d95ce9d
36cb5ceb7
36bd1ced2
36aedceed
36a09cf08
36925cf23
36845cf3e
36761cf58
3667dcf73
36599cf8e
364b5cfa8
363d1cfc3
362edcfde
36209cff8
36125d013
36041d02d
35f5dd048
35e79d062
35d95d07d
35cb1d097
35bcdd0b2
35ae9d0cc
35a05d0e6
35921d101
3583dd11b
35759d135
35675d14f
35591d16a
354add184
353c9d19e
352e5d1b8
351fdd1d2
35119d1ec
35035d206
34f51d220
34e6dd23a
34d85d254
34ca1d26e
34bbdd288
34ad9d2a2
349f1d2bc
3490dd2d5
34829d2ef
34745d309
3465dd323
34579d33c
34495d356
343add370
342c9d389
341e1d3a3
340fdd3bd
34019d3d6
33f31d3f0
33e4dd409
33d65d423
33c81d43c
33b99d455
33ab5d46f
339cdd488
338e9d4a1
33801d4bb
3371dd4d4
33635d4ed
33551d506
33469d520
33385d539
3329dd552
331b5d56b
330d1d584
32fe9d59d
32f05d5b6
32e1dd5cf
32d35d5e8
32c51d601
32b69d61a
32a81d633
3299dd64c
328b5d665
327cdd67d
326e5d696
32601d6af
32519d6c8
32431d6e0
32349d6f9
32261d712
3217dd72a
32095d743
31fadd75b
31ec5d774
31dddd78c
31cf5d7a5
31c0dd7bd
31b29d7d6
31a41d7ee
31959d806
31871d81f
31789d837
316a1d84f
315b9d867
314d1d880
313e9d898
31301d8b0
31219d8c8
31131d8e0
31049d8f8
30f61d910
30e79d928
30d91d940
30ca9d958
30bc1d970
30ad5d988
309edd9a0
30905d9b8
3081dd9d0
30735d9e8
3064dd9ff
30565da17
30479da2f
30391da46
302a9da5e
301c1da76
300d9da8d
2ffeddaa5
2ff05dabc
2fe1ddad4
2fd35daeb
2fc49db03
2fb61db1a
2fa79db32
2f98ddb49
2f8a5db60
2f7bddb78
2f6d1db8f
2f5e9dba6
2f501dbbe
2f415dbd5
2f32ddbec
2f241dc03
2f159dc1a
2f06ddc31
2ef85dc48
2ee9ddc5f
2edb1dc77
2ecc9dc8d
2ebdddca4
2eaf5dcbb
2ea09dcd2
2e921dce9
2e835dd00
2e74ddd17
2e661dd2e
2e575dd44
2e48ddd5b
2e3a1dd72
2e2b9dd88
2e1cddd9f
2e0e1ddb6
2dff9ddcc
2df0ddde3
2de25ddf9
2dd39de10
2dc4dde26
2db65de3d
2da79de53
2d98dde6a
2d8a1de80
2d7b9de96
2d6cddead
2d5e1dec3
2d4f5ded9
2d40ddeef
2d321df06
2d235df1c
2d149df32
2d05ddf48
2cf75df5e
2ce89df74
2cd9ddf8a
2ccb1dfa0
2cbc5dfb6
2cad9dfcc
2c9eddfe2
2c905dff8
2c819e00e
2c72de024
2c641e03a
2c555e04f
2c469e065
2c37de07b
2c291e090
2c1a5e0a6
2c0b9e0bc
2bfcde0d1
2bee1e0e7
2bdf5e0fc
2bd09e112
2bc1de128
2bb31e13d
2ba45e152
2b959e168
2b86de17d
2b781e193
2b691e1a8
2b5a5e1bd
2b4b9e1d2
2b3cde1e8
2b2e1e1fd
2b1f5e212
2b109e227
2b019e23c
2af2de251
2ae41e267
2ad55e27c
2ac69e291
2ab79e2a6
2aa8de2ba
2a9a1e2cf
2a8b5e2e4
2a7c5e2f9
2a6d9e30e
2a5ede323
2a501e338
2a411e34c
2a325e361
2a239e376
2a149e38a
2a05de39f
29f71e3b4
29e81e3c8
29d95e3dd
29ca9e3f1
29bb9e406
29acde41a
299dde42f
298f1e443
29801e458
29715e46c
29629e480
29539e495
2944de4a9
2935de4bd
29271e4d1
29181e4e6
29095e4fa
28fa5e50e
28eb9e522
28dc9e536
28cd9e54a
28bede55e
28afde572
28a11e586
28921e59a
28835e5ae
28745e5c2
28655e5d6
28569e5e9
28479e5fd
28389e611
2829de625
281ade638
280bde64c
27fd1e660
27ee1e673
27df1e687
27d05e69a
27c15e6ae
27b25e6c1
27a39e6d5
27949e6e8
27859e6fc
27769e70f
27679e722
2758de736
2749de749
273ade75c
272bde770
271cde783
270e1e796
26ff1e7a9
26f01e7bc
26e11e7cf
26d21e7e2
26c31e7f6
26b41e809
26a55e81c
26965e82e
26875e841
26785e854
26695e867
265a5e87a
264b5e88d
263c5e8a0
262d5e8b2
261e5e8c5
260f5e8d8
26005e8ea
25f15e8fd
25e25e910
25d35e922
25c45e935
25b55e947
25a65e95a
25975e96c
25885e97f
25795e991
256a5e9a4
255b5e9b6
254c1e9c8
253d1e9db
252e1e9ed
251f1e9ff
25101ea11
25011ea23
24f21ea36
24e31ea48
24d3dea5a
24c4dea6c
24b5dea7e
24a6dea90
2497deaa2
24889eab4
24799eac6
246a9ead8
245b9eae9
244c5eafb
243d5eb0d
242e5eb1f
241f5eb31
24101eb42
24011eb54
23f21eb66
23e2deb77
23d3deb89
23c4deb9a
23b59ebac
23a69ebbe
23979ebcf
23885ebe0
23795ebf2
236a5ec03
235b1ec15
234c1ec26
233d1ec37
232ddec49
231edec5a
230f9ec6b
23009ec7c
22f15ec8d
22e25ec9f
22d31ecb0
22c41ecc1
22b51ecd2
22a5dece3
2296decf4
22879ed05
22789ed16
22695ed27
225a5ed38
224b1ed48
223bded59
222cded6a
221d9ed7b
220e9ed8b
21ff5ed9c
21f05edad
21e11edbe
21d1dedce
21c2deddf
21b39edef
21a49ee00
21955ee10
21861ee21
21771ee31
2167dee42
21589ee52
21499ee62
213a5ee73
212b1ee83
211c1ee93
210cdeea3
20fd9eeb4
20ee9eec4
20df5eed4
20d01eee4
20c0deef4
20b1def04
20a29ef14
20935ef24
20841ef34
20751ef44
2065def54
20569ef64
20475ef74
20381ef84
20291ef94
2019defa3
200a9efb3
1ffb5efc3
1fec1efd2
1fdcdefe2
1fcddeff2
1fbe9f001
1faf5f011
1fa01f020
1f90df030
1f819f03f
1f725f04f
1f631f05e
1f53df06e
1f44df07d
1f359f08c
1f265f09c
1f171f0ab
1f07df0ba
1ef89f0c9
1ee95f0d9
1eda1f0e8
1ecadf0f7
1ebb9f106
1eac5f115
1e9d1f124
1e8ddf133
1e7e9f142
1e6f5f151
1e601f160
1e50df16f
1e419f17e
1e325f18d
1e231f19b
1e13df1aa
1e045f1b9
1df51f1c8
1de5df1d6
1dd69f1e5
1dc75f1f4
1db81f202
1da8df211
1d999f21f
1d8a5f22e
1d7adf23c
1d6b9f24b
1d5c5f259
1d4d1f268
1d3ddf276
1d2e9f284
1d1f1f293
1d0fdf2a1
1d009f2af
1cf15f2bd
1ce21f2cc
1cd29f2da
1cc35f2e8
1cb41f2f6
1ca4df304
1c959f312
1c861f320
1c76df32e
1c679f33c
1c581f34a
1c48df358
1c399f366
1c2a5f374
1c1adf381
1c0b9f38f
1bfc5f39d
1becdf3ab
1bdd9f3b8
1bce5f3c6
1bbedf3d4
1baf9f3e1
1ba05f3ef
1b90df3fc
1b819f40a
1b725f417
1b62df425
1b539f432
1b445f440
1b34df44d
1b259f45a
1b161f468
1b06df475
1af75f482
1ae81f48f
1ad8df49d
1ac95f4aa
1aba1f4b7
1aaa9f4c4
1a9b5f4d1
1a8bdf4de
1a7c9f4eb
1a6d1f4f8
1a5ddf505
1a4e5f512
1a3f1f51f
1a2f9f52c
1a205f539
1a10df546
1a019f552
19f21f55f
19e2df56c
19d35f578
19c41f585
19b49f592
19a55f59e
1995df5ab
19869f5b7
19771f5c4
19679f5d0
19585f5dd
1948df5e9
19399f5f6
192a1f602
191a9f60e
190b5f61b
18fbdf627
18ec9f633
18dd1f640
18cd9f64c
18be5f658
18aedf664
189f5f670
18901f67c
18809f688
18711f694
1861df6a0
18525f6ac
1842df6b8
18339f6c4
18241f6d0
18149f6dc
18051f6e7
17f5df6f3
17e65f6ff
17d6df70b
17c79f716
17b81f722
17a89f72e
17991f739
1789df745
177a5f750
176adf75c
175b5f767
174bdf773
173c9f77e
172d1f78a
171d9f795
170e1f7a0
16fedf7ac
16ef5f7b7
16dfdf7c2
16d05f7cd
16c0df7d9
16b15f7e4
16a21f7ef
16929f7fa
16831f805
16739f810
16641f81b
16549f826
16451f831
1635df83c
16265f847
1616df852
16075f85c
15f7df867
15e85f872
15d8df87d
15c95f887
15b9df892
15aa5f89d
159adf8a7
158b9f8b2
157c1f8bd
156c9f8c7
155d1f8d2
154d9f8dc
153e1f8e7
152e9f8f1
151f1f8fb
150f9f906
15001f910
14f09f91a
14e11f925
14d19f92f
14c21f939
14b29f943
14a31f94d
14939f957
14841f961
14749f96c
14651f976
14559f980
14461f98a
14369f993
14271f99d
14179f9a7
14081f9b1
13f89f9bb
13e91f9c5
13d95f9ce
13c9df9d8
13ba5f9e2
13aadf9ec
139b5f9f5
138bdf9ff
137c5fa08
136cdfa12
135d5fa1b
134ddfa25
133e1fa2e
132e9fa38
131f1fa41
130f9fa4b
13001fa54
12f09fa5d
12e11fa67
12d19fa70
12c1dfa79
12b25fa82
12a2dfa8b
12935fa95
1283dfa9e
12745faa7
12649fab0
12551fab9
12459fac2
12361facb
12269fad4
1216dfadd
12075fae5
11f7dfaee
11e85faf7
11d8dfb00
11c91fb09
11b99fb11
11aa1fb1a
119a9fb23
118adfb2b
117b5fb34
116bdfb3c
115c5fb45
114c9fb4d
113d1fb56
112d9fb5e
111e1fb67
110e5fb6f
10fedfb78
10ef5fb80
10dfdfb88
10d01fb90
10c09fb99
10b11fba1
10a15fba9
1091dfbb1
10825fbb9
1072dfbc1
10631fbc9
10539fbd1
10441fbd9
10345fbe1
1024dfbe9
10155fbf1
10059fbf9
ff61fc01
fe69fc09
fd6dfc11
fc75fc18
fb79fc20
fa81fc28
f989fc2f
f88dfc37
f795fc3f
f69dfc46
f5a1fc4e
f4a9fc55
f3b1fc5d
f2b5fc64
f1bdfc6c
f0c1fc73
efc9fc7b
eed1fc82
edd5fc89
ecddfc90
ebe1fc98
eae9fc9f
e9edfca6
e8f5fcad
e7fdfcb4
e701fcbc
e609fcc3
e50dfcca
e415fcd1
e319fcd8
e221fcdf
e129fce6
e02dfcec
df35fcf3
de39fcfa
dd41fd01
dc45fd08
db4dfd0e
da51fd15
d959fd1c
d85dfd22
d765fd29
d669fd30
d571fd36
d475fd3d
d37dfd43
d281fd4a
d189fd50
d08dfd57
cf95fd5d
ce99fd63
cda1fd6a
cca5fd70
cbadfd76
cab1fd7c
c9b9fd83
c8bdfd89
c7c5fd8f
c6c9fd95
c5d1fd9b
c4d5fda1
c3ddfda7
c2e1fdad
c1e9fdb3
c0edfdb9
bff1fdbf
bef9fdc5
bdfdfdcb
bd05fdd1
bc09fdd6
bb11fddc
ba15fde2
b919fde8
b821fded
b725fdf3
b62dfdf8
b531fdfe
b439fe04
b33dfe09
b241fe0f
b149fe14
b04dfe19
af55fe1f
ae59fe24
ad5dfe2a
ac65fe2f
ab69fe34
aa71fe39
a975fe3f
a879fe44
a781fe49
a685fe4e
a589fe53
a491fe58
a395fe5d
a29dfe62
a1a1fe67
a0a5fe6c
9fadfe71
9eb1fe76
9db5fe7b
9cbdfe80
9bc1fe84
9ac5fe89
99cdfe8e
98d1fe93
97d5fe97
96ddfe9c
95e1fea1
94e5fea5
93edfeaa
92f1feae
91f5feb3
90fdfeb7
9001febc
8f05fec0
8e0dfec4
8d11fec9
8c15fecd
8b1dfed1
8a21fed6
8925feda
882dfede
8731fee2
8635fee6
853dfeea
8441feee
8345fef2
8249fef6
8151fefa
8055fefe
7f59ff02
7e61ff06
7d65ff0a
7c69ff0e
7b6dff12
7a75ff16
7979ff19
787dff1d
7785ff21
7689ff24
758dff28
7491ff2c
7399ff2f
729dff33
71a1ff36
70a5ff3a
6fadff3d
6eb1ff40
6db5ff44
6cb9ff47
6bc1ff4a
6ac5ff4e
69c9ff51
68d1ff54
67d5ff57
66d9ff5b
65ddff5e
64e5ff61
63e9ff64
62edff67
61f1ff6a
60f5ff6d
5ffdff70
5f01ff73
5e05ff76
5d09ff79
5c11ff7c
5b15ff7e
5a19ff81
591dff84
5825ff87
5729ff89
562dff8c
5531ff8f
5435ff91
533dff94
5241ff96
5145ff99
5049ff9b
4f51ff9e
4e55ffa0
4d59ffa2
4c5dffa5
4b61ffa7
4a69ffa9
496dffac
4871ffae
4775ffb0
4679ffb2
4581ffb5
4485ffb7
4389ffb9
428dffbb
4191ffbd
4099ffbf
3f9dffc1
3ea1ffc3
3da5ffc5
3ca9ffc6
3bb1ffc8
3ab5ffca
39b9ffcc
38bdffce
37c1ffcf
36c9ffd1
35cdffd3
34d1ffd4
33d5ffd6
32d9ffd8
31e1ffd9
30e5ffdb
2fe9ffdc
2eedffde
2df1ffdf
2cf5ffe0
2bfdffe2
2b01ffe3
2a05ffe4
2909ffe6
280dffe7
2715ffe8
2619ffe9
251dffea
2421ffec
2325ffed
2229ffee
2131ffef
2035fff0
1f39fff1
1e3dfff2
1d41fff3
1c45fff4
1b4dfff4
1a51fff5
1955fff6
1859fff7
175dfff7
1665fff8
1569fff9
146dfff9
1371fffa
1275fffb
1179fffb
1081fffc
f85fffc
e89fffd
d8dfffd
c91fffe
b95fffe
a9dfffe
9a1ffff
8a5ffff
7a9ffff
6adffff
5b1ffff
4b9ffff
3bdffff
2c1ffff
1c5ffff
c9ffff
fffcdffff
ffed5ffff
ffdd9ffff
ffcddffff
ffbe1ffff
ffae5ffff
ff9e9ffff
ff8f1ffff
ff7f5ffff
ff6f9ffff
ff5fdfffe
ff501fffe
ff405fffe
ff30dfffd
ff211fffd
ff115fffd
ff019fffc
fef1dfffc
fee21fffb
fed29fffa
fec2dfffa
feb31fff9
fea35fff9
fe939fff8
fe841fff7
fe745fff6
fe649fff6
fe54dfff5
fe451fff4
fe355fff3
fe25dfff2
fe161fff1
fe065fff0
fdf69ffef
fde6dffee
fdd71ffed
fdc79ffec
fdb7dffeb
fda81ffea
fd985ffe9
fd889ffe8
fd78dffe6
fd695ffe5
fd599ffe4
fd49dffe3
fd3a1ffe1
fd2a5ffe0
fd1adffde
fd0b1ffdd
fcfb5ffdc
fceb9ffda
fcdbdffd9
fccc5ffd7
fcbc9ffd5
fcacdffd4
fc9d1ffd2
fc8d5ffd0
fc7d9ffcf
fc6e1ffcd
fc5e5ffcb
fc4e9ffc9
fc3edffc8
fc2f1ffc6
fc1f9ffc4
fc0fdffc2
fc001ffc0
fbf05ffbe
fbe09ffbc
fbd11ffba
fbc15ffb8
fbb19ffb6
fba1dffb4
fb921ffb2
fb829ffaf
fb72dffad
fb631ffab
fb535ffa9
fb439ffa6
fb341ffa4
fb245ffa2
fb149ff9f
fb04dff9d
faf55ff9a
fae59ff98
fad5dff95
fac61ff93
fab65ff90
faa6dff8e
fa971ff8b
fa875ff88
fa779ff85
fa681ff83
fa585ff80
fa489ff7d
fa38dff7a
fa291ff78
fa199ff75
fa09dff72
f9fa1ff6f
f9ea5ff6c
f9dadff69
f9cb1ff66
f9bb5ff63
f9ab9ff60
f99c1ff5d
f98c5ff59
f97c9ff56
f96cdff53
f95d5ff50
f94d9ff4c
f93ddff49
f92e1ff46
f91e9ff42
f90edff3f
f8ff1ff3c
f8ef5ff38
f8dfdff35
f8d01ff31
f8c05ff2e
f8b0dff2a
f8a11ff26
f8915ff23
f8819ff1f
f8721ff1b
f8625ff18
f8529ff14
f842dff10
f8335ff0c
f8239ff09
f813dff05
f8045ff01
f7f49fefd
f7e4dfef9
f7d51fef5
f7c59fef1
f7b5dfeed
f7a61fee9
f7969fee5
f786dfee0
f7771fedc
f7679fed8
f757dfed4
f7481fed0
f7389fecb
f728dfec7
f7191fec3
f7099febe
f6f9dfeba
f6ea1feb5
f6da5feb1
f6cadfeac
f6bb1fea8
f6ab5fea3
f69bdfe9f
f68c1fe9a
f67c5fe95
f66cdfe91
f65d1fe8c
f64d9fe87
f63ddfe82
f62e1fe7e
f61e9fe79
f60edfe74
f5ff1fe6f
f5ef9fe6a
f5dfdfe65
f5d01fe60
f5c09fe5b
f5b0dfe56
f5a15fe51
f5919fe4c
f581dfe47
f5725fe42
f5629fe3c
f552dfe37
f5435fe32
f5339fe2d
f5241fe27
f5145fe22
f5049fe1d
f4f51fe17
f4e55fe12
f4d5dfe0c
f4c61fe07
f4b65fe01
f4a6dfdfc
f4971fdf6
f4879fdf1
f477dfdeb
f4685fde5
f4589fde0
f448dfdda
f4395fdd4
f4299fdce
f41a1fdc8
f40a5fdc3
f3fadfdbd
f3eb1fdb7
f3db5fdb1
f3cbdfdab
f3bc1fda5
f3ac9fd9f
f39cdfd99
f38d5fd93
f37d9fd8d
f36e1fd86
f35e5fd80
f34edfd7a
f33f1fd74
f32f9fd6d
f31fdfd67
f3105fd61
f3009fd5a
f2f11fd54
f2e15fd4e
f2d1dfd47
f2c21fd41
f2b29fd3a
f2a2dfd34
f2935fd2d
f2839fd26
f2741fd20
f2645fd19
f254dfd12
f2451fd0c
f2359fd05
f225dfcfe
f2165fcf7
f2069fcf1
f1f71fcea
f1e75fce3
f1d7dfcdc
f1c85fcd5
f1b89fcce
f1a91fcc7
f1995fcc0
f189dfcb9
f17a1fcb2
f16a9fcaa
f15b1fca3
f14b5fc9c
f13bdfc95
f12c1fc8e
f11c9fc86
f10cdfc7f
f0fd5fc78
f0eddfc70
f0de1fc69
f0ce9fc61
f0bf1fc5a
f0af5fc52
f09fdfc4b
f0901fc43
f0809fc3c
f0711fc34
f0615fc2c
f051dfc25
f0425fc1d
f0329fc15
f0231fc0e
f0139fc06
f003dfbfe
eff45fbf6
efe49fbee
efd51fbe6
efc59fbde
efb61fbd6
efa65fbce
ef96dfbc6
ef875fbbe
ef779fbb6
ef681fbae
ef589fba6
ef48dfb9e
ef395fb95
ef29dfb8d
ef1a5fb85
ef0a9fb7d
eefb1fb74
eeeb9fb6c
eedbdfb63
eecc5fb5b
eebcdfb53
eead5fb4a
ee9d9fb42
ee8e1fb39
ee7e9fb30
ee6f1fb28
ee5f5fb1f
ee4fdfb16
ee405fb0e
ee30dfb05
ee215fafc
ee119faf3
ee021faeb
edf29fae2
ede31fad9
edd35fad0
edc3dfac7
edb45fabe
eda4dfab5
ed955faac
ed85dfaa3
ed761fa9a
ed669fa91
ed571fa88
ed479fa7f
ed381fa75
ed289fa6c
ed18dfa63
ed095fa5a
ecf9dfa50
ecea5fa47
ecdadfa3d
eccb5fa34
ecbbdfa2b
ecac5fa21
ec9c9fa18
ec8d1fa0e
ec7d9fa05
ec6e1f9fb
ec5e9f9f1
ec4f1f9e8
ec3f9f9de
ec301f9d4
ec209f9cb
ec111f9c1
ec019f9b7
ebf21f9ad
ebe25f9a3
ebd2df999
ebc35f990
ebb3df986
eba45f97c
eb94df972
eb855f968
eb75df95d
eb665f953
eb56df949
eb475f93f
eb37df935
eb285f92b
eb18df920
eb095f916
eaf9df90c
eaea5f902
eadadf8f7
eacb5f8ed
eabbdf8e2
eaac5f8d8
ea9cdf8cd
ea8d9f8c3
ea7e1f8b8
ea6e9f8ae
ea5f1f8a3
ea4f9f899
ea401f88e
ea309f883
ea211f878
ea119f86e
ea021f863
e9f29f858
e9e31f84d
e9d3df842
e9c45f838
e9b4df82d
e9a55f822
e995df817
e9865f80c
e976df801
e9679f7f5
e9581f7ea
e9489f7df
e9391f7d4
e9299f7c9
e91a1f7be
e90adf7b2
e8fb5f7a7
e8ebdf79c
e8dc5f790
e8ccdf785
e8bd9f77a
e8ae1f76e
e89e9f763
e88f1f757
e87f9f74c
e8705f740
e860df735
e8515f729
e841df71d
e8329f712
e8231f706
e8139f6fa
e8045f6ef
e7f4df6e3
e7e55f6d7
e7d5df6cb
e7c69f6bf
e7b71f6b3
e7a79f6a7
e7985f69b
e788df68f
e7795f683
e76a1f677
e75a9f66b
e74b1f65f
e73bdf653
e72c5f647
e71cdf63b
e70d9f62e
e6fe1f622
e6eedf616
e6df5f60a
e6cfdf5fd
e6c09f5f1
e6b11f5e4
e6a1df5d8
e6925f5cb
e682df5bf
e6739f5b2
e6641f5a6
e654df599
e6455f58d
e6361f580
e6269f573
e6175f567
e607df55a
e5f85f54d
e5e91f540
e5d99f534
e5ca5f527
e5badf51a
e5ab9f50d
e59c1f500
e58cdf4f3
e57d5f4e6
e56e1f4d9
e55edf4cc
e54f5f4bf
e5401f4b2
e5309f4a5
e5215f497
e511df48a
e5029f47d
e4f35f470
e4e3df462
e4d49f455
e4c51f448
e4b5df43a
e4a69f42d
e4971f420
e487df412
e4785f405
e4691f3f7
e459df3e9
e44a5f3dc
e43b1f3ce
e42bdf3c1
e41c5f3b3
e40d1f3a5
e3fddf397
e3ee5f38a
e3df1f37c
e3cfdf36e
e3c09f360
e3b11f352
e3a1df344
e3929f337
e3831f329
e373df31b
e3649f30d
e3555f2fe
e3461f2f0
e3369f2e2
e3275f2d4
e3181f2c6
e308df2b8
e2f95f2aa
e2ea1f29b
e2dadf28d
e2cb9f27f
e2bc5f270
e2ad1f262
e29d9f253
e28e5f245
e27f1f237
e26fdf228
e2609f21a
e2515f20b
e2421f1fc
e232df1ee
e2235f1df
e2141f1d0
e204df1c2
e1f59f1b3
e1e65f1a4
e1d71f196
e1c7df187
e1b89f178
e1a95f169
e19a1f15a
e18adf14b
e17b9f13c
e16c5f12d
e15d1f11e
e14ddf10f
e13e9f100
e12f5f0f1
e1201f0e2
e110df0d3
e1019f0c3
e0f25f0b4
e0e31f0a5
e0d3df096
e0c49f086
e0b55f077
e0a61f068
e096df058
e0879f049
e0785f039
e0695f02a
e05a1f01a
e04adf00b
e03b9effb
e02c5efec
e01d1efdc
e00ddefcc
dffedefbd
dfef9efad
dfe05ef9d
dfd11ef8d
dfc1def7d
dfb29ef6e
dfa39ef5e
df945ef4e
df851ef3e
df75def2e
df66def1e
df579ef0e
df485eefe
df391eeee
df2a1eede
df1adeece
df0b9eebd
defc5eead
deed5ee9d
dede1ee8d
decedee7c
debfdee6c
deb09ee5c
dea15ee4b
de925ee3b
de831ee2b
de73dee1a
de64dee0a
de559edf9
de469ede9
de375edd8
de281edc7
de191edb7
de09deda6
ddfaded96
ddeb9ed85
dddc5ed74
ddcd5ed63
ddbe1ed52
ddaf1ed42
dd9fded31
dd90ded20
dd819ed0f
dd729ecfe
dd635eced
dd545ecdc
dd451eccb
dd361ecba
dd26deca9
dd17dec98
dd089ec87
dcf99ec75
dcea9ec64
dcdb5ec53
dccc5ec42
dcbd1ec30
dcae1ec1f
dc9f1ec0e
dc8fdebfc
dc80debeb
dc719ebda
dc629ebc8
dc539ebb7
dc445eba5
dc355eb93
dc265eb82
dc171eb70
dc081eb5f
dbf91eb4d
dbea1eb3b
dbdadeb2a
dbcbdeb18
dbbcdeb06
dbad9eaf4
db9e9eae2
db8f9ead0
db809eabf
db719eaad
db625ea9b
db535ea89
db445ea77
db355ea65
db265ea53
db171ea40
db081ea2e
daf91ea1c
daea1ea0a
dadb1e9f8
dacc1e9e5
dabd1e9d3
daadde9c1
da9ede9af
da8fde99c
da80de98a
da71de977
da62de965
da53de952
da44de940
da35de92d
da26de91b
da17de908
da08de8f6
d9f9de8e3
d9eade8d0
d9dbde8be
d9ccde8ab
d9bdde898
d9aede885
d99fde872
d990de860
d981de84d
d972de83a
d963de827
d954de814
d9461e801
d9371e7ee
d9281e7db
d9191e7c8
d90a1e7b5
d8fb1e7a2
d8ec1e78e
d8dd5e77b
d8ce5e768
d8bf5e755
d8b05e741
d8a15e72e
d8929e71b
d8839e707
d8749e6f4
d8659e6e1
d856de6cd
d847de6ba
d838de6a6
d829de693
d81b1e67f
d80c1e66b
d7fd1e658
d7ee5e644
d7df5e630
d7d05e61d
d7c19e609
d7b29e5f5
d7a39e5e1
d794de5ce
d785de5ba
d7771e5a6
d7681e592
d7591e57e
d74a5e56a
d73b5e556
d72c9e542
d71d9e52e
d70ede51a
d6ffde506
d6f11e4f2
d6e21e4dd
d6d35e4c9
d6c45e4b5
d6b59e4a1
d6a69e48c
d697de478
d688de464
d67a1e44f
d66b1e43b
d65c5e427
d64d9e412
d63e9e3fe
d62fde3e9
d620de3d5
d6121e3c0
d6035e3ab
d5f45e397
d5e59e382
d5d6de36e
d5c7de359
d5b91e344
d5aa5e32f
d59b5e31b
d58c9e306
d57dde2f1
d56f1e2dc
d5601e2c7
d5515e2b2
d5429e29d
d533de288
d524de273
d5161e25e
d5075e249
d4f89e234
d4e9de21f
d4db1e20a
d4cc1e1f4
d4bd5e1df
d4ae9e1ca
d49fde1b5
d4911e19f
d4825e18a
d4739e175
d464de15f
d4561e14a
d4471e134
d4385e11f
d4299e109
d41ade0f4
d40c1e0de
d3fd5e0c9
d3ee9e0b3
d3dfde09d
d3d11e088
d3c25e072
d3b39e05c
d3a51e047
d3965e031
d3879e01b
d378de005
d36a1dfef
d35b5dfd9
d34c9dfc3
d33dddfad
d32f1df98
d3205df81
d311ddf6b
d3031df55
d2f45df3f
d2e59df29
d2d6ddf13
d2c85defd
d2b99dee7
d2aadded0
d29c1deba
d28d9dea4
d27edde8d
d2701de77
d2615de61
d252dde4a
d2441de34
d2355de1d
d226dde07
d2181ddf0
d2095ddda
d1fadddc3
d1ec1ddad
d1dd5dd96
d1ceddd7f
d1c01dd69
d1b19dd52
d1a2ddd3b
d1945dd24
d1859dd0e
d1771dcf7
d1685dce0
d1599dcc9
d14b1dcb2
d13c5dc9b
d12dddc84
d11f5dc6d
d1109dc56
d1021dc3f
d0f35dc28
d0e4ddc11
d0d61dbfa
d0c79dbe3
d0b91dbcc
d0aa5dbb4
d09bddb9d
d08d1db86
d07e9db6e
d0701db57
d0615db40
d052ddb28
d0445db11
d0359dafa
d0271dae2
d0189dacb
d00a1dab3
cffb5da9b
cfecdda84
cfde5da6c
cfcfdda55
cfc15da3d
cfb29da25
cfa41da0e
cf959d9f6
cf871d9de
cf789d9c6
cf6a1d9ae
cf5b5d997
cf4cdd97f
cf3e5d967
cf2fdd94f
cf215d937
cf12dd91f
cf045d907
cef5dd8ef
cee75d8d7
ced8dd8be
ceca5d8a6
cebbdd88e
cead5d876
ce9edd85e
ce905d845
ce81dd82d
ce735d815
ce64dd7fd
ce565d7e4
ce47dd7cc
ce395d7b3
ce2add79b
ce1c9d782
ce0e1d76a
cdff9d751
cdf11d739
cde29d720
cdd41d708
cdc5dd6ef
cdb75d6d6
cda8dd6be
cd9a5d6a5
cd8c1d68c
cd7d9d673
cd6f1d65b
cd609d642
cd525d629
cd43dd610
cd355d5f7
cd271d5de
cd189d5c5
cd0a1d5ac
ccfbdd593
cced5d57a
ccdedd561
ccd09d548
ccc21d52f
ccb3dd516
cca55d4fc
cc971d4e3
cc889d4ca
cc7a5d4b1
cc6bdd497
cc5d9d47e
cc4f1d465
cc40dd44b
cc325d432
cc241d418
cc159d3ff
cc075d3e5
cbf8dd3cc
cbea9d3b2
cbdc5d399
cbcddd37f
cbbf9d366
cbb15d34c
cba2dd332
cb949d318
cb865d2ff
cb77dd2e5
cb699d2cb
cb5b5d2b1
cb4cdd297
cb3e9d27e
cb305d264
cb221d24a
cb139d230
cb055d216
caf71d1fc
cae8dd1e2
cada9d1c8
cacc5d1ae
cabddd193
caaf9d179
caa15d15f
ca931d145
ca84dd12b
ca769d110
ca685d0f6
ca5a1d0dc
ca4bdd0c1
ca3d9d0a7
ca2f5d08d
ca211d072
ca12dd058
ca049d03d
c9f65d023
c9e81d008
c9d9dcfee
c9cb9cfd3
c9bd5cfb8
c9af1cf9e
c9a0dcf83
c9929cf68
c9849cf4e
c9765cf33
c9681cf18
c959dcefd
c94b9cee2
c93d5cec8
c92f5cead
c9211ce92
c912dce77
c9049ce5c
c8f69ce41
c8e85ce26
c8da1ce0b
c8cc1cdf0
c8bddcdd5
c8af9cdb9
c8a15cd9e
c8935cd83
c8851cd68
c8771cd4d
c868dcd31
c85a9cd16
c84c9ccfb
c83e5ccdf
c8305ccc4
c8221cca9
c8141cc8d
c805dcc72
c7f7dcc56
c7e99cc3b
c7db9cc1f
c7cd5cc03
c7bf5cbe8
c7b11cbcc
c7a31cbb1
c7951cb95
c786dcb79
c778dcb5d
c76a9cb42
c75c9cb26
c74e9cb0a
c7405caee
c7325cad2
c7245cab7
c7161ca9b
c7081ca7f
c6fa1ca63
c6ec1ca47
c6dddca2b
c6cfdca0f
c6c1dc9f2
c6b3dc9d6
c6a5dc9ba
c697dc99e
c6899c982
c67b9c966
c66d9c949
c65f9c92d
c6519c911
c6439c8f4
c6359c8d8
c6279c8bc
c6199c89f
c60b9c883
c5fd9c866
c5ef9c84a
c5e19c82d
c5d39c811
c5c59c7f4
c5b79c7d8
c5a99c7bb
c59b9c79e
c58d9c782
c57f9c765
c5719c748
c5639c72c
c5559c70f
c547dc6f2
c539dc6d5
c52bdc6b8
c51ddc69b
c50fdc67e
c5021c662
c4f41c645
c4e61c628
c4d81c60b
c4ca5c5ed
c4bc5c5d0
c4ae5c5b3
c4a09c596
c4929c579
c4849c55c
c476dc53f
c468dc521
c45b1c504
c44d1c4e7
c43f1c4ca
c4315c4ac
c4235c48f
c4159c471
c4079c454
c3f9dc437
c3ebdc419
c3de1c3fc
c3d01c3de
c3c25c3c0
c3b45c3a3
c3a69c385
c398dc368
c38adc34a
c37d1c32c
c36f1c30f
c3615c2f1
c3539c2d3
c3459c2b5
c337dc297
c32a1c27a
c31c5c25c
c30e5c23e
c3009c220
c2f2dc202
c2e51c1e4
c2d71c1c6
c2c95c1a8
c2bb9c18a
c2addc16c
c2a01c14e
c2925c12f
c2849c111
c2769c0f3
c268dc0d5
c25b1c0b7
c24d5c098
c23f9c07a
c231dc05c
c2241c03d
c2165c01f
c2089c001
c1fadbfe2
c1ed1bfc4
c1df5bfa5
c1d19bf87
c1c3dbf68
c1b65bf4a
c1a89bf2b
c19adbf0c
c18d1beee
c17f5becf
c1719beb0
c163dbe92
c1565be73
c1489be54
c13adbe35
c12d1be17
c11f9bdf8
c111dbdd9
c1041bdba
c0f69bd9b
c0e8dbd7c
c0db1bd5d
c0cd9bd3e
c0bfdbd1f
c0b21bd00
c0a49bce1
c096dbcc2
c0895bca3
c07b9bc83
c06ddbc64
c0605bc45
c0529bc26
c0451bc07
c0375bbe7
c029dbbc8
c01c1bba9
c00e9bb89
c0011bb6a
bff35bb4a
bfe5dbb2b
bfd81bb0b
bfca9baec
bfbd1bacc
bfaf5baad
bfa1dba8d
bf945ba6e
bf86dba4e
bf791ba2e
bf6b9ba0f
bf5e1b9ef
bf509b9cf
bf42db9af
bf355b990
bf27db970
bf1a5b950
bf0cdb930
beff1b910
bef19b8f0
bee41b8d0
bed69b8b0
bec91b890
bebb9b870
beae1b850
bea09b830
be931b810
be859b7f0
be781b7d0
be6a9b7b0
be5d1b78f
be4f9b76f
be421b74f
be349b72f
be271b70e
be19db6ee
be0c5b6ce
bdfedb6ad
bdf15b68d
bde3db66c
bdd65b64c
bdc91b62b
bdbb9b60b
bdae1b5ea
bda09b5ca
bd935b5a9
bd85db589
bd785b568
bd6b1b547
bd5d9b527
bd501b506
bd42db4e5
bd355b4c4
bd281b4a4
bd1a9b483
bd0d1b462
bcffdb441
bcf25b420
bce51b3ff
bcd79b3de
bcca5b3bd
bcbcdb39c
bcaf9b37b
bca21b35a
bc94db339
bc879b318
bc7a1b2f7
bc6cdb2d6
bc5f9b2b5
bc521b293
bc44db272
bc379b251
bc2a1b230
bc1cdb20e
bc0f9b1ed
bc021b1cc
bbf4db1aa
bbe79b189
bbda5b167
bbcd1b146
bbbfdb124
bbb25b103
bba51b0e1
bb97db0c0
bb8a9b09e
bb7d5b07c
bb701b05b
bb62db039
bb559b017
bb485aff6
bb3b1afd4
bb2ddafb2
bb209af90
bb135af6f
bb061af4d
baf8daf2b
baeb9af09
bade5aee7
bad11aec5
bac3daea3
bab6dae81
baa99ae5f
ba9c5ae3d
ba8f1ae1b
ba81dadf9
ba74dadd7
ba679adb5
ba5a5ad92
ba4d5ad70
ba401ad4e
ba32dad2c
ba25dad0a
ba189ace7
ba0b5acc5
b9fe5aca3
b9f11ac80
b9e3dac5e
b9d6dac3b
b9c99ac19
b9bc9abf6
b9af5abd4
b9a25abb1
b9951ab8f
b9881ab6c
b97adab4a
b96ddab27
b960dab04
b9539aae2
b9469aabf
b9395aa9c
b92c5aa79
b91f5aa57
b9121aa34
b9051aa11
b8f81a9ee
b8eb1a9cb
b8ddda9a8
b8d0da985
b8c3da963
b8b6da940
b8a9da91d
b89c9a8fa
b88f9a8d6
b8829a8b3
b8759a890
b8689a86d
b85b9a84a
b84e9a827
b8419a804
b8349a7e0
b8279a7bd
b81a9a79a
b80d9a777
b8009a753
b7f39a730
b7e69a70c
b7d99a6e9
b7cc9a6c6
b7bf9a6a2
b7b29a67f
b7a5da65b
b798da638
b78bda614
b77eda5f1
b771da5cd
b7651a5a9
b7581a586
b74b1a562
b73e1a53e
b7315a51b
b7245a4f7
b7175a4d3
b70a9a4af
b6fd9a48b
b6f0da468
b6e3da444
b6d6da420
b6ca1a3fc
b6bd1a3d8
b6b05a3b4
b6a35a390
b6969a36c
b6899a348
b67cda324
b6701a300
b6631a2dc
b6565a2b7
b6495a293
b63c9a26f
b62fda24b
b622da227
b6161a202
b6095a1de
b5fc9a1ba
b5ef9a195
b5e2da171
b5d61a14d
b5c95a128
b5bc5a104
b5af9a0df
b5a2da0bb
b5961a096
b5895a072
b57c9a04d
b56fda029
b5631a004
b55659fdf
b54999fbb
b53cd9f96
b53019f71
b52359f4d
b51699f28
b509d9f03
b4fd19ede
b4f059eb9
b4e399e94
b4d6d9e70
b4ca19e4b
b4bd59e26
b4b0d9e01
b4a419ddc
b49759db7
b48a99d92
b47e19d6d
b47159d48
b46499d23
b457d9cfd
b44b59cd8
b43e99cb3
b431d9c8e
b42559c69
b41899c43
b40c19c1e
b3ff59bf9
b3f2d9bd4
b3e619bae
b3d959b89
b3ccd9b63
b3c059b3e
b3b399b19
b3a719af3
b39a59ace
b38dd9aa8
b38119a83
b37499a5d
b36819a37
b35b59a12
b34ed99ec
b342599c7
b335999a1
b3291997b
b31c99955
b31019930
b3039990a
b2f6d98e4
b2ea598be
b2ddd9898
b2d159873
b2c4d984d
b2b859827
b2abd9801
b29f597db
b292997b5
b2861978f
b27999769
b26d19743
b2609971d
b254596f6
b247d96d0
b23b596aa
b22ed9684
b2225965e
b215d9638
b20959611
b1fcd95eb
b1f0995c5
b1e41959e
b1d799578
b1cb19552
b1bed952b
b1b259505
b1a5d94de
b199594b8
b18d19491
b1809946b
b17459444
b167d941e
b15b593f7
b14f193d1
b142993aa
b13659383
b129d935d
b11d99336
b1111930f
b104d92e8
b0f8592c2
b0ec1929b
b0dfd9274
b0d35924d
b0c719226
b0ba991ff
b0ae591d8
b0a2191b1
b095d918a
b08959163
b07d1913c
b070d9115
b064990ee
b058190c7
b04bd90a0
b03f99079
b03359052
b0271902b
b01ad9003
b00e98fdc
b00258fb5
aff618f8e
afe9d8f66
afdd98f3f
afd158f18
afc518ef0
afb8d8ec9
afac98ea2
afa058e7a
af9418e53
af87d8e2b
af7b98e04
af6f58ddc
af6358db4
af5718d8d
af4ad8d65
af3e98d3e
af3258d16
af2658cee
af1a18cc7
af0dd8c9f
af01d8c77
aef598c4f
aee958c28
aedd58c00
aed118bd8
aec518bb0
aeb8d8b88
aeacd8b60
aea098b38
ae9498b10
ae8858ae8
ae7c58ac0
ae7018a98
ae6418a70
ae57d8a48
ae4bd8a20
ae3fd89f8
ae33989d0
ae27989a8
ae1b98980
ae0f58957
ae035892f
adf758907
adeb588df
addf588b6
add31888e
adc718866
adbb1883d
adaf18815
ada3187ec
ad97187c4
ad8b1879c
ad7f18773
ad731874b
ad6718722
ad5b186f9
ad4f186d1
ad43186a8
ad3718680
ad2b18657
ad1f1862e
ad1318606
ad07185dd
acfb185b4
acef5858b
ace358563
acd75853a
accb58511
acbf584e8
acb3984bf
aca798496
ac9b9846d
ac8fd8444
ac83d841c
ac77d83f3
ac6c183c9
ac60183a0
ac5458377
ac485834e
ac3c98325
ac30982fc
ac24d82d3
ac18d82aa
ac0d18281
ac0118257
abf55822e
abe998205
abdd981dc
abd1d81b2
abc618189
abba18160
abae58136
aba29810d
ab96980e3
ab8ad80ba
ab7f18090
ab7358067
ab679803d
ab5bd8014
ab4fd7fea
ab4417fc1
ab3857f97
ab2c97f6e
ab20d7f44
ab1517f1a
ab0957ef0
aafd97ec7
aaf1d7e9d
aae617e73
aada57e49
aace97e20
aac317df6
aab757dcc
aaab97da2
aa9fd7d78
aa9417d4e
aa8857d24
aa7cd7cfa
aa7117cd0
aa6557ca6
aa5997c7c
aa4e17c52
aa4257c28
aa3697bfe
aa2b17bd4
aa1f57baa
aa13d7b80
aa0817b56
a9fc97b2b
a9f0d7b01
a9e557ad7
a9d997aad
a9ce17a82
a9c257a58
a9b6d7a2e
a9ab17a03
a99f979d9
a994179ae
a98857984
a97cd795a
a9715792f
a96597905
a95a178da
a94e978af
a94317885
a9375785a
a92bd7830
a92057805
a914d77da
a909577b0
a8fdd7785
a8f25775a
a8e6d7730
a8db57705
a8cfd76da
a8c4576af
a8b8d7684
a8ad5765a
a8a1d762f
a89657604
a88ad75d9
a87f575ae
a873d7583
a86857558
a85d1752d
a85197502
a846174d7
a83a974ac
a82f57481
a823d7456
a8185742a
a80d173ff
a801973d4
a7f6173a9
a7ead737e
a7df57352
a7d417327
a7c8972fc
a7bd572d1
a7b1d72a5
a7a69727a
a79b1724e
a78fd7223
a784571f8
a779171cc
a76dd71a1
a76257175
a7571714a
a74bd711e
a740570f3
a735170c7
a729d709b
a71e97070
a71317044
a707d7019
a6fc96fed
a6f156fc1
a6e616f95
a6dad6f6a
a6cf96f3e
a6c416f12
a6b8d6ee6
a6ad96eba
a6a256e8f
a69716e63
a68bd6e37
a680d6e0b
a67596ddf
a66a56db3
a65f16d87
a653d6d5b
a64896d2f
a63d56d03
a63256cd7
a62716cab
a61bd6c7f
a61096c53
a60596c26
a5fa56bfa
a5ef16bce
a5e416ba2
a5d8d6b75
a5cdd6b49
a5c296b1d
a5b756af1
a5ac56ac4
a5a116a98
a59616a6c
a58ad6a3f
a57fd6a13
a574d69e6
a569969ba
a55e9698d
a55356961
a54856934
a53d56908
a532168db
a527168af
a51c16882
a51116855
a50616829
a4fad67fc
a4efd67cf
a4e4d67a3
a4d9d6776
a4ced6749
a4c3d671c
a4b8d66f0
a4add66c3
a4a2d6696
a497d6669
a48cd663c
a481d660f
a476d65e2
a46bd65b6
a460d6589
a455d655c
a44ad652f
a43fd6502
a435164d5
a42a164a7
a41f1647a
a4141644d
a40956420
a3fe563f3
a3f3563c6
a3e896399
a3dd9636b
a3d29633e
a3c7d6311
a3bcd62e4
a3b2162b6
a3a716289
a39c5625c
a3915622e
a38696201
a37b961d3
a370d61a6
a36616179
a35b1614b
a3505611e
a345560f0
a33a960c3
a32fd6095
a32516068
a31a1603a
a30f5600c
a30495fdf
a2f9d5fb1
a2ef15f83
a2e455f56
a2d955f28
a2ce95efa
a2c3d5ecc
a2b915e9f
a2ae55e71
a2a395e43
a298d5e15
a28e15de7
a28355db9
a278d5d8c
a26e15d5e
a26355d30
a25895d02
a24dd5cd4
a24315ca6
a23895c78
a22dd5c4a
a22315c1c
a21855bee
a20dd5bbf
a20315b91
a1f855b63
a1edd5b35
a1e315b07
a1d895ad9
a1cdd5aaa
a1c315a7c
a1b895a4e
a1add5a20
a1a3559f1
a198d59c3
a18e15995
a18395966
a178d5938
a16e55909
a163d58db
a159158ad
a14e9587e
a14415850
a13995821
a12ed57f3
a124557c4
a119d5795
a10f55767
a104d5738
a0fa5570a
a0efd56db
a0e5156ac
a0da9567e
a0d01564f
a0c595620
a0bb155f1
a0b0955c3
a0a655594
a09bd5565
a09155536
a086d5507
a07c554d8
a071d54a9
a0675547b
a05d1544c
a0529541d
a048153ee
a03d953bf
a03355390
a028d5361
a01e95332
a01415302
a009952d3
9fff552a4
9ff4d5275
9fea95246
9fe015217
9fd5d51e8
9fcb551b8
9fc115189
9fb69515a
9fac5512b
9fa2150fb
9f97950cc
9f8d5509d
9f831506d
9f789503e
9f6e5500f
9f6414fdf
9f59d4fb0
9f4f94f80
9f4514f51
9f3ad4f21
9f3094ef2
9f2654ec2
9f1c14e93
9f11d4e63
9f0794e34
9efd54e04
9ef314dd4
9ee8d4da5
9ede94d75
9ed454d45
9eca14d16
9ebfd4ce6
9eb5d4cb6
9eab94c86
9ea154c57
9e9714c27
9e8cd4bf7
9e82d4bc7
9e7894b97
9e6e54b67
9e6454b37
9e5a14b08
9e4fd4ad8
9e45d4aa8
9e3b94a78
9e3194a48
9e2754a18
9e1d549e8
9e13149b8
9e0914987
9dfed4957
9df4d4927
9dead48f7
9de0948c7
9dd694897
9dcc94867
9dc254836
9db854806
9dae547d6
9da4147a6
9d9a14775
9d9014745
9d8614715
9d7c146e4
9d72146b4
9d6814684
9d5e14653
9d5414623
9d4a145f2
9d40145c2
9d3614591
9d2c14561
9d2214530
9d1814500
9d0e144cf
9d041449f
9cfa1446e
9cf01443d
9ce65440d
9cdc543dc
9cd2543ab
9cc89437b
9cbe9434a
9cb494319
9caad42e9
9ca0d42b8
9c96d4287
9c8d14256
9c8314225
9c79541f5
9c6f541c4
9c6594193
9c5b94162
9c51d4131
9c47d4100
9c3e140cf
9c345409e
9c2a5406d
9c209403c
9c16d400b
9c0d13fda
9c0313fa9
9bf953f78
9bef93f47
9be5d3f16
9bdc13ee4
9bd213eb3
9bc853e82
9bbe93e51
9bb4d3e20
9bab13dee
9ba153dbd
9b9793d8c
9b8dd3d5b
9b8413d29
9b7a53cf8
9b7093cc7
9b6713c95
9b5d53c64
9b5393c32
9b49d3c01
9b4013bd0
9b3693b9e
9b2cd3b6d
9b2313b3b
9b1993b0a
9b0fd3ad8
9b0613aa6
9afc93a75
9af2d3a43
9ae953a12
9adf939e0
9ad6139ae
9acc5397d
9ac2d394b
9ab913919
9aaf938e8
9aa5d38b6
9a9c53884
9a92d3852
9a8913821
9a7f937ef
9a76137bd
9a6c9378b
9a62d3759
9a5953727
9a4fd36f5
9a46536c3
9a3cd3691
9a3353660
9a29d362e
9a20135fc
9a16935ca
9a0d13597
9a0393565
99fa13533
99f0d3501
99e7534cf
99ddd349d
99d45346b
99cad3439
99c153407
99b7d33d4
99ae933a2
99a513370
999b9333e
99925330b
9988d32d9
997f532a7
997613274
996c93242
996313210
9959d31dd
9950531ab
994713179
993d93146
993453114
992b130e1
9921930af
99185307c
990ed304a
990593017
98fc52fe5
98f2d2fb2
98e992f7f
98e052f4d
98d712f1a
98cdd2ee8
98c452eb5
98bb12e82
98b1d2e4f
98a892e1d
989f52dea
989612db7
988cd2d85
988392d52
987a52d1f
987112cec
9867d2cb9
985e92c86
985552c54
984c52c21
984312bee
9839d2bbb
983092b88
982752b55
981e52b22
981512aef
980bd2abc
9802d2a89
97f992a56
97f052a23
97e7529f0
97de129bc
97d512989
97cbd2956
97c2d2923
97b9928f0
97b0928bd
97a792889
979e52856
979552823
978c527f0
9783127bc
977a12789
977112756
9767d2723
975ed26ef
9755d26bc
974cd2688
9743d2655
973ad2622
9731d25ee
9728d25bb
971f92587
971692554
970d92520
9704d24ed
96fbd24b9
96f2d2486
96e9d2452
96e0d241e
96d7d23eb
96ced23b7
96c612384
96bd12350
96b41231c
96ab122e8
96a2522b5
969952281
96905224d
96879221a
967e921e6
9675d21b2
966cd217e
9663d214a
965b12116
9652520e3
9649520af
96409207b
963792047
962ed2013
962611fdf
961d11fab
961451f77
960b91f43
960291f0f
95f9d1edb
95f111ea7
95e851e73
95df91e3f
95d6d1e0b
95ce11dd7
95c511da2
95bc51d6e
95b391d3a
95aad1d06
95a211cd2
959991c9d
9590d1c69
958811c35
957f51c01
957691bcc
956dd1b98
956511b64
955c91b2f
9553d1afb
954b11ac7
954291a92
9539d1a5e
953111a2a
9528919f5
951fd19c1
95171198c
950e91958
9505d1923
94fd518ef
94f4918ba
94ec11886
94e391851
94dad181c
94d2517e8
94c9d17b3
94c11177f
94b89174a
94b011715
94a7516e1
949ed16ac
949651677
948dd1642
94855160e
947cd15d9
9474515a4
946b9156f
94631153a
945a91506
9452114d1
94499149c
944151467
9438d1432
9430513fd
9427d13c8
941f51393
9416d135e
940e91329
9406112f4
93fd912bf
93f51128a
93ecd1255
93e451220
93dbd11eb
93d3911b6
93cb11181
93c2d114c
93ba51117
93b2110e2
93a9910ac
93a151077
9398d1042
93909100d
938810fd8
937fd0fa2
937790f6d
936f50f38
9366d0f02
935e90ecd
935650e98
934e10e62
934590e2d
933d50df8
933510dc2
932cd0d8d
932490d57
931c50d22
931410ced
930bd0cb7
930390c82
92fb50c4c
92f310c17
92ead0be1
92e290bac
92da90b76
92d250b40
92ca10b0b
92c1d0ad5
92b990a9f
92b190a6a
92a950a34
92a1109ff
9299109c9
9290d0993
9288d095d
928090928
9278908f2
9270508bc
926850886
926010851
92581081b
924fd07e5
9247d07af
923fd0779
923790743
922f9070d
9227906d7
921f506a2
92175066c
920f50636
920750600
91ff505ca
91f750594
91ef5055e
91e710528
91df104f2
91d7104bb
91cf10485
91c71044f
91bf50419
91b7503e3
91af503ad
91a750377
919f50341
91975030a
918f902d4
91879029e
917f90268
917790231
916fd01fb
9167d01c5
915fd018f
915810158
915010122
9148500ec
9140500b5
91389007f
913090049
9128d0012
9120cffdc
91190ffa5
91114ff6f
91094ff38
91018ff02
90f9cfecb
90f1cfe95
90ea0fe5e
90e24fe28
90da8fdf1
90d2cfdbb
90cb0fd84
90c30fd4e
90bb4fd17
90b38fce0
90abcfcaa
90a40fc73
909c4fc3c
90948fc06
908d0fbcf
90854fb98
907d8fb62
9075cfb2b
906e0faf4
90664fabd
905ecfa86
90570fa50
904f4fa19
90478f9e2
90400f9ab
90384f974
9030cf93d
90290f907
90214f8d0
9019cf899
90120f862
900a8f82b
90030f7f4
8ffb4f7bd
8ff3cf786
8fec0f74f
8fe48f718
8fdd0f6e1
8fd54f6aa
8fcdcf673
8fc64f63c
8fbecf604
8fb74f5cd
8faf8f596
8fa80f55f
8fa08f528
8f990f4f1
8f918f4ba
8f8a0f482
8f828f44b
8f7b0f414
8f738f3dd
8f6c0f3a5
8f648f36e
8f5d4f337
8f55cf300
8f4e4f2c8
8f46cf291
8f3f4f25a
8f380f222
8f308f1eb
8f290f1b4
8f21cf17c
8f1a4f145
8f12cf10d
8f0b8f0d6
8f040f09e
8efccf067
8ef54f02f
8eee0eff8
8ee68efc0
8edf4ef89
8ed80ef51
8ed08ef1a
8ec94eee2
8ec20eeab
8eba8ee73
8eb34ee3c
8eac0ee04
8ea4cedcc
8e9d4ed95
8e960ed5d
8e8eced25
8e878ecee
8e804ecb6
8e790ec7e
8e71cec46
8e6a8ec0f
8e634ebd7
8e5c0eb9f
8e54ceb67
8e4d8eb30
8e468eaf8
8e3f4eac0
8e380ea88
8e30cea50
8e298ea18
8e228e9e0
8e1b4e9a8
8e140e971
8e0d0e939
8e05ce901
8dfece8c9
8df78e891
8df04e859
8de94e821
8de20e7e9
8ddb0e7b1
8dd40e779
8dccce741
8dc5ce709
8dbece6d1
8db78e698
8db08e660
8da98e628
8da24e5f0
8d9b4e5b8
8d944e580
8d8d4e548
8d864e50f
8d7f4e4d7
8d784e49f
8d714e467
8d6a4e42f
8d634e3f6
8d5c4e3be
8d554e386
8d4e4e34d
8d474e315
8d404e2dd
8d394e2a4
8d324e26c
8d2b8e234
8d248e1fb
8d1d8e1c3
8d168e18b
8d0fce152
8d08ce11a
8d020e0e1
8cfb0e0a9
8cf40e070
8ced4e038
8ce64dfff
8cdf8dfc7
8cd88df8e
8cd1cdf56
8ccb0df1d
8cc40dee5
8cbd4deac
8cb68de74
8caf8de3b
8ca8cde02
8ca20ddca
8c9b4dd91
8c944dd59
8c8d8dd20
8c86cdce7
8c800dcae
8c794dc76
8c728dc3d
8c6bcdc04
8c650dbcc
8c5e4db93
8c578db5a
8c50cdb21
8c4a0dae9
8c434dab0
8c3ccda77
8c360da3e
8c2f4da05
8c288d9cc
8c220d993
8c1b4d95b
8c148d922
8c0e0d8e9
8c074d8b0
8c008d877
8bfa0d83e
8bf34d805
8beccd7cc
8be60d793
8bdf8d75a
8bd90d721
8bd24d6e8
8bcbcd6af
8bc50d676
8bbe8d63d
8bb80d604
8bb18d5cb
8baacd592
8ba44d559
8b9dcd51f
8b974d4e6
8b90cd4ad
8b8a4d474
8b83cd43b
8b7d4d402
8b76cd3c8
8b704d38f
8b69cd356
8b634d31d
8b5ccd2e3
8b564d2aa
8b4fcd271
8b494d238
8b430d1fe
8b3c8d1c5
8b360d18c
8b2f8d152
8b294d119
8b22cd0e0
8b1c4d0a6
8b160d06d
8b0f8d034
8b094cffa
8b02ccfc1
8afc8cf87
8af60cf4e
8aefccf14
8ae98cedb
8ae30cea1
8adccce68
8ad64ce2e
8ad00cdf5
8ac9ccdbb
8ac38cd82
8abd0cd48
8ab6ccd0f
8ab08ccd5
8aaa4cc9c
8aa40cc62
8a9dccc28
8a978cbef
8a914cbb5
8a8b0cb7b
8a84ccb42
8a7e8cb08
8a784cace
8a720ca95
8a6bcca5b
8a65cca21
8a5f8c9e8
8a594c9ae
8a530c974
8a4d0c93a
8a46cc900
8a408c8c7
8a3a8c88d
8a344c853
8a2e0c819
8a280c7df
8a21cc7a6
8a1bcc76c
8a158c732
8a0f8c6f8
8a098c6be
8a034c684
89fd4c64a
89f74c610
89f10c5d6
89eb0c59c
89e50c562
89df0c528
89d8cc4ee
89d2cc4b4
89cccc47a
89c6cc440
89c0cc406
89bacc3cc
89b4cc392
89aecc358
89a8cc31e
89a2cc2e4
899ccc2aa
8996cc270
8990cc236
898b0c1fb
89850c1c1
897f0c187
89790c14d
89734c113
896d4c0d9
89674c09e
89618c064
895b8c02a
89558bff0
894fcbfb5
8949cbf7b
89440bf41
893e0bf07
89384becc
89328be92
892c8be58
8926cbe1d
89210bde3
891b0bda9
89154bd6e
890f8bd34
8909cbcf9
8903cbcbf
88fe0bc85
88f84bc4a
88f28bc10
88eccbbd5
88e70bb9b
88e14bb60
88db8bb26
88d5cbaeb
88d00bab1
88ca4ba76
88c48ba3c
88becba01
88b94b9c7
88b38b98c
88adcb952
88a80b917
88a28b8dd
889ccb8a2
88970b867
88918b82d
888bcb7f2
88864b7b7
88808b77d
887b0b742
88754b707
886fcb6cd
886a0b692
88648b657
885ecb61d
88594b5e2
8853cb5a7
884e4b56c
88488b532
88430b4f7
883d8b4bc
88380b481
88328b447
882ccb40c
88274b3d1
8821cb396
881c4b35b
8816cb320
88114b2e5
880bcb2ab
88064b270
88010b235
87fb8b1fa
87f60b1bf
87f08b184
87eb0b149
87e5cb10e
87e04b0d3
87dacb098
87d58b05d
87d00b022
87ca8afe7
87c54afac
87bfcaf71
87ba8af36
87b50aefb
87afcaec0
87aa4ae85
87a50ae4a
879fcae0f
879a4add4
87950ad99
878fcad5e
878a4ad22
87850ace7
877fcacac
877a8ac71
87754ac36
876fcabfb
876a8abbf
87654ab84
87600ab49
875acab0e
87558aad3
87504aa97
874b0aa5c
87460aa21
8740ca9e6
873b8a9aa
87364a96f
87310a934
872bca8f8
8726ca8bd
87218a882
871c4a846
87174a80b
87120a7d0
870d0a794
8707ca759
87028a71e
86fd8a6e2
86f88a6a7
86f34a66b
86ee4a630
86e90a5f5
86e40a5b9
86df0a57e
86d9ca542
86d4ca507
86cfca4cb
86caca490
86c58a454
86c08a419
86bb8a3dd
86b68a3a2
86b18a366
86ac8a32b
86a78a2ef
86a28a2b3
869d8a278
86988a23c
86938a201
868e8a1c5
8689ca189
8684ca14e
867fca112
867aca0d7
8675ca09b
86710a05f
866c0a024
866709fe8
866249fac
865d49f70
865889f35
865389ef9
864ec9ebd
8649c9e82
864509e46
864009e0a
863b49dce
863689d93
863189d57
862cc9d1b
862809cdf
862349ca3
861e49c67
861989c2c
8614c9bf0
861009bb4
860b49b78
860689b3c
8601c9b00
85fd09ac4
85f849a89
85f389a4d
85eec9a11
85ea099d5
85e549999
85e08995d
85dbc9921
85d7498e5
85d2898a9
85cdc986d
85c909831
85c4897f5
85bfc97b9
85bb4977d
85b689741
85b1c9705
85ad496c9
85a88968d
85a409651
859f89615
859ac95d9
85964959d
859189561
858d09524
8588894e8
8584094ac
857f49470
857ac9434
8576493f8
8571c93bc
856d4937f
8568c9343
856449307
855fc92cb
855b4928f
8556c9253
855249216
854dc91da
85494919e
8544c9162
854049125
853bc90e9
8537890ad
853309071
852e89034
852a08ff8
8525c8fbc
852148f7f
851d08f43
851888f07
851408eca
850fc8e8e
850b48e52
850708e15
8502c8dd9
84fe48d9d
84fa08d60
84f5c8d24
84f148ce7
84ed08cab
84e8c8c6f
84e448c32
84e008bf6
84dbc8bb9
84d788b7d
84d348b40
84cf08b04
84cac8ac7
84c688a8b
84c248a4e
84be08a12
84b9c89d5
84b588999
84b14895c
84ad08920
84a8c88e3
84a4c88a7
84a08886a
849c4882e
8498087f1
8494087b5
848fc8778
848bc873b
8487886ff
8483486c2
847f48685
847b08649
84770860c
8473085d0
846ec8593
846ac8556
84668851a
8462884dd
845e884a0
845a88464
845648427
8452483ea
844e483ad
844a48371
844648334
8442482f7
843e082bb
843a0827e
843608241
843208204
842e481c7
842a4818b
84264814e
842248111
841e480d4
841a48097
84168805b
84128801e
840e87fe1
840a87fa4
8406c7f67
8402c7f2a
83ff07eee
83fb07eb1
83f707e74
83f347e37
83ef47dfa
83eb87dbd
83e7c7d80
83e3c7d43
83e007d06
83dc47cc9
83d847c8c
83d487c50
83d0c7c13
83cd07bd6
83c907b99
83c547b5c
83c187b1f
83bdc7ae2
83ba07aa5
83b647a68
83b287a2b
83aec79ee
83ab079b1
83a747974
83a387937
839fc78f9
839c078bc
83988787f
8394c7842
839107805
838d477c8
8389c778b
83860774e
838247711
837ec76d4
837b07697
837787659
8373c761c
8370475df
836c875a2
836907565
836547528
8361c74eb
835e474ad
835a87470
835707433
8353873f6
8350073b9
834c8737b
8348c733e
834547301
8341c72c4
833e47287
833ac7249
83374720c
8333c71cf
833047191
832cc7154
832947117
8325c70da
83228709c
831f0705f
831b87022
831806fe4
8314c6fa7
831146f6a
830dc6f2c
830a86eef
830706eb2
830386e74
830046e37
82fcc6dfa
82f986dbc
82f606d7f
82f2c6d42
82ef86d04
82ec06cc7
82e8c6c89
82e586c4c
82e206c0f
82dec6bd1
82db86b94
82d846b56
82d506b19
82d186adb
82ce46a9e
82cb06a61
82c7c6a23
82c4869e6
82c1469a8
82be0696b
82bac692d
82b7868f0
82b4868b2
82b146875
82ae06837
82aac67fa
82a7867bc
82a48677f
82a146741
829e06703
829b066c6
8297c6688
8294c664b
82918660d
828e865d0
828b46592
828846555
828506517
8282064d9
827ec649c
827bc645e
8278c6421
8275c63e3
8272863a5
826f86368
826c8632a
8269862ec
8266862af
826346271
826046233
825d461f6
825a461b8
82574617a
82544613d
8251860ff
824e860c1
824b86084
824886046
824586008
824285fca
823fc5f8d
823cc5f4f
8239c5f11
823705ed3
823405e96
823105e58
822e45e1a
822b45ddc
822885d9f
822585d61
8222c5d23
821fc5ce5
821d05ca8
821a45c6a
821745c2c
821485bee
8211c5bb0
820f05b73
820c05b35
820945af7
820685ab9
8203c5a7b
820105a3d
81fe459ff
81fb859c2
81f8c5984
81f605946
81f345908
81f0858ca
81edc588c
81eb0584e
81e845810
81e5c57d3
81e305795
81e045757
81dd85719
81db056db
81d84569d
81d58565f
81d305621
81d0455e3
81cdc55a5
81cb05567
81c885529
81c5c54eb
81c3454ad
81c0c546f
81be05432
81bb853f4
81b9053b6
81b645378
81b3c533a
81b1452fc
81aec52be
81ac45280
81a9c5242
81a705204
81a4851c6
81a205187
819f85149
819d0510b
819ac50cd
81984508f
8195c5051
819345013
8190c4fd5
818e44f97
818c04f59
818984f1b
818704edd
8184c4e9f
818244e61
817fc4e23
817d84de4
817b04da6
8178c4d68
817644d2a
817404cec
817184cae
816f44c70
816d04c32
816a84bf4
816844bb5
816604b77
816384b39
816144afb
815f04abd
815cc4a7f
815a84a40
815844a02
8155c49c4
815384986
815144948
814f0490a
814d048cb
814ac488d
81488484f
814644811
8144047d3
8141c4794
813f84756
813d84718
813b446da
81390469b
81370465d
8134c461f
8132845e1
8130845a3
812e44564
812c44526
812a044e8
8128044aa
81260446b
8123c442d
8121c43ef
811fc43b0
811d84372
811b84334
8119842f6
8117842b7
811544279
81134423b
8111441fc
810f441be
810d44180
810b44141
810944103
8107440c5
810544086
810344048
81014400a
80ff43fcb
80fd83f8d
80fb83f4f
80f983f10
80f783ed2
80f5c3e94
80f3c3e55
80f1c3e17
80f003dd9
80ee03d9a
80ec43d5c
80ea43d1d
80e883cdf
80e683ca1
80e4c3c62
80e2c3c24
80e103be5
80df43ba7
80dd43b69
80db83b2a
80d9c3aec
80d803aad
80d603a6f
80d443a31
80d2839f2
80d0c39b4
80cf03975
80cd43937
80cb838f8
80c9c38ba
80c80387c
80c64383d
80c4837ff
80c2c37c0
80c143782
80bf83743
80bdc3705
80bc036c6
80ba83688
80b8c3649
80b70360b
80b5835cc
80b3c358e
80b20354f
80b083511
80aec34d2
80ad43494
80abc3455
80aa03417
80a8833d8
80a6c339a
80a54335b
80a3c331d
80a2432de
80a0832a0
809f03261
809d83223
809c031e4
809a831a6
809903167
809783129
8096030ea
8094830ac
80930306d
80918302e
809002ff0
808e82fb1
808d02f73
808b82f34
808a02ef6
8088c2eb7
808742e79
8085c2e3a
808482dfb
808302dbd
808182d7e
808042d40
807ec2d01
807d82cc2
807c02c84
807ac2c45
807942c07
807802bc8
8076c2b89
807542b4b
807402b0c
8072c2ace
807182a8f
807002a50
806ec2a12
806d829d3
806c42995
806b02956
8069c2917
8068828d9
80674289a
80660285b
8064c281d
8063827de
80624279f
806102761
805fc2722
805ec26e4
805d826a5
805c42666
805b02628
805a025e9
8058c25aa
8057c256c
80568252d
8055424ee
8054424b0
805302471
805202432
8051023f4
804fc23b5
804ec2376
804d82338
804c822f9
804b822ba
804a8227b
80494223d
8048421fe
8047421bf
804642181
804542142
804442103
8043420c5
804242086
804142047
804042008
803f41fca
803e41f8b
803d41f4c
803c41f0e
803b81ecf
803a81e90
803981e51
803881e13
8037c1dd4
8036c1d95
8035c1d57
803501d18
803401cd9
803341c9a
803241c5c
803181c1d
803081bde
802fc1b9f
802f01b61
802e01b22
802d41ae3
802c81aa4
802b81a66
802ac1a27
802a019e8
8029419a9
80288196b
80278192c
8026c18ed
8026018ae
802541870
802481831
8023c17f2
8023417b3
802281775
8021c1736
8021016f7
8020416b8
801f8167a
801f0163b
801e415fc
801d815bd
801d0157e
801c41540
801b81501
801b014c2
801a41483
8019c1445
801901406
8018813c7
8017c1388
801741349
8016c130b
8016012cc
80158128d
80150124e
80148120f
8013c11d1
801341192
8012c1153
801241114
8011c10d5
801141097
8010c1058
801041019
800fc0fda
800f40f9b
800ec0f5d
800e40f1e
800dc0edf
800d40ea0
800d00e61
800c80e23
800c00de4
800bc0da5
800b40d66
800ac0d27
800a80ce9
800a00caa
8009c0c6b
800940c2c
800900bed
800880baf
800840b70
8007c0b31
800780af2
800740ab3
8006c0a74
800680a36
8006409f7
8006009b8
800580979
80054093a
8005008fc
8004c08bd
80048087e
80044083f
800400800
8003c07c1
800380783
800340744
800300705
8002c06c6
8002c0687
800280648
80024060a
8002005cb
80020058c
8001c054d
80018050e
8001804cf
800140491
800140452
800100413
8001003d4
8000c0395
8000c0357
800080318
8000802d9
80008029a
80004025b
80004021c
8000401de
80004019f
800040160
800040121
8000400e2
8000400a3
800040065
800040026
80007ffe7
80007ffa8
80007ff69
80007ff2a
80007feec
80007fead
80007fe6e
80007fe2f
80007fdf0
80007fdb1
8000bfd73
8000bfd34
8000bfcf5
8000ffcb6
8000ffc77
80013fc38
80013fbfa
80017fbbb
80017fb7c
8001bfb3d
8001bfafe
8001ffabf
80023fa81
80023fa42
80027fa03
8002bf9c4
8002bf985
8002ff946
80033f908
80037f8c9
8003bf88a
8003ff84b
80043f80c
80047f7ce
8004bf78f
8004ff750
80053f711
80057f6d2
8005bf693
8005ff655
80067f616
8006bf5d7
8006ff598
80073f559
8007bf51a
8007ff4dc
80083f49d
8008bf45e
8008ff41f
80097f3e0
8009bf3a2
800a3f363
800a7f324
800aff2e5
800b7f2a6
800bbf268
800c3f229
800cbf1ea
800cff1ab
800d7f16c
800dff12d
800e7f0ef
800eff0b0
800f7f071
800fbf032
80103eff3
8010befb5
80113ef76
8011bef37
80127eef8
8012feeb9
80137ee7b
8013fee3c
80147edfd
8014fedbe
8015bed80
80163ed41
8016bed02
80177ecc3
8017fec84
80187ec46
80193ec07
8019bebc8
801a7eb89
801afeb4a
801bbeb0c
801c3eacd
801cfea8e
801dbea4f
801e3ea11
801efe9d2
801fbe993
80207e954
8020fe915
8021be8d7
80227e898
80233e859
8023fe81a
8024be7dc
80257e79d
80263e75e
8026fe71f
8027be6e1
80287e6a2
80293e663
8029fe624
802abe5e6
802bbe5a7
802c7e568
802d3e529
802e3e4eb
802efe4ac
802fbe46d
8030be42e
80317e3f0
80327e3b1
80333e372
80343e333
8034fe2f5
8035fe2b6
8036be277
8037be239
8038be1fa
80397e1bb
803a7e17c
803b7e13e
803c7e0ff
803d3e0c0
803e3e081
803f3e043
80403e004
80413dfc5
80423df87
80433df48
80443df09
80453decb
80463de8c
80473de4d
80483de0e
80497ddd0
804a7dd91
804b7dd52
804c7dd14
804dbdcd5
804ebdc96
804fbdc58
8050fdc19
8051fdbda
80533db9c
80543db5d
80557db1e
80567dae0
8057bdaa1
8058bda62
8059fda24
805b3d9e5
805c3d9a6
805d7d968
805ebd929
805fbd8ea
8060fd8ac
80623d86d
80637d82e
8064bd7f0
8065fd7b1
80673d772
80687d734
8069bd6f5
806afd6b7
806c3d678
806d7d639
806ebd5fb
806ffd5bc
80717d57d
8072bd53f
8073fd500
80753d4c2
8076bd483
8077fd444
80793d406
807abd3c7
807bfd389
807d7d34a
807ebd30b
80803d2cd
80817d28e
8082fd250
80847d211
8085bd1d3
80873d194
8088bd155
8089fd117
808b7d0d8
808cfd09a
808e7d05b
808ffd01d
80913cfde
8092bcf9f
80943cf61
8095bcf22
80973cee4
8098bcea5
809a3ce67
809bfce28
809d7cdea
809efcdab
80a07cd6d
80a1fcd2e
80a3bccf0
80a53ccb1
80a6bcc73
80a83cc34
80a9fcbf6
80ab7cbb7
80ad3cb79
80aebcb3a
80b07cafc
80b1fcabd
80b3bca7f
80b53ca40
80b6fca02
80b8bc9c3
80ba3c985
80bbfc946
80bdbc908
80bf3c8c9
80c0fc88b
80c2bc84c
80c47c80e
80c63c7cf
80c7fc791
80c9bc753
80cb7c714
80cd3c6d6
80cefc697
80d0bc659
80d27c61a
80d43c5dc
80d5fc59d
80d7bc55f
80d97c521
80db7c4e2
80dd3c4a4
80defc465
80e0fc427
80e2bc3e9
80e47c3aa
80e67c36c
80e83c32d
80ea3c2ef
80ebfc2b1
80edfc272
80efbc234
80f1bc1f6
80f37c1b7
80f57c179
80f77c13a
80f97c0fc
80fb3c0be
80fd3c07f
80ff3c041
81013c003
81033bfc4
8104fbf86
8106fbf48
8108fbf09
810afbecb
810cfbe8d
810efbe4e
8110fbe10
81133bdd2
81153bd94
81173bd55
81193bd17
811b3bcd9
811d7bc9a
811f7bc5c
81217bc1e
8123bbbdf
8125bbba1
8127bbb63
8129fbb25
812bfbae6
812e3baa8
81303ba6a
81327ba2c
81347b9ed
8136bb9af
8138fb971
813afb933
813d3b8f5
813f7b8b6
81417b878
8143bb83a
8145fb7fc
81483b7bd
814a7b77f
814cbb741
814efb703
81513b6c5
81537b686
8155bb648
8157fb60a
815a3b5cc
815c7b58e
815ebb550
8160fb511
81637b4d3
8165bb495
8167fb457
816a3b419
816cbb3db
816efb39d
81713b35e
8173bb320
8175fb2e2
81787b2a4
817abb266
817d3b228
817f7b1ea
8181fb1ac
81847b16e
8186bb130
81893b0f1
818bbb0b3
818dfb075
81907b037
8192faff9
81957afbb
8197faf7d
819a7af3f
819cbaf01
819f3aec3
81a1bae85
81a43ae47
81a6bae09
81a97adcb
81abfad8d
81ae7ad4f
81b0fad11
81b37acd3
81b5fac95
81b8bac57
81bb3ac19
81bdbabdb
81c07ab9d
81c2fab5f
81c57ab21
81c83aae3
81cabaaa5
81cd7aa67
81cffaa29
81d2ba9eb
81d53a9ad
81d7fa96f
81daba931
81dd3a8f4
81dffa8b6
81e2ba878
81e53a83a
81e7fa7fc
81eaba7be
81ed7a780
81f03a742
81f2fa704
81f5ba6c6
81f87a689
81fb3a64b
81fdfa60d
8200ba5cf
82037a591
82063a553
8208fa515
820bba4d8
820e7a49a
82117a45c
82143a41e
8216fa3e0
8219ba3a3
821cba365
821f7a327
82227a2e9
82253a2ab
82283a26e
822afa230
822dfa1f2
8230ba1b4
8233ba177
82367a139
82397a0fb
823c7a0bd
823f3a080
82423a042
82453a004
824839fc6
824af9f89
824df9f4b
8250f9f0d
8253f9ed0
8256f9e92
8259f9e54
825cf9e17
825ff9dd9
8262f9d9b
8265f9d5e
8268f9d20
826bf9ce2
826f39ca5
827239c67
827539c29
827839bec
827b79bae
827e79b71
828179b33
8284b9af5
8287b9ab8
828af9a7a
828df9a3d
8291399ff
8294399c1
829779984
829a79946
829db9909
82a0b98cb
82a3f988e
82a739850
82aa79813
82ad797d5
82b0b9798
82b3f975a
82b73971d
82ba796df
82bdb96a2
82c0f9664
82c439627
82c7795e9
82cab95ac
82cdf956e
82d139531
82d4794f3
82d7b94b6
82daf9479
82de3943b
82e1b93fe
82e4f93c0
82e839383
82ebb9345
82eef9308
82f2392cb
82f5b928d
82f8f9250
82fc79213
82ffb91d5
830339198
83067915a
8309f911d
830d390e0
8310b90a2
831439065
8317b9028
831af8fea
831e78fad
8321f8f70
832578f33
8328f8ef5
832c38eb8
832fb8e7b
833338e3d
8336b8e00
833a38dc3
833db8d86
834138d49
8344b8d0b
834878cce
834bf8c91
834f78c54
8352f8c16
835678bd9
835a38b9c
835db8b5f
836138b22
8364f8ae4
836878aa7
836bf8a6a
836fb8a2d
8373389f0
8376f89b3
837a78976
837e38939
8381b88fb
8385788be
838938881
838cb8844
839078807
8394387ca
8397f878d
839b78750
839f38713
83a2f86d6
83a6b8699
83aa7865c
83ae3861f
83b1f85e2
83b5b85a5
83b978568
83bd3852b
83c0f84ee
83c4b84b1
83c878474
83cc38437
83d0383fa
83d3f83bd
83d7b8380
83db78343
83df78306
83e3382c9
83e73828c
83eaf824f
83eeb8212
83f2b81d5
83f678198
83fa7815c
83fe3811f
8402380e2
8406380a5
8409f8068
840df802b
8411f7fee
8415b7fb2
8419b7f75
841db7f38
8421b7efb
8425b7ebe
842977e81
842d77e45
843177e08
843577dcb
843977d8e
843d77d52
844177d15
844577cd8
8449b7c9b
844db7c5f
8451b7c22
8455b7be5
8459b7ba9
845df7b6c
8461f7b2f
8465f7af3
8469f7ab6
846e37a79
847237a3d
847677a00
847a779c3
847eb7987
8482b794a
8486f790d
848af78d1
848f37894
849337858
84977781b
849bb77de
849ff77a2
84a3f7765
84a837729
84ac776ec
84b0b76b0
84b4f7673
84b8f7637
84bd375fa
84c1775be
84c5b7581
84c9f7545
84ce37508
84d2774cc
84d6f748f
84db37453
84df77416
84e3b73da
84e7f739d
84ec37361
84f0b7325
84f4f72e8
84f9372ac
84fdb726f
8501f7233
8506771f7
850ab71ba
850ef717e
851377142
8517b7105
851c370c9
8520b708d
8524f7050
852977014
852df6fd8
853236f9b
8536b6f5f
853b36f23
853fb6ee7
8543f6eaa
854876e6e
854cf6e32
855176df6
8555f6dba
855a76d7d
855ef6d41
856376d05
8567f6cc9
856c76c8d
8570f6c50
857576c14
8579f6bd8
857eb6b9c
858336b60
8587b6b24
858c36ae8
8590f6aab
859576a6f
8599f6a33
859eb69f7
85a3369bb
85a7f697f
85ac76943
85b136907
85b5b68cb
85ba7688f
85bef6853
85c3b6817
85c8767db
85ccf679f
85d1b6763
85d676727
85db366eb
85dfb66af
85e476673
85e936637
85edf65fb
85f2b65bf
85f776583
85fc36548
8600f650c
8605b64d0
860a76494
860f36458
8613f641c
8618b63e0
861d763a4
862276369
86273632d
862bf62f1
8630b62b5
8635b6279
863a7623e
863f36202
8644361c6
8648f618a
864df614f
8652b6113
8657b60d7
865c7609b
866176060
866676024
866b35fe8
867035fad
867535f71
8679f5f35
867ef5efa
8683f5ebe
8688f5e82
868db5e47
8692b5e0b
8697b5dd0
869cb5d94
86a1b5d58
86a6b5d1d
86abb5ce1
86b0b5ca6
86b5b5c6a
86bab5c2f
86bfb5bf3
86c4b5bb8
86c9f5b7c
86cef5b41
86d3f5b05
86d8f5aca
86de35a8e
86e335a53
86e835a17
86ed759dc
86f2759a0
86f775965
86fcb592a
8701b58ee
8706f58b3
870bf5877
87113583c
871675801
871b757c5
8720b578a
8725f574f
872af5713
8730356d8
87357569d
873ab5662
873fb5626
8744f55eb
874a355b0
874f75574
8754b5539
8759f54fe
875f354c3
876475488
8769b544c
876ef5411
8774353d6
87797539b
877ef5360
878435325
8789752e9
878eb52ae
879435273
879975238
879eb51fd
87a4351c2
87a975187
87aeb514c
87b435111
87b9750d6
87bef509b
87c435060
87c9b5025
87cf34fea
87d474faf
87d9f4f74
87df74f39
87e4b4efe
87ea34ec3
87efb4e88
87f534e4d
87fa74e12
87fff4dd7
880574d9c
880af4d61
881074d26
8815f4ceb
881b74cb1
8820f4c76
882674c3b
882bf4c00
883174bc5
8836f4b8a
883c74b50
884234b15
8847b4ada
884d34a9f
8852b4a65
885874a2a
885df49ef
8863749b4
88693497a
886eb493f
887474904
8879f48ca
887fb488f
888534854
888af481a
8890747df
8896347a4
889bb476a
88a17472f
88a7346f5
88acf46ba
88b27467f
88b834645
88bdf460a
88c3b45d0
88c974595
88cef455b
88d4b4520
88da744e6
88e0344ab
88e5f4471
88ebb4436
88f1743fc
88f7343c1
88fd34387
8902f434d
8908b4312
890e742d8
89143429d
891a34263
891ff4229
8925b41ee
892bb41b4
89317417a
89373413f
893d34105
8942f40cb
8948f4091
894eb4056
8954b401c
895a73fe2
896073fa8
896633f6d
896c33f33
897233ef9
8977f3ebf
897df3e85
8983f3e4a
8989f3e10
898ff3dd6
8995b3d9c
899bb3d62
89a1b3d28
89a7b3cee
89adb3cb3
89b3b3c79
89b9b3c3f
89bfb3c05
89c5b3bcb
89cbb3b91
89d1b3b57
89d7b3b1d
89ddf3ae3
89e3f3aa9
89e9f3a6f
89eff3a35
89f6339fb
89fc339c1
8a0233987
8a087394e
8a0e73914
8a14738da
8a1ab38a0
8a20b3866
8a26f382c
8a2cf37f2
8a33337b9
8a397377f
8a3f73745
8a45b370b
8a4bf36d1
8a51f3698
8a583365e
8a5e73624
8a64b35ea
8a6ab35b1
8a70f3577
8a773353d
8a7d73503
8a83b34ca
8a89f3490
8a9033456
8a967341d
8a9cb33e3
8aa2f33aa
8aa933370
8aaf73336
8ab5b32fd
8abbf32c3
8ac27328a
8ac8b3250
8acef3217
8ad5331dd
8adbb31a4
8ae1f316a
8ae833131
8aeeb30f7
8af4f30be
8afb73084
8b01b304b
8b0833011
8b0e72fd8
8b14f2f9f
8b1b32f65
8b21b2f2c
8b2832ef2
8b2e72eb9
8b34f2e80
8b3b72e46
8b41b2e0d
8b4832dd4
8b4eb2d9b
8b5532d61
8b5bb2d28
8b6232cef
8b68b2cb5
8b6ef2c7c
8b7572c43
8b7bf2c0a
8b8272bd1
8b8932b97
8b8fb2b5e
8b9632b25
8b9cb2aec
8ba332ab3
8ba9b2a7a
8bb032a41
8bb6f2a08
8bbd729cf
8bc3f2995
8bcab295c
8bd132923
8bd7b28ea
8bde728b1
8be4f2878
8bebb283f
8bf232806
8bf8f27cd
8bff72794
8c063275c
8c0cb2723
8c13726ea
8c1a326b1
8c20b2678
8c277263f
8c2e32606
8c34b25cd
8c3b72594
8c423255c
8c48f2523
8c4fb24ea
8c56724b1
8c5d32479
8c63f2440
8c6ab2407
8c71723ce
8c7832396
8c7ef235d
8c85b2324
8c8c722eb
8c93322b3
8c99f227a
8ca0b2242
8ca7b2209
8cae721d0
8cb532198
8cbbf215f
8cc2f2127
8cc9b20ee
8cd0b20b5
8cd77207d
8cde32044
8ce53200c
8cebf1fd3
8cf2f1f9b
8cf9b1f62
8d00b1f2a
8d07b1ef2
8d0e71eb9
8d1571e81
8d1c71e48
8d2331e10
8d2a31dd7
8d3131d9f
8d3831d67
8d3ef1d2e
8d45f1cf6
8d4cf1cbe
8d53f1c86
8d5af1c4d
8d61f1c15
8d68f1bdd
8d6ff1ba4
8d76f1b6c
8d7df1b34
8d84f1afc
8d8bf1ac4
8d92f1a8b
8d9a31a53
8da131a1b
8da8319e3
8daf319ab
8db671973
8dbd7193b
8dc471903
8dcbb18cb
8dd2b1892
8dd9b185a
8de0f1822
8de7f17ea
8def317b2
8df63177a
8dfd71742
8e047170a
8e0bb16d3
8e12f169b
8e19f1663
8e213162b
8e28715f3
8e2f715bb
8e36b1583
8e3df154b
8e4531513
8e4c714dc
8e53714a4
8e5ab146c
8e61f1434
8e69313fd
8e70713c5
8e77b138d
8e7ef1355
8e863131e
8e8d712e6
8e94f12ae
8e9c31277
8ea37123f
8eaab1207
8eb1f11d0
8eb931198
8ec0b1160
8ec7f1129
8ecf310f1
8ed6b10ba
8eddf1082
8ee53104b
8eecb1013
8ef3f0fdc
8efb70fa4
8f02b0f6d
8f0a30f35
8f1170efe
8f18f0ec6
8f2070e8f
8f27b0e58
8f2f30e20
8f36b0de9
8f3df0db1
8f4570d7a
8f4cf0d43
8f5470d0b
8f5bf0cd4
8f6330c9d
8f6ab0c66
8f7230c2e
8f79b0bf7
8f8130bc0
8f88b0b89
8f9030b51
8f97b0b1a
8f9f30ae3
8fa6b0aac
8fae30a75
8fb5f0a3e
8fbd70a07
8fc4f09cf
8fcc70998
8fd3f0961
8fdbb092a
8fe3308f3
8feab08bc
8ff270885
8ff9f084e
900170817
9009307e0
9010b07a9
901870772
901ff073b
9027b0704
902f306ce
9036f0697
903eb0660
904630629
904df05f2
9055b05bb
905d30585
9064f054e
906cb0517
9074704e0
907c304a9
9083b0473
908b7043c
909330405
909af03cf
90a2b0398
90aa70361
90b23032b
90b9f02f4
90c1b02bd
90c970287
90d130250
90d93021a
90e0f01e3
90e8b01ad
90f070176
90f83013f
910030109
9107f00d3
910fb009c
9117b0066
911f7002f
91276fff9
912f2ffc2
9136eff8c
913eeff56
9146aff1f
914eafee9
91566feb3
915e6fe7c
91666fe46
916e2fe10
91762fdd9
917e2fda3
9185efd6d
918defd37
9195efd00
919defcca
91a5efc94
91adafc5e
91b5afc28
91bdafbf2
91c5afbbc
91cdafb85
91d5afb4f
91ddafb19
91e5afae3
91edafaad
91f5afa77
91fdafa41
9205afa0b
920def9d5
9215ef99f
921def969
9225ef933
922e2f8fd
92362f8c8
923e2f892
92462f85c
924e6f826
92566f7f0
925eaf7ba
9266af784
926eef74f
9276ef719
927f2f6e3
92872f6ad
928f6f678
92976f642
929faf60c
92a7ef5d7
92afef5a1
92b82f56b
92c06f536
92c86f500
92d0af4ca
92d8ef495
92e12f45f
92e96f42a
92f1af3f4
92f9af3bf
9301ef389
930a2f354
93126f31e
931aaf2e9
9322ef2b3
932b2f27e
9333af248
933bef213
93442f1de
934c6f1a8
9354af173
935cef13e
93656f108
936daf0d3
9375ef09e
937e2f068
9386af033
938eeeffe
93976efc9
939faef93
93a7eef5e
93b06ef29
93b8aeef4
93c12eebf
93c96ee8a
93d1eee55
93da6ee1f
93e2aedea
93eb2edb5
93f3aed80
93fbeed4b
94046ed16
940ceece1
94156ecac
941daec77
94262ec42
942eaec0d
94372ebd8
943faeba4
94482eb6f
9450aeb3a
94592eb05
9461aead0
946a2ea9b
9472aea66
947b2ea32
9483ae9fd
948c2e9c8
9494ae993
949d2e95f
94a5ee92a
94ae6e8f5
94b6ee8c1
94bf6e88c
94c82e857
94d0ae823
94d92e7ee
94e1ee7ba
94ea6e785
94f32e750
94fbae71c
95046e6e7
950cee6b3
9515ae67e
951e2e64a
9526ee615
952f6e5e1
95382e5ad
9540ee578
95496e544
95522e50f
955aee4db
95636e4a7
956c2e472
9574ee43e
957dae40a
95866e3d5
958f2e3a1
9597ee36d
95a06e339
95a92e305
95b1ee2d0
95baae29c
95c36e268
95cc6e234
95d52e200
95ddee1cc
95e6ae198
95ef6e163
95f82e12f
9600ee0fb
9609ee0c7
9612ae093
961b6e05f
96246e02b
962d2dff7
9635edfc3
963eedf90
9647adf5c
96506df28
96596def4
96622dec0
966b2de8c
9673ede58
967cede25
9685eddf1
968eaddbd
9697add89
96a06dd56
96a96dd22
96b26dcee
96bb6dcba
96c42dc87
96cd2dc53
96d62dc20
96df2dbec
96e82dbb8
96f12db85
96f9edb51
9702edb1e
970bedaea
9714edab7
971deda83
9726eda50
972feda1c
9738ed9e9
97422d9b5
974b2d982
97542d94e
975d2d91b
97662d8e8
976f2d8b4
97786d881
97816d84e
978a6d81b
9793ad7e7
979cad7b4
97a5ad781
97aeed74e
97b7ed71a
97c12d6e7
97ca2d6b4
97d36d681
97dc6d64e
97e5ad61b
97eead5e8
97f7ed5b4
9800ed581
980a2d54e
98136d51b
981c6d4e8
9825ad4b5
982eed482
98382d44f
98412d41c
984a6d3ea
9853ad3b7
985ced384
98662d351
986f6d31e
9878ad2eb
9881ed2b8
988b2d286
98946d253
989dad220
98a6ed1ed
98b02d1bb
98b96d188
98c2ad155
98cbed123
98d52d0f0
98dead0bd
98e7ed08b
98f12d058
98fa6d026
9903ecff3
990d2cfc0
99166cf8e
991fecf5b
99292cf29
99326cef6
993becec4
99452ce92
994eace5f
9957ece2d
99616cdfa
996aecdc8
99742cd96
997dacd63
9986ecd31
99906ccff
9999ecccc
99a32cc9a
99acacc68
99b62cc36
99bfacc03
99c8ecbd1
99d26cb9f
99dbecb6d
99e56cb3b
99eeecb09
99f86cad7
9a01ecaa5
9a0b6ca73
9a14eca40
9a1e6ca0e
9a27ec9dc
9a316c9aa
9a3aec979
9a446c947
9a4dec915
9a576c8e3
9a612c8b1
9a6aac87f
9a742c84d
9a7dac81b
9a876c7e9
9a90ec7b8
9a9a6c786
9aa42c754
9aadac722
9ab72c6f1
9ac0ec6bf
9aca6c68d
9ad42c65c
9addac62a
9ae76c5f8
9af0ec5c7
9afaac595
9b046c563
9b0dec532
9b17ac500
9b216c4cf
9b2aec49d
9b34ac46c
9b3e6c43a
9b47ec409
9b51ac3d7
9b5b6c3a6
9b652c375
9b6eec343
9b78ac312
9b826c2e1
9b8bec2af
9b95ac27e
9b9f6c24d
9ba92c21b
9bb2ec1ea
9bbcac1b9
9bc6ac188
9bd06c157
9bda2c125
9be3ec0f4
9bedac0c3
9bf76c092
9c012c061
9c0b2c030
9c14ebfff
9c1eabfce
9c28abf9d
9c326bf6c
9c3c2bf3b
9c462bf0a
9c4febed9
9c59abea8
9c63abe77
9c6d6be46
9c776be15
9c812bde4
9c8b2bdb4
9c94ebd83
9c9eebd52
9ca8ebd21
9cb2abcf0
9cbcabcc0
9cc6abc8f
9cd06bc5e
9cda6bc2e
9ce46bbfd
9cee6bbcc
9cf82bb9c
9d022bb6b
9d0c2bb3b
9d162bb0a
9d202bad9
9d2a2baa9
9d342ba78
9d3e2ba48
9d482ba17
9d522b9e7
9d5c2b9b7
9d662b986
9d702b956
9d7a2b925
9d842b8f5
9d8e2b8c5
9d982b894
9da22b864
9dac6b834
9db66b804
9dc06b7d3
9dca6b7a3
9dd4ab773
9ddeab743
9de8ab713
9df2eb6e2
9dfceb6b2
9e072b682
9e112b652
9e1b6b622
9e256b5f2
9e2fab5c2
9e39ab592
9e43eb562
9e4deb532
9e582b502
9e622b4d2
9e6c6b4a2
9e76ab472
9e80eb442
9e8aeb413
9e952b3e3
9e9f6b3b3
9ea9ab383
9eb3ab353
9ebdeb324
9ec82b2f4
9ed26b2c4
9edcab295
9ee6eb265
9ef12b235
9efb6b206
9f05ab1d6
9f0feb1a6
9f1a2b177
9f246b147
9f2eab118
9f38eb0e8
9f432b0b9
9f4d6b089
9f57ab05a
9f622b02a
9f6c6affb
9f76aafcb
9f80eaf9c
9f8b6af6d
9f95aaf3d
9f9feaf0e
9faa6aedf
9fb4aaeb0
9fbf2ae80
9fc96ae51
9fd3aae22
9fde2adf3
9fe86adc3
9ff2ead94
9ffd2ad65
a007aad36
a0122ad07
a01c6acd8
a026eaca9
a0312ac7a
a03baac4b
a0462ac1c
a050aabed
a05aeabbe
a0656ab8f
a06feab60
a07a6ab31
a084eab02
a08f2aad3
a099aaaa4
a0a42aa76
a0aeaaa47
a0b92aa18
a0c3aa9e9
a0ce2a9bb
a0d8aa98c
a0e32a95d
a0edaa92e
a0f82a900
a102aa8d1
a10d2a8a3
a117ea874
a1226a845
a12cea817
a1376a7e8
a141ea7ba
a14caa78b
a1572a75d
a161aa72e
a16c6a700
a176ea6d1
a1816a6a3
a18c2a675
a196aa646
a1a16a618
a1abea5ea
a1b66a5bb
a1c12a58d
a1cbea55f
a1d66a531
a1e12a502
a1ebaa4d4
a1f66a4a6
a200ea478
a20baa44a
a2166a41c
a2212a3ee
a22baa3c0
a2366a391
a2412a363
a24bea335
a2566a307
a2612a2d9
a26bea2ac
a276aa27e
a2816a250
a28c2a222
a296ea1f4
a2a1aa1c6
a2ac6a198
a2b72a16a
a2c1ea13d
a2ccaa10f
a2d76a0e1
a2e22a0b3
a2ecea086
a2f7aa058
a3026a02a
a30d69ffd
a31829fcf
a322e9fa2
a32da9f74
a338a9f46
a34369f19
a34e29eeb
a358e9ebe
a363e9e90
a36ea9e63
a379a9e36
a38469e08
a38f69ddb
a39a29dad
a3a4e9d80
a3afe9d53
a3bae9d25
a3c5a9cf8
a3d0a9ccb
a3db69c9e
a3e669c70
a3f169c43
a3fc29c16
a40729be9
a41229bbc
a41ce9b8f
a427e9b62
a432e9b35
a43de9b07
a448a9ada
a453a9aad
a45ea9a80
a469a9a53
a474a9a27
a47fa99fa
a48aa99cd
a495a99a0
a4a0a9973
a4aba9946
a4b6a9919
a4c1a98ec
a4cca98c0
a4d7a9893
a4e2a9866
a4eda9839
a4f8a980d
a503e97e0
a50ee97b3
a519e9787
a524e975a
a5302972e
a53b29701
a546296d5
a551696a8
a55c6967b
a5676964f
a572a9623
7fffc0000
7fffc0026
7fffc004b
7fffc0071
7fffc0097
7fffc00bc
7fffc00e2
7fffc0108
7fffc012e
7fffc0153
7fffc0179
7fffc019f
7fffc01c4
7fffc01ea
7fffc0210
7fffc0235
7fffc025b
7fff80281
7fff802a7
7fff802cc
7fff802f2
7fff80318
7fff4033d
7fff40363
7fff40389
7fff403ae
7fff003d4
7fff003fa
7fff00420
7ffec0445
7ffec046b
7ffec0491
7ffe804b6
7ffe804dc
7ffe80502
7ffe40527
7ffe4054d
7ffe40573
7ffe00599
7ffe005be
7ffdc05e4
7ffdc060a
7ffd8062f
7ffd80655
7ffd8067b
7ffd406a0
7ffd406c6
7ffd006ec
7ffd00711
7ffcc0737
7ffc8075d
7ffc80783
7ffc407a8
7ffc407ce
7ffc007f4
7ffc00819
7ffbc083f
7ffb80865
7ffb8088a
7ffb408b0
7ffb008d6
7ffb008fc
7ffac0921
7ffa80947
7ffa8096d
7ffa40992
7ffa009b8
7ffa009de
7ff9c0a03
7ff980a29
7ff940a4f
7ff940a74
7ff900a9a
7ff8c0ac0
7ff880ae6
7ff880b0b
7ff840b31
7ff800b57
7ff7c0b7c
7ff780ba2
7ff740bc8
7ff700bed
7ff700c13
7ff6c0c39
7ff680c5e
7ff640c84
7ff600caa
7ff5c0ccf
7ff580cf5
7ff540d1b
7ff500d41
7ff4c0d66
7ff480d8c
7ff440db2
7ff400dd7
7ff3c0dfd
7ff380e23
7ff340e48
7ff300e6e
7ff2c0e94
7ff280eb9
7ff240edf
7ff200f05
7ff180f2a
7ff140f50
7ff100f76
7ff0c0f9b
7ff080fc1
7ff040fe7
7ff00100d
7fef81032
7fef41058
7fef0107e
7feec10a3
7fee810c9
7fee010ef
7fedc1114
7fed8113a
7fed41160
7fecc1185
7fec811ab
7fec411d1
7febc11f6
7feb8121c
7feb41242
7feac1267
7fea8128d
7fea412b3
7fe9c12d8
7fe9812fe
7fe901324
7fe8c1349
7fe88136f
7fe801395
7fe7c13ba
7fe7413e0
7fe701406
7fe68142b
7fe641451
7fe5c1477
7fe58149c
7fe5014c2
7fe4c14e8
7fe44150d
7fe401533
7fe381559
7fe30157e
7fe2c15a4
7fe2415ca
7fe2015ef
7fe181615
7fe10163b
7fe0c1660
7fe041686
7fdfc16ac
7fdf816d1
7fdf016f7
7fde8171d
7fde41742
7fddc1768
7fdd4178e
7fdcc17b3
7fdc817d9
7fdc017ff
7fdb81824
7fdb0184a
7fdac1870
7fda41895
7fd9c18bb
7fd9418e1
7fd8c1906
7fd88192c
7fd801952
7fd781977
7fd70199d
7fd6819c3
7fd6019e8
7fd581a0e
7fd501a34
7fd481a59
7fd401a7f
7fd381aa4
7fd301aca
7fd281af0
7fd201b15
7fd181b3b
7fd101b61
7fd081b86
7fd001bac
7fcf81bd2
7fcf01bf7
7fce81c1d
7fce01c43
7fcd81c68
7fcd01c8e
7fcc81cb3
7fcc01cd9
7fcb81cff
7fcb01d24
7fca41d4a
7fc9c1d70
7fc941d95
7fc8c1dbb
7fc841de1
7fc781e06
7fc701e2c
7fc681e51
7fc601e77
7fc581e9d
7fc4c1ec2
7fc441ee8
7fc3c1f0e
7fc301f33
7fc281f59
7fc201f7f
7fc141fa4
7fc0c1fca
7fc041fef
7fbf82015
7fbf0203b
7fbe82060
7fbdc2086
7fbd420ac
7fbc820d1
7fbc020f7
7fbb8211c
7fbac2142
7fba42168
7fb98218d
7fb9021b3
7fb8421d8
7fb7c21fe
7fb702224
7fb682249
7fb5c226f
7fb542295
7fb4822ba
7fb4022e0
7fb342305
7fb28232b
7fb202351
7fb142376
7fb0c239c
7fb0023c1
7faf423e7
7faec240d
7fae02432
7fad42458
7facc247d
7fac024a3
7fab424c9
7faac24ee
7faa02514
7fa942539
7fa88255f
7fa802585
7fa7425aa
7fa6825d0
7fa5c25f5
7fa50261b
7fa482641
7fa3c2666
7fa30268c
7fa2426b1
7fa1826d7
7fa0c26fd
7fa042722
7f9f82748
7f9ec276d
7f9e02793
7f9d427b9
7f9c827de
7f9bc2804
7f9b02829
7f9a4284f
7f9982874
7f98c289a
7f98028c0
7f97428e5
7f968290b
7f95c2930
7f9502956
7f944297b
7f93829a1
7f92c29c7
7f92029ec
7f9142a12
7f9082a37
7f8fc2a5d
7f8ec2a83
7f8e02aa8
7f8d42ace
7f8c82af3
7f8bc2b19
7f8b02b3e
7f8a02b64
7f8942b89
7f8882baf
7f87c2bd5
7f8702bfa
7f8602c20
7f8542c45
7f8482c6b
7f83c2c90
7f82c2cb6
7f8202cdb
7f8142d01
7f8042d27
7f7f82d4c
7f7ec2d72
7f7dc2d97
7f7d02dbd
7f7c42de2
7f7b42e08
7f7a82e2d
7f7982e53
7f78c2e79
7f7802e9e
7f7702ec4
7f7642ee9
7f7542f0f
7f7482f34
7f7382f5a
7f72c2f7f
7f71c2fa5
7f7102fca
7f7002ff0
7f6f43015
7f6e4303b
7f6d83061
7f6c83086
7f6b830ac
7f6ac30d1
7f69c30f7
7f690311c
7f6803142
7f6703167
7f664318d
7f65431b2
7f64431d8
7f63831fd
7f6283223
7f6183248
7f60c326e
7f5fc3293
7f5ec32b9
7f5dc32de
7f5d03304
7f5c03329
7f5b0334f
7f5a03374
7f594339a
7f58433bf
7f57433e5
7f564340a
7f5543430
7f5443455
7f538347b
7f52834a0
7f51834c6
7f50834eb
7f4f83511
7f4e83536
7f4d8355c
7f4c83581
7f4b835a7
7f4a835cc
7f49835f2
7f4883617
7f478363d
7f4683662
7f4583688
7f44836ad
7f43836d3
7f42836f8
7f418371e
7f4083743
7f3f83769
7f3e8378e
7f3d837b4
7f3c837d9
7f3b837ff
7f3a83824
7f398384a
7f384386f
7f3743895
7f36438ba
7f35438df
7f3443905
7f330392a
7f3203950
7f3103975
7f300399b
7f2f039c0
7f2dc39e6
7f2cc3a0b
7f2bc3a31
7f2a83a56
7f2983a7b
7f2883aa1
7f2783ac6
7f2643aec
7f2543b11
7f2403b37
7f2303b5c
7f2203b82
7f20c3ba7
7f1fc3bcd
7f1ec3bf2
7f1d83c17
7f1c83c3d
7f1b43c62
7f1a43c88
7f1903cad
7f1803cd3
7f16c3cf8
7f15c3d1d
7f1483d43
7f1383d68
7f1243d8e
7f1143db3
7f1003dd9
7f0f03dfe
7f0dc3e23
7f0cc3e49
7f0b83e6e
7f0a43e94
7f0943eb9
7f0803ede
7f06c3f04
7f05c3f29
7f0483f4f
7f0383f74
7f0243f9a
7f0103fbf
7effc3fe4
7efec400a
7efd8402f
7efc44055
7efb4407a
7efa0409f
7ef8c40c5
7ef7840ea
7ef644110
7ef544135
7ef40415a
7ef2c4180
7ef1841a5
7ef0441cb
7eef441f0
7eee04215
7eecc423b
7eeb84260
7eea44285
7ee9042ab
7ee7c42d0
7ee6842f6
7ee54431b
7ee404340
7ee2c4366
7ee18438b
7ee0443b0
7edf443d6
7ede043fb
7edc84421
7edb44446
7eda0446b
7ed8c4491
7ed7844b6
7ed6444db
7ed504501
7ed3c4526
7ed28454b
7ed144571
7ed004596
7ecec45bb
7ecd845e1
7ecc04606
7ecac462b
7ec984651
7ec844676
7ec70469b
7ec5846c1
7ec4446e6
7ec30470b
7ec1c4731
7ec084756
7ebf0477b
7ebdc47a1
7ebc847c6
7ebb047eb
7eb9c4811
7eb884836
7eb74485b
7eb5c4881
7eb4848a6
7eb3048cb
7eb1c48f1
7eb084916
7eaf0493b
7eadc4961
7eac84986
7eab049ab
7ea9c49d1
7ea8449f6
7ea704a1b
7ea584a40
7ea444a66
7ea2c4a8b
7ea184ab0
7ea004ad6
7e9ec4afb
7e9d44b20
7e9c04b46
7e9a84b6b
7e9944b90
7e97c4bb5
7e9684bdb
7e9504c00
7e9384c25
7e9244c4b
7e90c4c70
7e8f44c95
7e8e04cba
7e8c84ce0
7e8b44d05
7e89c4d2a
7e8844d4f
7e86c4d75
7e8584d9a
7e8404dbf
7e8284de4
7e8144e0a
7e7fc4e2f
7e7e44e54
7e7cc4e7a
7e7b44e9f
7e7a04ec4
7e7884ee9
7e7704f0f
7e7584f34
7e7404f59
7e72c4f7e
7e7144fa4
7e6fc4fc9
7e6e44fee
7e6cc5013
7e6b45038
7e69c505e
7e6845083
7e66c50a8
7e65450cd
7e64050f3
7e6285118
7e610513d
7e5f85162
7e5e05187
7e5c851ad
7e5b051d2
7e59851f7
7e57c521c
7e5645242
7e54c5267
7e534528c
7e51c52b1
7e50452d6
7e4ec52fc
7e4d45321
7e4bc5346
7e4a4536b
7e4885390
7e47053b6
7e45853db
7e4405400
7e4285425
7e410544a
7e3f4546f
7e3dc5495
7e3c454ba
7e3ac54df
7e3905504
7e3785529
7e360554f
7e3485574
7e32c5599
7e31455be
7e2fc55e3
7e2e05608
7e2c8562e
7e2b05653
7e2945678
7e27c569d
7e26456c2
7e24856e7
7e230570c
7e2145732
7e1fc5757
7e1e0577c
7e1c857a1
7e1b057c6
7e19457eb
7e17c5810
7e1605836
7e148585b
7e12c5880
7e11458a5
7e0f858ca
7e0e058ef
7e0c45914
7e0a8593a
7e090595f
7e0745984
7e05c59a9
7e04059ce
7e02459f3
7e00c5a18
7dff05a3d
7dfd45a62
7dfbc5a88
7dfa05aad
7df845ad2
7df6c5af7
7df505b1c
7df345b41
7df1c5b66
7df005b8b
7dee45bb0
7dec85bd5
7deb05bfb
7de945c20
7de785c45
7de5c5c6a
7de405c8f
7de285cb4
7de0c5cd9
7ddf05cfe
7ddd45d23
7ddb85d48
7dd9c5d6d
7dd805d92
7dd685db7
7dd4c5ddc
7dd305e02
7dd145e27
7dcf85e4c
7dcdc5e71
7dcc05e96
7dca45ebb
7dc885ee0
7dc6c5f05
7dc505f2a
7dc345f4f
7dc185f74
7dbfc5f99
7dbe05fbe
7dbc45fe3
7dba86008
7db8c602d
7db706052
7db546077
7db34609c
7db1860c1
7dafc60e6
7dae0610b
7dac46130
7daa86155
7da8c617a
7da6c619f
7da5061c4
7da3461e9
7da18620e
7d9fc6233
7d9dc6258
7d9c0627d
7d9a462a2
7d98862c7
7d96862ec
7d94c6311
7d9306336
7d910635b
7d8f46380
7d8d863a5
7d8b863ca
7d89c63ef
7d8806414
7d8606439
7d844645e
7d8286483
7d80864a8
7d7ec64cd
7d7cc64f2
7d7b06517
7d790653c
7d7746561
7d7546586
7d73865ab
7d71865d0
7d6fc65f5
7d6dc661a
7d6c0663f
7d6a06663
7d6846688
7d66466ad
7d64866d2
7d62866f7
7d60c671c
7d5ec6741
7d5cc6766
7d5b0678b
7d59067b0
7d57067d5
7d55467fa
7d534681f
7d5186843
7d4f86868
7d4d8688d
7d4b868b2
7d49c68d7
7d47c68fc
7d45c6921
7d4406946
7d420696b
7d4006990
7d3e069b4
7d3c069d9
7d3a469fe
7d3846a23
7d3646a48
7d3446a6d
7d3246a92
7d3046ab7
7d2e86adb
7d2c86b00
7d2a86b25
7d2886b4a
7d2686b6f
7d2486b94
7d2286bb9
7d2086bdd
7d1e86c02
7d1c86c27
7d1a86c4c
7d1886c71
7d1686c96
7d1486cbb
7d1286cdf
7d1086d04
7d0e86d29
7d0c86d4e
7d0a86d73
7d0886d98
7d0686dbc
7d0486de1
7d0286e06
7d0086e2b
7cfe86e50
7cfc86e74
7cfa46e99
7cf846ebe
7cf646ee3
7cf446f08
7cf246f2c
7cf046f51
7cee06f76
7cec06f9b
7cea06fc0
7ce806fe4
7ce5c7009
7ce3c702e
7ce1c7053
7cdfc7078
7cdd8709c
7cdb870c1
7cd9870e6
7cd74710b
7cd54712f
7cd347154
7cd107179
7ccf0719e
7ccd071c3
7ccac71e7
7cc8c720c
7cc6c7231
7cc487256
7cc28727a
7cc04729f
7cbe472c4
7cbc072e8
7cba0730d
7cb7c7332
7cb5c7357
7cb38737b
7cb1873a0
7caf473c5
7cad473ea
7cab0740e
7ca907433
7ca6c7458
7ca4c747c
7ca2874a1
7ca0474c6
7c9e474eb
7c9c0750f
7c9a07534
7c97c7559
7c958757d
7c93875a2
7c91475c7
7c8f075eb
7c8d07610
7c8ac7635
7c8887659
7c868767e
7c84476a3
7c82076c7
7c7fc76ec
7c7dc7711
7c7b87735
7c794775a
7c770777f
7c74c77a3
7c72c77c8
7c70877ed
7c6e47811
7c6c07836
7c69c785b
7c678787f
7c65878a4
7c63478c9
7c61078ed
7c5ec7912
7c5c87937
7c5a4795b
7c5807980
7c55c79a4
7c53879c9
7c51479ee
7c4f07a12
7c4cc7a37
7c4a87a5b
7c4847a80
7c4607aa5
7c43c7ac9
7c4187aee
7c3f47b12
7c3d07b37
7c3ac7b5c
7c3887b80
7c3647ba5
7c3407bc9
7c3187bee
7c2f47c13
7c2d07c37
7c2ac7c5c
7c2887c80
7c2647ca5
7c23c7cc9
7c2187cee
7c1f47d13
7c1d07d37
7c1ac7d5c
7c1847d80
7c1607da5
7c13c7dc9
7c1187dee
7c0f07e12
7c0cc7e37
7c0a87e5b
7c0807e80
7c05c7ea4
7c0387ec9
7c0107eee
7bfec7f12
7bfc87f37
7bfa07f5b
7bf7c7f80
7bf587fa4
7bf307fc9
7bf0c7fed
7bee48012
7bec08036
7be98805b
7be74807f
7be5080a4
7be2880c8
7be0480ed
7bddc8111
7bdb88136
7bd90815a
7bd6c817f
7bd4481a3
7bd1c81c7
7bcf881ec
7bcd08210
7bcac8235
7bc848259
7bc60827e
7bc3882a2
7bc1082c7
7bbec82eb
7bbc48310
7bb9c8334
7bb788358
7bb50837d
7bb2883a1
7bb0483c6
7badc83ea
7bab4840f
7ba8c8433
7ba688457
7ba40847c
7ba1884a0
7b9f084c5
7b9cc84e9
7b9a4850d
7b97c8532
7b9548556
7b92c857b
7b908859f
7b8e085c3
7b8b885e8
7b890860c
7b8688631
7b8408655
7b8188679
7b7f0869e
7b7cc86c2
7b7a486e6
7b77c870b
7b754872f
7b72c8754
7b7048778
7b6dc879c
7b6b487c1
7b68c87e5
7b6648809
7b63c882e
7b6148852
7b5ec8876
7b5c4889b
7b59c88bf
7b57488e3
7b5488908
7b520892c
7b4f88950
7b4d08975
7b4a88999
7b48089bd
7b45889e2
7b4308a06
7b4048a2a
7b3dc8a4e
7b3b48a73
7b38c8a97
7b3648abb
7b3388ae0
7b3108b04
7b2e88b28
7b2c08b4c
7b2948b71
7b26c8b95
7b2448bb9
7b21c8bde
7b1f08c02
7b1c88c26
7b1a08c4a
7b1748c6f
7b14c8c93
7b1248cb7
7b0f88cdb
7b0d08d00
7b0a48d24
7b07c8d48
7b0548d6c
7b0288d91
7b0008db5
7afd48dd9
7afac8dfd
7af808e21
7af588e46
7af308e6a
7af048e8e
7aedc8eb2
7aeb08ed6
7ae888efb
7ae5c8f1f
7ae308f43
7ae088f67
7addc8f8b
7adb48fb0
7ad888fd4
7ad608ff8
7ad34901c
7ad089040
7ace09065
7acb49089
7ac8890ad
7ac6090d1
7ac3490f5
7ac089119
7abe0913d
7abb49162
7ab889186
7ab6091aa
7ab3491ce
7ab0891f2
7aadc9216
7aab4923a
7aa88925f
7aa5c9283
7aa3092a7
7aa0492cb
7a9dc92ef
7a9b09313
7a9849337
7a958935b
7a92c937f
7a90093a4
7a8d893c8
7a8ac93ec
7a8809410
7a8549434
7a8289458
7a7fc947c
7a7d094a0
7a7a494c4
7a77894e8
7a74c950c
7a7209530
7a6f49555
7a6c89579
7a69c959d
7a67095c1
7a64495e5
7a6189609
7a5ec962d
7a5c09651
7a5949675
7a5689699
7a53c96bd
7a51096e1
7a4e49705
7a4b49729
7a488974d
7a45c9771
7a4309795
7a40497b9
7a3d897dd
7a3a89801
7a37c9825
7a3509849
7a324986d
7a2f89891
7a2c898b5
7a29c98d9
7a27098fd
7a2449921
7a2149945
7a1e89969
7a1bc998d
7a18c99b1
7a16099d5
7a13499f9
7a1049a1d
7a0d89a41
7a0ac9a65
7a07c9a89
7a0509aad
7a0249ad0
79ff49af4
79fc89b18
79f989b3c
79f6c9b60
79f3c9b84
79f109ba8
79ee09bcc
79eb49bf0
79e889c14
79e589c38
79e2c9c5c
79dfc9c7f
79dcc9ca3
79da09cc7
79d709ceb
79d449d0f
79d149d33
79ce89d57
79cb89d7b
79c889d9e
79c5c9dc2
79c2c9de6
79c009e0a
79bd09e2e
79ba09e52
79b749e76
79b449e99
79b149ebd
79ae89ee1
79ab89f05
79a889f29
79a589f4d
79a2c9f70
799fc9f94
799cc9fb8
7999c9fdc
79970a000
79940a024
79910a047
798e0a06b
798b0a08f
79884a0b3
79854a0d7
79824a0fa
797f4a11e
797c4a142
79794a166
79764a189
79738a1ad
79708a1d1
796d8a1f5
796a8a219
79678a23c
79648a260
79618a284
795e8a2a8
795b8a2cb
79588a2ef
79558a313
79528a336
794f8a35a
794c8a37e
79498a3a2
79468a3c5
79438a3e9
79408a40d
793d8a431
793a8a454
79374a478
79344a49c
79314a4bf
792e4a4e3
792b4a507
79284a52a
79254a54e
79220a572
791f0a595
791c0a5b9
79190a5dd
79160a600
7912ca624
790fca648
790cca66b
7909ca68f
79068a6b3
79038a6d6
79008a6fa
78fd8a71e
78fa4a741
78f74a765
78f44a789
78f10a7ac
78ee0a7d0
78eaca7f3
78e7ca817
78e4ca83b
78e18a85e
78de8a882
78db8a8a5
78d84a8c9
78d54a8ed
78d20a910
78cf0a934
78cbca957
78c8ca97b
78c58a99e
78c28a9c2
78bf4a9e6
78bc4aa09
78b90aa2d
78b60aa50
78b2caa74
78afcaa97
78ac8aabb
78a98aade
78a64ab02
78a30ab26
78a00ab49
789ccab6d
7899cab90
78968abb4
78934abd7
78904abfb
788d0ac1e
7889cac42
7886cac65
78838ac89
78804acac
787d0acd0
787a0acf3
7876cad17
78738ad3a
78704ad5e
786d4ad81
786a0ada4
7866cadc8
78638adeb
78604ae0f
785d4ae32
785a0ae56
7856cae79
78538ae9d
78504aec0
784d0aee4
784a0af07
7846caf2a
78438af4e
78404af71
783d0af95
7839cafb8
78368afdb
78334afff
78300b022
782ccb046
78298b069
78264b08c
78230b0b0
781fcb0d3
781c8b0f7
78194b11a
78160b13d
7812cb161
780f8b184
780c4b1a7
78090b1cb
7805cb1ee
78028b211
77ff0b235
77fbcb258
77f88b27b
77f54b29f
77f20b2c2
77eecb2e5
77eb4b309
77e80b32c
77e4cb34f
77e18b373
77de4b396
77dacb3b9
77d78b3dd
77d44b400
77d10b423
77cd8b447
77ca4b46a
77c70b48d
77c3cb4b0
77c04b4d4
77bd0b4f7
77b9cb51a
77b64b53d
77b30b561
77afcb584
77ac4b5a7
77a90b5ca
77a58b5ee
77a24b611
779f0b634
779b8b657
77984b67b
7794cb69e
77918b6c1
778e0b6e4
778acb707
77874b72b
77840b74e
77808b771
777d4b794
7779cb7b7
77768b7db
77730b7fe
776fcb821
776c4b844
77690b867
77658b88b
77620b8ae
775ecb8d1
775b4b8f4
77580b917
77548b93a
77510b95d
774dcb981
774a4b9a4
7746cb9c7
77438b9ea
77400ba0d
773c8ba30
77394ba53
7735cba76
77324ba9a
772ecbabd
772b8bae0
77280bb03
77248bb26
77210bb49
771dcbb6c
771a4bb8f
7716cbbb2
77134bbd5
770fcbbf8
770c4bc1b
77090bc3f
77058bc62
77020bc85
76fe8bca8
76fb0bccb
76f78bcee
76f40bd11
76f08bd34
76ed0bd57
76e98bd7a
76e60bd9d
76e28bdc0
76df0bde3
76db8be06
76d80be29
76d48be4c
76d10be6f
76cd8be92
76ca0beb5
76c68bed8
76c30befb
76bf8bf1e
76bc0bf41
76b88bf64
76b50bf87
76b18bfaa
76ae0bfcd
76aa8bff0
76a6cc013
76a34c036
769fcc058
769c4c07b
7698cc09e
76954c0c1
76918c0e4
768e0c107
768a8c12a
76870c14d
76838c170
767fcc193
767c4c1b6
7678cc1d9
76750c1fb
76718c21e
766e0c241
766a8c264
7666cc287
76634c2aa
765fcc2cd
765c0c2f0
76588c312
76550c335
76514c358
764dcc37b
764a0c39e
76468c3c1
76430c3e3
763f4c406
763bcc429
76380c44c
76348c46f
7630cc492
762d4c4b4
76298c4d7
76260c4fa
76224c51d
761ecc540
761b0c562
76178c585
7613cc5a8
76104c5cb
760c8c5ed
7608cc610
76054c633
76018c656
75fe0c679
75fa4c69b
75f68c6be
75f30c6e1
75ef4c703
75ebcc726
75e80c749
75e44c76c
75e08c78e
75dd0c7b1
75d94c7d4
75d58c7f7
75d20c819
75ce4c83c
75ca8c85f
75c6cc881
75c34c8a4
75bf8c8c7
75bbcc8e9
75b80c90c
75b44c92f
75b0cc951
75ad0c974
75a94c997
75a58c9b9
75a1cc9dc
759e0c9ff
759a4ca21
7596cca44
75930ca67
758f4ca89
758b8caac
7587ccace
75840caf1
75804cb14
757c8cb36
7578ccb59
75750cb7b
75714cb9e
756d8cbc1
7569ccbe3
75660cc06
75624cc28
755e8cc4b
755accc6d
75570cc90
75534ccb3
754f8ccd5
754bcccf8
75480cd1a
75444cd3d
75404cd5f
753c8cd82
7538ccda4
75350cdc7
75314cde9
752d8ce0c
7529cce2e
7525cce51
75220ce73
751e4ce96
751a8ceb8
75168cedb
7512ccefd
750f0cf20
750b4cf42
75074cf65
75038cf87
74ffccfaa
74fc0cfcc
74f80cfef
74f44d011
74f08d034
74ec8d056
74e8cd078
74e50d09b
74e10d0bd
74dd4d0e0
74d98d102
74d58d125
74d1cd147
74cdcd169
74ca0d18c
74c60d1ae
74c24d1d1
74be8d1f3
74ba8d215
74b6cd238
74b2cd25a
74af0d27c
74ab0d29f
74a74d2c1
74a34d2e3
749f8d306
749b8d328
74978d34b
7493cd36d
748fcd38f
748c0d3b2
74880d3d4
74844d3f6
74804d418
747c4d43b
74788d45d
74748d47f
74708d4a2
746ccd4c4
7468cd4e6
7464cd509
74610d52b
745d0d54d
74590d56f
74554d592
74514d5b4
744d4d5d6
74494d5f8
74458d61b
74418d63d
743d8d65f
74398d681
74358d6a4
7431cd6c6
742dcd6e8
7429cd70a
7425cd72c
7421cd74f
741dcd771
741a0d793
74160d7b5
74120d7d7
740e0d7fa
740a0d81c
74060d83e
74020d860
73fe0d882
73fa0d8a4
73f60d8c7
73f20d8e9
73ee0d90b
73ea0d92d
73e60d94f
73e20d971
73de0d993
73da0d9b6
73d60d9d8
73d20d9fa
73ce0da1c
73ca0da3e
73c60da60
73c20da82
73be0daa4
73ba0dac6
73b60dae9
73b20db0b
73adcdb2d
73a9cdb4f
73a5cdb71
73a1cdb93
739dcdbb5
7399cdbd7
73958dbf9
73918dc1b
738d8dc3d
73898dc5f
73858dc81
73814dca3
737d4dcc5
73794dce7
73754dd09
73710dd2b
736d0dd4d
73690dd6f
7364cdd91
7360cddb3
735ccddd5
73588ddf7
73548de19
73508de3b
734c4de5d
73484de7f
73444dea1
73400dec3
733c0dee5
7337cdf07
7333cdf29
732f8df4b
732b8df6d
73278df8e
73234dfb0
731f4dfd2
731b0dff4
73170e016
7312ce038
730ece05a
730a8e07c
73068e09e
73024e0bf
72fe0e0e1
72fa0e103
72f5ce125
72f1ce147
72ed8e169
72e98e18b
72e54e1ac
72e10e1ce
72dd0e1f0
72d8ce212
72d48e234
72d08e256
72cc4e277
72c80e299
72c40e2bb
72bfce2dd
72bb8e2ff
72b78e320
72b34e342
72af0e364
72aace386
72a6ce3a8
72a28e3c9
729e4e3eb
729a0e40d
7295ce42f
7291ce450
728d8e472
72894e494
72850e4b6
7280ce4d7
727c8e4f9
72788e51b
72744e53c
72700e55e
726bce580
72678e5a1
72634e5c3
725f0e5e5
725ace607
72568e628
72524e64a
724e0e66c
7249ce68d
72458e6af
72414e6d1
723d0e6f2
7238ce714
72348e735
72304e757
722c0e779
7227ce79a
72238e7bc
721f4e7de
721b0e7ff
7216ce821
72128e842
720e4e864
720a0e886
7205ce8a7
72014e8c9
71fd0e8ea
71f8ce90c
71f48e92d
71f04e94f
71ec0e971
71e78e992
71e34e9b4
71df0e9d5
71dace9f7
71d68ea18
71d20ea3a
71cdcea5b
71c98ea7d
71c54ea9e
71c0ceac0
71bc8eae1
71b84eb03
71b3ceb24
71af8eb46
71ab4eb67
71a6ceb89
71a28ebaa
719e4ebcc
7199cebed
71958ec0f
71914ec30
718ccec52
71888ec73
71840ec94
717fcecb6
717b4ecd7
71770ecf9
7172ced1a
716e4ed3c
716a0ed5d
71658ed7e
71614eda0
715ccedc1
71588ede3
71540ee04
714fcee25
714b4ee47
71470ee68
71428ee89
713e0eeab
7139ceecc
71354eeed
71310ef0f
712c8ef30
71280ef51
7123cef73
711f4ef94
711b0efb5
71168efd7
71120eff8
710dcf019
71094f03b
7104cf05c
71004f07d
70fc0f09e
70f78f0c0
70f30f0e1
70eecf102
70ea4f123
70e5cf145
70e14f166
70dccf187
70d88f1a8
70d40f1ca
70cf8f1eb
70cb0f20c
70c68f22d
70c24f24f
70bdcf270
70b94f291
70b4cf2b2
70b04f2d3
70abcf2f5
70a74f316
70a2cf337
709e8f358
709a0f379
70958f39a
70910f3bc
708c8f3dd
70880f3fe
70838f41f
707f0f440
707a8f461
70760f482
70718f4a4
706d0f4c5
70688f4e6
70640f507
705f8f528
705b0f549
70568f56a
70520f58b
704d8f5ac
7048cf5cd
70444f5ee
703fcf610
703b4f631
7036cf652
70324f673
702dcf694
70290f6b5
70248f6d6
70200f6f7
701b8f718
70170f739
70128f75a
700dcf77b
70094f79c
7004cf7bd
70004f7de
6ffb8f7ff
6ff70f820
6ff28f841
6fee0f862
6fe94f883
6fe4cf8a4
6fe04f8c5
6fdb8f8e6
6fd70f907
6fd28f927
6fcdcf948
6fc94f969
6fc4cf98a
6fc00f9ab
6fbb8f9cc
6fb6cf9ed
6fb24fa0e
6fadcfa2f
6fa90fa50
6fa48fa71
6f9fcfa91
6f9b4fab2
6f968fad3
6f920faf4
6f8d4fb15
6f88cfb36
6f840fb57
6f7f8fb77
6f7acfb98
6f764fbb9
6f718fbda
6f6d0fbfb
6f684fc1c
6f63cfc3c
6f5f0fc5d
6f5a4fc7e
6f55cfc9f
6f510fcc0
6f4c8fce0
6f47cfd01
6f430fd22
6f3e8fd43
6f39cfd63
6f350fd84
6f308fda5
6f2bcfdc6
6f270fde6
6f228fe07
6f1dcfe28
6f190fe49
6f148fe69
6f0fcfe8a
6f0b0feab
6f064fecb
6f01cfeec
6efd0ff0d
6ef84ff2d
6ef38ff4e
6eeecff6f
6eea4ff90
6ee58ffb0
6ee0cffd1
6edc0fff1
6ed750012
6ed290033
6ecdd0053
6ec950074
6ec490095
6ebfd00b5
6ebb100d6
6eb6500f7
6eb190117
6eacd0138
6ea810158
6ea350179
6e9e90199
6e99d01ba
6e95101db
6e90501fb
6e8b9021c
6e86d023c
6e821025d
6e7d5027d
6e789029e
6e73d02be
6e6f102df
6e6a50300
6e6590320
6e60d0341
6e5c10361
6e5750382
6e52903a2
6e4d903c3
6e48d03e3
6e4410404
6e3f50424
6e3a90444
6e35d0465
6e3110485
6e2c104a6
6e27504c6
6e22904e7
6e1dd0507
6e1910528
6e1410548
6e0f50568
6e0a90589
6e05d05a9
6e00d05ca
6dfc105ea
6df75060a
6df25062b
6ded9064b
6de8d066c
6de3d068c
6ddf106ac
6dda506cd
6dd5506ed
6dd09070d
6dcbd072e
6dc6d074e
6dc21076e
6dbd1078f
6db8507af
6db3907cf
6dae907f0
6da9d0810
6da4d0830
6da010851
6d9b10871
6d9650891
6d91508b1
6d8c908d2
6d87908f2
6d82d0912
6d7dd0932
6d7910953
6d7410973
6d6f50993
6d6a509b3
6d65909d4
6d60909f4
6d5bd0a14
6d56d0a34
6d51d0a54
6d4d10a75
6d4810a95
6d4310ab5
6d3e50ad5
6d3950af5
6d3450b15
6d2f90b36
6d2a90b56
6d2590b76
6d20d0b96
6d1bd0bb6
6d16d0bd6
6d1210bf6
6d0d10c17
6d0810c37
6d0310c57
6cfe50c77
6cf950c97
6cf450cb7
6cef50cd7
6cea50cf7
6ce590d17
6ce090d37
6cdb90d57
6cd690d78
6cd190d98
6ccc90db8
6cc7d0dd8
6cc2d0df8
6cbdd0e18
6cb8d0e38
6cb3d0e58
6caed0e78
6ca9d0e98
6ca4d0eb8
6c9fd0ed8
6c9ad0ef8
6c95d0f18
6c90d0f38
6c8c10f58
6c8710f78
6c8210f98
6c7d10fb8
6c7810fd8
6c7310ff8
6c6dd1017
6c68d1037
6c63d1057
6c5ed1077
6c59d1097
6c54d10b7
6c4fd10d7
6c4ad10f7
6c45d1117
6c40d1137
6c3bd1157
6c36d1176
6c3191196
6c2c911b6
6c27911d6
6c22911f6
6c1d91216
6c1891236
6c1351255
6c0e51275
6c0951295
6c04512b5
6bff112d5
6bfa112f4
6bf511314
6bf011334
6bead1354
6be5d1374
6be0d1393
6bdbd13b3
6bd6913d3
6bd1913f3
6bcc91412
6bc751432
6bc251452
6bbd51472
6bb811491
6bb3114b1
6bae114d1
6ba8d14f1
6ba3d1510
6b9e91530
6b9991550
6b949156f
6b8f5158f
6b8a515af
6b85115ce
6b80115ee
6b7ad160e
6b75d162d
6b709164d
6b6b9166d
6b665168c
6b61516ac
6b5c116cb
6b57116eb
6b51d170b
6b4cd172a
6b479174a
6b4291769
6b3d51789
6b38117a9
6b33117c8
6b2dd17e8
6b28d1807
6b2391827
6b1e51846
6b1951866
6b1411886
6b0ed18a5
6b09d18c5
6b04918e4
6aff51904
6afa51923
6af511943
6aefd1962
6aea91982
6ae5919a1
6ae0519c1
6adb119e0
6ad5d1a00
6ad0d1a1f
6acb91a3f
6ac651a5e
6ac111a7d
6abc11a9d
6ab6d1abc
6ab191adc
6aac51afb
6aa711b1b
6aa1d1b3a
6a9cd1b59
6a9791b79
6a9251b98
6a8d11bb8
6a87d1bd7
6a8291bf6
6a7d51c16
6a7811c35
6a72d1c54
6a6d91c74
6a6851c93
6a6311cb2
6a5e11cd2
6a58d1cf1
6a5391d10
6a4e51d30
6a4911d4f
6a43d1d6e
6a3e91d8e
6a3911dad
6a33d1dcc
6a2e91deb
6a2951e0b
6a2411e2a
6a1ed1e49
6a1991e68
6a1451e88
6a0f11ea7
6a09d1ec6
6a0491ee5
69ff51f05
69f9d1f24
69f491f43
69ef51f62
69ea11f81
69e4d1fa1
69df91fc0
69da11fdf
69d4d1ffe
69cf9201d
69ca5203d
69c51205c
69bf9207b
69ba5209a
69b5120b9
69afd20d8
69aa520f7
69a512116
699fd2136
699a52155
699512174
698fd2193
698a521b2
6985121d1
697fd21f0
697a5220f
69751222e
696fd224d
696a5226c
69651228b
695fd22aa
695a522c9
6955122e8
694f92308
694a52327
6944d2346
693f92365
693a12384
6934d23a3
692f923c2
692a123e0
6924d23ff
691f5241e
691a1243d
69149245c
690f1247b
6909d249a
6904524b9
68ff124d8
68f9924f7
68f452516
68eed2535
68e992554
68e412573
68de92592
68d9525b0
68d3d25cf
68ce525ee
68c91260d
68c39262c
68be1264b
68b8d266a
68b352688
68add26a7
68a8926c6
68a3126e5
689d92704
689852723
6892d2741
688d52760
6887d277f
68829279e
687d127bc
6877927db
6872127fa
686c92819
686752837
6861d2856
685c52875
6856d2894
6851528b2
684bd28d1
6846928f0
68411290f
683b9292d
68361294c
68309296b
682b12989
6825929a8
6820129c7
681a929e5
681512a04
680fd2a23
680a52a41
6804d2a60
67ff52a7f
67f9d2a9d
67f452abc
67eed2ada
67e952af9
67e3d2b18
67de52b36
67d8d2b55
67d352b73
67cd92b92
67c812bb1
67c292bcf
67bd12bee
67b792c0c
67b212c2b
67ac92c49
67a712c68
67a192c86
679c12ca5
679652cc3
6790d2ce2
678b52d00
6785d2d1f
678052d3d
677ad2d5c
677512d7a
676f92d99
676a12db7
676492dd6
675f12df4
675952e13
6753d2e31
674e52e4f
6748d2e6e
674312e8c
673d92eab
673812ec9
673252ee8
672cd2f06
672752f24
672192f43
671c12f61
671692f7f
6710d2f9e
670b52fbc
6705d2fda
670012ff9
66fa93017
66f513035
66ef53054
66e9d3072
66e413090
66de930af
66d8d30cd
66d3530eb
66cdd310a
66c813128
66c293146
66bcd3164
66b753183
66b1931a1
66ac131bf
66a6531dd
66a0d31fc
669b1321a
669553238
668fd3256
668a13274
668493293
667ed32b1
6679532cf
6673932ed
666dd330b
66685332a
666293348
665d13366
665753384
6651933a2
664c133c0
6646533de
6640933fd
663b1341b
663553439
662f93457
662a13475
662453493
661e934b1
6618d34cf
6613534ed
660d9350b
6607d3529
660213547
65fc93565
65f6d3583
65f1135a1
65eb535c0
65e5935de
65e0135fc
65da5361a
65d493638
65ced3656
65c913674
65c353691
65bd936af
65b8136cd
65b2536eb
65ac93709
65a6d3727
65a113745
659b53763
659593781
658fd379f
658a137bd
6584537db
657e937f9
6578d3817
657313834
656d53852
656793870
6561d388e
655c138ac
6556538ca
6550938e8
654ad3905
654513923
653f53941
65399395f
6533d397d
652e1399b
6528539b8
6522939d6
651cd39f4
6516d3a12
651113a2f
650b53a4d
650593a6b
64ffd3a89
64fa13aa6
64f453ac4
64ee53ae2
64e893b00
64e2d3b1d
64dd13b3b
64d753b59
64d153b76
64cb93b94
64c5d3bb2
64c013bd0
64ba13bed
64b453c0b
64ae93c29
64a893c46
64a2d3c64
649d13c81
649753c9f
649153cbd
648b93cda
6485d3cf8
647fd3d16
647a13d33
647453d51
646e53d6e
646893d8c
646293da9
645cd3dc7
645713de5
645113e02
644b53e20
644553e3d
643f93e5b
643993e78
6433d3e96
642e13eb3
642813ed1
642253eee
641c53f0c
641693f29
641093f47
640ad3f64
6404d3f82
63ff13f9f
63f913fbd
63f313fda
63ed53ff7
63e754015
63e194032
63db94050
63d5d406d
63cfd408a
63c9d40a8
63c4140c5
63be140e3
63b854100
63b25411d
63ac5413b
63a694158
63a094175
639a94193
6394d41b0
638ed41cd
6388d41eb
6382d4208
637d14225
637714243
637114260
636b5427d
63655429b
635f542b8
6359542d5
6353942f2
634d94310
63479432d
63419434a
633b94367
6335d4384
632fd43a2
6329d43bf
6323d43dc
631dd43f9
6317d4416
6311d4434
630c14451
63061446e
63001448b
62fa144a8
62f4144c5
62ee144e3
62e814500
62e21451d
62dc1453a
62d614557
62d014574
62ca14591
62c4145ae
62be145cc
62b8145e9
62b214606
62ac14623
62a614640
62a01465d
629a1467a
629414697
628e146b4
6288146d1
6282146ee
627c1470b
627614728
627014745
626a14762
62641477f
625e1479c
6257d47b9
6251d47d6
624bd47f3
6245d4810
623fd482d
6239d484a
623394867
622d94883
6227948a0
6221948bd
621b948da
6215548f7
620f54914
620954931
62035494e
61fd5496b
61f714987
61f1149a4
61eb149c1
61e4d49de
61ded49fb
61d8d4a18
61d2d4a34
61cc94a51
61c694a6e
61c094a8b
61ba54aa8
61b454ac4
61ae54ae1
61a814afe
61a214b1b
619bd4b37
6195d4b54
618fd4b71
618994b8e
618394baa
617d54bc7
617754be4
617114c01
616b14c1d
616514c3a
615ed4c57
6158d4c73
615294c90
614c94cad
614654cc9
614054ce6
613a14d03
613414d1f
612dd4d3c
6127d4d58
612194d75
611b54d92
611554dae
610f14dcb
610914de7
6102d4e04
60fcd4e21
60f694e3d
60f054e5a
60ea54e76
60e414e93
60ddd4eaf
60d7d4ecc
60d194ee8
60cb54f05
60c554f21
60bf14f3e
60b8d4f5a
60b2d4f77
60ac94f93
60a654fb0
60a054fcc
609a14fe9
6093d5005
608d95022
60879503e
60815505a
607b15077
6074d5093
606e950b0
6068950cc
6062550e8
605c15105
6055d5121
604f9513e
60499515a
604355176
603d15193
6036d51af
6030951cb
602a551e8
602415204
601e15220
6017d523d
601195259
600b55275
600515291
5ffed52ae
5ff8952ca
5ff2552e6
5fec15302
5fe5d531f
5fdf9533b
5fd955357
5fd315373
5fccd5390
5fc6953ac
5fc0553c8
5fba153e4
5fb3d5400
5fad9541d
5fa755439
5fa115455
5f9ad5471
5f949548d
5f8e554a9
5f88154c6
5f81d54e2
5f7b554fe
5f751551a
5f6ed5536
5f6895552
5f625556e
5f5c1558a
5f55d55a6
5f4f955c3
5f49155df
5f42d55fb
5f3c95617
5f3655633
5f301564f
5f299566b
5f2355687
5f1d156a3
5f16d56bf
5f10556db
5f0a156f7
5f03d5713
5efd9572f
5ef71574b
5ef0d5767
5eea95783
5ee45579f
5eddd57bb
5ed7957d7
5ed1557f3
5ecad580e
5ec49582a
5ebe55846
5eb7d5862
5eb19587e
5eab5589a
5ea4d58b6
5e9e958d2
5e98158ee
5e91d5909
5e8b95925
5e8515941
5e7ed595d
5e7855979
5e7215995
5e6b959b0
5e65559cc
5e5ed59e8
5e5895a04
5e5255a20
5e4bd5a3b
5e4595a57
5e3f15a73
5e38d5a8f
5e3255aaa
5e2bd5ac6
5e2595ae2
5e1f15afe
5e18d5b19
5e1255b35
5e0c15b51
5e0595b6c
5dff55b88
5df8d5ba4
5df255bbf
5dec15bdb
5de595bf7
5ddf15c12
5dd8d5c2e
5dd255c4a
5dcc15c65
5dc595c81
5dbf15c9d
5db8d5cb8
5db255cd4
5dabd5cef
5da595d0b
5d9f15d27
5d9895d42
5d9215d5e
5d8bd5d79
5d8555d95
5d7ed5db0
5d7855dcc
5d7215de7
5d6b95e03
5d6515e1e
5d5e95e3a
5d5855e55
5d51d5e71
5d4b55e8c
5d44d5ea8
5d3e55ec3
5d37d5edf
5d3195efa
5d2b15f16
5d2495f31
5d1e15f4d
5d1795f68
5d1115f83
5d0a95f9f
5d0455fba
5cfdd5fd6
5cf755ff1
5cf0d600c
5cea56028
5ce3d6043
5cdd5605e
5cd6d607a
5cd056095
5cc9d60b0
5cc3560cc
5cbcd60e7
5cb656102
5cafd611e
5ca956139
5ca2d6154
5c9c56170
5c95d618b
5c8f561a6
5c88d61c1
5c82561dd
5c7bd61f8
5c7556213
5c6ed622e
5c6856249
5c61d6265
5c5b56280
5c549629b
5c4e162b6
5c47962d1
5c41162ed
5c3a96308
5c3416323
5c2d9633e
5c26d6359
5c2056374
5c19d6390
5c13563ab
5c0cd63c6
5c06563e1
5bff963fc
5bf916417
5bf296432
5bec1644d
5be556468
5bded6483
5bd85649e
5bd1d64b9
5bcb164d5
5bc4964f0
5bbe1650b
5bb796526
5bb0d6541
5baa5655c
5ba3d6577
5b9d16592
5b96965ad
5b90165c8
5b89565e2
5b82d65fd
5b7c56618
5b7596633
5b6f1664e
5b6856669
5b61d6684
5b5b5669f
5b54966ba
5b4e166d5
5b47566f0
5b40d670b
5b3a16725
5b3396740
5b2d1675b
5b2656776
5b1fd6791
5b19167ac
5b12967c7
5b0bd67e1
5b05567fc
5afe96817
5af816832
5af15684d
5aead6867
5ae416882
5add5689d
5ad6d68b8
5ad0168d2
5ac9968ed
5ac2d6908
5abc56923
5ab59693d
5aaed6958
5aa856973
5aa19698d
5a9b169a8
5a94569c3
5a8d969dd
5a87169f8
5a8056a13
5a7996a2d
5a7316a48
5a6c56a63
5a6596a7d
5a5f16a98
5a5856ab3
5a5196acd
5a4ad6ae8
5a4456b02
5a3d96b1d
5a36d6b38
5a3056b52
5a2996b6d
5a22d6b87
5a1c16ba2
5a1556bbc
5a0ed6bd7
5a0816bf1
5a0156c0c
59fa96c26
59f3d6c41
59ed56c5b
59e696c76
59dfd6c90
59d916cab
59d256cc5
59cb96ce0
59c516cfa
59be56d15
59b796d2f
59b0d6d49
59aa16d64
59a356d7e
599c96d99
5995d6db3
598f16dcd
598856de8
598196e02
597ad6e1c
597456e37
596d96e51
5966d6e6b
596016e86
595956ea0
595296eba
594bd6ed5
594516eef
593e56f09
593796f24
593096f3e
5929d6f58
592316f72
591c56f8d
591596fa7
590ed6fc1
590816fdb
590156ff6
58fa97010
58f3d702a
58ed17044
58e65705e
58df57079
58d897093
58d1d70ad
58cb170c7
58c4570e1
58bd970fb
58b6d7115
58afd7130
58a91714a
58a257164
589b9717e
5894d7198
588dd71b2
5887171cc
5880571e6
587997200
58729721a
586bd7234
58651724e
585e57268
585757282
58509729d
5849d72b7
5842d72d1
583c172eb
583557304
582e9731e
582797338
5820d7352
581a1736c
581317386
580c573a0
5805573ba
57fe973d4
57f7d73ee
57f0d7408
57ea17422
57e31743c
57dc57456
57d59746f
57ce97489
57c7d74a3
57c0d74bd
57ba174d7
57b3174f1
57ac5750b
57a597524
579e9753e
5797d7558
5790d7572
578a1758c
5783175a5
577c575bf
5775575d9
576e575f3
57679760c
576097626
5759d7640
5752d765a
574c17673
57451768d
573e576a7
5737576c0
5730576da
5729976f4
57229770d
571bd7727
5714d7741
570dd775a
570717774
57001778e
56f9177a7
56f2577c1
56eb577da
56e4577f4
56dd9780e
56d697827
56cf97841
56c8d785a
56c1d7874
56bad788d
56b3d78a7
56ad178c0
56a6178da
569f178f4
56981790d
569157927
568a57940
56835795a
567c57973
56755798c
566e979a6
5667979bf
5660979d9
5659979f2
565297a0c
564bd7a25
5644d7a3f
563dd7a58
5636d7a71
562fd7a8b
5628d7aa4
5621d7abd
561ad7ad7
561417af0
560d17b0a
560617b23
55ff17b3c
55f817b56
55f117b6f
55ea17b88
55e317ba1
55dc17bbb
55d517bd4
55ce17bed
55c717c07
55c017c20
55b917c39
55b217c52
55ab17c6c
55a417c85
559d17c9e
559617cb7
558f17cd0
558817cea
558117d03
557a17d1c
557317d35
556c17d4e
556517d67
555e17d81
555717d9a
554fd7db3
5548d7dcc
5541d7de5
553ad7dfe
5533d7e17
552cd7e30
5525d7e49
551ed7e63
551797e7c
551097e95
550997eae
550297ec7
54fb97ee0
54f457ef9
54ed57f12
54e657f2b
54df57f44
54d857f5d
54d117f76
54ca17f8f
54c317fa8
54bc17fc1
54b4d7fda
54add7ff3
54a6d800c
549fd8024
54989803d
549198056
548a9806f
548358088
547c580a1
5475580ba
546e180d3
5467180ec
546018104
5458d811d
5451d8136
544ad814f
544398168
543c98181
543598199
542e581b2
5427581cb
5420181e4
5419181fd
5411d8215
540ad822e
5403d8247
53fc98260
53f598278
53ee58291
53e7582aa
53e0182c2
53d9182db
53d1d82f4
53cad830d
53c398325
53bc9833e
53b558357
53ae5836f
53a718388
53a0183a0
5398d83b9
5391d83d2
538a983ea
538358403
537c5841c
537518434
536e1844d
5366d8465
535fd847e
535898496
5351584af
534a584c7
5343184e0
533bd84f8
5334d8511
532d98529
532658542
531f5855a
531818573
5310d858b
5309d85a4
5302985bc
52fb585d5
52f4585ed
52ed18606
52e5d861e
52ded8636
52d79864f
52d058667
52c918680
52c218698
52bad86b0
52b3986c9
52ac586e1
52a5186f9
529e18712
5296d872a
528f98742
52885875b
528118773
527a1878b
5272d87a4
526b987bc
5264587d4
525d187ec
5255d8805
524e9881d
524798835
52405884d
523918866
5231d887e
522a98896
5223588ae
521c188c6
5214d88df
520d988f7
52065890f
51ff18927
51f81893f
51f0d8957
51e998970
51e258988
51db189a0
51d3d89b8
51cc989d0
51c5589e8
51be18a00
51b6d8a18
51af98a30
51a858a48
51a118a60
5199d8a78
519258a90
518b18aa8
5183d8ac0
517c98ad8
517558af0
516e18b08
5166d8b20
515f98b38
515858b50
515118b68
5149d8b80
514258b98
513b18bb0
5133d8bc8
512c98be0
512558bf8
511e18c10
5116d8c28
510f58c40
510818c57
5100d8c6f
50f998c87
50f258c9f
50ead8cb7
50e398ccf
50dc58ce6
50d518cfe
50cdd8d16
50c658d2e
50bf18d46
50b7d8d5d
50b098d75
50a918d8d
50a1d8da5
509a98dbc
509318dd4
508bd8dec
508498e04
507d58e1b
5075d8e33
506e98e4b
506758e62
505fd8e7a
505898e92
505158ea9
5049d8ec1
504298ed9
503b18ef0
5033d8f08
502c98f20
502518f37
501dd8f4f
501658f66
500f18f7e
5007d8f96
500058fad
4ff918fc5
4ff198fdc
4fea58ff4
4fe2d900b
4fdb99023
4fd45903a
4fccd9052
4fc599069
4fbe19081
4fb6d9098
4faf590b0
4fa8190c7
4fa0990df
4f99590f6
4f91d910e
4f8a59125
4f831913c
4f7b99154
4f745916b
4f6cd9183
4f659919a
4f5e191b1
4f56d91c9
4f4f591e0
4f47d91f7
4f409920f
4f3919226
4f31d923e
4f2a59255
4f22d926c
4f1b99283
4f141929b
4f0c992b2
4f05592c9
4efdd92e1
4ef6592f8
4eef1930f
4ee799326
4ee01933e
4ed8d9355
4ed15936c
4ec9d9383
4ec29939a
4ebb193b2
4eb3993c9
4eac193e0
4ea4d93f7
4e9d5940e
4e95d9425
4e8e5943d
4e8719454
4e7f9946b
4e7819482
4e7099499
4e69194b0
4e61d94c7
4e5a594de
4e52d94f5
4e4b5950c
4e43d9524
4e3c9953b
4e3519552
4e2d99569
4e2619580
4e1e99597
4e17195ae
4e0f995c5
4e08595dc
4e00d95f3
4df95960a
4df1d9621
4dea59638
4de2d964e
4ddb59665
4dd3d967c
4dcc59693
4dc4d96aa
4dbd596c1
4db5d96d8
4dae596ef
4da6d9706
4d9f9971d
4d9819733
4d909974a
4d8919761
4d8199778
4d7a1978f
4d72997a6
4d6b197bc
4d63597d3
4d5bd97ea
4d5459801
4d4cd9818
4d455982e
4d3dd9845
4d365985c
4d2ed9873
4d2759889
4d1fd98a0
4d18598b7
4d10d98cd
4d09598e4
4d01d98fb
4cfa19911
4cf299928
4ceb1993f
4ce399955
4cdc1996c
4cd499983
4ccd19999
4cc5599b0
4cbdd99c7
4cb6599dd
4caed99f4
4ca759a0a
4c9fd9a21
4c9819a37
4c9099a4e
4c8919a65
4c8199a7b
4c79d9a92
4c7259aa8
4c6ad9abf
4c6359ad5
4c5b99aec
4c5419b02
4c4c99b19
4c4519b2f
4c3d59b46
4c35d9b5c
4c2e59b72
4c26d9b89
4c1f19b9f
4c1799bb6
4c1019bcc
4c0859be2
4c00d9bf9
4bf959c0f
4bf199c26
4bea19c3c
4be299c52
4bdad9c69
4bd359c7f
4bcb99c95
4bc419cac
4bbc99cc2
4bb4d9cd8
4bad59cef
4ba599d05
4b9e19d1b
4b9699d31
4b8ed9d48
4b8759d5e
4b7f99d74
4b7819d8a
4b7059da1
4b68d9db7
4b6159dcd
4b5999de3
4b5219df9
4b4a59e10
4b42d9e26
4b3b19e3c
4b3399e52
4b2bd9e68
4b2459e7e
4b1c99e94
4b1519eab
4b0d59ec1
4b0599ed7
4afe19eed
4af659f03
4aeed9f19
4ae719f2f
4adf99f45
4ad7d9f5b
4ad019f71
4ac899f87
4ac0d9f9d
4ab959fb3
4ab199fc9
4aa9d9fdf
4aa259ff5
4a9a9a00b
4a931a021
4a8b5a037
4a839a04d
4a7c1a063
4a745a079
4a6c9a08f
4a651a0a5
4a5d5a0bb
4a559a0d1
4a4e1a0e7
4a465a0fc
4a3e9a112
4a36da128
4a2f5a13e
4a279a154
4a1fda16a
4a181a180
4a109a195
4a08da1ab
4a011a1c1
49f95a1d7
49f1da1ed
49ea1a202
49e25a218
49da9a22e
49d31a244
49cb5a259
49c39a26f
49bbda285
49b41a29a
49ac9a2b0
49a4da2c6
499d1a2dc
49955a2f1
498d9a307
4985da31d
497e1a332
49769a348
496eda35d
49671a373
495f5a389
49579a39e
494fda3b4
49481a3ca
49405a3df
49389a3f5
4930da40a
49295a420
49219a435
4919da44b
49121a460
490a5a476
49029a48b
48fada4a1
48f31a4b6
48eb5a4cc
48e39a4e1
48dbda4f7
48d41a50c
48cc5a522
48c49a537
48bcda54d
48b51a562
48ad5a577
48a59a58d
489dda5a2
48961a5b8
488e5a5cd
48869a5e2
487e9a5f8
4876da60d
486f1a622
48675a638
485f9a64d
4857da662
48501a678
48485a68d
48409a6a2
4838da6b7
4830da6cd
48291a6e2
48215a6f7
48199a70c
4811da722
480a1a737
48025a74c
47fa5a761
47f29a777
47eada78c
47e31a7a1
47db5a7b6
47d35a7cb
47cb9a7e0
47c3da7f6
47bc1a80b
47b45a820
47ac5a835
47a49a84a
479cda85f
47951a874
478d1a889
47855a89e
477d9a8b3
4775da8c8
476dda8dd
47661a8f3
475e5a908
47565a91d
474e9a932
4746da947
473eda95c
47371a971
472f5a985
47275a99a
471f9a9af
4717da9c4
470fda9d9
47081a9ee
47005aa03
46f85aa18
46f09aa2d
46e8daa42
46e0daa57
46d91aa6c
46d11aa80
46c95aa95
46c19aaaa
46b99aabf
46b1daad4
46a9daae9
46a21aafd
469a1ab12
46925ab27
468a9ab3c
46829ab51
467adab65
4672dab7a
466b1ab8f
46631aba4
465b5abb8
46535abcd
464b9abe2
46439abf6
463bdac0b
4633dac20
462c1ac34
46241ac49
461c5ac5e
46145ac72
460c5ac87
46049ac9c
45fc9acb0
45f4dacc5
45ecdacd9
45e51acee
45dd1ad03
45d51ad17
45cd5ad2c
45c55ad40
45bd9ad55
45b59ad69
45ad9ad7e
45a5dad92
459ddada7
4595dadbb
458e1add0
45861ade4
457e5adf9
45765ae0d
456e5ae22
45669ae36
455e9ae4b
45569ae5f
454e9ae74
4546dae88
453edae9c
4536daeb1
452f1aec5
45271aeda
451f1aeee
45171af02
450f5af17
45075af2b
44ff5af3f
44f75af54
44ef9af68
44e79af7c
44df9af90
44d79afa5
44cfdafb9
44c7dafcd
44bfdafe2
44b7daff6
44afdb00a
44a81b01e
44a01b032
44981b047
44901b05b
44881b06f
44801b083
44785b097
44705b0ac
44685b0c0
44605b0d4
44585b0e8
44505b0fc
44485b110
44405b124
44389b138
44309b14c
44289b161
44209b175
44189b189
44109b19d
44089b1b1
44009b1c5
43f89b1d9
43f09b1ed
43e89b201
43e09b215
43d89b229
43d09b23d
43c89b251
43c09b265
43b89b279
43b09b28d
43a89b2a1
43a09b2b5
43989b2c8
43909b2dc
43889b2f0
43809b304
43789b318
43709b32c
43689b340
43609b354
43589b367
43509b37b
43489b38f
43409b3a3
43389b3b7
43309b3ca
43289b3de
43209b3f2
43189b406
43105b41a
43085b42d
43005b441
42f85b455
42f05b468
42e85b47c
42e05b490
42d81b4a4
42d01b4b7
42c81b4cb
42c01b4df
42b81b4f2
42b01b506
42a7db51a
429fdb52d
4297db541
428fdb554
4287db568
427fdb57c
42779b58f
426f9b5a3
42679b5b6
425f9b5ca
42575b5dd
424f5b5f1
42475b604
423f5b618
42371b62b
422f1b63f
42271b652
421f1b666
4216db679
420edb68d
4206db6a0
41fe9b6b4
41f69b6c7
41ee9b6db
41e65b6ee
41de5b701
41d65b715
41ce1b728
41c61b73c
41be1b74f
41b5db762
41addb776
41a5db789
419d9b79c
41959b7b0
418d9b7c3
41855b7d6
417d5b7ea
41751b7fd
416d1b810
41651b823
415cdb837
4154db84a
414c9b85d
41449b870
413c9b884
41345b897
412c5b8aa
41241b8bd
411c1b8d0
4113db8e4
410bdb8f7
41039b90a
40fb9b91d
40f35b930
40eb5b943
40e31b956
40db1b969
40d2db97d
40cadb990
40c29b9a3
40ba9b9b6
40b25b9c9
40aa5b9dc
40a21b9ef
409a1ba02
4091dba15
4089dba28
40819ba3b
40795ba4e
40715ba61
40691ba74
40611ba87
4058dba9a
4050dbaad
40489bac0
40405bad3
40385bae6
40301baf9
40281bb0b
401fdbb1e
40179bb31
400f9bb44
40075bb57
3fff1bb6a
3ff71bb7d
3feedbb8f
3fe69bba2
3fde9bbb5
3fd65bbc8
3fce1bbdb
3fc61bbed
3fbddbc00
3fb59bc13
3fad9bc26
3fa55bc39
3f9d1bc4b
3f94dbc5e
3f8cdbc71
3f849bc83
3f7c5bc96
3f745bca9
3f6c1bcbc
3f63dbcce
3f5b9bce1
3f539bcf4
3f4b5bd06
3f431bd19
3f3adbd2b
3f329bd3e
3f2a9bd51
3f225bd63
3f1a1bd76
3f11dbd88
3f099bd9b
3f019bdae
3ef95bdc0
3ef11bdd3
3ee8dbde5
3ee09bdf8
3ed89be0a
3ed05be1d
3ec81be2f
3ebfdbe42
3eb79be54
3eaf5be67
3ea71be79
3e9edbe8c
3e96dbe9e
3e8e9beb0
3e865bec3
3e7e1bed5
3e75dbee8
3e6d9befa
3e655bf0c
3e5d1bf1f
3e54dbf31
3e4c9bf44
3e445bf56
3e3c5bf68
3e341bf7b
3e2bdbf8d
3e239bf9f
3e1b5bfb1
3e131bfc4
3e0adbfd6
3e029bfe8
3dfa5bffb
3df21c00d
3de9dc01f
3de19c031
3dd95c043
3dd11c056
3dc8dc068
3dc09c07a
3db85c08c
3db01c09e
3da7dc0b1
3d9f9c0c3
3d975c0d5
3d8f1c0e7
3d86dc0f9
3d7e5c10b
3d761c11d
3d6ddc12f
3d659c142
3d5d5c154
3d551c166
3d4cdc178
3d449c18a
3d3c5c19c
3d341c1ae
3d2bdc1c0
3d235c1d2
3d1b1c1e4
3d12dc1f6
3d0a9c208
3d025c21a
3cfa1c22c
3cf1dc23e
3ce95c250
3ce11c262
3cd8dc274
3cd09c286
3cc85c297
3cc01c2a9
3cb79c2bb
3caf5c2cd
3ca71c2df
3c9edc2f1
3c969c303
3c8e1c314
3c85dc326
3c7d9c338
3c755c34a
3c6d1c35c
3c649c36e
3c5c5c37f
3c541c391
3c4bdc3a3
3c435c3b5
3c3b1c3c6
3c32dc3d8
3c2a9c3ea
3c221c3fc
3c19dc40d
3c119c41f
3c091c431
3c00dc442
3bf89c454
3bf01c466
3be7dc477
3bdf9c489
3bd75c49b
3bcedc4ac
3bc69c4be
3bbe5c4cf
3bb5dc4e1
3bad9c4f3
3ba51c504
3b9cdc516
3b949c527
3b8c1c539
3b83dc54a
3b7b9c55c
3b731c56d
3b6adc57f
3b625c590
3b5a1c5a2
3b51dc5b3
3b495c5c5
3b411c5d6
3b389c5e8
3b305c5f9
3b281c60b
3b1f9c61c
3b175c62d
3b0edc63f
3b069c650
3afe1c662
3af5dc673
3aed5c684
3ae51c696
3adc9c6a7
3ad45c6b8
3acc1c6ca
3ac39c6db
3abb5c6ec
3ab2dc6fe
3aaa9c70f
3aa21c720
3a99dc731
3a915c743
3a88dc754
3a809c765
3a781c776
3a6fdc788
3a675c799
3a5f1c7aa
3a569c7bb
3a4e5c7cc
3a45dc7dd
3a3d9c7ef
3a351c800
3a2c9c811
3a245c822
3a1bdc833
3a139c844
3a0b1c855
3a029c866
39fa5c878
39f1dc889
39e99c89a
39e11c8ab
39d89c8bc
39d05c8cd
39c7dc8de
39bf5c8ef
39b71c900
39ae9c911
39a61c922
399ddc933
39955c944
398cdc955
39849c966
397c1c977
39739c988
396b5c998
3962dc9a9
395a5c9ba
39521c9cb
39499c9dc
39411c9ed
39389c9fe
39305ca0f
3927dca1f
391f5ca30
39171ca41
390e9ca52
39061ca63
38fd9ca73
38f55ca84
38ecdca95
38e45caa6
38dbdcab7
38d35cac7
38cb1cad8
38c29cae9
38ba1caf9
38b19cb0a
38a91cb1b
38a0dcb2b
38985cb3c
388fdcb4d
38875cb5d
387edcb6e
38769cb7f
386e1cb8f
38659cba0
385d1cbb1
38549cbc1
384c1cbd2
38439cbe2
383b5cbf3
3832dcc03
382a5cc14
3821dcc25
38195cc35
3810dcc46
38085cc56
37ffdcc67
37f79cc77
37ef1cc88
37e69cc98
37de1cca9
37d59ccb9
37cd1ccc9
37c49ccda
37bc1ccea
37b39ccfb
37ab1cd0b
37a29cd1b
379a1cd2c
37919cd3c
37891cd4d
37809cd5d
37781cd6d
376f9cd7e
37671cd8e
375edcd9e
37565cdaf
374ddcdbf
37455cdcf
373cdcddf
37341cdf0
372b9ce00
37231ce10
371a9ce20
37121ce31
37099ce41
37011ce51
36f89ce61
36f01ce71
36e79ce82
36df1ce92
36d69cea2
36ce1ceb2
36c59cec2
36bd1ced2
36b49cee2
36ac1cef3
36a39cf03
369b1cf13
36925cf23
3689dcf33
36815cf43
3678dcf53
36705cf63
3667dcf73
365f5cf83
3656dcf93
364e1cfa3
36459cfb3
363d1cfc3
36349cfd3
362c1cfe3
36239cff3
361b1d003
36125d013
3609dd023
36015d033
35f8dd043
35f05d052
35e79d062
35df1d072
35d69d082
35ce1d092
35c59d0a2
35bcdd0b2
35b45d0c1
35abdd0d1
35a35d0e1
359add0f1
35921d101
35899d110
35811d120
35789d130
356fdd140
35675d14f
355edd15f
35565d16f
354d9d17e
35451d18e
353c9d19e
3533dd1ae
352b5d1bd
3522dd1cd
351a5d1dc
35119d1ec
35091d1fc
35009d20b
34f7dd21b
34ef5d22b
34e6dd23a
34de1d24a
34d59d259
34cd1d269
34c45d278
34bbdd288
34b35d297
34aa9d2a7
34a21d2b6
34995d2c6
3490dd2d5
34885d2e5
347f9d2f4
34771d304
346e9d313
3465dd323
345d5d332
34549d342
344c1d351
34439d360
343add370
34325d37f
34299d38f
34211d39e
34185d3ad
340fdd3bd
34075d3cc
33fe9d3db
33f61d3eb
33ed5d3fa
33e4dd409
33dc1d418
33d39d428
33cadd437
33c25d446
33b99d455
33b11d465
33a85d474
339fdd483
33971d492
338e9d4a1
3385dd4b1
337d5d4c0
33749d4cf
336c1d4de
33635d4ed
335add4fc
33521d50c
33499d51b
3340dd52a
33385d539
332f9d548
33271d557
331e5d566
33159d575
330d1d584
33045d593
32fbdd5a2
32f31d5b1
32ea9d5c0
32e1dd5cf
32d91d5de
32d09d5ed
32c7dd5fc
32bf5d60b
32b69d61a
32addd629
32a55d638
329c9d647
3293dd656
328b5d665
32829d673
327a1d682
32715d691
32689d6a0
32601d6af
32575d6be
324e9d6cc
32461d6db
323d5d6ea
32349d6f9
322c1d708
32235d716
321a9d725
3211dd734
32095d743
32009d751
31f7dd760
31ef5d76f
31e69d77e
31dddd78c
31d55d79b
31cc9d7aa
31c3dd7b8
31bb1d7c7
31b29d7d6
31a9dd7e4
31a11d7f3
31985d801
318fdd810
31871d81f
317e5d82d
31759d83c
316d1d84a
31645d859
315b9d867
3152dd876
314a1d884
31419d893
3138dd8a2
31301d8b0
31275d8be
311e9d8cd
31161d8db
310d5d8ea
31049d8f8
30fbdd907
30f31d915
30ea5d924
30e1dd932
30d91d940
30d05d94f
30c79d95d
30bedd96b
30b61d97a
30ad5d988
30a4dd997
309c1d9a5
30935d9b3
308a9d9c1
3081dd9d0
30791d9de
30705d9ec
30679d9fb
305edda09
30565da17
304d9da25
3044dda33
303c1da42
30335da50
302a9da5e
3021dda6c
30191da7a
30105da89
30079da97
2ffeddaa5
2ff61dab3
2fed5dac1
2fe49dacf
2fdbddadd
2fd35daeb
2fca9dafa
2fc1ddb08
2fb91db16
2fb05db24
2fa79db32
2f9eddb40
2f961db4e
2f8d5db5c
2f849db6a
2f7bddb78
2f731db86
2f6a5db94
2f619dba2
2f58ddbb0
2f501dbbe
2f471dbcc
2f3e5dbd9
2f359dbe7
2f2cddbf5
2f241dc03
2f1b5dc11
2f129dc1f
2f09ddc2d
2f011dc3b
2ef85dc48
2eef9dc56
2ee6ddc64
2ede1dc72
2ed55dc80
2ecc9dc8d
2ec3ddc9b
2ebaddca9
2eb21dcb7
2ea95dcc5
2ea09dcd2
2e97ddce0
2e8f1dcee
2e865dcfb
2e7d9dd09
2e74ddd17
2e6bddd24
2e631dd32
2e5a5dd40
2e519dd4d
2e48ddd5b
2e401dd69
2e375dd76
2e2e5dd84
2e259dd92
2e1cddd9f
2e141ddad
2e0b5ddba
2e029ddc8
2df99ddd5
2df0ddde3
2de81ddf0
2ddf5ddfe
2dd69de0b
2dcd9de19
2dc4dde26
2dbc1de34
2db35de41
2daa9de4f
2da19de5c
2d98dde6a
2d901de77
2d875de85
2d7e5de92
2d759de9f
2d6cddead
2d641deba
2d5b1dec7
2d525ded5
2d499dee2
2d40ddeef
2d37ddefd
2d2f1df0a
2d265df17
2d1d9df25
2d149df32
2d0bddf3f
2d031df4d
2cfa1df5a
2cf15df67
2ce89df74
2cdfddf81
2cd6ddf8f
2cce1df9c
2cc55dfa9
2cbc5dfb6
2cb39dfc3
2caaddfd1
2ca1ddfde
2c991dfeb
2c905dff8
2c875e005
2c7e9e012
2c75de01f
2c6cde02c
2c641e03a
2c5b1e047
2c525e054
2c499e061
2c409e06e
2c37de07b
2c2f1e088
2c261e095
2c1d5e0a2
2c145e0af
2c0b9e0bc
2c02de0c9
2bf9de0d6
2bf11e0e3
2be81e0f0
2bdf5e0fc
2bd69e109
2bcd9e116
2bc4de123
2bbbde130
2bb31e13d
2baa1e14a
2ba15e157
2b989e164
2b8f9e170
2b86de17d
2b7dde18a
2b751e197
2b6c1e1a4
2b635e1b0
2b5a5e1bd
2b519e1ca
2b489e1d7
2b3fde1e3
2b36de1f0
2b2e1e1fd
2b251e20a
2b1c5e216
2b135e223
2b0a9e230
2b019e23c
2af8de249
2aefde256
2ae71e262
2ade1e26f
2ad55e27c
2acc5e288
2ac39e295
2aba9e2a1
2ab1de2ae
2aa8de2ba
2aa01e2c7
2a971e2d4
2a8e5e2e0
2a855e2ed
2a7c5e2f9
2a739e306
2a6a9e312
2a61de31f
2a58de32b
2a501e338
2a471e344
2a3e1e351
2a355e35d
2a2c5e369
2a239e376
2a1a9e382
2a119e38f
2a08de39b
29ffde3a7
29f71e3b4
29ee1e3c0
29e51e3cc
29dc5e3d9
29d35e3e5
29ca9e3f1
29c19e3fe
29b89e40a
29afde416
29a6de423
299dde42f
29951e43b
298c1e447
29831e454
297a5e460
29715e46c
29685e478
295f9e484
29569e491
294d9e49d
2944de4a9
293bde4b5
2932de4c1
292a1e4cd
29211e4d9
29181e4e6
290f1e4f2
29065e4fe
28fd5e50a
28f45e516
28eb9e522
28e29e52e
28d99e53a
28d09e546
28c7de552
28bede55e
28b5de56a
28acde576
28a41e582
289b1e58e
28921e59a
28891e5a6
28805e5b2
28775e5be
286e5e5ca
28655e5d6
285c9e5e1
28539e5ed
284a9e5f9
28419e605
28389e611
282fde61d
2826de629
281dde634
2814de640
280bde64c
28031e658
27fa1e664
27f11e66f
27e81e67b
27df1e687
27d65e693
27cd5e69e
27c45e6aa
27bb5e6b6
27b25e6c1
27a95e6cd
27a09e6d9
27979e6e4
278e9e6f0
27859e6fc
277c9e707
27739e713
276a9e71f
2761de72a
2758de736
274fde741
2746de74d
273dde759
2734de764
272bde770
2722de77b
2719de787
27111e792
27081e79e
26ff1e7a9
26f61e7b5
26ed1e7c0
26e41e7cc
26db1e7d7
26d21e7e2
26c91e7ee
26c01e7f9
26b71e805
26ae1e810
26a55e81c
269c5e827
26935e832
268a5e83e
26815e849
26785e854
266f5e860
26665e86b
265d5e876
26545e882
264b5e88d
26425e898
26395e8a3
26305e8af
26275e8ba
261e5e8c5
26155e8d0
260c5e8dc
26035e8e7
25fa5e8f2
25f15e8fd
25e85e908
25df5e913
25d65e91f
25cd5e92a
25c45e935
25bb5e940
25b25e94b
25a95e956
25a05e961
25975e96c
258e5e977
25855e982
257c5e98d
25735e999
256a5e9a4
25615e9af
25585e9ba
254f1e9c5
25461e9d0
253d1e9db
25341e9e5
252b1e9f0
25221e9fb
25191ea06
25101ea11
25071ea1c
24fe1ea27
24f51ea32
24ec1ea3d
24e31ea48
24d9dea53
24d0dea5d
24c7dea68
24bedea73
24b5dea7e
24acdea89
24a3dea93
249adea9e
24919eaa9
24889eab4
247f9eabf
24769eac9
246d9ead4
24649eadf
245b9eae9
24529eaf4
24495eaff
24405eb0a
24375eb14
242e5eb1f
24255eb2a
241c5eb34
24131eb3f
240a1eb49
24011eb54
23f81eb5f
23ef1eb69
23e61eb74
23dcdeb7e
23d3deb89
23cadeb93
23c1deb9e
23b8deba9
23af9ebb3
23a69ebbe
239d9ebc8
23949ebd3
238b5ebdd
23825ebe7
23795ebf2
23705ebfc
23675ec07
235e1ec11
23551ec1c
234c1ec26
23431ec30
2339dec3b
2330dec45
2327dec50
231edec5a
23159ec64
230c9ec6f
23039ec79
22fa9ec83
22f15ec8d
22e85ec98
22df5eca2
22d65ecac
22cd1ecb7
22c41ecc1
22bb1eccb
22b1decd5
22a8decdf
229fdecea
2296decf4
228d9ecfe
22849ed08
227b9ed12
22725ed1d
22695ed27
22605ed31
22571ed3b
224e1ed45
22451ed4f
223bded59
2232ded63
2229ded6d
22209ed77
22179ed81
220e9ed8b
22055ed96
21fc5eda0
21f35edaa
21ea1edb4
21e11edbe
21d81edc7
21cededd1
21c5deddb
21bcdede5
21b39edef
21aa9edf9
21a15ee03
21985ee0d
218f5ee17
21861ee21
217d1ee2b
21741ee34
216adee3e
2161dee48
21589ee52
214f9ee5c
21469ee66
213d5ee6f
21345ee79
212b1ee83
21221ee8d
21191ee96
210fdeea0
2106deeaa
20fd9eeb4
20f49eebd
20eb5eec7
20e25eed1
20d95eeda
20d01eee4
20c71eeee
20bddeef7
20b4def01
20ab9ef0b
20a29ef14
20995ef1e
20905ef28
20875ef31
207e1ef3b
20751ef44
206bdef4e
2062def57
20599ef61
20509ef6a
20475ef74
203e5ef7d
20351ef87
202c1ef90
2022def9a
2019defa3
20109efad
20079efb6
1ffe5efc0
1ff55efc9
1fec1efd2
1fe31efdc
1fd9defe5
1fd0defef
1fc79eff8
1fbe9f001
1fb55f00b
1fac5f014
1fa31f01d
1f9a1f027
1f90df030
1f87df039
1f7e9f043
1f755f04c
1f6c5f055
1f631f05e
1f5a1f068
1f50df071
1f47df07a
1f3e9f083
1f359f08c
1f2c5f096
1f231f09f
1f1a1f0a8
1f10df0b1
1f07df0ba
1efe9f0c3
1ef59f0cc
1eec5f0d6
1ee31f0df
1eda1f0e8
1ed0df0f1
1ec7df0fa
1ebe9f103
1eb55f10c
1eac5f115
1ea31f11e
1e9a1f127
1e90df130
1e879f139
1e7e9f142
1e755f14b
1e6c5f154
1e631f15d
1e59df166
1e50df16f
1e479f178
1e3e5f181
1e355f18a
1e2c1f193
1e231f19b
1e19df1a4
1e109f1ad
1e079f1b6
1dfe5f1bf
1df51f1c8
1dec1f1d0
1de2df1d9
1dd99f1e2
1dd09f1eb
1dc75f1f4
1dbe1f1fc
1db51f205
1dabdf20e
1da29f217
1d999f21f
1d905f228
1d871f231
1d7e1f239
1d74df242
1d6b9f24b
1d629f253
1d595f25c
1d501f265
1d471f26d
1d3ddf276
1d349f27f
1d2b5f287
1d225f290
1d191f298
1d0fdf2a1
1d06df2aa
1cfd9f2b2
1cf45f2bb
1ceb1f2c3
1ce21f2cc
1cd8df2d4
1ccf9f2dd
1cc65f2e5
1cbd5f2ee
1cb41f2f6
1caadf2fe
1ca1df307
1c989f30f
1c8f5f318
1c861f320
1c7d1f329
1c73df331
1c6a9f339
1c615f342
1c581f34a
1c4f1f352
1c45df35b
1c3c9f363
1c335f36b
1c2a5f374
1c211f37c
1c17df384
1c0e9f38c
1c059f395
1bfc5f39d
1bf31f3a5
1be9df3ad
1be09f3b6
1bd79f3be
1bce5f3c6
1bc51f3ce
1bbbdf3d6
1bb29f3df
1ba99f3e7
1ba05f3ef
1b971f3f7
1b8ddf3ff
1b849f407
1b7b5f40f
1b725f417
1b691f420
1b5fdf428
1b569f430
1b4d5f438
1b445f440
1b3b1f448
1b31df450
1b289f458
1b1f5f460
1b161f468
1b0cdf470
1b03df478
1afa9f480
1af15f488
1ae81f48f
1adedf497
1ad59f49f
1acc5f4a7
1ac35f4af
1aba1f4b7
1ab0df4bf
1aa79f4c7
1a9e5f4cf
1a951f4d6
1a8bdf4de
1a82df4e6
1a799f4ee
1a705f4f6
1a671f4fd
1a5ddf505
1a549f50d
1a4b5f515
1a421f51c
1a38df524
1a2f9f52c
1a269f534
1a1d5f53b
1a141f543
1a0adf54b
1a019f552
19f85f55a
19ef1f562
19e5df569
19dc9f571
19d35f578
19ca1f580
19c0df588
19b7df58f
19ae9f597
19a55f59e
199c1f5a6
1992df5ad
19899f5b5
19805f5bc
19771f5c4
196ddf5cb
19649f5d3
195b5f5da
19521f5e2
1948df5e9
193f9f5f1
19365f5f8
192d1f600
1923df607
191a9f60e
19115f616
19085f61d
18ff1f625
18f5df62c
18ec9f633
18e35f63b
18da1f642
18d0df649
18c79f651
18be5f658
18b51f65f
18abdf666
18a29f66e
18995f675
18901f67c
1886df683
187d9f68b
18745f692
186b1f699
1861df6a0
18589f6a7
184f5f6af
18461f6b6
183cdf6bd
18339f6c4
182a5f6cb
18211f6d2
1817df6d9
180e9f6e0
18051f6e7
17fbdf6ef
17f29f6f6
17e95f6fd
17e01f704
17d6df70b
17cd9f712
17c45f719
17bb1f720
17b1df727
17a89f72e
179f5f735
17961f73c
178cdf743
17839f749
177a5f750
17711f757
1767df75e
175e9f765
17555f76c
174bdf773
17429f77a
17395f781
17301f787
1726df78e
171d9f795
17145f79c
170b1f7a3
1701df7a9
16f89f7b0
16ef5f7b7
16e61f7be
16dcdf7c4
16d35f7cb
16ca1f7d2
16c0df7d9
16b79f7df
16ae5f7e6
16a51f7ed
169bdf7f3
16929f7fa
16895f801
167fdf807
16769f80e
166d5f814
16641f81b
165adf822
16519f828
16485f82f
163f1f835
1635df83c
162c5f842
16231f849
1619df84f
16109f856
16075f85c
15fe1f863
15f4df869
15eb5f870
15e21f876
15d8df87d
15cf9f883
15c65f88a
15bd1f890
15b3df896
15aa5f89d
15a11f8a3
1597df8aa
158e9f8b0
15855f8b6
157c1f8bd
15729f8c3
15695f8c9
15601f8cf
1556df8d6
154d9f8dc
15445f8e2
153adf8e9
15319f8ef
15285f8f5
151f1f8fb
1515df902
150c9f908
15031f90e
14f9df914
14f09f91a
14e75f920
14de1f927
14d49f92d
14cb5f933
14c21f939
14b8df93f
14af9f945
14a61f94b
149cdf951
14939f957
148a5f95d
14811f964
14779f96a
146e5f970
14651f976
145bdf97c
14525f982
14491f988
143fdf98e
14369f993
142d5f999
1423df99f
141a9f9a5
14115f9ab
14081f9b1
13fe9f9b7
13f55f9bd
13ec1f9c3
13e2df9c9
13d95f9ce
13d01f9d4
13c6df9da
13bd9f9e0
13b41f9e6
13aadf9ec
13a19f9f1
13985f9f7
138edf9fd
13859fa03
137c5fa08
13731fa0e
13699fa14
13605fa1a
13571fa1f
134ddfa25
13445fa2b
133b1fa30
1331dfa36
13289fa3c
131f1fa41
1315dfa47
130c9fa4c
13031fa52
12f9dfa58
12f09fa5d
12e75fa63
12dddfa68
12d49fa6e
12cb5fa73
12c1dfa79
12b89fa7f
12af5fa84
12a61fa8a
129c9fa8f
12935fa95
128a1fa9a
12809fa9f
12775faa5
126e1faaa
12649fab0
125b5fab5
12521fabb
12489fac0
123f5fac5
12361facb
122cdfad0
12235fad5
121a1fadb
1210dfae0
12075fae5
11fe1faeb
11f4dfaf0
11eb5faf5
11e21fafb
11d8dfb00
11cf5fb05
11c61fb0a
11bcdfb10
11b35fb15
11aa1fb1a
11a0dfb1f
11975fb24
118e1fb29
1184dfb2f
117b5fb34
11721fb39
1168dfb3e
115f5fb43
11561fb48
114c9fb4d
11435fb53
113a1fb58
11309fb5d
11275fb62
111e1fb67
11149fb6c
110b5fb71
11021fb76
10f89fb7b
10ef5fb80
10e5dfb85
10dc9fb8a
10d35fb8f
10c9dfb94
10c09fb99
10b75fb9e
10addfba2
10a49fba7
109b1fbac
1091dfbb1
10889fbb6
107f1fbbb
1075dfbc0
106c9fbc5
10631fbc9
1059dfbce
10505fbd3
10471fbd8
103ddfbdd
10345fbe1
102b1fbe6
10219fbeb
10185fbf0
100f1fbf4
10059fbf9
ffc5fbfe
ff2dfc03
fe99fc07
fe05fc0c
fd6dfc11
fcd9fc15
fc41fc1a
fbadfc1f
fb19fc23
fa81fc28
f9edfc2c
f955fc31
f8c1fc36
f829fc3a
f795fc3f
f701fc43
f669fc48
f5d5fc4c
f53dfc51
f4a9fc55
f411fc5a
f37dfc5e
f2e9fc63
f251fc67
f1bdfc6c
f125fc70
f091fc75
eff9fc79
ef65fc7d
eed1fc82
ee39fc86
eda5fc8b
ed0dfc8f
ec79fc93
ebe1fc98
eb4dfc9c
eab5fca0
ea21fca5
e98dfca9
e8f5fcad
e861fcb2
e7c9fcb6
e735fcba
e69dfcbe
e609fcc3
e571fcc7
e4ddfccb
e445fccf
e3b1fcd3
e319fcd8
e285fcdc
e1f1fce0
e159fce4
e0c5fce8
e02dfcec
df99fcf1
df01fcf5
de6dfcf9
ddd5fcfd
dd41fd01
dca9fd05
dc15fd09
db7dfd0d
dae9fd11
da51fd15
d9bdfd19
d925fd1d
d891fd21
d7f9fd25
d765fd29
d6cdfd2d
d639fd31
d5a1fd35
d50dfd39
d475fd3d
d3e1fd41
d349fd45
d2b5fd48
d21dfd4c
d189fd50
d0f1fd54
d05dfd58
cfc5fd5c
cf31fd60
ce99fd63
ce05fd67
cd6dfd6b
ccd9fd6f
cc41fd72
cbadfd76
cb15fd7a
ca81fd7e
c9e9fd81
c955fd85
c8bdfd89
c829fd8d
c791fd90
c6fdfd94
c665fd98
c5d1fd9b
c539fd9f
c4a5fda2
c40dfda6
c379fdaa
c2e1fdad
c24dfdb1
c1b5fdb4
c11dfdb8
c089fdbc
bff1fdbf
bf5dfdc3
bec5fdc6
be31fdca
bd99fdcd
bd05fdd1
bc6dfdd4
bbd9fdd8
bb41fddb
baadfdde
ba15fde2
b97dfde5
b8e9fde9
b851fdec
b7bdfdef
b725fdf3
b691fdf6
b5f9fdfa
b565fdfd
b4cdfe00
b439fe04
b3a1fe07
b309fe0a
b275fe0d
b1ddfe11
b149fe14
b0b1fe17
b01dfe1b
af85fe1e
aef1fe21
ae59fe24
adc1fe27
ad2dfe2b
ac95fe2e
ac01fe31
ab69fe34
aad5fe37
aa3dfe3a
a9a5fe3e
a911fe41
a879fe44
a7e5fe47
a74dfe4a
a6b9fe4d
a621fe50
a589fe53
a4f5fe56
a45dfe59
a3c9fe5c
a331fe5f
a29dfe62
a205fe65
a16dfe68
a0d9fe6b
a041fe6e
9fadfe71
9f15fe74
9e7dfe77
9de9fe7a
9d51fe7d
9cbdfe80
9c25fe82
9b91fe85
9af9fe88
9a61fe8b
99cdfe8e
9935fe91
98a1fe94
9809fe96
9771fe99
96ddfe9c
9645fe9f
95b1fea1
9519fea4
9481fea7
93edfeaa
9355feac
92c1feaf
9229feb2
9191feb4
90fdfeb7
9065feba
8fd1febc
8f39febf
8ea1fec2
8e0dfec4
8d75fec7
8ce1feca
8c49fecc
8bb1fecf
8b1dfed1
8a85fed4
89edfed6
8959fed9
88c1fedb
882dfede
8795fee0
86fdfee3
8669fee5
85d1fee8
853dfeea
84a5feed
840dfeef
8379fef2
82e1fef4
8249fef6
81b5fef9
811dfefb
8089fefe
7ff1ff00
7f59ff02
7ec5ff05
7e2dff07
7d95ff09
7d01ff0c
7c69ff0e
7bd5ff10
7b3dff12
7aa5ff15
7a11ff17
7979ff19
78e1ff1b
784dff1e
77b5ff20
771dff22
7689ff24
75f1ff26
755dff29
74c5ff2b
742dff2d
7399ff2f
7301ff31
7269ff33
71d5ff35
713dff37
70a5ff3a
7011ff3c
6f79ff3e
6ee5ff40
6e4dff42
6db5ff44
6d21ff46
6c89ff48
6bf1ff4a
6b5dff4c
6ac5ff4e
6a2dff50
6999ff52
6901ff54
6869ff56
67d5ff57
673dff59
66a5ff5b
6611ff5d
6579ff5f
64e5ff61
644dff63
63b5ff65
6321ff66
6289ff68
61f1ff6a
615dff6c
60c5ff6e
602dff6f
5f99ff71
5f01ff73
5e69ff75
5dd5ff76
5d3dff78
5ca5ff7a
5c11ff7c
5b79ff7d
5ae1ff7f
5a4dff81
59b5ff82
591dff84
5889ff85
57f1ff87
5759ff89
56c5ff8a
562dff8c
5595ff8e
5501ff8f
5469ff91
53d1ff92
533dff94
52a5ff95
520dff97
5179ff98
50e1ff9a
5049ff9b
4fb5ff9d
4f1dff9e
4e85ffa0
4df1ffa1
4d59ffa2
4cc1ffa4
4c2dffa5
4b95ffa7
4afdffa8
4a69ffa9
49d1ffab
4939ffac
48a5ffae
480dffaf
4775ffb0
46e1ffb2
4649ffb3
45b1ffb4
451dffb5
4485ffb7
43edffb8
4355ffb9
42c1ffba
4229ffbc
4191ffbd
40fdffbe
4065ffbf
3fcdffc0
3f39ffc2
3ea1ffc3
3e09ffc4
3d75ffc5
3cddffc6
3c45ffc7
3bb1ffc8
3b19ffc9
3a81ffcb
39edffcc
3955ffcd
38bdffce
3829ffcf
3791ffd0
36f9ffd1
3661ffd2
35cdffd3
3535ffd4
349dffd5
3409ffd6
3371ffd7
32d9ffd8
3245ffd9
31adffd9
3115ffda
3081ffdb
2fe9ffdc
2f51ffdd
2ebdffde
2e25ffdf
2d8dffe0
2cf5ffe0
2c61ffe1
2bc9ffe2
2b31ffe3
2a9dffe4
2a05ffe4
296dffe5
28d9ffe6
2841ffe7
27a9ffe7
2715ffe8
267dffe9
25e5ffea
254dffea
24b9ffeb
2421ffec
2389ffec
22f5ffed
225dffee
21c5ffee
2131ffef
2099ffef
2001fff0
1f6dfff1
1ed5fff1
1e3dfff2
1da5fff2
1d11fff3
1c79fff3
1be1fff4
1b4dfff4
1ab5fff5
1a1dfff5
1989fff6
18f1fff6
1859fff7
17c1fff7
172dfff8
1695fff8
15fdfff8
1569fff9
14d1fff9
1439fffa
13a5fffa
130dfffa
1275fffb
11e1fffb
1149fffb
10b1fffc
1019fffc
f85fffc
eedfffd
e55fffd
dc1fffd
d29fffd
c91fffe
bfdfffe
b65fffe
acdfffe
a35fffe
9a1ffff
909ffff
871ffff
7ddffff
745ffff
6adffff
619ffff
581ffff
4e9ffff
451ffff
3bdffff
325ffff
28dffff
1f9ffff
161ffff
c9ffff
35ffff
fff9dffff
fff05ffff
ffe6dffff
ffdd9ffff
ffd41ffff
ffca9ffff
ffc15ffff
ffb7dffff
ffae5ffff
ffa51ffff
ff9b9ffff
ff921ffff
ff889ffff
ff7f5ffff
ff75dffff
ff6c5ffff
ff631fffe
ff599fffe
ff501fffe
ff46dfffe
ff3d5fffe
ff33dfffd
ff2a5fffd
ff211fffd
ff179fffd
ff0e1fffc
ff04dfffc
fefb5fffc
fef1dfffc
fee89fffb
fedf1fffb
fed59fffb
fecc5fffa
fec2dfffa
feb95fff9
feafdfff9
fea69fff9
fe9d1fff8
fe939fff8
fe8a5fff7
fe80dfff7
fe775fff7
fe6e1fff6
fe649fff6
fe5b1fff5
fe519fff5
fe485fff4
fe3edfff4
fe355fff3
fe2c1fff3
fe229fff2
fe191fff2
fe0fdfff1
fe065fff0
fdfcdfff0
fdf39ffef
fdea1ffef
fde09ffee
fdd71ffed
fdcddffed
fdc45ffec
fdbadffeb
fdb19ffeb
fda81ffea
fd9e9ffe9
fd955ffe9
fd8bdffe8
fd825ffe7
fd78dffe6
fd6f9ffe6
fd661ffe5
fd5c9ffe4
fd535ffe3
fd49dffe3
fd405ffe2
fd371ffe1
fd2d9ffe0
fd241ffdf
fd1adffde
fd115ffde
fd07dffdd
fcfe9ffdc
fcf51ffdb
fceb9ffda
fce21ffd9
fcd8dffd8
fccf5ffd7
fcc5dffd6
fcbc9ffd5
fcb31ffd4
fca99ffd3
fca05ffd2
fc96dffd1
fc8d5ffd0
fc841ffcf
fc7a9ffce
fc711ffcd
fc67dffcc
fc5e5ffcb
fc54dffca
fc4b5ffc9
fc421ffc8
fc389ffc7
fc2f1ffc6
fc25dffc5
fc1c5ffc3
fc12dffc2
fc099ffc1
fc001ffc0
fbf69ffbf
fbed5ffbe
fbe3dffbc
fbda5ffbb
fbd11ffba
fbc79ffb9
fbbe1ffb7
fbb4dffb6
fbab5ffb5
fba1dffb4
fb989ffb2
fb8f1ffb1
fb859ffb0
fb7c5ffae
fb72dffad
fb695ffac
fb601ffaa
fb569ffa9
fb4d1ffa8
fb439ffa6
fb3a5ffa5
fb30dffa3
fb275ffa2
fb1e1ffa1
fb149ff9f
fb0b1ff9e
fb01dff9c
faf85ff9b
faeedff99
fae59ff98
fadc1ff96
fad29ff95
fac95ff93
fabfdff92
fab65ff90
faad1ff8f
faa39ff8d
fa9a1ff8b
fa90dff8a
fa875ff88
fa7ddff87
fa749ff85
fa6b1ff83
fa619ff82
fa585ff80
fa4edff7e
fa455ff7d
fa3c1ff7b
fa329ff79
fa291ff78
fa1fdff76
fa165ff74
fa0d1ff72
fa039ff71
f9fa1ff6f
f9f0dff6d
f9e75ff6b
f9dddff69
f9d49ff68
f9cb1ff66
f9c19ff64
f9b85ff62
f9aedff60
f9a55ff5e
f99c1ff5d
f9929ff5b
f9891ff59
f97fdff57
f9765ff55
f96cdff53
f9639ff51
f95a1ff4f
f9509ff4d
f9475ff4b
f93ddff49
f9349ff47
f92b1ff45
f9219ff43
f9185ff41
f90edff3f
f9055ff3d
f8fc1ff3b
f8f29ff39
f8e91ff37
f8dfdff35
f8d65ff33
f8ccdff30
f8c39ff2e
f8ba1ff2c
f8b0dff2a
f8a75ff28
f89ddff26
f8949ff24
f88b1ff21
f8819ff1f
f8785ff1d
f86edff1b
f8655ff19
f85c1ff16
f8529ff14
f8495ff12
f83fdff0f
f8365ff0d
f82d1ff0b
f8239ff09
f81a1ff06
f810dff04
f8075ff02
f7fe1feff
f7f49fefd
f7eb1fefa
f7e1dfef8
f7d85fef6
f7cedfef3
f7c59fef1
f7bc1feee
f7b2dfeec
f7a95feea
f79fdfee7
f7969fee5
f78d1fee2
f7839fee0
f77a5fedd
f770dfedb
f7679fed8
f75e1fed6
f7549fed3
f74b5fed0
f741dfece
f7389fecb
f72f1fec9
f7259fec6
f71c5fec3
f712dfec1
f7099febe
f7001febc
f6f69feb9
f6ed5feb6
f6e3dfeb4
f6da5feb1
f6d11feae
f6c79feab
f6be5fea9
f6b4dfea6
f6ab5fea3
f6a21fea1
f6989fe9e
f68f5fe9b
f685dfe98
f67c5fe95
f6731fe93
f6699fe90
f6605fe8d
f656dfe8a
f64d9fe87
f6441fe84
f63a9fe82
f6315fe7f
f627dfe7c
f61e9fe79
f6151fe76
f60b9fe73
f6025fe70
f5f8dfe6d
f5ef9fe6a
f5e61fe67
f5dc9fe64
f5d35fe61
f5c9dfe5e
f5c09fe5b
f5b71fe58
f5addfe55
f5a45fe52
f59adfe4f
f5919fe4c
f5881fe49
f57edfe46
f5755fe43
f56c1fe40
f5629fe3c
f5591fe39
f54fdfe36
f5465fe33
f53d1fe30
f5339fe2d
f52a5fe2a
f520dfe26
f5175fe23
f50e1fe20
f5049fe1d
f4fb5fe19
f4f1dfe16
f4e89fe13
f4df1fe10
f4d5dfe0c
f4cc5fe09
f4c2dfe06
f4b99fe02
f4b01fdff
f4a6dfdfc
f49d5fdf8
f4941fdf5
f48a9fdf2
f4815fdee
f477dfdeb
f46e9fde8
f4651fde4
f45b9fde1
f4525fddd
f448dfdda
f43f9fdd6
f4361fdd3
f42cdfdcf
f4235fdcc
f41a1fdc8
f4109fdc5
f4075fdc1
f3fddfdbe
f3f49fdba
f3eb1fdb7
f3e19fdb3
f3d85fdb0
f3cedfdac
f3c59fda8
f3bc1fda5
f3b2dfda1
f3a95fd9e
f3a01fd9a
f3969fd96
f38d5fd93
f383dfd8f
f37a9fd8b
f3711fd88
f367dfd84
f35e5fd80
f3551fd7c
f34b9fd79
f3425fd75
f338dfd71
f32f9fd6d
f3261fd6a
f31cdfd66
f3135fd62
f30a1fd5e
f3009fd5a
f2f75fd57
f2eddfd53
f2e49fd4f
f2db1fd4b
f2d1dfd47
f2c85fd43
f2bf1fd3f
f2b59fd3b
f2ac5fd38
f2a2dfd34
f2999fd30
f2901fd2c
f286dfd28
f27d5fd24
f2741fd20
f26a9fd1c
f2615fd18
f257dfd14
f24e9fd10
f2451fd0c
f23bdfd08
f2325fd04
f2291fd00
f21f9fcfb
f2165fcf7
f20cdfcf3
f2039fcef
f1fa1fceb
f1f0dfce7
f1e75fce3
f1de1fcdf
f1d4dfcda
f1cb5fcd6
f1c21fcd2
f1b89fcce
f1af5fcca
f1a5dfcc5
f19c9fcc1
f1931fcbd
f189dfcb9
f1805fcb4
f1771fcb0
f16d9fcac
f1645fca8
f15b1fca3
f1519fc9f
f1485fc9b
f13edfc96
f1359fc92
f12c1fc8e
f122dfc89
f1195fc85
f1101fc80
f106dfc7c
f0fd5fc78
f0f41fc73
f0ea9fc6f
f0e15fc6a
f0d7dfc66
f0ce9fc61
f0c51fc5d
f0bbdfc58
f0b29fc54
f0a91fc4f
f09fdfc4b
f0965fc46
f08d1fc42
f0839fc3d
f07a5fc39
f0711fc34
f0679fc2f
f05e5fc2b
f054dfc26
f04b9fc22
f0425fc1d
f038dfc18
f02f9fc14
f0261fc0f
f01cdfc0a
f0139fc06
f00a1fc01
f000dfbfc
eff75fbf8
efee1fbf3
efe49fbee
efdb5fbe9
efd21fbe5
efc89fbe0
efbf5fbdb
efb61fbd6
efac9fbd1
efa35fbcd
ef99dfbc8
ef909fbc3
ef875fbbe
ef7ddfbb9
ef749fbb4
ef6b1fbb0
ef61dfbab
ef589fba6
ef4f1fba1
ef45dfb9c
ef3c9fb97
ef331fb92
ef29dfb8d
ef205fb88
ef171fb83
ef0ddfb7e
ef045fb79
eefb1fb74
eef1dfb6f
eee85fb6a
eedf1fb65
eed59fb60
eecc5fb5b
eec31fb56
eeb99fb51
eeb05fb4c
eea71fb47
ee9d9fb42
ee945fb3c
ee8b1fb37
ee819fb32
ee785fb2d
ee6f1fb28
ee659fb23
ee5c5fb1d
ee531fb18
ee499fb13
ee405fb0e
ee371fb09
ee2d9fb03
ee245fafe
ee1b1faf9
ee119faf3
ee085faee
edff1fae9
edf59fae4
edec5fade
ede31fad9
edd99fad4
edd05face
edc71fac9
edbd9fac4
edb45fabe
edab1fab9
eda19fab3
ed985faae
ed8f1faa9
ed85dfaa3
ed7c5fa9e
ed731fa98
ed69dfa93
ed605fa8d
ed571fa88
ed4ddfa82
ed445fa7d
ed3b1fa77
ed31dfa72
ed289fa6c
ed1f1fa67
ed15dfa61
ed0c9fa5b
ed031fa56
ecf9dfa50
ecf09fa4b
ece75fa45
ecdddfa3f
ecd49fa3a
eccb5fa34
ecc21fa2e
ecb89fa29
ecaf5fa23
eca61fa1d
ec9c9fa18
ec935fa12
ec8a1fa0c
ec80dfa06
ec775fa01
ec6e1f9fb
ec64df9f5
ec5b9f9ef
ec521f9ea
ec48df9e4
ec3f9f9de
ec365f9d8
ec2cdf9d2
ec239f9cd
ec1a5f9c7
ec111f9c1
ec079f9bb
ebfe5f9b5
ebf51f9af
ebebdf9a9
ebe25f9a3
ebd91f99d
ebcfdf997
ebc69f991
ebbd5f98c
ebb3df986
ebaa9f980
eba15f97a
eb981f974
eb8e9f96e
eb855f968
eb7c1f961
eb72df95b
eb699f955
eb601f94f
eb56df949
eb4d9f943
eb445f93d
eb3b1f937
eb319f931
eb285f92b
eb1f1f925
eb15df91e
eb0c9f918
eb031f912
eaf9df90c
eaf09f906
eae75f8ff
eade1f8f9
ead4df8f3
eacb5f8ed
eac21f8e7
eab8df8e0
eaaf9f8da
eaa65f8d4
ea9cdf8cd
ea939f8c7
ea8a5f8c1
ea811f8ba
ea77df8b4
ea6e9f8ae
ea655f8a7
ea5bdf8a1
ea529f89b
ea495f894
ea401f88e
ea36df887
ea2d9f881
ea241f87b
ea1adf874
ea119f86e
ea085f867
e9ff1f861
e9f5df85a
e9ec9f854
e9e31f84d
e9d9df847
e9d09f840
e9c75f83a
e9be1f833
e9b4df82d
e9ab9f826
e9a25f81f
e998df819
e98f9f812
e9865f80c
e97d1f805
e973df7fe
e96a9f7f8
e9615f7f1
e9581f7ea
e94edf7e4
e9455f7dd
e93c1f7d6
e932df7d0
e9299f7c9
e9205f7c2
e9171f7bb
e90ddf7b5
e9049f7ae
e8fb5f7a7
e8f21f7a0
e8e8df79a
e8df9f793
e8d61f78c
e8ccdf785
e8c39f77e
e8ba5f777
e8b11f771
e8a7df76a
e89e9f763
e8955f75c
e88c1f755
e882df74e
e8799f747
e8705f740
e8671f739
e85ddf732
e8549f72b
e84b5f724
e841df71d
e8389f716
e82f5f70f
e8261f708
e81cdf701
e8139f6fa
e80a5f6f3
e8011f6ec
e7f7df6e5
e7ee9f6de
e7e55f6d7
e7dc1f6d0
e7d2df6c9
e7c99f6c2
e7c05f6ba
e7b71f6b3
e7addf6ac
e7a49f6a5
e79b5f69e
e7921f697
e788df68f
e77f9f688
e7765f681
e76d1f67a
e763df673
e75a9f66b
e7515f664
e7481f65d
e73edf655
e7359f64e
e72c5f647
e7231f640
e719df638
e7109f631
e7075f629
e6fe1f622
e6f4df61b
e6eb9f613
e6e25f60c
e6d91f605
e6cfdf5fd
e6c69f5f6
e6bd5f5ee
e6b41f5e7
e6aadf5df
e6a1df5d8
e6989f5d0
e68f5f5c9
e6861f5c1
e67cdf5ba
e6739f5b2
e66a5f5ab
e6611f5a3
e657df59c
e64e9f594
e6455f58d
e63c1f585
e632df57e
e6299f576
e6205f56e
e6175f567
e60e1f55f
e604df557
e5fb9f550
e5f25f548
e5e91f540
e5dfdf539
e5d69f531
e5cd5f529
e5c41f522
e5badf51a
e5b1df512
e5a89f50a
e59f5f503
e5961f4fb
e58cdf4f3
e5839f4eb
e57a5f4e3
e5711f4dc
e567df4d4
e55edf4cc
e5559f4c4
e54c5f4bc
e5431f4b4
e539df4ac
e5309f4a5
e5275f49d
e51e5f495
e5151f48d
e50bdf485
e5029f47d
e4f95f475
e4f01f46d
e4e6df465
e4dddf45d
e4d49f455
e4cb5f44d
e4c21f445
e4b8df43d
e4af9f435
e4a69f42d
e49d5f425
e4941f41d
e48adf415
e4819f40d
e4785f405
e46f5f3fc
e4661f3f4
e45cdf3ec
e4539f3e4
e44a5f3dc
e4415f3d4
e4381f3cc
e42edf3c3
e4259f3bb
e41c5f3b3
e4135f3ab
e40a1f3a2
e400df39a
e3f79f392
e3ee5f38a
e3e55f381
e3dc1f379
e3d2df371
e3c99f369
e3c09f360
e3b75f358
e3ae1f350
e3a4df347
e39bdf33f
e3929f337
e3895f32e
e3801f326
e376df31d
e36ddf315
e3649f30d
e35b5f304
e3525f2fc
e3491f2f3
e33fdf2eb
e3369f2e2
e32d9f2da
e3245f2d1
e31b1f2c9
e311df2c0
e308df2b8
e2ff9f2af
e2f65f2a7
e2ed5f29e
e2e41f296
e2dadf28d
e2d19f284
e2c89f27c
e2bf5f273
e2b61f26b
e2ad1f262
e2a3df259
e29a9f251
e2915f248
e2885f23f
e27f1f237
e275df22e
e26cdf225
e2639f21c
e25a5f214
e2515f20b
e2481f202
e23edf1fa
e235df1f1
e22c9f1e8
e2235f1df
e21a5f1d6
e2111f1ce
e207df1c5
e1fedf1bc
e1f59f1b3
e1ec5f1aa
e1e35f1a1
e1da1f198
e1d11f190
e1c7df187
e1be9f17e
e1b59f175
e1ac5f16c
e1a31f163
e19a1f15a
e190df151
e187df148
e17e9f13f
e1755f136
e16c5f12d
e1631f124
e15a1f11b
e150df112
e1479f109
e13e9f100
e1355f0f7
e12c5f0ee
e1231f0e5
e119df0dc
e110df0d3
e1079f0c9
e0fe9f0c0
e0f55f0b7
e0ec1f0ae
e0e31f0a5
e0d9df09c
e0d0df093
e0c79f089
e0be9f080
e0b55f077
e0ac5f06e
e0a31f064
e099df05b
e090df052
e0879f049
e07e9f03f
e0755f036
e06c5f02d
e0631f024
e05a1f01a
e050df011
e047df008
e03e9effe
e0359eff5
e02c5efec
e0235efe2
e01a1efd9
e0111efcf
e007defc6
dffedefbd
dff59efb3
dfec9efaa
dfe35efa0
dfda5ef97
dfd11ef8d
dfc81ef84
dfbedef7a
dfb5def71
dfac9ef67
dfa39ef5e
df9a5ef54
df915ef4b
df881ef41
df7f1ef38
df75def2e
df6cdef24
df639ef1b
df5a9ef11
df515ef08
df485eefe
df3f5eef4
df361eeeb
df2d1eee1
df23deed7
df1adeece
df119eec4
df089eeba
deff9eeb0
def65eea7
deed5ee9d
dee41ee93
dedb1ee89
ded1dee80
dec8dee76
debfdee6c
deb69ee62
dead9ee59
dea45ee4f
de9b5ee45
de925ee3b
de891ee31
de801ee27
de771ee1d
de6ddee14
de64dee0a
de5b9ee00
de529edf6
de499edec
de405ede2
de375edd8
de2e5edce
de251edc4
de1c1edba
de12dedb0
de09deda6
de00ded9c
ddf79ed92
ddee9ed88
dde59ed7e
dddc5ed74
ddd35ed6a
ddca5ed60
ddc11ed56
ddb81ed4c
ddaf1ed42
dda5ded38
dd9cded2d
dd93ded23
dd8aded19
dd819ed0f
dd789ed05
dd6f9ecfb
dd665ecf0
dd5d5ece6
dd545ecdc
dd4b1ecd2
dd421ecc8
dd391ecbd
dd301ecb3
dd26deca9
dd1ddec9f
dd14dec94
dd0bdec8a
dd029ec80
dcf99ec75
dcf09ec6b
dce75ec61
dcde5ec56
dcd55ec4c
dccc5ec42
dcc31ec37
dcba1ec2d
dcb11ec23
dca81ec18
dc9f1ec0e
dc95dec03
dc8cdebf9
dc83debee
dc7adebe4
dc719ebda
dc689ebcf
dc5f9ebc5
dc569ebba
dc4d9ebb0
dc445eba5
dc3b5eb9a
dc325eb90
dc295eb85
dc205eb7b
dc171eb70
dc0e1eb66
dc051eb5b
dbfc1eb50
dbf31eb46
dbea1eb3b
dbe0deb31
dbd7deb26
dbcedeb1b
dbc5deb11
dbbcdeb06
dbb3deafb
dbaa9eaf1
dba19eae6
db989eadb
db8f9ead0
db869eac6
db7d9eabb
db749eab0
db6b5eaa5
db625ea9b
db595ea90
db505ea85
db475ea7a
db3e5ea6f
db355ea65
db2c5ea5a
db235ea4f
db1a1ea44
db111ea39
db081ea2e
daff1ea23
daf61ea19
daed1ea0e
dae41ea03
dadb1e9f8
dad21e9ed
dac91e9e2
dac01e9d7
dab71e9cc
daadde9c1
daa4de9b6
da9bde9ab
da92de9a0
da89de995
da80de98a
da77de97f
da6ede974
da65de969
da5cde95e
da53de952
da4ade947
da41de93c
da38de931
da2fde926
da26de91b
da1dde910
da14de905
da0bde8f9
da02de8ee
d9f9de8e3
d9f0de8d8
d9e7de8cd
d9dede8c1
d9d5de8b6
d9ccde8ab
d9c3de8a0
d9bade894
d9b1de889
d9a8de87e
d99fde872
d996de867
d98dde85c
d984de851
d97bde845
d972de83a
d969de82e
d960de823
d957de818
d94f1e80c
d9461e801
d93d1e7f6
d9341e7ea
d92b1e7df
d9221e7d3
d9191e7c8
d9101e7bc
d9071e7b1
d8fe1e7a5
d8f51e79a
d8ec1e78e
d8e35e783
d8da5e777
d8d15e76c
d8c85e760
d8bf5e755
d8b65e749
d8ad5e73e
d8a45e732
d89b5e726
d8929e71b
d8899e70f
d8809e704
d8779e6f8
d86e9e6ec
d8659e6e1
d85c9e6d5
d853de6c9
d84ade6be
d841de6b2
d838de6a6
d82fde69a
d826de68f
d81e1e683
d8151e677
d80c1e66b
d8031e660
d7fa1e654
d7f15e648
d7e85e63c
d7df5e630
d7d65e625
d7cd5e619
d7c49e60d
d7bb9e601
d7b29e5f5
d7a99e5e9
d7a09e5dd
d797de5d2
d78ede5c6
d785de5ba
d77cde5ae
d7741e5a2
d76b1e596
d7621e58a
d7591e57e
d7505e572
d7475e566
d73e5e55a
d7355e54e
d72c9e542
d7239e536
d71a9e52a
d711de51e
d708de512
d6ffde506
d6f6de4fa
d6ee1e4ee
d6e51e4e1
d6dc1e4d5
d6d35e4c9
d6ca5e4bd
d6c15e4b1
d6b85e4a5
d6af9e499
d6a69e48c
d69d9e480
d694de474
d68bde468
d682de45c
d67a1e44f
d6711e443
d6681e437
d65f5e42b
d6565e41e
d64d9e412
d6449e406
d63b9e3fa
d632de3ed
d629de3e1
d620de3d5
d6181e3c8
d60f1e3bc
d6061e3b0
d5fd5e3a3
d5f45e397
d5eb9e38a
d5e29e37e
d5d99e372
d5d0de365
d5c7de359
d5bf1e34c
d5b61e340
d5ad5e333
d5a45e327
d59b5e31b
d5929e30e
d5899e302
d580de2f5
d577de2e8
d56f1e2dc
d5661e2cf
d55d1e2c3
d5545e2b6
d54b5e2aa
d5429e29d
d5399e291
d530de284
d527de277
d51f1e26b
d5161e25e
d50d5e251
d5045e245
d4fb9e238
d4f29e22b
d4e9de21f
d4e0de212
d4d81e205
d4cf1e1f9
d4c65e1ec
d4bd5e1df
d4b49e1d2
d4ab9e1c6
d4a2de1b9
d499de1ac
d4911e19f
d4881e193
d47f5e186
d4765e179
d46d9e16c
d464de15f
d45bde152
d4531e146
d44a1e139
d4415e12c
d4385e11f
d42f9e112
d426de105
d41dde0f8
d4151e0eb
d40c1e0de
d4035e0d1
d3fa9e0c4
d3f19e0b7
d3e8de0aa
d3dfde09d
d3d71e090
d3ce5e083
d3c55e076
d3bc9e069
d3b39e05c
d3aade04f
d3a21e042
d3991e035
d3905e028
d3879e01b
d37e9e00e
d375de001
d36d1dff4
d3641dfe7
d35b5dfd9
d3529dfcc
d3499dfbf
d340ddfb2
d3381dfa5
d32f1df98
d3265df8a
d31d9df7d
d3149df70
d30bddf63
d3031df55
d2fa5df48
d2f15df3b
d2e89df2e
d2dfddf20
d2d6ddf13
d2ce1df06
d2c55def8
d2bc9deeb
d2b39dede
d2aadded0
d2a21dec3
d2995deb6
d2905dea8
d2879de9b
d27edde8d
d2761de80
d26d1de73
d2645de65
d25b9de58
d252dde4a
d249dde3d
d2411de2f
d2385de22
d22f9de14
d226dde07
d21ddddf9
d2151ddec
d20c5ddde
d2039ddd1
d1fadddc3
d1f21ddb6
d1e91dda8
d1e05dd9b
d1d79dd8d
d1ceddd7f
d1c61dd72
d1bd5dd64
d1b45dd57
d1ab9dd49
d1a2ddd3b
d19a1dd2e
d1915dd20
d1889dd12
d17fddd05
d1771dcf7
d16e1dce9
d1655dcdb
d15c9dcce
d153ddcc0
d14b1dcb2
d1425dca4
d1399dc97
d130ddc89
d1281dc7b
d11f5dc6d
d1165dc5f
d10d9dc52
d104ddc44
d0fc1dc36
d0f35dc28
d0ea9dc1a
d0e1ddc0c
d0d91dbff
d0d05dbf1
d0c79dbe3
d0beddbd5
d0b61dbc7
d0ad5dbb9
d0a49dbab
d09bddb9d
d0931db8f
d08a5db81
d0819db73
d078ddb65
d0701db57
d0675db49
d05e9db3b
d055ddb2d
d04d1db1f
d0445db11
d03b9db03
d032ddaf5
d02a1dae7
d0215dad9
d0189dacb
d00fddabc
d0071daae
cffe5daa0
cff59da92
cfecdda84
cfe41da76
cfdb5da68
cfd29da59
cfc9dda4b
cfc15da3d
cfb89da2f
cfafdda21
cfa71da12
cf9e5da04
cf959d9f6
cf8cdd9e8
cf841d9d9
cf7b5d9cb
cf729d9bd
cf6a1d9ae
cf615d9a0
cf589d992
cf4fdd983
cf471d975
cf3e5d967
cf359d958
cf2cdd94a
cf245d93c
cf1b9d92d
cf12dd91f
cf0a1d910
cf015d902
cef89d8f3
cef01d8e5
cee75d8d7
cede9d8c8
ced5dd8ba
cecd1d8ab
cec49d89d
cebbdd88e
ceb31d880
ceaa5d871
cea19d863
ce991d854
ce905d845
ce879d837
ce7edd828
ce765d81a
ce6d9d80b
ce64dd7fd
ce5c1d7ee
ce539d7df
ce4add7d1
ce421d7c2
ce395d7b3
ce30dd7a5
ce281d796
ce1f5d787
ce169d779
ce0e1d76a
ce055d75b
cdfc9d74d
cdf41d73e
cdeb5d72f
cde29d720
cdda1d712
cdd15d703
cdc89d6f4
cdc01d6e5
cdb75d6d6
cdae9d6c8
cda61d6b9
cd9d5d6aa
cd949d69b
cd8c1d68c
cd835d67d
cd7a9d66e
cd721d660
cd695d651
cd609d642
cd581d633
cd4f5d624
cd46dd615
cd3e1d606
cd355d5f7
cd2cdd5e8
cd241d5d9
cd1b9d5ca
cd12dd5bb
cd0a1d5ac
cd019d59d
ccf8dd58e
ccf05d57f
cce79d570
ccdedd561
ccd65d552
cccd9d543
ccc51d534
ccbc5d525
ccb3dd516
ccab1d506
cca29d4f7
cc99dd4e8
cc915d4d9
cc889d4ca
cc801d4bb
cc775d4ac
cc6edd49c
cc661d48d
cc5d9d47e
cc54dd46f
cc4c5d460
cc439d450
cc3b1d441
cc325d432
cc29dd423
cc211d413
cc189d404
cc0fdd3f5
cc075d3e5
cbfe9d3d6
cbf61d3c7
cbed9d3b7
cbe4dd3a8
cbdc5d399
cbd39d389
cbcb1d37a
cbc25d36b
cbb9dd35b
cbb15d34c
cba89d33c
cba01d32d
cb975d31e
cb8edd30e
cb865d2ff
cb7d9d2ef
cb751d2e0
cb6c5d2d0
cb63dd2c1
cb5b5d2b1
cb529d2a2
cb4a1d292
cb419d283
cb38dd273
cb305d264
cb27dd254
cb1f1d245
cb169d235
cb0e1d225
cb055d216
cafcdd206
caf45d1f7
caeb9d1e7
cae31d1d7
cada9d1c8
cad1dd1b8
cac95d1a8
cac0dd199
cab85d189
caaf9d179
caa71d16a
ca9e9d15a
ca961d14a
ca8d5d13a
ca84dd12b
ca7c5d11b
ca73dd10b
ca6b1d0fb
ca629d0ec
ca5a1d0dc
ca519d0cc
ca48dd0bc
ca405d0ac
ca37dd09c
ca2f5d08d
ca26dd07d
ca1e1d06d
ca159d05d
ca0d1d04d
ca049d03d
c9fc1d02d
c9f35d01d
c9eadd00d
c9e25cffe
c9d9dcfee
c9d15cfde
c9c8dcfce
c9c01cfbe
c9b79cfae
c9af1cf9e
c9a69cf8e
c99e1cf7e
c9959cf6e
c98d1cf5e
c9849cf4e
c97bdcf3e
c9735cf2e
c96adcf1d
c9625cf0d
c959dcefd
c9515ceed
c948dcedd
c9405cecd
c937dcebd
c92f5cead
c926dce9d
c91e5ce8c
c9159ce7c
c90d1ce6c
c9049ce5c
c8fc1ce4c
c8f39ce3b
c8eb1ce2b
c8e29ce1b
c8da1ce0b
c8d19cdfa
c8c91cdea
c8c09cdda
c8b81cdca
c8af9cdb9
c8a71cda9
c89e9cd99
c8961cd88
c88d9cd78
c8851cd68
c87c9cd57
c8741cd47
c86b9cd37
c8631cd26
c85a9cd16
c8521cd06
c849dccf5
c8415cce5
c838dccd4
c8305ccc4
c827dccb3
c81f5cca3
c816dcc93
c80e5cc82
c805dcc72
c7fd5cc61
c7f4dcc51
c7ec5cc40
c7e41cc30
c7db9cc1f
c7d31cc0f
c7ca9cbfe
c7c21cbed
c7b99cbdd
c7b11cbcc
c7a8dcbbc
c7a05cbab
c797dcb9a
c78f5cb8a
c786dcb79
c77e5cb69
c775dcb58
c76d9cb47
c7651cb37
c75c9cb26
c7541cb15
c74b9cb05
c7435caf4
c73adcae3
c7325cad2
c729dcac2
c7219cab1
c7191caa0
c7109ca8f
c7081ca7f
c6ff9ca6e
c6f75ca5d
c6eedca4c
c6e65ca3b
c6dddca2b
c6d59ca1a
c6cd1ca09
c6c49c9f8
c6bc5c9e7
c6b3dc9d6
c6ab5c9c5
c6a2dc9b5
c69a9c9a4
c6921c993
c6899c982
c6815c971
c678dc960
c6705c94f
c6681c93e
c65f9c92d
c6571c91c
c64edc90b
c6465c8fa
c63ddc8e9
c6359c8d8
c62d1c8c7
c6249c8b6
c61c5c8a5
c613dc894
c60b9c883
c6031c872
c5fa9c861
c5f25c850
c5e9dc83f
c5e19c82d
c5d91c81c
c5d09c80b
c5c85c7fa
c5bfdc7e9
c5b79c7d8
c5af1c7c7
c5a6dc7b5
c59e5c7a4
c5961c793
c58d9c782
c5851c771
c57cdc75f
c5745c74e
c56c1c73d
c5639c72c
c55b5c71a
c552dc709
c54a9c6f8
c5421c6e6
c539dc6d5
c5315c6c4
c5291c6b3
c5209c6a1
c5185c690
c50fdc67e
c5079c66d
c4ff5c65c
c4f6dc64a
c4ee9c639
c4e61c628
c4dddc616
c4d55c605
c4cd1c5f3
c4c49c5e2
c4bc5c5d0
c4b41c5bf
c4ab9c5ad
c4a35c59c
c49adc58b
c4929c579
c48a5c568
c481dc556
c4799c544
c4711c533
c468dc521
c4609c510
c4581c4fe
c44fdc4ed
c4479c4db
c43f1c4ca
c436dc4b8
c42e9c4a6
c4261c495
c41ddc483
c4159c471
c40d1c460
c404dc44e
c3fc9c43c
c3f45c42b
c3ebdc419
c3e39c407
c3db5c3f6
c3d2dc3e4
c3ca9c3d2
c3c25c3c0
c3ba1c3af
c3b19c39d
c3a95c38b
c3a11c379
c398dc368
c3905c356
c3881c344
c37fdc332
c3779c320
c36f1c30f
c366dc2fd
c35e9c2eb
c3565c2d9
c34e1c2c7
c3459c2b5
c33d5c2a3
c3351c291
c32cdc280
c3249c26e
c31c5c25c
c313dc24a
c30b9c238
c3035c226
c2fb1c214
c2f2dc202
c2ea9c1f0
c2e25c1de
c2da1c1cc
c2d19c1ba
c2c95c1a8
c2c11c196
c2b8dc184
c2b09c172
c2a85c160
c2a01c14e
c297dc13c
c28f9c129
c2875c117
c27f1c105
c2769c0f3
c26e5c0e1
c2661c0cf
c25ddc0bd
c2559c0ab
c24d5c098
c2451c086
c23cdc074
c2349c062
c22c5c050
c2241c03d
c21bdc02b
c2139c019
c20b5c007
c2031bff4
c1fadbfe2
c1f29bfd0
c1ea5bfbe
c1e21bfab
c1d9dbf99
c1d19bf87
c1c95bf74
c1c11bf62
c1b91bf50
c1b0dbf3d
c1a89bf2b
c1a05bf19
c1981bf06
c18fdbef4
c1879bee2
c17f5becf
c1771bebd
c16edbeaa
c1669be98
c15e9be85
c1565be73
c14e1be60
c145dbe4e
c13d9be3c
c1355be29
c12d1be17
c1251be04
c11cdbdf2
c1149bddf
c10c5bdcc
c1041bdba
c0fbdbda7
c0f3dbd95
c0eb9bd82
c0e35bd70
c0db1bd5d
c0d2dbd4a
c0cadbd38
c0c29bd25
c0ba5bd13
c0b21bd00
c0aa1bced
c0a1dbcdb
c0999bcc8
c0915bcb5
c0895bca3
c0811bc90
c078dbc7d
c0709bc6a
c0689bc58
c0605bc45
c0581bc32
c04fdbc20
c047dbc0d
c03f9bbfa
c0375bbe7
c02f5bbd4
c0271bbc2
c01edbbaf
c016dbb9c
c00e9bb89
c0065bb76
bffe5bb63
bff61bb51
bfeddbb3e
bfe5dbb2b
bfdd9bb18
bfd59bb05
bfcd5baf2
bfc51badf
bfbd1bacc
bfb4dbab9
bfacdbaa7
bfa49ba94
bf9c5ba81
bf945ba6e
bf8c1ba5b
bf841ba48
bf7bdba35
bf73dba22
bf6b9ba0f
bf635b9fc
bf5b5b9e9
bf531b9d6
bf4b1b9c2
bf42db9af
bf3adb99c
bf329b989
bf2a9b976
bf225b963
bf1a5b950
bf121b93d
bf0a1b92a
bf01db917
bef9db903
bef19b8f0
bee99b8dd
bee15b8ca
bed95b8b7
bed15b8a4
bec91b890
bec11b87d
beb8db86a
beb0db857
bea89b843
bea09b830
be989b81d
be905b80a
be885b7f6
be801b7e3
be781b7d0
be701b7bd
be67db7a9
be5fdb796
be579b783
be4f9b76f
be479b75c
be3f5b748
be375b735
be2f5b722
be271b70e
be1f1b6fb
be171b6e8
be0edb6d4
be06db6c1
bdfedb6ad
bdf6db69a
bdee9b686
bde69b673
bdde9b65f
bdd65b64c
bdce5b638
bdc65b625
bdbe5b611
bdb61b5fe
bdae1b5ea
bda61b5d7
bd9e1b5c3
bd95db5b0
bd8ddb59c
bd85db589
bd7ddb575
bd75db561
bd6d9b54e
bd659b53a
bd5d9b527
bd559b513
bd4d9b4ff
bd455b4ec
bd3d5b4d8
bd355b4c4
bd2d5b4b1
bd255b49d
bd1d5b489
bd151b476
bd0d1b462
bd051b44e
bcfd1b43a
bcf51b427
bced1b413
bce51b3ff
bcdd1b3eb
bcd51b3d8
bcccdb3c4
bcc4db3b0
bcbcdb39c
bcb4db388
bcacdb375
bca4db361
bc9cdb34d
bc94db339
bc8cdb325
bc84db311
bc7cdb2fd
bc74db2ea
bc6cdb2d6
bc64db2c2
bc5cdb2ae
bc54db29a
bc4cdb286
bc44db272
bc3cdb25e
bc34db24a
bc2cdb236
bc24db222
bc1cdb20e
bc14db1fa
bc0cdb1e6
bc04db1d2
bbfcdb1be
bbf4db1aa
bbecdb196
bbe4db182
bbdcdb16e
bbd51b15a
bbcd1b146
bbc51b132
bbbd1b11e
bbb51b109
bbad1b0f5
bba51b0e1
bb9d1b0cd
bb955b0b9
bb8d5b0a5
bb855b091
bb7d5b07c
bb755b068
bb6d5b054
bb655b040
bb5d9b02c
bb559b017
bb4d9b003
bb459afef
bb3d9afdb
bb35dafc6
bb2ddafb2
bb25daf9e
bb1ddaf8a
bb15daf75
bb0e1af61
bb061af4d
bafe1af38
baf61af24
baee5af10
bae65aefb
bade5aee7
bad65aed3
bace9aebe
bac69aeaa
babe9ae96
bab6dae81
baaedae6d
baa6dae58
ba9f1ae44
ba971ae2f
ba8f1ae1b
ba875ae07
ba7f5adf2
ba775adde
ba6f9adc9
ba679adb5
ba5f9ada0
ba57dad8c
ba4fdad77
ba47dad63
ba401ad4e
ba381ad39
ba305ad25
ba285ad10
ba205acfc
ba189ace7
ba109acd3
ba08dacbe
ba00daca9
b9f91ac95
b9f11ac80
b9e91ac6c
b9e15ac57
b9d95ac42
b9d19ac2e
b9c99ac19
b9c1dac04
b9b9dabef
b9b21abdb
b9aa1abc6
b9a25abb1
b99a5ab9d
b9929ab88
b98a9ab73
b982dab5e
b97adab4a
b9731ab35
b96b5ab20
b9635ab0b
b95b9aaf6
b9539aae2
b94bdaacd
b943daab8
b93c1aaa3
b9345aa8e
b92c5aa79
b9249aa65
b91c9aa50
b914daa3b
b90d1aa26
b9051aa11
b8fd5a9fc
b8f55a9e7
b8ed9a9d2
b8e5da9bd
b8ddda9a8
b8d61a993
b8ce5a97f
b8c65a96a
b8be9a955
b8b6da940
b8aeda92b
b8a71a916
b89f5a901
b8979a8ec
b88f9a8d6
b887da8c1
b8801a8ac
b8781a897
b8705a882
b8689a86d
b860da858
b858da843
b8511a82e
b8495a819
b8419a804
b839da7ee
b831da7d9
b82a1a7c4
b8225a7af
b81a9a79a
b812da785
b80ada76f
b8031a75a
b7fb5a745
b7f39a730
b7ebda71b
b7e41a705
b7dc1a6f0
b7d45a6db
b7cc9a6c6
b7c4da6b0
b7bd1a69b
b7b55a686
b7ad9a671
b7a5da65b
b79dda646
b7961a631
b78e5a61b
b7869a606
b77eda5f1
b7771a5db
b76f5a5c6
b7679a5b0
b75fda59b
b7581a586
b7505a570
b7489a55b
b740da545
b7391a530
b7315a51b
b7299a505
b721da4f0
b71a1a4da
b7125a4c5
b70a9a4af
b702da49a
b6fb1a484
b6f35a46f
b6eb9a459
b6e3da444
b6dc1a42e
b6d45a419
b6cc9a403
b6c4da3ed
b6bd1a3d8
b6b55a3c2
b6adda3ad
b6a61a397
b69e5a382
b6969a36c
b68eda356
b6871a341
b67f5a32b
b6779a315
b6701a300
b6685a2ea
b6609a2d4
b658da2bf
b6511a2a9
b6495a293
b641da27e
b63a1a268
b6325a252
b62a9a23c
b622da227
b61b5a211
b6139a1fb
b60bda1e5
b6041a1cf
b5fc9a1ba
b5f4da1a4
b5ed1a18e
b5e55a178
b5ddda162
b5d61a14d
b5ce5a137
b5c69a121
b5bf1a10b
b5b75a0f5
b5af9a0df
b5a81a0c9
b5a05a0b3
b5989a09e
b5911a088
b5895a072
b5819a05c
b57a1a046
b5725a030
b56a9a01a
b5631a004
b55b59fee
b55399fd8
b54c19fc2
b54459fac
b53cd9f96
b53519f80
b52d59f6a
b525d9f54
b51e19f3e
b51699f28
b50ed9f12
b50719efc
b4ff99ee6
b4f7d9ecf
b4f059eb9
b4e899ea3
b4e119e8d
b4d959e77
b4d1d9e61
b4ca19e4b
b4c299e35
b4bad9e1e
b4b359e08
b4ab99df2
b4a419ddc
b49c59dc6
b494d9daf
b48d19d99
b48599d83
b47e19d6d
b47659d56
b46ed9d40
b46719d2a
b45f99d14
b457d9cfd
b45059ce7
b448d9cd1
b44119cbb
b43999ca4
b431d9c8e
b42a59c78
b422d9c61
b41b19c4b
b41399c35
b40c19c1e
b40459c08
b3fcd9bf1
b3f559bdb
b3ed99bc5
b3e619bae
b3de99b98
b3d6d9b81
b3cf59b6b
b3c7d9b54
b3c059b3e
b3b899b28
b3b119b11
b3a999afb
b3a1d9ae4
b39a59ace
b392d9ab7
b38b59aa1
b38399a8a
b37c19a74
b37499a5d
b36d19a46
b36599a30
b35dd9a19
b35659a03
b34ed99ec
b347599d6
b33fd99bf
b338599a8
b33099992
b3291997b
b32199964
b31a1994e
b31299937
b30b19921
b3039990a
b2fbd98f3
b2f4598dd
b2ecd98c6
b2e5598af
b2ddd9898
b2d659882
b2ced986b
b2c759854
b2bfd983d
b2b859827
b2b0d9810
b2a9597f9
b2a1d97e2
b29a597cc
b292997b5
b28b1979e
b28399787
b27c19770
b27499759
b26d19743
b2659972c
b25e59715
b256d96fe
b24f596e7
b247d96d0
b240596b9
b238d96a3
b2315968c
b229d9675
b2225965e
b21ad9647
b21359630
b20bd9619
b20459602
b1fcd95eb
b1f5995d4
b1ee195bd
b1e6995a6
b1df1958f
b1d799578
b1d019561
b1c89954a
b1c159533
b1b9d951c
b1b259505
b1aad94ee
b1a3594d7
b19bd94c0
b194994a8
b18d19491
b1859947a
b17e19463
b1769944c
b16f59435
b167d941e
b16059407
b158d93ef
b151993d8
b14a193c1
b142993aa
b13b59393
b133d937b
b12c59364
b124d934d
b11d99336
b1161931f
b10e99307
b107592f0
b0ffd92d9
b0f8592c2
b0f1192aa
b0e999293
b0e21927c
b0dad9264
b0d35924d
b0cc19236
b0c49921e
b0bd19207
b0b5d91f0
b0ae591d8
b0a7191c1
b09f991aa
b09819192
b090d917b
b08959163
b0821914c
b07a99135
b0735911d
b06bd9106
b064990ee
b05d190d7
b055d90bf
b04e590a8
b04719090
b03f99079
b03859061
b030d904a
b02999032
b0221901b
b01ad9003
b01358fec
b00c18fd4
b00498fbd
affd58fa5
aff618f8e
afee98f76
afe758f5e
afdfd8f47
afd898f2f
afd158f18
afc9d8f00
afc298ee8
afbb18ed1
afb3d8eb9
afac98ea2
afa518e8a
af9dd8e72
af9698e5a
af8f18e43
af87d8e2b
af8098e13
af7918dfc
af71d8de4
af6a98dcc
af6358db4
af5bd8d9d
af5498d85
af4d58d6d
af45d8d55
af3e98d3e
af3758d26
af3018d0e
af2898cf6
af2158cde
af1a18cc7
af12d8caf
af0b98c97
af0418c7f
aefcd8c67
aef598c4f
aeee58c38
aee718c20
aedfd8c08
aed858bf0
aed118bd8
aec9d8bc0
aec298ba8
aebb58b90
aeb418b78
aeacd8b60
aea558b48
ae9e18b30
ae96d8b18
ae8f98b00
ae8858ae8
ae8118ad0
ae79d8ab8
ae7298aa0
ae6b58a88
ae6418a70
ae5cd8a58
ae5598a40
ae4e58a28
ae4718a10
ae3fd89f8
ae38989e0
ae31589c8
ae2a189b0
ae22d8998
ae1b98980
ae1458967
ae0d1894f
ae05d8937
adfe9891f
adf758907
adf0188ef
ade8d88d7
ade1988be
adda588a6
add31888e
adcbd8876
adc4d885e
adbd98845
adb65882d
adaf18815
ada7d87fd
ada0987e4
ad99587cc
ad92187b4
ad8b1879c
ad83d8783
ad7c9876b
ad7558753
ad6e1873a
ad6718722
ad5fd870a
ad58986f1
ad51586d9
ad4a186c1
ad43186a8
ad3bd8690
ad3498678
ad2d5865f
ad2658647
ad1f1862e
ad17d8616
ad10985fd
ad09985e5
ad02585cd
acfb185b4
acf41859c
acecd8583
ace59856b
acde98552
acd75853a
acd018521
acc918509
acc1d84f0
acba984d8
acb3984bf
acac584a7
aca55848e
ac9e18476
ac96d845d
ac8fd8444
ac889842c
ac8198413
ac7a583fb
ac73183e2
ac6c183c9
ac64d83b1
ac5dd8398
ac5698380
ac4f98367
ac485834e
ac4158336
ac3a1831d
ac3318304
ac2bd82ec
ac24d82d3
ac1d982ba
ac16982a2
ac0f58289
ac0858270
ac0118257
abfa1823f
abf2d8226
abebd820d
abe4d81f4
abdd981dc
abd6981c3
abcf581aa
abc858191
abc158178
abba18160
abb318147
abac1812e
aba4d8115
ab9dd80fc
ab96980e3
ab8f980ca
ab88980b2
ab8158099
ab7a58080
ab7358067
ab6c5804e
ab6518035
ab5e1801c
ab5718003
ab4fd7fea
ab48d7fd1
ab41d7fb8
ab3ad7f9f
ab3397f86
ab2c97f6e
ab2597f55
ab1e97f3c
ab1797f23
ab1057f0a
ab0957ef0
ab0257ed7
aafb57ebe
aaf457ea5
aaed17e8c
aae617e73
aadf17e5a
aad817e41
aad117e28
aaca17e0f
aac317df6
aabbd7ddd
aab4d7dc4
aaadd7daa
aaa6d7d91
aa9fd7d78
aa98d7d5f
aa91d7d46
aa8ad7d2d
aa83d7d14
aa7cd7cfa
aa75d7ce1
aa6ed7cc8
aa67d7caf
aa6097c96
aa5997c7c
aa5297c63
aa4b97c4a
aa4497c31
aa3d97c17
aa3697bfe
aa2fd7be5
aa28d7bcc
aa21d7bb2
aa1ad7b99
aa13d7b80
aa0cd7b66
aa05d7b4d
a9fed7b34
a9f7d7b1a
a9f0d7b01
a9e9d7ae8
a9e2d7ace
a9dbd7ab5
a9d4d7a9c
a9ce17a82
a9c717a69
a9c017a4f
a9b917a36
a9b217a1d
a9ab17a03
a9a4579ea
a99d579d0
a996579b7
a98f5799d
a98857984
a9815796a
a97a97951
a97397938
a96c9791e
a96597905
a95ed78eb
a957d78d1
a950d78b8
a949d789e
a94317885
a93c1786b
a93517852
a92e57838
a9275781f
a92057805
a919577eb
a912977d2
a90b977b8
a9049779f
a8fdd7785
a8f6d776b
a8f017752
a8e917738
a8e21771e
a8db57705
a8d4576eb
a8cd576d1
a8c6976b8
a8bf9769e
a8b8d7684
a8b1d766b
a8ab17651
a8a417637
a89d1761d
a89657604
a88f575ea
a888975d0
a881975b6
a87ad759d
a873d7583
a86d17569
a8661754f
a85f57536
a8585751c
a85197502
a84a974e8
a843d74ce
a83d174b4
a8361749b
a82f57481
a82857467
a8219744d
a81a97433
a813d7419
a80d173ff
a806173e5
a7ff573cb
a7f8573b2
a7f197398
a7ead737e
a7e3d7364
a7dd1734a
a7d657330
a7cf57316
a7c8972fc
a7c1d72e2
a7bad72c8
a7b4172ae
a7ad57294
a7a69727a
a79f97260
a798d7246
a7921722c
a78b57212
a784571f8
a77d971de
a776d71c3
a770171a9
a7691718f
a76257175
a75b9715b
a754d7141
a74e17127
a7471710d
a740570f3
a739970d8
a732d70be
a72c170a4
a7255708a
a71e97070
a71797056
a710d703b
a70a17021
a70357007
a6fc96fed
a6f5d6fd3
a6ef16fb8
a6e856f9e
a6e196f84
a6dad6f6a
a6d416f4f
a6cd56f35
a6c656f1b
a6bf96f01
a6b8d6ee6
a6b216ecc
a6ab56eb2
a6a496e97
a69dd6e7d
a69716e63
a69056e48
a689d6e2e
a68316e14
a67c56df9
a67596ddf
a66ed6dc5
a66816daa
a66156d90
a65a96d75
a653d6d5b
a64d16d41
a64656d26
a63f96d0c
a63916cf1
a63256cd7
a62b96cbc
a624d6ca2
a61e16c87
a61756c6d
a61096c53
a60a16c38
a60356c1e
a5fc96c03
a5f5d6be8
a5ef16bce
a5e896bb3
a5e1d6b99
a5db16b7e
a5d456b64
a5cdd6b49
a5c716b2f
a5c056b14
a5b996afa
a5b316adf
a5ac56ac4
a5a596aaa
a59ed6a8f
a59856a74
a59196a5a
a58ad6a3f
a58456a25
7fffc0000
7fffc0058
7fffc00b0
7fffc0108
7fffc0160
7fffc01b8
7fffc0210
7fffc0268
7fff802c0
7fff80318
7fff40370
7fff003c8
7fff00420
7ffec0478
7ffe804cf
7ffe40527
7ffe0057f
7ffdc05d7
7ffd8062f
7ffd40687
7ffd006df
7ffcc0737
7ffc8078f
7ffc007e7
7ffbc083f
7ffb80897
7ffb008ef
7ffa80947
7ffa4099f
7ff9c09f7
7ff940a4f
7ff900aa7
7ff880aff
7ff800b57
7ff780baf
7ff700c06
7ff680c5e
7ff600cb6
7ff540d0e
7ff4c0d66
7ff440dbe
7ff380e16
7ff300e6e
7ff240ec6
7ff1c0f1e
7ff100f76
7ff080fce
7fefc1026
7fef0107e
7fee410d5
7fed8112d
7fecc1185
7fec011dd
7feb41235
7fea8128d
7fe9c12e5
7fe8c133d
7fe801395
7fe7413ed
7fe641445
7fe58149c
7fe4814f4
7fe3c154c
7fe2c15a4
7fe1c15fc
7fe0c1654
7fdfc16ac
7fdf01704
7fde0175c
7fdcc17b3
7fdbc180b
7fdac1863
7fd9c18bb
7fd8c1913
7fd78196b
7fd6819c3
7fd581a1a
7fd441a72
7fd301aca
7fd201b22
7fd0c1b7a
7fcf81bd2
7fce81c29
7fcd41c81
7fcc01cd9
7fcac1d31
7fc981d89
7fc841de1
7fc6c1e38
7fc581e90
7fc441ee8
7fc301f40
7fc181f98
7fc041fef
7fbec2047
7fbd8209f
7fbc020f7
7fba8214f
7fb9421a6
7fb7c21fe
7fb642256
7fb4c22ae
7fb342305
7fb1c235d
7fb0423b5
7faec240d
7fad02464
7fab824bc
7faa02514
7fa84256c
7fa6c25c3
7fa50261b
7fa382673
7fa1c26ca
7fa042722
7f9e8277a
7f9cc27d2
7f9b02829
7f9942881
7f97828d9
7f95c2930
7f9402988
7f92429e0
7f9082a37
7f8e82a8f
7f8cc2ae7
7f8b02b3e
7f8902b96
7f8742bee
7f8542c45
7f8342c9d
7f8182cf5
7f7f82d4c
7f7d82da4
7f7b82dfb
7f7982e53
7f7782eab
7f7582f02
7f7382f5a
7f7182fb1
7f6f83009
7f6d83061
7f6b430b8
7f6943110
7f6703167
7f65031bf
7f62c3216
7f60c326e
7f5e832c5
7f5c4331d
7f5a03374
7f58033cc
7f55c3423
7f538347b
7f51434d2
7f4ec352a
7f4c83581
7f4a435d9
7f4803630
7f4583688
7f43436df
7f4103737
7f3e8378e
7f3c437e6
7f39c383d
7f3743895
7f34c38ec
7f3283943
7f300399b
7f2d839f2
7f2b03a4a
7f2883aa1
7f2603af8
7f2383b50
7f20c3ba7
7f1e43bfe
7f1bc3c56
7f1903cad
7f1683d04
7f13c3d5c
7f1143db3
7f0e83e0a
7f0bc3e62
7f0943eb9
7f0683f10
7f03c3f68
7f0103fbf
7efe44016
7efb8406e
7ef8c40c5
7ef60411c
7ef344173
7ef0441cb
7eed84222
7eeac4279
7ee7c42d0
7ee504327
7ee20437f
7edf443d6
7edc4442d
7ed944484
7ed6444db
7ed344532
7ed08458a
7ecd845e1
7eca44638
7ec74468f
7ec4446e6
7ec14473d
7ebe44794
7ebb047eb
7eb804843
7eb50489a
7eb1c48f1
7eaec4948
7eab8499f
7ea8449f6
7ea544a4d
7ea204aa4
7e9ec4afb
7e9b84b52
7e9844ba9
7e9504c00
7e91c4c57
7e8e84cae
7e8b44d05
7e87c4d5c
7e8484db3
7e8144e0a
7e7dc4e61
7e7a84eb8
7e7704f0f
7e7384f65
7e7044fbc
7e6cc5013
7e694506a
7e65c50c1
7e6285118
7e5f0516f
7e5b851c6
7e57c521c
7e5445273
7e50c52ca
7e4d45321
7e49c5378
7e46053ce
7e4285425
7e3ec547c
7e3b454d3
7e3785529
7e33c5580
7e30455d7
7e2c8562e
7e28c5684
7e25056db
7e2145732
7e1d85788
7e19c57df
7e1605836
7e124588c
7e0e858e3
7e0a8593a
7e06c5990
7e03059e7
7dff05a3d
7dfb45a94
7df745aeb
7df345b41
7def85b98
7deb85bee
7de785c45
7de385c9b
7ddf85cf2
7ddb85d48
7dd785d9f
7dd385df5
7dcf85e4c
7dcb85ea2
7dc745ef9
7dc345f4f
7dbf45fa5
7dbb05ffc
7db706052
7db2c60a9
7dae860ff
7daa86155
7da6461ac
7da206202
7d9dc6258
7d99862af
7d9546305
7d910635b
7d8cc63b2
7d8886408
7d844645e
7d80064b4
7d7b8650b
7d7746561
7d72c65b7
7d6e8660d
7d6a06663
7d65c66ba
7d6146710
7d5cc6766
7d58867bc
7d5406812
7d4f86868
7d4b068be
7d4686915
7d420696b
7d3d869c1
7d38c6a17
7d3446a6d
7d2fc6ac3
7d2b06b19
7d2686b6f
7d2206bc5
7d1d46c1b
7d1886c71
7d1406cc7
7d0f46d1d
7d0a86d73
7d05c6dc9
7d0146e1f
7cfc86e74
7cf7c6eca
7cf306f20
7cee06f76
7ce946fcc
7ce487022
7cdfc7078
7cdac70cd
7cd607123
7cd107179
7ccc471cf
7cc747225
7cc28727a
7cbd872d0
7cb887326
7cb38737b
7caec73d1
7ca9c7427
7ca4c747c
7c9fc74d2
7c9ac7528
7c958757d
7c90875d3
7c8b87629
7c868767e
7c81476d4
7c7c47729
7c770777f
7c72077d4
7c6cc782a
7c678787f
7c62878d5
7c5d4792a
7c5807980
7c52c79d5
7c4d87a2b
7c4847a80
7c4307ad5
7c3dc7b2b
7c3887b80
7c3307bd6
7c2dc7c2b
7c2887c80
7c2307cd6
7c1dc7d2b
7c1847d80
7c1307dd5
7c0d87e2b
7c0807e80
7c02c7ed5
7bfd47f2a
7bf7c7f80
7bf247fd5
7becc802a
7be74807f
7be1c80d4
7bdc48129
7bd6c817f
7bd1081d4
7bcb88229
7bc60827e
7bc0482d3
7bbac8328
7bb50837d
7baf483d2
7ba9c8427
7ba40847c
7b9e484d1
7b9888526
7b92c857b
7b8d085d0
7b8748624
7b8188679
7b7bc86ce
7b7608723
7b7048778
7b6a887cd
7b6488822
7b5ec8876
7b58c88cb
7b5308920
7b4d08975
7b47489c9
7b4148a1e
7b3b48a73
7b3548ac7
7b2f48b1c
7b2948b71
7b2348bc5
7b1d48c1a
7b1748c6f
7b1148cc3
7b0b48d18
7b0548d6c
7aff08dc1
7af908e15
7af308e6a
7aecc8ebe
7ae688f13
7ae088f67
7ada48fbc
7ad409010
7ace09065
7ac7c90b9
7ac18910d
7abb49162
7ab5091b6
7aaec920a
7aa88925f
7aa2492b3
7a9bc9307
7a958935b
7a8f493b0
7a88c9404
7a8289458
7a7c094ac
7a75c9500
7a6f49555
7a69095a9
7a62895fd
7a5c09651
7a55896a5
7a4f096f9
7a488974d
7a42097a1
7a3b897f5
7a3509849
7a2e8989d
7a28098f1
7a2149945
7a1ac9999
7a14499ed
7a0d89a41
7a0709a95
7a0049ae8
79f989b3c
79f309b90
79ec49be4
79e589c38
79dec9c8b
79d809cdf
79d149d33
79ca89d87
79c3c9dda
79bd09e2e
79b649e82
79af89ed5
79a889f29
79a1c9f7c
799ac9fd0
79940a024
798d0a077
79864a0cb
797f4a11e
79784a172
79718a1c5
796a8a219
79638a26c
795c8a2bf
79558a313
794e8a366
79478a3b9
79408a40d
79398a460
79324a4b3
792b4a507
79244a55a
791d0a5ad
79160a600
790eca654
79078a6a7
79008a6fa
78f94a74d
78f20a7a0
78eaca7f3
78e3ca846
78dc8a89a
78d54a8ed
78ce0a940
78c6ca993
78bf4a9e6
78b80aa39
78b0caa8c
78a98aade
78a20ab31
789acab84
78934abd7
788c0ac2a
78848ac7d
787d0acd0
7875cad22
786e4ad75
7866cadc8
785f4ae1b
7857cae6d
78504aec0
7848caf13
78414af65
7839cafb8
78324b00b
782a8b05d
78230b0b0
781b8b102
7813cb155
780c4b1a7
78048b1fa
77fd0b24c
77f54b29f
77ed8b2f1
77e60b344
77de4b396
77d68b3e8
77cecb43b
77c70b48d
77bf4b4df
77b78b532
77afcb584
77a7cb5d6
77a00b628
77984b67b
77904b6cd
77888b71f
77808b771
7778cb7c3
7770cb815
77690b867
77610b8b9
77590b90b
77510b95d
77490b9af
77414ba01
77394ba53
77314baa5
77290baf7
77210bb49
77190bb9b
77110bbed
77090bc3f
7700cbc90
76f8cbce2
76f08bd34
76e88bd86
76e04bdd7
76d80be29
76d00be7b
76c7cbecc
76bf8bf1e
76b74bf6f
76af0bfc1
76a6cc013
769e8c064
76964c0b6
768e0c107
7685cc159
767d8c1aa
76750c1fb
766ccc24d
76648c29e
765c0c2f0
7653cc341
764b4c392
76430c3e3
763a8c435
76320c486
76298c4d7
76210c528
7618cc57a
76104c5cb
7607cc61c
75ff4c66d
75f68c6be
75ee0c70f
75e58c760
75dd0c7b1
75d44c802
75cbcc853
75c34c8a4
75ba8c8f5
75b20c946
75a94c997
75a08c9e8
75980ca38
758f4ca89
75868cada
757dccb2b
75750cb7b
756c4cbcc
75638cc1d
755accc6d
75520ccbe
75494cd0f
75404cd5f
75378cdb0
752ecce00
7525cce51
751d0cea1
75140cef2
750b4cf42
75024cf93
74f94cfe3
74f08d034
74e78d084
74de8d0d4
74d58d125
74cc8d175
74c38d1c5
74ba8d215
74b18d265
74a88d2b6
749f8d306
74964d356
748d4d3a6
74844d3f6
747b0d446
74720d496
7468cd4e6
745f8d536
74568d586
744d4d5d6
74440d626
743b0d676
7431cd6c6
74288d716
741f4d765
74160d7b5
740ccd805
74034d855
73fa0d8a4
73f0cd8f4
73e78d944
73de0d993
73d4cd9e3
73cb8da33
73c20da82
73b88dad2
73af4db21
73a5cdb71
739c4dbc0
73930dc10
73898dc5f
73800dcae
73768dcfe
736d0dd4d
73638dd9c
735a0ddec
73508de3b
7346cde8a
733d4ded9
7333cdf29
732a4df78
73208dfc7
73170e016
730d4e065
7303ce0b4
72fa0e103
72f04e152
72e68e1a1
72dd0e1f0
72d34e23f
72c98e28e
72bfce2dd
72b60e32c
72ac4e37a
72a28e3c9
7298ce418
728ece467
72850e4b6
727b4e504
72714e553
72678e5a1
725dce5f0
7253ce63f
7249ce68d
72400e6dc
72360e72a
722c0e779
72224e7c7
72184e816
720e4e864
72044e8b2
71fa4e901
71f04e94f
71e64e99d
71dc4e9ec
71d20ea3a
71c80ea88
71be0ead6
71b3ceb24
71a9ceb72
719f8ebc1
71958ec0f
718b4ec5d
71814ecab
71770ecf9
716cced47
7162ced95
71588ede3
714e4ee30
71440ee7e
7139ceecc
712f8ef1a
71254ef68
711b0efb5
71108f003
71064f051
70fc0f09e
70f18f0ec
70e74f13a
70dccf187
70d28f1d5
70c80f222
70bdcf270
70b34f2bd
70a8cf30b
709e8f358
70940f3a5
70898f3f3
707f0f440
70748f48d
706a0f4db
705f8f528
70550f575
704a4f5c2
703fcf610
70354f65d
702acf6aa
70200f6f7
70158f744
700acf791
70004f7de
6ff58f82b
6feacf878
6fe04f8c5
6fd58f911
6fcacf95e
6fc00f9ab
6fb54f9f8
6faa8fa45
6f9fcfa91
6f950fade
6f8a4fb2b
6f7f8fb77
6f74cfbc4
6f69cfc11
6f5f0fc5d
6f544fcaa
6f494fcf6
6f3e8fd43
6f338fd8f
6f28cfddb
6f1dcfe28
6f12cfe74
6f080fec1
6efd0ff0d
6ef20ff59
6ee70ffa5
6edc0fff1
6ed11003e
6ec61008a
6ebb100d6
6eb010122
6ea51016e
6e99d01ba
6e8ed0206
6e83d0252
6e789029e
6e6d902ea
6e6250336
6e5750382
6e4c103cd
6e40d0419
6e35d0465
6e2a904b1
6e1f504fc
6e1410548
6e08d0594
6dfd905df
6df25062b
6de710676
6ddbd06c2
6dd09070d
6dc550759
6dba107a4
6dae907f0
6da35083b
6d97d0886
6d8c908d2
6d811091d
6d75d0968
6d6a509b3
6d5f109ff
6d5390a4a
6d4810a95
6d3c90ae0
6d3110b2b
6d2590b76
6d1a10bc1
6d0e90c0c
6d0310c57
6cf790ca2
6cec10ced
6ce090d37
6cd510d82
6cc950dcd
6cbdd0e18
6cb210e62
6ca690ead
6c9ad0ef8
6c8f50f42
6c8390f8d
6c7810fd8
6c6c51022
6c609106d
6c54d10b7
6c4911101
6c3d5114c
6c3191196
6c25d11e1
6c1a1122b
6c0e51275
6c02912bf
6bf6d130a
6bead1354
6bdf1139e
6bd3513e8
6bc751432
6bbb9147c
6baf914c6
6ba3d1510
6b97d155a
6b8bd15a4
6b80115ee
6b7411638
6b6811682
6b5c116cb
6b5011715
6b441175f
6b38117a9
6b2c117f2
6b201183c
6b1411886
6b08118cf
6afbd1919
6aefd1962
6ae3d19ac
6ad7919f5
6acb91a3f
6abf51a88
6ab351ad1
6aa711b1b
6a9b11b64
6a8ed1bad
6a8291bf6
6a7651c3f
6a6a11c89
6a5e11cd2
6a51d1d1b
6a4591d64
6a3911dad
6a2cd1df6
6a2091e3f
6a1451e88
6a0811ed1
69fb91f19
69ef51f62
69e311fab
69d691ff4
69ca5203d
69bdd2085
69b1920ce
69a512116
69989215f
698c521a8
697fd21f0
697352239
6966d2281
695a522c9
694dd2312
69415235a
6934d23a3
6928523eb
691bd2433
690f1247b
6902924c3
68f61250c
68e992554
68dcd259c
68d0525e4
68c39262c
68b712674
68aa526bc
689d92704
68911274c
688452793
6877927db
686ad2823
685e1286b
6851528b2
6844928fa
6837d2942
682b12989
681e529d1
681192a18
6804d2a60
67f7d2aa7
67eb12aef
67de52b36
67d152b7e
67c492bc5
67b792c0c
67aad2c54
679dd2c9b
6790d2ce2
678412d29
677712d70
676a12db7
675d12dfe
675012e45
674312e8c
673612ed3
672912f1a
671c12f61
670f12fa8
670212fef
66f513035
66e7d307c
66dad30c3
66cdd310a
66c093150
66b393197
66a6531dd
669953224
668c1326a
667ed32b1
6671d32f7
66649333e
665753384
664a133ca
663cd3411
662f93457
66225349d
6615134e3
6607d3529
65fa9356f
65ed535b6
65e0135fc
65d293642
65c553687
65b8136cd
65aa93713
659d53759
658fd379f
6582937e5
65751382a
656793870
655a538b6
654cd38fb
653f53941
6531d3987
6524539cc
6516d3a12
650953a57
64fbd3a9d
64ee53ae2
64e0d3b27
64d353b6d
64c5d3bb2
64b853bf7
64aa93c3c
649d13c81
648f93cc7
6481d3d0c
647453d51
646693d96
6458d3ddb
644b53e20
643d93e65
642fd3ea9
642253eee
641493f33
6406d3f78
63f913fbd
63eb54001
63dd94046
63cfd408a
63c2140cf
63b454114
63a694158
63989419d
638ad41e1
637d14225
636f1426a
6361542ae
6353942f2
634594337
63379437b
6329d43bf
631bd4403
630e14447
63001448b
62f2144cf
62e414513
62d614557
62c81459b
62ba145df
62ac14623
629e14667
6290146aa
6282146ee
627414732
626614775
6257d47b9
6249d47fc
623bd4840
622d94883
621f948c7
62115490a
62035494e
61f514991
61e7149d4
61d8d4a18
61ca94a5b
61bc54a9e
61ae54ae1
61a014b24
6191d4b67
618394baa
617554bed
616714c30
6158d4c73
614a54cb6
613c14cf9
612dd4d3c
611f94d7f
611114dc1
6102d4e04
60f494e47
60e614e89
60d7d4ecc
60c954f0e
60bb14f51
60ac94f93
609e14fd6
608fd5018
60815505a
6072d509d
6064550df
6055d5121
604755163
6038d51a6
602a551e8
601bd522a
600d5526c
5ffed52ae
5ff0552f0
5fe195332
5fd315373
5fc4953b5
5fb5d53f7
5fa755439
5f98d547b
5f8a154bc
5f7b554fe
5f6cd553f
5f5e15581
5f4f955c3
5f40d5604
5f3215645
5f2355687
5f14956c8
5f05d570a
5ef71574b
5ee85578c
5ed9957cd
5ecad580e
5ebc15850
5ead55891
5e9e958d2
5e8fd5913
5e80d5954
5e7215995
5e63159d5
5e5455a16
5e4595a57
5e3695a98
5e2795ad9
5e18d5b19
5e09d5b5a
5dfad5b9b
5dec15bdb
5ddd15c1c
5dce15c5c
5dbf15c9d
5db015cdd
5da115d1d
5d9215d5e
5d8315d9e
5d7415dde
5d6515e1e
5d5615e5f
5d4715e9f
5d37d5edf
5d28d5f1f
5d19d5f5f
5d0a95f9f
5cfb95fdf
5cec9601f
5cdd5605e
5cce1609e
5cbf160de
5cafd611e
5ca09615d
5c919619d
5c82561dd
5c731621c
5c63d625c
5c549629b
5c45562db
5c361631a
5c26d6359
5c1796399
5c08563d8
5bf916417
5be9d6456
5bda96495
5bcb164d5
5bbbd6514
5bac96553
5b9d16592
5b8dd65d1
5b7e5660f
5b6f1664e
5b5f9668d
5b50566cc
5b40d670b
5b3156749
5b21d6788
5b12967c7
5b0316805
5af396844
5ae416882
5ad4968c1
5ac5168ff
5ab59693d
5aa61697c
5a96969ba
5a87169f8
5a7756a36
5a67d6a74
5a5856ab3
5a48d6af1
5a3916b2f
5a2996b6d
5a19d6bab
5a0a56be8
59fa96c26
59eb16c64
59db56ca2
59cb96ce0
59bc16d1d
59ac56d5b
599c96d99
598cd6dd6
597d16e14
596d96e51
595dd6e8f
594e16ecc
593e56f09
592e56f47
591e96f84
590ed6fc1
58ff16ffe
58ef5703b
58df57079
58cf970b6
58bfd70f3
58afd7130
58a01716d
5890171a9
5880571e6
587057223
586097260
58509729d
5840972d9
5830d7316
5820d7352
5810d738f
5800d73cb
57f0d7408
57e0d7444
57d0d7481
57c0d74bd
57b0d74f9
57a0d7536
5790d7572
5780d75ae
5770d75ea
576097626
575097662
57409769e
5730576da
572057716
571017752
57001778e
56efd77c9
56dfd7805
56cf97841
56bf9787c
56af578b8
569f178f4
568ed792f
567ed796a
566e979a6
565e579e1
564e17a1d
563dd7a58
562d97a93
561d57ace
560d17b0a
55fcd7b45
55ec57b80
55dc17bbb
55cbd7bf6
55bb97c31
55ab17c6c
559ad7ca6
558a57ce1
557a17d1c
556997d57
555957d91
5548d7dcc
553897e07
552817e41
551797e7c
550757eb6
54f6d7ef0
54e657f2b
54d5d7f65
54c557f9f
54b4d7fda
54a458014
5493d804e
548358088
5472d80c2
5462580fc
5451d8136
544158170
5430d81aa
5420181e4
540f9821e
53ff18257
53ee58291
53ddd82cb
53cd18304
53bc9833e
53abd8377
539b583b1
538a983ea
5379d8424
53695845d
535898496
5347d84d0
533718509
532658542
5315d857b
5305185b4
52f4585ed
52e398626
52d2d865f
52c218698
52b1186d1
52a05870a
528f98742
527ed877b
526e187b4
525d187ec
524c58825
523b5885e
522a98896
5219d88ce
5208d8907
51f81893f
51e718978
51d6189b0
51c5589e8
51b458a20
51a358a58
519258a90
518198ac8
517098b00
515f98b38
514e98b70
513d98ba8
512c98be0
511b98c18
510a98c4f
50f998c87
50e898cbf
50d798cf6
50c658d2e
50b558d65
50a458d9d
509318dd4
508218e0b
507118e43
505fd8e7a
504ed8eb1
503d98ee8
502c98f20
501b58f57
500a18f8e
4ff918fc5
4fe7d8ffc
4fd699032
4fc599069
4fb4590a0
4fa3190d7
4f91d910e
4f8099144
4f6f5917b
4f5e191b1
4f4cd91e8
4f3b9921e
4f2a59255
4f191928b
4f07d92c2
4ef6592f8
4ee51932e
4ed3d9364
4ec29939a
4eb1193d1
4e9fd9407
4e8e5943d
4e7d19473
4e6b994a8
4e5a594de
4e48d9514
4e379954a
4e2619580
4e14995b5
4e03595eb
4df1d9621
4de059656
4dced968c
4dbd596c1
4dabd96f6
4d9a9972c
4d8919761
4d7799796
4d65d97cc
4d5459801
4d42d9836
4d315986b
4d1fd98a0
4d0e598d5
4cfc9990a
4ceb1993f
4cd999974
4cc7d99a8
4cb6599dd
4ca4d9a12
4c9319a46
4c8199a7b
4c6fd9ab0
4c5e59ae4
4c4c99b19
4c3ad9b4d
4c2959b81
4c1799bb6
4c05d9bea
4bf419c1e
4be299c52
4bd0d9c86
4bbf19cbb
4bad59cef
4b9b99d23
4b89d9d56
4b7819d8a
4b6659dbe
4b5499df2
4b42d9e26
4b30d9e59
4b1f19e8d
4b0d59ec1
4afb99ef4
4ae999f28
4ad7d9f5b
4ac619f8f
4ab419fc2
4aa259ff5
4a905a029
4a7e9a05c
4a6c9a08f
4a5ada0c2
4a48da0f5
4a36da128
4a251a15b
4a131a18e
4a011a1c1
49ef1a1f4
49dd5a227
49cb5a259
49b95a28c
49a75a2bf
49955a2f1
49835a324
49715a356
495f5a389
494d5a3bb
493b5a3ed
49295a420
49171a452
49051a484
48f31a4b6
48e11a4e8
48ceda51b
48bcda54d
48aa9a57f
48989a5b0
48869a5e2
48745a614
48625a646
48501a678
483dda6a9
482bda6db
48199a70c
48075a73e
47f55a76f
47e31a7a1
47d0da7d2
47be9a804
47ac5a835
479a1a866
47881a897
4775da8c8
47639a8fa
47515a92b
473eda95c
472c9a98c
471a5a9bd
47081a9ee
46f5daa1f
46e39aa50
46d11aa80
46bedaab1
46ac9aae2
469a1ab12
4687dab43
46759ab73
46631aba4
4650dabd4
463e5ac04
462c1ac34
46199ac65
46071ac95
45f4dacc5
45e25acf5
45cfdad25
45bd9ad55
45ab1ad85
45989adb5
45861ade4
45739ae14
45611ae44
454e9ae74
453c5aea3
4529daed3
45171af02
45049af32
44f21af61
44df9af90
44cd1afc0
44ba9afef
44a81b01e
44955b04d
4482db07c
44705b0ac
445d9b0db
444b1b109
44389b138
4425db167
44135b196
44009b1c5
43ee1b1f4
43db5b222
43c89b251
43b61b27f
43a35b2ae
43909b2dc
437e1b30b
436b5b339
43589b367
4345db396
43335b3c4
43209b3f2
430ddb420
42fb1b44e
42e85b47c
42d59b4aa
42c2db4d8
42b01b506
429d5b534
428a5b561
42779b58f
4264db5bd
42521b5ea
423f5b618
422c5b645
42199b673
4206db6a0
41f3db6ce
41e11b6fb
41ce1b728
41bb5b755
41a89b783
41959b7b0
41829b7dd
416fdb80a
415cdb837
414a1b864
41371b890
41241b8bd
41111b8ea
40fe5b917
40eb5b943
40d85b970
40c55b99c
40b25b9c9
409f5b9f5
408c5ba22
40795ba4e
40665ba7a
40535baa7
40405bad3
402d5baff
401a5bb2b
40075bb57
3ff45bb83
3fe15bbaf
3fce1bbdb
3fbb1bc07
3fa81bc32
3f94dbc5e
3f81dbc8a
3f6edbcb5
3f5b9bce1
3f489bd0c
3f355bd38
3f225bd63
3f0f1bd8f
3efc1bdba
3ee8dbde5
3ed5dbe10
3ec29be3c
3eaf5be67
3e9c5be92
3e891bebd
3e75dbee8
3e629bf13
3e4f5bf3d
3e3c5bf68
3e291bf93
3e15dbfbe
3e029bfe8
3def5c013
3ddc1c03d
3dc8dc068
3db59c092
3da25c0bd
3d8f1c0e7
3d7b9c111
3d685c13c
3d551c166
3d41dc190
3d2e9c1ba
3d1b1c1e4
3d07dc20e
3cf49c238
3ce11c262
3ccddc28b
3cba9c2b5
3ca71c2df
3c93dc309
3c805c332
3c6d1c35c
3c599c385
3c461c3af
3c32dc3d8
3c1f5c401
3c0bdc42b
3bf89c454
3be51c47d
3bd19c4a6
3bbe5c4cf
3baadc4f8
3b975c521
3b83dc54a
3b705c573
3b5cdc59c
3b495c5c5
3b35dc5ed
3b225c616
3b0edc63f
3afb5c667
3ae7dc690
3ad45c6b8
3ac0dc6e1
3aad5c709
3a99dc731
3a861c75a
3a729c782
3a5f1c7aa
3a4b5c7d2
3a37dc7fa
3a245c822
3a109c84a
39fd1c872
39e99c89a
39d5dc8c1
39c25c8e9
39ae9c911
399b1c938
39875c960
39739c988
39601c9af
394c5c9d6
39389c9fe
39251ca25
39115ca4c
38fd9ca73
38ea1ca9b
38d65cac2
38c29cae9
38aedcb10
389b1cb37
38875cb5d
38739cb84
385fdcbab
384c1cbd2
38385cbf8
38249cc1f
3810dcc46
37fd1cc6c
37e95cc93
37d59ccb9
37c1dccdf
37ae1cd06
379a1cd2c
37865cd52
37729cd78
375edcd9e
374adcdc4
37371cdea
37231ce10
370f5ce36
36fb9ce5c
36e79ce82
36d3dcea7
36bfdcecd
36ac1cef3
36981cf18
36845cf3e
36705cf63
365c5cf88
36489cfae
36349cfd3
36209cff8
360cdd01d
35f8dd043
35e4dd068
35d0dd08d
35bcdd0b2
35a91d0d6
35951d0fb
35811d120
356d1d145
35591d16a
35451d18e
35311d1b3
351d1d1d7
35091d1fc
34f51d220
34e11d245
34cd1d269
34b8dd28d
34a4dd2b1
3490dd2d5
347cdd2fa
3468dd31e
34549d342
34409d366
342c9d389
34185d3ad
34045d3d1
33f05d3f5
33dc1d418
33c81d43c
33b3dd460
339fdd483
338b9d4a7
33779d4ca
33635d4ed
334f5d511
333b1d534
33271d557
3312dd57a
32fe9d59d
32ea9d5c0
32d65d5e3
32c21d606
32addd629
3299dd64c
32859d66e
32715d691
325d1d6b4
3248dd6d6
32349d6f9
32205d71b
320c1d73e
31f7dd760
31e39d782
31cf5d7a5
31bb1d7c7
31a6dd7e9
31929d80b
317e5d82d
316a1d84f
3155dd871
31419d893
312d1d8b5
3118dd8d7
31049d8f8
30f05d91a
30dbdd93c
30c79d95d
30b35d97f
309edd9a0
308a9d9c1
30765d9e3
3061dda04
304d9da25
30391da46
3024dda68
30105da89
2ffc1daaa
2fe79dacb
2fd35daeb
2fbeddb0c
2faa5db2d
2f961db4e
2f819db6e
2f6d1db8f
2f58ddbb0
2f445dbd0
2f2fddbf1
2f1b5dc11
2f06ddc31
2ef29dc52
2ede1dc72
2ec99dc92
2eb51dcb2
2ea09dcd2
2e8c1dcf2
2e779dd12
2e631dd32
2e4e9dd52
2e3a1dd72
2e259dd92
2e111ddb1
2dfc9ddd1
2de81ddf0
2dd39de10
2dbf1de2f
2daa9de4f
2d95dde6e
2d815de8d
2d6cddead
2d585decc
2d439deeb
2d2f1df0a
2d1a9df29
2d05ddf48
2cf15df67
2cdcddf86
2cc81dfa5
2cb39dfc3
2c9eddfe2
2c8a5e001
2c75de01f
2c611e03e
2c4c9e05c
2c37de07b
2c231e099
2c0e9e0b7
2bf9de0d6
2be55e0f4
2bd09e112
2bbbde130
2ba75e14e
2b929e16c
2b7dde18a
2b691e1a8
2b549e1c6
2b3fde1e3
2b2b1e201
2b165e21f
2b019e23c
2aed1e25a
2ad85e277
2ac39e295
2aaede2b2
2a9a1e2cf
2a855e2ed
2a709e30a
2a5bde327
2a471e344
2a325e361
2a1d9e37e
2a08de39b
29f41e3b8
29df5e3d5
29ca9e3f1
29b59e40e
29a0de42b
298c1e447
29775e464
29629e480
294d9e49d
2938de4b9
29241e4d5
290f1e4f2
28fa5e50e
28e59e52a
28d09e546
28bbde562
28a71e57e
28921e59a
287d5e5b6
28685e5d2
28539e5ed
283e9e609
2829de625
2814de640
28001e65c
27eb1e677
27d65e693
27c15e6ae
27ac5e6c9
27979e6e4
27829e700
276d9e71b
2758de736
2743de751
272ede76c
2719de787
27051e7a2
26f01e7bc
26db1e7d7
26c61e7f2
26b11e80c
269c5e827
26875e841
26725e85c
265d5e876
26485e891
26335e8ab
261e5e8c5
26095e8df
25f45e8f9
25df5e913
25ca5e92d
25b55e947
25a05e961
258b5e97b
25765e995
25615e9af
254c1e9c8
25371e9e2
25221e9fb
250d1ea15
24f81ea2e
24e31ea48
24cddea61
24b8dea7a
24a3dea93
248e9eaad
24799eac6
24649eadf
244f5eaf8
243a5eb11
24255eb2a
24101eb42
23fb1eb5b
23e61eb74
23d0deb8c
23bbdeba5
23a69ebbe
23919ebd6
237c5ebee
23675ec07
23521ec1f
233d1ec37
2327dec50
23129ec68
22fd9ec80
22e85ec98
22d31ecb0
22be1ecc8
22a8decdf
22939ecf7
227e9ed0f
22695ed27
22541ed3e
223f1ed56
2229ded6d
22149ed85
21ff5ed9c
21ea1edb4
21d51edcb
21bfdede2
21aa9edf9
21955ee10
21801ee27
216adee3e
21559ee55
21405ee6c
212b1ee83
2115dee9a
21009eeb0
20eb5eec7
20d61eede
20c0deef4
20ab9ef0b
20965ef21
20811ef38
206bdef4e
20569ef64
20415ef7a
202c1ef90
2016defa6
20015efbd
1fec1efd2
1fd6defe8
1fc19effe
1fac5f014
1f96df02a
1f819f03f
1f6c5f055
1f571f06b
1f419f080
1f2c5f096
1f171f0ab
1f019f0c0
1eec5f0d6
1ed71f0eb
1ec19f100
1eac5f115
1e96df12a
1e819f13f
1e6c5f154
1e56df169
1e419f17e
1e2c1f193
1e16df1a7
1e015f1bc
1dec1f1d0
1dd69f1e5
1dc15f1fa
1dabdf20e
1d965f222
1d811f237
1d6b9f24b
1d565f25f
1d40df273
1d2b5f287
1d161f29b
1d009f2af
1ceb1f2c3
1cd5df2d7
1cc05f2eb
1caadf2fe
1c959f312
1c801f326
1c6a9f339
1c551f34d
1c3f9f360
1c2a5f374
1c14df387
1bff5f39a
1be9df3ad
1bd45f3c1
1bbedf3d4
1ba99f3e7
1b941f3fa
1b7e9f40d
1b691f420
1b539f432
1b3e1f445
1b289f458
1b131f46a
1afd9f47d
1ae81f48f
1ad29f4a2
1abd1f4b4
1aa79f4c7
1a921f4d9
1a7c9f4eb
1a671f4fd
1a519f510
1a3c1f522
1a269f534
1a10df546
19fb5f557
19e5df569
19d05f57b
19badf58d
19a55f59e
198fdf5b0
197a1f5c1
19649f5d3
194f1f5e4
19399f5f6
1923df607
190e5f618
18f8df629
18e35f63b
18cd9f64c
18b81f65d
18a29f66e
188cdf67f
18775f68f
1861df6a0
184c1f6b1
18369f6c2
18211f6d2
180b5f6e3
17f5df6f3
17e01f704
17ca9f714
17b4df724
179f5f735
1789df745
17741f755
175e9f765
1748df775
17335f785
171d9f795
17081f7a5
16f25f7b5
16dcdf7c4
16c71f7d4
16b15f7e4
169bdf7f3
16861f803
16709f812
165adf822
16451f831
162f9f840
1619df84f
16041f85f
15ee9f86e
15d8df87d
15c31f88c
15ad9f89b
1597df8aa
15821f8b8
156c9f8c7
1556df8d6
15411f8e4
152b5f8f3
1515df902
15001f910
14ea5f91e
14d49f92d
14bf1f93b
14a95f949
14939f957
147ddf966
14681f974
14525f982
143cdf990
14271f99d
14115f9ab
13fb9f9b9
13e5df9c7
13d01f9d4
13ba5f9e2
13a49f9ef
138edf9fd
13791fa0a
13639fa18
134ddfa25
13381fa32
13225fa3f
130c9fa4c
12f6dfa5a
12e11fa67
12cb5fa73
12b59fa80
129fdfa8d
128a1fa9a
12745faa7
125e9fab3
12489fac0
1232dfacc
121d1fad9
12075fae5
11f19faf2
11dbdfafe
11c61fb0a
11b05fb16
119a9fb23
1184dfb2f
116edfb3b
11591fb47
11435fb53
112d9fb5e
1117dfb6a
11021fb76
10ec1fb81
10d65fb8d
10c09fb99
10aadfba4
10951fbb0
107f1fbbb
10695fbc6
10539fbd1
103ddfbdd
1027dfbe8
10121fbf3
ffc5fbfe
fe69fc09
fd09fc14
fbadfc1f
fa51fc29
f8f1fc34
f795fc3f
f639fc49
f4d9fc54
f37dfc5e
f221fc69
f0c1fc73
ef65fc7d
ee09fc88
eca9fc92
eb4dfc9c
e9edfca6
e891fcb0
e735fcba
e5d5fcc4
e479fcce
e319fcd8
e1bdfce1
e061fceb
df01fcf5
dda5fcfe
dc45fd08
dae9fd11
d989fd1a
d82dfd24
d6cdfd2d
d571fd36
d411fd3f
d2b5fd48
d155fd51
cff9fd5a
ce99fd63
cd3dfd6c
cbddfd75
ca81fd7e
c921fd86
c7c5fd8f
c665fd98
c509fda0
c3a9fda8
c24dfdb1
c0edfdb9
bf8dfdc1
be31fdca
bcd1fdd2
bb75fdda
ba15fde2
b8b5fdea
b759fdf2
b5f9fdfa
b49dfe01
b33dfe09
b1ddfe11
b081fe18
af21fe20
adc1fe27
ac65fe2f
ab05fe36
a9a5fe3e
a849fe45
a6e9fe4c
a589fe53
a42dfe5a
a2cdfe61
a16dfe68
a011fe6f
9eb1fe76
9d51fe7d
9bf5fe83
9a95fe8a
9935fe91
97d5fe97
9679fe9e
9519fea4
93b9feab
925dfeb1
90fdfeb7
8f9dfebd
8e3dfec3
8ce1feca
8b81fed0
8a21fed6
88c1fedb
8761fee1
8605fee7
84a5feed
8345fef2
81e5fef8
8089fefe
7f29ff03
7dc9ff09
7c69ff0e
7b09ff13
79adff19
784dff1e
76edff23
758dff28
742dff2d
72cdff32
7171ff37
7011ff3c
6eb1ff40
6d51ff45
6bf1ff4a
6a91ff4e
6935ff53
67d5ff57
6675ff5c
6515ff60
63b5ff65
6255ff69
60f5ff6d
5f99ff71
5e39ff75
5cd9ff79
5b79ff7d
5a19ff81
58b9ff85
5759ff89
55f9ff8c
549dff90
533dff94
51ddff97
507dff9b
4f1dff9e
4dbdffa2
4c5dffa5
4afdffa8
499dffab
483dffae
46e1ffb2
4581ffb5
4421ffb7
42c1ffba
4161ffbd
4001ffc0
3ea1ffc3
3d41ffc5
3be1ffc8
3a81ffcb
3921ffcd
37c1ffcf
3661ffd2
3505ffd4
33a5ffd6
3245ffd9
30e5ffdb
2f85ffdd
2e25ffdf
2cc5ffe1
2b65ffe3
2a05ffe4
28a5ffe6
2745ffe8
25e5ffea
2485ffeb
2325ffed
21c5ffee
2065fff0
1f05fff1
1da5fff2
1c45fff4
1ae9fff5
1989fff6
1829fff7
16c9fff8
1569fff9
1409fffa
12a9fffb
1149fffb
fe9fffc
e89fffd
d29fffd
bc9fffe
a69fffe
909ffff
7a9ffff
649ffff
4e9ffff
389ffff
229ffff
c9ffff
fff69ffff
ffe09ffff
ffca9ffff
ffb49ffff
ff9e9ffff
ff889ffff
ff72dffff
ff5cdfffe
ff46dfffe
ff30dfffd
ff1adfffd
ff04dfffc
feeedfffb
fed8dfffb
fec2dfffa
feacdfff9
fe96dfff8
fe80dfff7
fe6adfff6
fe54dfff5
fe3edfff4
fe28dfff2
fe12dfff1
fdfcdfff0
fde6dffee
fdd0dffed
fdbadffeb
fda4dffea
fd8edffe8
fd78dffe6
fd631ffe5
fd4d1ffe3
fd371ffe1
fd211ffdf
fd0b1ffdd
fcf51ffdb
fcdf1ffd9
fcc91ffd7
fcb31ffd4
fc9d1ffd2
fc871ffd0
fc711ffcd
fc5b1ffcb
fc451ffc8
fc2f1ffc6
fc195ffc3
fc035ffc0
fbed5ffbe
fbd75ffbb
fbc15ffb8
fbab5ffb5
fb955ffb2
fb7f5ffaf
fb695ffac
fb535ffa9
fb3d5ffa5
fb275ffa2
fb119ff9f
fafb9ff9b
fae59ff98
facf9ff94
fab99ff91
faa39ff8d
fa8d9ff89
fa779ff85
fa619ff82
fa4bdff7e
fa35dff7a
fa1fdff76
fa09dff72
f9f3dff6e
f9dddff69
f9c7dff65
f9b1dff61
f99c1ff5d
f9861ff58
f9701ff54
f95a1ff4f
f9441ff4a
f92e1ff46
f9185ff41
f9025ff3c
f8ec5ff37
f8d65ff33
f8c05ff2e
f8aa5ff29
f8949ff24
f87e9ff1e
f8689ff19
f8529ff14
f83c9ff0f
f826dff09
f810dff04
f7fadfefe
f7e4dfef9
f7cedfef3
f7b91feee
f7a31fee8
f78d1fee2
f7771fedc
f7615fed6
f74b5fed0
f7355feca
f71f5fec4
f7099febe
f6f39feb8
f6dd9feb2
f6c79feab
f6b1dfea5
f69bdfe9f
f685dfe98
f66fdfe92
f65a1fe8b
f6441fe84
f62e1fe7e
f6185fe77
f6025fe70
f5ec5fe69
f5d65fe62
f5c09fe5b
f5aa9fe54
f5949fe4d
f57edfe46
f568dfe3f
f552dfe37
f53d1fe30
f5271fe28
f5111fe21
f4fb5fe19
f4e55fe12
f4cf9fe0a
f4b99fe02
f4a39fdfb
f48ddfdf3
f477dfdeb
f461dfde3
f44c1fddb
f4361fdd3
f4205fdcb
f40a5fdc3
f3f49fdba
f3de9fdb2
f3c89fdaa
f3b2dfda1
f39cdfd99
f3871fd90
f3711fd88
f35b5fd7f
f3455fd76
f32f9fd6d
f3199fd65
f303dfd5c
f2eddfd53
f2d81fd4a
f2c21fd41
f2ac5fd38
f2965fd2e
f2809fd25
f26a9fd1c
f254dfd12
f23edfd09
f2291fd00
f2131fcf6
f1fd5fcec
f1e75fce3
f1d19fcd9
f1bbdfccf
f1a5dfcc5
f1901fcbc
f17a1fcb2
f1645fca8
f14e9fc9e
f1389fc93
f122dfc89
f10cdfc7f
f0f71fc75
f0e15fc6a
f0cb5fc60
f0b59fc55
f09fdfc4b
f089dfc40
f0741fc36
f05e5fc2b
f0489fc20
f0329fc15
f01cdfc0a
f0071fbff
eff11fbf4
efdb5fbe9
efc59fbde
efafdfbd3
ef99dfbc8
ef841fbbd
ef6e5fbb1
ef589fba6
ef429fb9a
ef2cdfb8f
ef171fb83
ef015fb78
eeeb9fb6c
eed59fb60
eebfdfb54
eeaa1fb48
ee945fb3c
ee7e9fb30
ee68dfb24
ee531fb18
ee3d5fb0c
ee275fb00
ee119faf3
edfbdfae7
ede61fadb
edd05face
edba9fac2
eda4dfab5
ed8f1faa9
ed795fa9c
ed639fa8f
ed4ddfa82
ed381fa75
ed225fa68
ed0c9fa5b
ecf6dfa4e
ece11fa41
eccb5fa34
ecb59fa27
ec9fdfa1a
ec8a1fa0c
ec745f9ff
ec5e9f9f1
ec48df9e4
ec331f9d6
ec1d5f9c9
ec079f9bb
ebf21f9ad
ebdc5f99f
ebc69f991
ebb0df984
eb9b1f976
eb855f968
eb6f9f959
eb5a1f94b
eb445f93d
eb2e9f92f
eb18df920
eb031f912
eaed9f904
ead7df8f5
eac21f8e7
eaac5f8d8
ea96df8c9
ea811f8ba
ea6b5f8ac
ea55df89d
ea401f88e
ea2a5f87f
ea14df870
e9ff1f861
e9e95f852
e9d3df842
e9be1f833
e9a85f824
e992df814
e97d1f805
e9679f7f5
e951df7e6
e93c1f7d6
e9269f7c7
e910df7b7
e8fb5f7a7
e8e59f797
e8d01f787
e8ba5f777
e8a4df767
e88f1f757
e8799f747
e863df737
e84e5f727
e8389f716
e8231f706
e80d9f6f6
e7f7df6e5
e7e25f6d5
e7cc9f6c4
e7b71f6b3
e7a19f6a3
e78bdf692
e7765f681
e760df670
e74b1f65f
e7359f64e
e7201f63d
e70a5f62c
e6f4df61b
e6df5f60a
e6c9df5f8
e6b41f5e7
e69e9f5d5
e6891f5c4
e6739f5b2
e65e1f5a1
e6485f58f
e632df57e
e61d5f56c
e607df55a
e5f25f548
e5dcdf536
e5c75f524
e5b1df512
e59c1f500
e5869f4ee
e5711f4dc
e55b9f4c9
e5461f4b7
e5309f4a5
e51b1f492
e5059f480
e4f01f46d
e4da9f45a
e4c51f448
e4af9f435
e49a1f422
e484df40f
e46f5f3fc
e459df3e9
e4445f3d6
e42edf3c3
e4195f3b0
e403df39d
e3ee5f38a
e3d91f376
e3c39f363
e3ae1f350
e3989f33c
e3831f329
e36ddf315
e3585f301
e342df2ee
e32d9f2da
e3181f2c6
e3029f2b2
e2ed5f29e
e2d7df28a
e2c25f276
e2ad1f262
e2979f24e
e2821f239
e26cdf225
e2575f211
e2421f1fc
e22c9f1e8
e2175f1d3
e201df1bf
e1ec5f1aa
e1d71f196
e1c1df181
e1ac5f16c
e1971f157
e1819f142
e16c5f12d
e156df118
e1419f103
e12c5f0ee
e116df0d9
e1019f0c3
e0ec1f0ae
e0d6df099
e0c19f083
e0ac5f06e
e096df058
e0819f043
e06c5f02d
e0571f017
e0419f001
e02c5efec
e0171efd6
e001defc0
dfec9efaa
dfd71ef94
dfc1def7d
dfac9ef67
df975ef51
df821ef3b
df6cdef24
df579ef0e
df425eef7
df2d1eee1
df17deeca
df029eeb4
deed5ee9d
ded81ee86
dec2dee6f
dead9ee59
de985ee42
de831ee2b
de6ddee14
de589edfc
de435ede5
de2e5edce
de191edb7
de03deda0
ddee9ed88
ddd95ed71
ddc45ed59
ddaf1ed42
dd99ded2a
dd849ed12
dd6f9ecfb
dd5a5ece3
dd451eccb
dd301ecb3
dd1adec9b
dd059ec83
dcf09ec6b
dcdb5ec53
dcc65ec3b
dcb11ec23
dc9bdec0a
dc86debf2
dc719ebda
dc5c9ebc1
dc475eba9
dc325eb90
dc1d5eb77
dc081eb5f
dbf31eb46
dbdddeb2d
dbc8deb14
dbb3deafb
db9e9eae2
db899eac9
db749eab0
db5f5ea97
db4a5ea7e
db355ea65
db205ea4b
db0b1ea32
daf61ea19
dae11e9ff
dacc1e9e5
dab71e9cc
daa1de9b2
da8cde999
da77de97f
da62de965
da4dde94b
da38de931
da23de917
da0ede8fd
d9f9de8e3
d9e4de8c9
d9cfde8af
d9bade894
d9a5de87a
d990de860
d97bde845
d966de82b
d9521e810
d93d1e7f6
d9281e7db
d9131e7c0
d8fe1e7a5
d8e91e78b
d8d45e770
d8bf5e755
d8aa5e73a
d8959e71f
d8809e704
d86b9e6e8
d856de6cd
d841de6b2
d82cde696
d8181e67b
d8031e660
d7ee5e644
d7d95e629
d7c49e60d
d7af9e5f1
d79ade5d6
d785de5ba
d7711e59e
d75c1e582
d7475e566
d7329e54a
d71d9e52e
d708de512
d6f3de4f6
d6df1e4d9
d6ca5e4bd
d6b59e4a1
d6a09e484
d68bde468
d6771e44b
d6625e42f
d64d9e412
d6389e3f6
d623de3d9
d60f1e3bc
d5fa5e39f
d5e59e382
d5d0de365
d5bc1e348
d5a75e32b
d5929e30e
d57dde2f1
d5691e2d4
d5545e2b6
d53f9e299
d52ade27c
d5161e25e
d5015e241
d4ecde223
d4d81e205
d4c35e1e8
d4ae9e1ca
d499de1ac
d4855e18e
d4709e170
d45bde152
d4471e134
d4329e116
d41dde0f8
d4095e0da
d3f49e0bc
d3dfde09d
d3cb5e07f
d3b69e061
d3a21e042
d38d5e024
d378de005
d3641dfe7
d34f9dfc8
d33addfa9
d3265df8a
d311ddf6b
d2fd1df4d
d2e89df2e
d2d41df0f
d2bf5deef
d2aadded0
d2965deb1
d281dde92
d26d1de73
d2589de53
d2441de34
d22f9de14
d21b1ddf5
d2069ddd5
d1f21ddb6
d1dd5dd96
d1c8ddd76
d1b45dd57
d19fddd37
d18b5dd17
d1771dcf7
d1629dcd7
d14e1dcb7
d1399dc97
d1251dc77
d1109dc56
d0fc1dc36
d0e79dc16
d0d35dbf5
d0beddbd5
d0aa5dbb4
d095ddb94
d0819db73
d06d1db52
d0589db32
d0445db11
d02fddaf0
d01b9dacf
d0071daae
cff29da8d
cfde5da6c
cfc9dda4b
cfb59da2a
cfa15da09
cf8cdd9e8
cf789d9c6
cf641d9a5
cf4fdd983
cf3b9d962
cf271d940
cf12dd91f
cefe9d8fd
ceea1d8db
ced5dd8ba
cec19d898
cead5d876
ce991d854
ce84dd832
ce705d810
ce5c1d7ee
ce47dd7cc
ce339d7aa
ce1f5d787
ce0b1d765
cdf6dd743
cde29d720
cdce5d6fe
cdba1d6db
cda61d6b9
cd91dd696
cd7d9d673
cd695d651
cd551d62e
cd40dd60b
cd2cdd5e8
cd189d5c5
cd045d5a2
ccf05d57f
ccdc1d55c
ccc7dd539
ccb3dd516
cc9f9d4f2
cc8b9d4cf
cc775d4ac
cc635d488
cc4f1d465
cc3b1d441
cc26dd41d
cc12dd3fa
cbfe9d3d6
cbea9d3b2
cbd69d38f
cbc25d36b
cbae5d347
cb9a5d323
cb865d2ff
cb721d2db
cb5e1d2b6
cb4a1d292
cb361d26e
cb221d24a
cb0e1d225
cafa1d201
cae5dd1dc
cad1dd1b8
cabddd193
caa9dd16f
ca961d14a
ca821d125
ca6e1d101
ca5a1d0dc
ca461d0b7
ca321d092
ca1e1d06d
ca0a5d048
c9f65d023
c9e25cffe
c9ce5cfd8
c9ba9cfb3
c9a69cf8e
c9929cf68
c97edcf43
c96adcf1d
c9571cef8
c9431ced2
c92f5cead
c91b5ce87
c9079ce61
c8f39ce3b
c8dfdce16
c8cc1cdf0
c8b81cdca
c8a45cda4
c8909cd7e
c87c9cd57
c868dcd31
c8551cd0b
c8415cce5
c82d5ccbe
c8199cc98
c805dcc72
c7f21cc4b
c7de5cc25
c7ca9cbfe
c7b6dcbd7
c7a31cbb1
c78f5cb8a
c77b9cb63
c767dcb3c
c7541cb15
c7405caee
c72cdcac7
c7191caa0
c7055ca79
c6f19ca52
c6dddca2b
c6ca5ca03
c6b69c9dc
c6a2dc9b5
c68f5c98d
c67b9c966
c6681c93e
c6545c916
c640dc8ef
c62d1c8c7
c6199c89f
c605dc878
c5f25c850
c5de9c828
c5cb1c800
c5b79c7d8
c5a3dc7b0
c5905c788
c57cdc75f
c5695c737
c5559c70f
c5421c6e6
c52e9c6be
c51b1c696
c5079c66d
c4f41c645
c4e09c61c
c4cd1c5f3
c4b99c5cb
c4a61c5a2
c4929c579
c47f1c550
c46b9c527
c4581c4fe
c444dc4d5
c4315c4ac
c41ddc483
c40a5c45a
c3f71c431
c3e39c407
c3d01c3de
c3bcdc3b5
c3a95c38b
c3961c362
c3829c338
c36f1c30f
c35bdc2e5
c3489c2bb
c3351c291
c321dc268
c30e5c23e
c2fb1c214
c2e7dc1ea
c2d45c1c0
c2c11c196
c2addc16c
c29a9c142
c2875c117
c273dc0ed
c2609c0c3
c24d5c098
c23a1c06e
c226dc043
c2139c019
c2005bfee
c1ed1bfc4
c1d9dbf99
c1c69bf6e
c1b39bf44
c1a05bf19
c18d1beee
c179dbec3
c1669be98
c1539be6d
c1405be42
c12d1be17
c11a1bdeb
c106dbdc0
c0f3dbd95
c0e09bd69
c0cd9bd3e
c0ba5bd13
c0a75bce7
c0941bcbc
c0811bc90
c06ddbc64
c05adbc39
c047dbc0d
c034dbbe1
c0219bbb5
c00e9bb89
bffb9bb5d
bfe89bb31
bfd59bb05
bfc25bad9
bfaf5baad
bf9c5ba81
bf895ba54
bf765ba28
bf635b9fc
bf509b9cf
bf3d9b9a3
bf2a9b976
bf179b94a
bf049b91d
bef19b8f0
bededb8c4
becbdb897
beb8db86a
bea61b83d
be931b810
be801b7e3
be6d5b7b6
be5a5b789
be479b75c
be349b72f
be21db701
be0edb6d4
bdfc1b6a7
bde95b679
bdd65b64c
bdc39b61e
bdb0db5f1
bd9e1b5c3
bd8b1b596
bd785b568
bd659b53a
bd52db50c
bd401b4df
bd2d5b4b1
bd1a9b483
bd07db455
bcf51b427
bce25b3f9
bccf9b3ca
bcbcdb39c
bcaa5b36e
bc979b340
bc84db311
bc721b2e3
bc5f9b2b5
bc4cdb286
bc3a1b257
bc279b229
bc14db1fa
bc021b1cc
bbef9b19d
bbdcdb16e
bbca5b13f
bbb7db110
bba51b0e1
bb929b0b2
bb801b083
bb6d5b054
bb5adb025
bb485aff6
bb35dafc6
bb231af97
bb109af68
bafe1af38
baeb9af09
bad91aeda
bac69aeaa
bab41ae7a
baa19ae4b
ba8f1ae1b
ba7c9adeb
ba6a5adbb
ba57dad8c
ba455ad5c
ba32dad2c
ba205acfc
ba0e1accc
b9fb9ac9c
b9e91ac6c
b9d6dac3b
b9c45ac0b
b9b21abdb
b99f9abaa
b98d5ab7a
b97adab4a
b9689ab19
b9565aae9
b943daab8
b9319aa87
b91f5aa57
b90d1aa26
b8fa9a9f5
b8e85a9c4
b8d61a993
b8c3da963
b8b19a932
b89f5a901
b88d1a8cf
b87ada89e
b8689a86d
b8565a83c
b8441a80b
b831da7d9
b81fda7a8
b80d9a777
b7fb5a745
b7e91a714
b7d71a6e2
b7c4da6b0
b7b29a67f
b7a09a64d
b78e5a61b
b77c5a5e9
b76a1a5b8
b7581a586
b7461a554
b733da522
b721da4f0
b70f9a4be
b6fd9a48b
b6eb9a459
b6d99a427
b6c79a3f5
b6b55a3c2
b6a35a390
b6915a35d
b67f5a32b
b66d5a2f8
b65b5a2c6
b6495a293
b6375a261
b6259a22e
b6139a1fb
b6019a1c8
b5ef9a195
b5ddda162
b5cbda12f
b5b9da0fc
b5a81a0c9
b5961a096
b5841a063
b5725a030
b56059ffd
b54e99fc9
b53cd9f96
b52ad9f63
b51919f2f
b50719efc
b4f559ec8
b4e399e94
b4d1d9e61
b4c019e2d
b4ae19df9
b49c59dc6
b48a99d92
b478d9d5e
b46719d2a
b45559cf6
b44399cc2
b431d9c8e
b42059c5a
b40e99c26
b3fcd9bf1
b3eb19bbd
b3d959b89
b3c7d9b54
b3b619b20
b3a499aec
b392d9ab7
b38119a83
b36f99a4e
b35dd9a19
b34c599e5
b33ad99b0
b3291997b
b31799946
b30619911
b2f4598dd
b2e2d98a8
b2d159873
b2bfd983d
b2ae59808
b29cd97d3
b28b1979e
b27999769
b26819733
b256d96fe
b245596c9
b233d9693
b2225965e
b210d9628
b1ff595f3
b1ee195bd
b1dc99587
b1cb19552
b1b9d951c
b1a8594e6
b197194b0
b1859947a
b17459444
b162d940e
b151993d8
b140193a2
b12ed936c
b11d99336
b10c19300
b0fad92c9
b0e999293
b0d85925d
b0c719226
b0b5d91f0
b0a4991b9
b09359183
b0821914c
b070d9115
b05f990df
b04e590a8
b03d19071
b02bd903a
b01ad9003
b00998fcc
aff858f96
afe758f5e
afd618f27
afc518ef0
afb3d8eb9
afa2d8e82
af9198e4b
af8098e13
af6f58ddc
af5e58da5
af4d58d6d
af3c18d36
af2b18cfe
af1a18cc7
af0918c8f
aef818c57
aee718c20
aed618be8
aec518bb0
aeb418b78
aea318b40
ae9218b08
ae8118ad0
ae7018a98
ae5f18a60
ae4e58a28
ae3d589f0
ae2c589b8
ae1b98980
ae0a98947
adf9d890f
ade8d88d7
add81889e
adc718866
adb65882d
ada5587f5
ad94987bc
ad83d8783
ad731874b
ad6218712
ad51586d9
ad40986a0
ad2fd8667
ad1f1862e
ad0e585f5
acfd985bc
acecd8583
acdc1854a
accb58511
acba984d8
acaa1849f
ac9958465
ac889842c
ac77d83f3
ac67583b9
ac5698380
ac4618346
ac355830d
ac24d82d3
ac1418299
ac0398260
abf2d8226
abe2581ec
abd1d81b2
abc158178
abb09813e
aba018104
ab8f980ca
ab7f18090
ab6e98056
ab5e1801c
ab4d97fe2
ab3d17fa8
ab2c97f6e
ab1c17f33
ab0bd7ef9
aafb57ebe
aaead7e84
aada57e49
aaca17e0f
aab997dd4
aaa917d9a
aa98d7d5f
aa8857d24
aa7817cea
aa67d7caf
aa5757c74
aa4717c39
aa3697bfe
aa2657bc3
aa1617b88
aa05d7b4d
a9f597b12
a9e557ad7
a9d4d7a9c
a9c497a60
a9b457a25
a9a4579ea
a994179ae
a983d7973
a97397938
a963578fc
a953178c0
a94317885
a932d7849
a9229780e
a912977d2
a90257796
a8f25775a
a8e21771e
a8d2176e3
a8c1d76a7
a8b1d766b
a8a1d762f
a891d75f3
a881975b6
a8719757a
a8619753e
a85197502
a841974c6
a83197489
a8219744d
a81197411
a801973d4
a7f197398
a7e19735b
a7d19731e
a7c1d72e2
a7b1d72a5
a7a1d7268
a7921722c
a782171ef
a772571b2
a76257175
a75297138
a742970fb
a732d70be
a72317081
a71317044
a70357007
a6f396fca
a6e3d6f8d
a6d416f4f
a6c416f12
a6b456ed5
a6a496e97
a694d6e5a
a68556e1c
a67596ddf
a665d6da1
a65616d64
a64656d26
a636d6ce8
a62716cab
a61756c6d
a607d6c2f
a5f816bf1
a5e896bb3
a5d8d6b75
a5c956b38
a5b996afa
a5aa16abb
a59a96a7d
a58ad6a3f
a57b56a01
a56bd69c3
a55c56985
a54cd6946
a53d56908
a52dd68c9
a51e5688b
a50ed684d
a4ff5680e
a4efd67cf
a4e056791
a4d116752
a4c196714
a4b2166d5
a4a2d6696
a49356657
a483d6618
a474965d9
a4655659b
a455d655c
a4469651d
a437164de
a427d649e
a4189645f
a40956420
a3f9d63e1
a3ea963a2
a3db56362
a3cc16323
a3bcd62e4
a3ad962a4
a39e56265
a38f56225
a380161e6
a370d61a6
a36196166
a35256127
a343560e7
a334160a7
a32516068
a315d6028
a306d5fe8
a2f795fa8
a2e895f68
a2d955f28
a2ca55ee8
a2bb55ea8
a2ac55e68
a29d15e28
a28e15de7
a27f15da7
a27015d67
a26115d27
a25215ce6
a24315ca6
a23415c65
a22555c25
a21655be4
a20755ba4
a1f855b63
a1e995b23
a1da95ae2
a1cbd5aa1
a1bcd5a60
a1add5a20
a19f159df
a1905599e
a1815595d
a1729591c
a163d58db
a154d589a
a14615859
a13755818
a128957d7
a119d5795
a10b15754
a0fc55713
a0ed956d2
a0ded5690
a0d01564f
a0c19560d
a0b2d55cc
a0a41558a
a09595549
a086d5507
a078154c6
a06995484
a05ad5442
a04c55400
a03d953bf
a02f1537d
a0209533b
a012152f9
a003552b7
9ff4d5275
9fe655233
9fd7d51f1
9fc9551af
9fbad516d
9fac5512b
9f9dd50e8
9f8f550a6
9f80d5064
9f7295022
9f6414fdf
9f5594f9d
9f4754f5a
9f38d4f18
9f2a54ed5
9f1c14e93
9f0dd4e50
9eff54e0d
9ef114dcb
9ee294d88
9ed454d45
9ec614d03
9eb7d4cc0
9ea994c7d
9e9b14c3a
9e8cd4bf7
9e7e94bb4
9e7054b71
9e6214b2e
9e5414aeb
9e45d4aa8
9e3794a64
9e2954a21
9e1b549de
9e0d1499b
9dfed4957
9df0d4914
9de2948d1
9dd49488d
9dc65484a
9db854806
9daa547c3
9d9c1477f
9d8e1473b
9d80146f8
9d72146b4
9d6414670
9d561462c
9d48145e9
9d3a145a5
9d2c14561
9d1e1451d
9d10144d9
9d0214495
9cf414451
9ce65440d
9cd8543c9
9cca54384
9cbc94340
9cae942fc
9ca0d42b8
9c9314273
9c851422f
9c77541eb
9c69941a6
9c5b94162
9c4dd411d
9c40140d9
9c3254094
9c2494050
9c16d400b
9c0913fc6
9bfb53f82
9bed93f3d
9bdfd3ef8
9bd213eb3
9bc493e6e
9bb6d3e29
9ba913de5
9b9b93da0
9b8dd3d5b
9b8053d16
9b7293cd0
9b6513c8b
9b5793c46
9b49d3c01
9b3c53bbc
9b2ed3b76
9b2153b31
9b1393aec
9b0613aa6
9af893a61
9aeb13a1c
9add939d6
9ad013991
9ac2d394b
9ab553905
9aa7d38c0
9a9a5387a
9a8d13834
9a7f937ef
9a72137a9
9a64d3763
9a575371d
9a4a136d7
9a3cd3691
9a2f5364c
9a2213606
9a14d35c0
9a0793579
99fa13533
99ecd34ed
99df934a7
99d253461
99c51341b
99b7d33d4
99aad338e
999d93348
999053301
9983132bb
997613274
9968d322e
995b931e7
994e931a1
99415315a
993453114
9927530cd
991a13086
990d13040
990012ff9
98f2d2fb2
98e5d2f6b
98d8d2f24
98cbd2edd
98bed2e96
98b1d2e4f
98a4d2e08
9897d2dc1
988b12d7a
987e12d33
987112cec
986412ca5
985752c5e
984a52c16
983d92bcf
983092b88
9823d2b40
9816d2af9
980a12ab2
97fd52a6a
97f052a23
97e3929db
97d6d2994
97ca1294c
97bd52904
97b0928bd
97a3d2875
97971282d
978a527e5
977d9279e
977112756
97645270e
9757926c6
974b1267e
973e52636
9731d25ee
9725125a6
97189255e
970bd2516
96ff524ce
96f2d2486
96e61243d
96d9923f5
96cd123ad
96c092365
96b41231c
96a7922d4
969b1228b
968e92243
9682121fa
9675d21b2
966952169
965cd2121
9650520d8
964412090
963792047
962b51ffe
961ed1fb5
961291f6d
960651f24
95f9d1edb
95ed91e92
95e151e49
95d511e00
95c8d1db7
95bc51d6e
95b011d25
95a3d1cdc
9597d1c93
958b91c4a
957f51c01
957311bb8
9566d1b6e
955ad1b25
954e91adc
954291a92
953651a49
952a51a00
951e119b6
95121196d
9505d1923
94f9d18da
94edd1890
94e1d1846
94d5d17fd
94c9d17b3
94bd91769
94b1d1720
94a5d16d6
9499d168c
948dd1642
9481d15f9
9475d15af
946a11565
945e1151b
9452114d1
944651487
943a5143d
942e913f3
9422d13a9
9416d135e
940b11314
93ff512ca
93f391280
93e791236
93dbd11eb
93d0111a1
93c451157
93b89110c
93ad110c2
93a151077
93959102d
9389d0fe2
937e10f98
937290f4d
9366d0f02
935b50eb8
934f90e6d
934410e22
933850dd8
932cd0d8d
932150d42
9315d0cf7
930a10cac
92fe90c62
92f310c17
92e790bcc
92dc10b81
92d090b36
92c510aeb
92b990a9f
92ae50a54
92a2d0a09
9297509be
928c10973
928090928
9275508dc
9269d0891
925e90846
9253107fa
9247d07af
923c90764
923110718
9225d06cd
921a90681
920f50636
9204105ea
91f8d059e
91ed90553
91e250507
91d7104bb
91cc10470
91c0d0424
91b5903d8
91aa9038c
919f50341
9194502f5
9189102a9
917e1025d
9172d0211
9167d01c5
915cd0179
9151d012d
9146900e1
913b90095
913090049
91258fffc
911a8ffb0
910f8ff64
9104cff18
90f9cfecb
90eecfe7f
90e3cfe33
90d90fde6
90ce0fd9a
90c30fd4e
90b84fd01
90ad8fcb5
90a28fc68
9097cfc1c
908d0fbcf
90820fb82
90774fb36
906c8fae9
9061cfa9c
90570fa50
904c4fa03
90418f9b6
9036cf969
902c0f91c
90214f8d0
9016cf883
900c0f836
90014f7e9
8ff6cf79c
8fec0f74f
8fe18f702
8fd70f6b5
8fcc4f668
8fc1cf61b
8fb74f5cd
8fac8f580
8fa20f533
8f978f4e6
8f8d0f498
8f828f44b
8f780f3fe
8f6d8f3b1
8f630f363
8f58cf316
8f4e4f2c8
8f43cf27b
8f398f22d
8f2f0f1e0
8f248f192
8f1a4f145
8f100f0f7
8f058f0aa
8efb4f05c
8ef10f00e
8ee68efc0
8edc4ef73
8ed20ef25
8ec7ceed7
8ebd8ee89
8eb34ee3c
8ea90edee
8e9eceda0
8e94ced52
8e8a8ed04
8e804ecb6
8e760ec68
8e6c0ec1a
8e61cebcc
8e57ceb7e
8e4d8eb30
8e438eae1
8e398ea93
8e2f4ea45
8e254e9f7
8e1b4e9a8
8e114e95a
8e074e90c
8dfd4e8be
8df34e86f
8de94e821
8ddf4e7d2
8dd54e784
8dcb8e735
8dc18e6e7
8db78e698
8dadce64a
8da3ce5fb
8d9a0e5ad
8d900e55e
8d864e50f
8d7c4e4c1
8d728e472
8d68ce423
8d5f0e3d5
8d554e386
8d4b8e337
8d41ce2e8
8d380e299
8d2e4e24a
8d248e1fb
8d1ace1ac
8d110e15d
8d078e10e
8cfdce0bf
8cf40e070
8cea8e021
8ce0cdfd2
8cd74df83
8ccdcdf34
8cc40dee5
8cba8de96
8cb10de46
8ca78ddf7
8c9e0dda8
8c944dd59
8c8acdd09
8c818dcba
8c780dc6a
8c6e8dc1b
8c650dbcc
8c5b8db7c
8c524db2d
8c48cdadd
8c3f4da8e
8c360da3e
8c2c8d9ee
8c234d99f
8c1a0d94f
8c108d900
8c074d8b0
8bfe0d860
8bf4cd810
8beb8d7c1
8be24d771
8bd90d721
8bcfcd6d1
8bc68d681
8bbd4d631
8bb40d5e2
8baacd592
8ba1cd542
8b988d4f2
8b8f8d4a2
8b864d452
8b7d4d402
8b740d3b2
8b6b0d361
8b620d311
8b58cd2c1
8b4fcd271
8b46cd221
8b3dcd1d1
8b34cd180
8b2bcd130
8b22cd0e0
8b19cd08f
8b10cd03f
8b080cfef
8aff0cf9e
8af60cf4e
8aed4cefd
8ae44cead
8adb8ce5c
8ad28ce0c
8ac9ccdbb
8ac10cd6b
8ab80cd1a
8aaf4ccca
8aa68cc79
8a9dccc28
8a950cbd8
8a8c4cb87
8a838cb36
8a7accae5
8a720ca95
8a694ca44
8a60cc9f3
8a580c9a2
8a4f4c951
8a46cc900
8a3e0c8b0
8a358c85f
8a2ccc80e
8a244c7bd
8a1bcc76c
8a134c71b
8a0a8c6ca
8a020c679
89f98c627
89f10c5d6
89e88c585
89e00c534
89d78c4e3
89cf4c492
89c6cc440
89be4c3ef
89b60c39e
89ad8c34d
89a54c2fb
899ccc2aa
89948c258
898c0c207
8983cc1b6
897b8c164
89734c113
896acc0c1
89628c070
895a4c01e
89520bfcd
8949cbf7b
89418bf2a
89398bed8
89314be86
89290be35
89210bde3
8918cbd91
89108bd40
89088bcee
89004bc9c
88f84bc4a
88f04bbf8
88e84bba7
88e00bb55
88d80bb03
88d00bab1
88c80ba5f
88c00ba0d
88b80b9bb
88b00b969
88a80b917
88a04b8c5
88984b873
88904b821
88888b7cf
88808b77d
8878cb72b
8870cb6d9
88690b686
88610b634
88594b5e2
88518b590
8849cb53d
88420b4eb
883a4b499
88328b447
882acb3f4
88230b3a2
881b4b34f
88138b2fd
880bcb2ab
88044b258
87fc8b206
87f50b1b3
87ed4b161
87e5cb10e
87de0b0bc
87d68b069
87cf0b016
87c74afc4
87bfcaf71
87b84af1f
87b0caecc
87a94ae79
87a1cae27
879a4add4
8792cad81
878b8ad2e
87840acdb
877c8ac89
87754ac36
876dcabe3
87664ab90
875f0ab3d
8757caaea
87504aa97
87490aa44
8741ca9f1
873a8a99e
87334a94b
872bca8f8
87248a8a5
871d8a852
87164a7ff
870f0a7ac
8707ca759
87008a706
86f98a6b3
86f24a660
86eb0a60c
86e40a5b9
86dd0a566
86d5ca513
86ceca4bf
86c7ca46c
86c08a419
86b98a3c5
86b28a372
86ab8a31f
86a48a2cb
869d8a278
86968a224
868f8a1d1
8688ca17e
8681ca12a
867aca0d7
86740a083
866d0a02f
866649fdc
865f49f88
865889f35
865189ee1
864ac9e8e
864409e3a
863d49de6
863689d93
862fc9d3f
862909ceb
862249c97
861b89c44
8614c9bf0
860e09b9c
860789b48
8600c9af4
85fa09aa1
85f389a4d
85ecc99f9
85e6499a5
85df89951
85d9098fd
85d2898a9
85cc09855
85c589801
85bec97ad
85b849759
85b1c9705
85ab896b1
85a50965d
859e89609
8598095b5
859189561
858b4950c
8584c94b8
857e89464
857809410
8571c93bc
856b49367
856509313
855ec92bf
85588926b
855249216
854c091c2
8545c916e
853f89119
8539490c5
853309071
852cc901c
852688fc8
852088f73
851a48f1f
851408eca
850e08e76
850808e21
8501c8dcd
84fbc8d78
84f5c8d24
84ef88ccf
84e988c7b
84e388c26
84dd88bd1
84d788b7d
84d188b28
84cb88ad4
84c588a7f
84bfc8a2a
84b9c89d5
84b3c8981
84ae0892c
84a8088d7
84a248882
849c4882e
8496887d9
849088784
848ac872f
8485086da
847f48685
847988631
8473c85dc
846e08587
846848532
8462884dd
845cc8488
845748433
8451883de
844bc8389
844648334
8440882df
843b0828a
843548235
842fc81e0
842a4818b
842488136
841f080e0
84198808b
841408036
840e87fe1
840907f8c
840387f37
83fe07ee1
83f8c7e8c
83f347e37
83edc7de2
83e887d8c
83e307d37
83ddc7ce2
83d847c8c
83d307c37
83cdc7be2
83c847b8c
83c307b37
83bdc7ae2
83b887a8c
83b347a37
83ae079e1
83a8c798c
83a387937
839e478e1
83994788c
839407836
838ec77e1
8389c778b
838487735
837f876e0
837a4768a
837547635
8370475df
836b4758a
836607534
8361074de
835c07489
835707433
8352073dd
834d07388
834847332
8343472dc
833e47287
833947231
8334871db
832f87185
832ac712f
8325c70da
832107084
831c4702e
831786fd8
831286f82
830dc6f2c
830906ed7
830446e81
82ff86e2b
82fac6dd5
82f606d7f
82f186d29
82ecc6cd3
82e806c7d
82e386c27
82dec6bd1
82da46b7b
82d586b25
82d106acf
82cc46a79
82c7c6a23
82c3469cd
82bec6977
82ba46921
82b5c68cb
82b146875
82acc681f
82a8467c8
82a3c6772
829f4671c
829b066c6
829686670
82924661a
828dc65c3
82898656d
828506517
8280c64c1
827c8646a
827806414
8273c63be
826f86368
826b46311
8267062bb
8262c6265
825e8620e
825a461b8
825646162
82520610b
824dc60b5
8249c605f
824586008
824185fb2
823d45f5b
823945f05
823545eae
823105e58
822d05e02
822905dab
822505d55
822105cfe
821d05ca8
821905c51
821505bfb
821145ba4
820d45b4d
820945af7
820585aa0
820185a4a
81fdc59f3
81f9c599d
81f605946
81f2058ef
81ee45899
81ea85842
81e6c57eb
81e305795
81df4573e
81db856e7
81d7c5691
81d40563a
81d0455e3
81ccc558d
81c905536
81c5454df
81c1c5488
81be05432
81ba853db
81b6c5384
81b34532d
81afc52d6
81ac45280
81a8c5229
81a5051d2
81a18517b
819e05124
819ac50cd
819745077
8193c5020
819044fc9
818cc4f72
818984f1b
818604ec4
8182c4e6d
817f44e16
817c04dbf
8178c4d68
817544d11
817204cba
816ec4c63
816b84c0c
816844bb5
816504b5e
8161c4b07
815e84ab0
815b44a59
815844a02
8155049ab
8151c4954
814ec48fd
814b848a6
81488484f
8145447f8
8142447a1
813f4474a
813c046f3
81390469b
813604644
8133045ed
813004596
812d0453f
812a044e8
812744491
812444439
8121443e2
811e8438b
811b84334
8118842dd
8115c4285
81130422e
8110041d7
810d44180
810a84128
8107c40d1
8104c407a
810204023
80ff43fcb
80fc83f74
80fa03f1d
80f743ec6
80f483e6e
80f1c3e17
80ef43dc0
80ec83d68
80ea03d11
80e743cba
80e4c3c62
80e203c0b
80df83bb4
80dd03b5c
80da83b05
80d803aad
80d583a56
80d3039ff
80d0839a7
80ce03950
80cb838f8
80c9038a1
80c68384a
80c4437f2
80c1c379b
80bf83743
80bd036ec
80bac3694
80b88363d
80b6035e5
80b3c358e
80b183536
80af434df
80ad03487
80aac3430
80a8833d8
80a643381
80a403329
80a1c32d2
809fc327a
809d83223
809b431cb
809943174
80970311c
8095030c5
80930306d
8090c3015
808ec2fbe
808cc2f66
808ac2f0f
8088c2eb7
8086c2e5f
8084c2e08
8082c2db0
8080c2d59
807ec2d01
807d02ca9
807b02c52
807902bfa
807742ba3
807542b4b
807382af3
8071c2a9c
806fc2a44
806e029ec
806c42995
806a8293d
8068c28e5
80670288e
806542836
8063827de
8061c2786
80600272f
805e826d7
805cc267f
805b02628
8059825d0
8057c2578
805642520
8054c24c9
805302471
805182419
8050023c1
804e8236a
804d02312
804b822ba
804a02262
80488220b
8047021b3
80458215b
804442103
8042c20ac
804182054
804001ffc
803ec1fa4
803d41f4c
803c01ef5
803a81e9d
803941e45
803801ded
8036c1d95
803581d3d
803441ce6
803301c8e
8031c1c36
803081bde
802f81b86
802e41b2e
802d01ad7
802c01a7f
802ac1a27
8029c19cf
802881977
80278191f
8026818c8
802541870
802441818
8023417c0
802241768
802141710
8020416b8
801f41660
801e41609
801d815b1
801c81559
801b81501
801ac14a9
8019c1451
8019013f9
8018013a1
801741349
8016812f2
8015c129a
8014c1242
8014011ea
801341192
80128113a
8011c10e2
80110108a
801081032
800fc0fda
800f00f82
800e80f2a
800dc0ed3
800d00e7b
800c80e23
800c00dcb
800b40d73
800ac0d1b
800a40cc3
8009c0c6b
800900c13
800880bbb
800800b63
800780b0b
800740ab3
8006c0a5b
800640a03
8005c09ab
800580953
8005008fc
8004c08a4
80044084c
8004007f4
80038079c
800340744
8003006ec
8002c0694
80028063c
8002405e4
80020058c
8001c0534
8001804dc
800140484
80010042c
8001003d4
8000c037c
800080324
8000802cc
800080274
80004021c
8000401c4
80004016c
800040114
8000400bc
800040065
80004000d
80007ffb5
80007ff5d
80007ff05
80007fead
80007fe55
80007fdfd
80007fda5
8000bfd4d
8000bfcf5
8000ffc9d
8000ffc45
80013fbed
80017fb95
8001bfb3d
8001ffae5
8001ffa8d
80023fa35
80027f9dd
8002bf985
80033f92d
80037f8d5
8003bf87d
8003ff825
80047f7ce
8004bf776
80053f71e
80057f6c6
8005ff66e
80067f616
8006bf5be
80073f566
8007bf50e
80083f4b6
8008bf45e
80093f406
8009bf3ae
800a3f356
800abf2fe
800b7f2a6
800bff24e
800c7f1f6
800d3f19f
800dbf147
800e7f0ef
800eff097
800fbf03f
80107efe7
80113ef8f
8011bef37
80127eedf
80133ee87
8013fee2f
8014bedd7
8015bed80
80167ed28
80173ecd0
8017fec78
8018fec20
8019bebc8
801abeb70
801b7eb18
801c7eac0
801d7ea68
801e3ea11
801f3e9b9
80203e961
80213e909
80223e8b1
80233e859
80243e801
80253e7a9
80263e752
80277e6fa
80287e6a2
80297e64a
802abe5f2
802bbe59a
802cfe542
802e3e4eb
802f3e493
80307e43b
8031be3e3
8032fe38b
80343e333
80353e2dc
8036be284
8037fe22c
80393e1d4
803a7e17c
803bbe125
803d3e0cd
803e7e075
803fbe01d
80413dfc5
8042bdf6e
8043fdf16
80457debe
8046fde66
80483de0e
8049bddb7
804b3dd5f
804cbdd07
804e3dcaf
804fbdc58
80513dc00
8052fdba8
80547db50
8055fdaf9
8057bdaa1
80593da49
805afd9f1
805c7d99a
805e3d942
805fbd8ea
80617d893
80633d83b
8064fd7e3
8066bd78c
80687d734
806a3d6dc
806bfd685
806dbd62d
806f7d5d5
80717d57d
80733d526
8074fd4ce
8076fd477
8078bd41f
807abd3c7
807c7d370
807e7d318
80807d2c0
80827d269
80847d211
80863d1ba
80883d162
808a3d10a
808c7d0b3
808e7d05b
80907d004
80927cfac
8094bcf54
8096bcefd
8098bcea5
809afce4e
809cfcdf6
809f3cd9f
80a17cd47
80a3bccf0
80a5bcc98
80a7fcc41
80aa3cbe9
80ac7cb92
80aebcb3a
80b0fcae3
80b33ca8b
80b5bca34
80b7fc9dc
80ba3c985
80bcbc92d
80befc8d6
80c17c87e
80c3bc827
80c63c7cf
80c87c778
80cafc721
80cd7c6c9
80cffc672
80d27c61a
80d4fc5c3
80d77c56c
80d9fc514
80dc7c4bd
80defc465
80e17c40e
80e43c3b7
80e6bc35f
80e97c308
80ebfc2b1
80eebc259
80f13c202
80f3fc1ab
80f6bc153
80f97c0fc
80fbfc0a5
80febc04e
81017bff6
81043bf9f
8106fbf48
8109fbef0
810cbbe99
810f7be42
81123bdeb
81153bd94
8117fbd3c
811afbce5
811dbbc8e
8120bbc37
8123bbbdf
81267bb88
81297bb31
812c7bada
812f7ba83
81327ba2c
81357b9d5
81387b97d
813b7b926
813e7b8cf
81417b878
8144bb821
8147bb7ca
814afb773
814dfb71c
81513b6c5
81543b66e
81577b617
815abb5c0
815dbb568
8160fb511
81643b4ba
81677b463
816abb40c
816dfb3b5
81713b35e
8174bb308
8177fb2b1
817b3b25a
817ebb203
8181fb1ac
81853b155
8188bb0fe
818c3b0a7
818f7b050
8192faff9
81967afa2
8199faf4b
819d3aef5
81a0bae9e
81a43ae47
81a7fadf0
81ab7ad99
81aefad42
81b27acec
81b5fac95
81b9bac3e
81bd3abe7
81c0fab91
81c47ab3a
81c83aae3
81cbbaa8c
81cf7aa36
81d33a9df
81d6fa988
81daba931
81de7a8db
81e23a884
81e5fa82d
81e9ba7d7
81ed7a780
81f13a729
81f4fa6d3
81f8fa67c
81fcba626
8200ba5cf
82047a578
82087a522
820c3a4cb
82103a475
82143a41e
82183a3c8
821c3a371
821ffa31b
8223fa2c4
82283a26e
822c3a217
82303a1c1
82343a16a
82383a114
823c7a0bd
82407a067
82447a011
8248b9fba
824cf9f64
8250f9f0d
825539eb7
825979e61
825d79e0a
8261b9db4
8265f9d5e
826a39d07
826e79cb1
8272b9c5b
8276f9c04
827b79bae
827fb9b58
8283f9b02
828879aab
828cb9a55
8291399ff
8295799a9
8299f9953
829e398fd
82a2b98a6
82a739850
82abb97fa
82b0397a4
82b4b974e
82b9396f8
82bdb96a2
82c23964c
82c6b95f5
82cb3959f
82cff9549
82d4794f3
82d8f949d
82ddb9447
82e2393f1
82e6f939b
82ebb9345
82f0392ef
82f4f929a
82f9b9244
82fe791ee
830339198
8307f9142
830cb90ec
831179096
831639040
831af8fea
831ff8f95
8324b8f3f
832978ee9
832e78e93
833338e3d
833838de8
833cf8d92
8341f8d3c
8346f8ce7
834bf8c91
8350f8c3b
8355b8be5
835ab8b90
835ff8b3a
8364f8ae4
8369f8a8f
836ef8a39
8373f89e4
83793898e
837e38939
8383388e3
83887888d
838d78838
8392b87e2
8397f878d
839cf8737
83a2386e2
83a77868c
83acb8637
83b1f85e2
83b73858c
83bc78537
83c1b84e1
83c6f848c
83cc38437
83d1b83e1
83d6f838c
83dc78337
83e1b82e1
83e73828c
83ec78237
83f1f81e1
83f73818c
83fcb8137
8402380e2
8407b808d
840d38037
8412b7fe2
841837f8d
841db7f38
842337ee3
8428b7e8e
842e77e39
8433f7de3
843977d8e
843f37d39
8444b7ce4
844a77c8f
844ff7c3a
8455b7be5
845b77b90
846137b3b
8466b7ae6
846c77a91
847237a3d
8477f79e8
847db7993
84837793e
8489778e9
848f37894
8494f783f
849ab77eb
84a0b7796
84a677741
84ac776ec
84b237697
84b837643
84be375ee
84c437599
84c9f7545
84cff74f0
84d5f749b
84dbf7447
84e1f73f2
84e7f739d
84edf7349
84f4372f4
84fa372a0
85003724b
8506771f7
850c771a2
85127714e
8518b70f9
851ef70a5
8524f7050
852b36ffc
853176fa8
8537b6f53
853db6eff
8543f6eaa
854a36e56
855076e02
8556f6dad
855d36d59
856376d05
8569b6cb1
857036c5c
857676c08
857cb6bb4
858336b60
858976b0c
858ff6ab7
859676a63
859cf6a0f
85a3369bb
85a9b6967
85b036913
85b6b68bf
85bd3686b
85c3b6817
85ca367c3
85d0b676f
85d77671b
85ddf66c7
85e476673
85eb3661f
85f1b65cb
85f876577
85fef6524
8605b64d0
860c7647c
8612f6428
8619b63d4
862076381
86273632d
862df62d9
8634b6285
863b76232
8642361de
8648f618a
864ff6137
8656b60e3
865d76090
86647603c
866b35fe8
867235f95
8678f5f41
867ff5eee
8686f5e9a
868db5e47
8694b5df3
869bb5da0
86a2b5d4d
86a9b5cf9
86b0b5ca6
86b7b5c52
86beb5bff
86c5b5bac
86ccf5b58
86d3f5b05
86daf5ab2
86e235a5f
86e935a0b
86f0759b8
86f775965
86feb5912
8705f58bf
870d3586c
871435818
871b757c5
8722b5772
8729f571f
8731356cc
873875679
873fb5626
8747355d3
874e75580
8755b552d
875d354da
876475488
876bf5435
8773353e2
877ab538f
8781f533c
8789752e9
8790f5297
879875244
879ff51f1
87a73519e
87aeb514c
87b6350f9
87bdf50a6
87c575054
87ccf5001
87d474faf
87dc34f5c
87e3b4f09
87eb34eb7
87f2f4e64
87fa74e12
880234dbf
8809f4d6d
881174d1b
881934cc8
8820f4c76
8828b4c23
883074bd1
883834b7f
883ff4b2c
8847b4ada
884f74a88
885734a36
885ef49e3
8866f4991
886eb493f
8876b48ed
887e7489b
888674849
888e347f6
8896347a4
889e34752
88a5f4700
88adf46ae
88b5f465c
88bdf460a
88c5f45b8
88cdf4566
88d5f4515
88ddf44c3
88e5f4471
88ee3441f
88f6343cd
88fe3437b
89067432a
890e742d8
8916b4286
891eb4234
8926f41e3
892f34191
89373413f
893f740ee
8947b409c
894ff404b
895833ff9
896073fa8
8968b3f56
8970f3f05
897933eb3
898173e62
8989f3e10
899233dbf
899a73d6d
89a2f3d1c
89ab33ccb
89b3b3c79
89bc33c28
89c473bd7
89ccf3b86
89d573b34
89ddf3ae3
89e673a92
89eef3a41
89f7739f0
89fff399f
8a087394e
8a10f38fd
8a19738ab
8a21f385a
8a2ab3809
8a33337b9
8a3bb3768
8a4473717
8a4d336c6
8a55b3675
8a5e73624
8a66f35d3
8a6fb3582
8a7873532
8a81334e1
8a89f3490
8a92b343f
8a9b733ef
8aa43339e
8aacf334d
8ab5b32fd
8abeb32ac
8ac77325c
8ad03320b
8ad9331bb
8ae1f316a
8aeaf311a
8af3b30c9
8afcb3079
8b0573028
8b0e72fd8
8b1772f88
8b2072f37
8b2972ee7
8b3272e97
8b3b72e46
8b4472df6
8b4d72da6
8b5672d56
8b5f72d06
8b68b2cb5
8b71b2c65
8b7ab2c15
8b83f2bc5
8b8cf2b75
8b9632b25
8b9f32ad5
8ba872a85
8bb1b2a35
8bbab29e5
8bc3f2995
8bcd32946
8bd6728f6
8bdfb28a6
8be8f2856
8bf232806
8bfb727b7
8c04b2767
8c0e32717
8c17726c8
8c20b2678
8c2a32628
8c33725d9
8c3cf2589
8c463253a
8c4fb24ea
8c58f249b
8c627244b
8c6bf23fc
8c75723ac
8c7ef235d
8c887230d
8c91f22be
8c9b7226f
8ca4f2220
8cae721d0
8cb7f2181
8cc172132
8ccb320e3
8cd4b2093
8cde32044
8ce7f1ff5
8cf171fa6
8cfb31f57
8d04f1f08
8d0e71eb9
8d1831e6a
8d21f1e1b
8d2bb1dcc
8d3571d7d
8d3ef1d2e
8d48b1ce0
8d5271c91
8d5c71c42
8d6631bf3
8d6ff1ba4
8d79b1b56
8d83b1b07
8d8d71ab8
8d9731a6a
8da131a1b
8daaf19cd
8db4f197e
8dbef192f
8dc8b18e1
8dd2b1892
8ddcb1844
8de6b17f6
8df0717a7
8dfa71759
8e047170a
8e0e716bc
8e18b166e
8e22b1620
8e2cb15d1
8e36b1583
8e40b1535
8e4af14e7
8e54f1499
8e5f3144b
8e69313fd
8e73713ae
8e7d71360
8e87b1312
8e91f12c4
8e9c31277
8ea631229
8eb0711db
8ebab118d
8ec4f113f
8ecf310f1
8ed9710a3
8ee3f1056
8eee31008
8ef870fba
8f02b0f6d
8f0d30f1f
8f1770ed1
8f21f0e84
8f2c30e36
8f36b0de9
8f40f0d9b
8f4b70d4e
8f55f0d00
8f6030cb3
8f6ab0c66
8f7530c18
8f7fb0bcb
8f8a30b7e
8f94b0b30
8f9f30ae3
8fa9b0a96
8fb470a49
8fbef09fc
8fc9709ae
8fd3f0961
8fdeb0914
8fe9308c7
8ff3f087a
8ffe7082d
9009307e0
9013f0793
901e70746
9029306f9
9033f06ad
903eb0660
904970613
9054305c6
905ef057a
9069b052d
9074704e0
907f30494
9089f0447
9094b03fa
909fb03ae
90aa70361
90b570315
90c0302c8
90cb3027c
90d5f022f
90e0f01e3
90ebb0197
90f6b014a
9101b00fe
910cb00b2
9117b0066
9122b0019
912daffcd
9138aff81
9143aff35
914eafee9
9159afe9d
9164afe51
916fefe05
917aefdb9
9185efd6d
91912fd21
919c2fcd5
91a76fc89
91b2afc3d
91bdafbf2
91c8efba6
91d42fb5a
91df2fb0e
91ea6fac3
91f5afa77
9200efa2c
920c2f9e0
92176f994
9222af949
922e2f8fd
92396f8b2
9244af867
924fef81b
925b6f7d0
9266af784
92722f739
927d6f6ee
9288ef6a3
92942f657
929faf60c
92ab2f5c1
92b66f576
92c1ef52b
92cd6f4e0
92d8ef495
92e46f44a
92efef3ff
92fb6f3b4
9306ef369
93126f31e
931e2f2d3
9329af288
93352f23e
9340ef1f3
934c6f1a8
9357ef15e
9363af113
936f6f0c8
937aef07e
9386af033
93926efe9
939deef9e
93a9aef54
93b56ef09
93c12eebf
93cceee74
93d8aee2a
93e46ede0
93f02ed95
93fbeed4b
9407aed01
9413aecb7
941f6ec6d
942b2ec23
94372ebd8
9442eeb8e
944eeeb44
945aaeafa
9466aeab0
9472aea66
947e6ea1d
948a6e9d3
94966e989
94a26e93f
94ae6e8f5
94ba6e8ac
94c66e862
94d26e818
94de6e7cf
94ea6e785
94f66e73b
9502ae6f2
950eae6a8
951aae65f
9526ee615
9532ee5cc
953f2e583
954b2e539
95576e4f0
95636e4a7
956fae45d
957bee414
95882e3cb
95946e382
95a06e339
95acae2f0
95b8ee2a7
95c52e25e
95d1ae215
95ddee1cc
95ea2e183
95f66e13a
9602ae0f1
960f2e0a8
961b6e05f
9627ee017
96342dfce
9640adf85
964cedf3d
96596def4
9665edeab
96722de63
967eade1a
968b2ddd2
9697add89
96a42dd41
96b0adcf8
96bd2dcb0
96c9adc68
96d62dc20
96e2adbd7
96ef2db8f
96fbedb47
97086daff
9714edab7
9721ada6e
972e2da26
973aed9de
97476d996
97542d94e
9760ad907
976d6d8bf
977a2d877
9786ed82f
9793ad7e7
97a02d7a0
97aced758
97b9ad710
97c66d6c8
97d36d681
97e02d639
97eced5f2
97f9ad5aa
98066d563
98136d51b
98202d4d4
982ced48d
9839ed445
9846ad3fe
9853ad3b7
9860ad36f
986d6d328
987a6d2e1
98876d29a
98946d253
98a12d20c
98ae2d1c5
98bb2d17e
98c82d137
98d52d0f0
98e22d0a9
98ef6d062
98fc6d01b
99096cfd5
99166cf8e
9923acf47
9930acf01
993daceba
994aece73
9957ece2d
99652cde6
99726cda0
997f6cd59
998cacd13
9999ecccc
99a72cc86
99b42cc40
99c16cbf9
99ceacbb3
99dbecb6d
99e92cb27
99f66cae1
9a03aca9b
9a112ca54
9a1e6ca0e
9a2bac9c8
9a38ec982
9a466c93d
9a53ac8f7
9a612c8b1
9a6e6c86b
9a7bec825
9a892c7df
9a96ac79a
9aa42c754
9ab16c70e
9abeec6c9
9acc6c683
9ad9ec63e
9ae76c5f8
9af4ec5b3
9b026c56d
9b0fec528
9b1d6c4e3
9b2aec49d
9b386c458
9b462c413
9b53ac3ce
9b612c388
9b6eec343
9b7c6c2fe
9b8a2c2b9
9b97ac274
9ba56c22f
9bb2ec1ea
9bc0ac1a5
9bce6c160
9bdc2c11c
9be9ac0d7
9bf76c092
9c052c04d
9c12ec009
9c20abfc4
9c2e6bf7f
9c3c2bf3b
9c49ebef6
9c57abeb2
9c65abe6d
9c736be29
9c812bde4
9c8f2bda0
9c9cebd5c
9caaebd17
9cb8abcd3
9cc6abc8f
9cd46bc4b
9ce26bc07
9cf02bbc3
9cfe2bb7f
9d0c2bb3b
9d1a2baf7
9d282bab3
9d362ba6f
9d442ba2b
9d522b9e7
9d602b9a3
9d6e2b95f
9d7c2b91c
9d8a2b8d8
9d982b894
9da66b851
9db46b80d
9dc26b7ca
9dd0ab786
9ddeab743
9deceb6ff
9dfaeb6bc
9e092b679
9e172b635
9e256b5f2
9e33ab5af
9e41eb56c
9e4feb528
9e5e2b4e5
9e6c6b4a2
9e7aab45f
9e88eb41c
9e972b3d9
9ea56b396
9eb3ab353
9ec22b311
9ed06b2ce
9edeab28b
9eeceb248
9efb6b206
9f09ab1c3
9f182b180
9f266b13e
9f34eb0fb
9f432b0b9
9f51ab076
9f5feb034
9f6e6aff1
9f7ceafaf
9f8b6af6d
9f99eaf2a
9fa82aee8
9fb6aaea6
9fc52ae64
9fd3aae22
9fe22ade0
9ff0ead9e
9fff6ad5c
a00dead1a
a01c6acd8
a02aeac96
a039aac54
a0482ac12
a056eabd1
a0656ab8f
a0742ab4d
a082aab0c
a0916aaca
a09feaa88
a0aeaaa47
a0bd6aa05
a0cc2a9c4
a0daaa982
a0e96a941
a0f82a900
a106ea8bf
a115aa87d
a1246a83c
a1332a7fb
a141ea7ba
a150ea779
a15faa738
a16e6a6f7
a17d2a6b6
a18c2a675
a19aea634
a1a9aa5f3
a1b8aa5b2
a1c76a571
a1d66a531
a1e56a4f0
a1f42a4af
a2032a46f
a2122a42e
a2212a3ee
a22fea3ad
a23eea36d
a24dea32c
a25cea2ec
a26bea2ac
a27aea26b
a289ea22b
a298ea1eb
a2a7ea1ab
a2b72a16a
a2c62a12a
a2d52a0ea
a2e46a0aa
a2f36a06a
a3026a02a
a311a9feb
a320a9fab
a32fe9f6b
a33f29f2b
a34e29eeb
a35d69eac
a36ca9e6c
a37ba9e2d
a38ae9ded
a39a29dad
a3a969d6e
a3b8a9d2f
a3c7e9cef
a3d729cb0
a3e669c70
a3f5a9c31
a404e9bf2
a41429bb3
a423a9b74
a432e9b35
a44229af5
a451a9ab6
a460e9a77
a47029a38
a47fa99fa
a48ee99bb
a49e6997c
a4ade993d
a4bd298fe
a4cca98c0
a4dc29881
a4eb69842
a4fae9804
a50a697c5
a519e9787
a52969748
a538e970a
a548696cc
a557e968d
a5676964f
a576e9611
a586a95d3
a59629594
a5a5a9556
a5b569518
a5c4e94da
a5d46949c
a5e42945e
a5f3a9420
a603693e2
a612e93a5
a622a9367
a63269329
a641e92eb
a651a92ae
a66169270
a67129233
a680e91f5
a690691b8
a6a02917a
a6afe913d
a6bfa90ff
a6cfa90c2
a6df69085
a6ef29048
a6fee900a
a70ea8fcd
a71ea8f90
a72e68f53
a73e28f16
a74e28ed9
a75de8e9c
a76de8e5f
a77da8e22
a78da8de6
a79d68da9
a7ad68d6c
a7bd68d2f
a7cd28cf3
a7dd28cb6
a7ed28c7a
a7fd28c3d
a80d28c01
a81d28bc4
a82ce8b88
a83d28b4c
a84d28b0f
a85d28ad3
a86d28a97
a87d28a5b
a88d28a1f
a89d289e3
a8ad689a6
a8bd6896a
a8cd6892f
a8dda88f3
a8eda88b7
a8fde887b
a90de883f
a91e28803
a92e687c8
a93e6878c
a94ea8751
a95ee8715
a96ee86d9
a97f2869e
a98f68663
a99fa8627
a9afe85ec
a9c0285b1
a9d068575
a9e0a853a
a9f0e84ff
aa01284c4
aa1168489
aa21e844e
aa3228413
aa42683d8
aa52a839d
aa6328362
aa7368327
aa83e82ec
aa94282b2
aaa4a8277
aab4e823c
aac568202
aad5e81c7
aae62818d
aaf6a8152
ab0728118
ab17a80dd
ab27e80a3
ab3868069
ab48e802f
ab5967ff4
ab69e7fba
ab7a67f80
ab8ae7f46
ab9b67f0c
abac27ed2
abbca7e98
abcd27e5e
abdda7e24
abee67deb
abfee7db1
ac0f67d77
ac2027d3e
ac30a7d04
ac4167cca
ac51e7c91
ac62a7c57
ac7327c1e
ac83e7be4
ac94a7bab
aca567b72
acb5e7b39
acc6a7aff
acd767ac6
ace827a8d
acf8e7a54
ad09a7a1b
ad1a679e2
ad2b279a9
ad3be7970
ad4ca7937
ad5d678fe
ad6e278c6
ad7f2788d
ad8fe7854
ada0a781c
adb1a77e3
adc2677ab
add327772
ade42773a
adf4e7701
ae05e76c9
ae16a7690
ae27a7658
ae38a7620
ae49675e8
ae5a675b0
ae6b67578
ae7c67540
ae8d27508
ae9e274d0
aeaf27498
aec027460
aed127428
aee2273f0
aef3273b9
af0427381
af1567349
af2667312
af37672da
af48672a3
af596726b
af6aa7234
af7ba71fc
af8ce71c5
af9de718e
afaee7157
afc02711f
afd1670e8
afe2670b1
aff3a707a
b004a7043
b015e700c
b02726fd5
b03866f9f
b04966f68
b05aa6f31
b06be6efa
b07d26ec4
b08e66e8d
b09fa6e56
b0b0e6e20
b0c226de9
b0d366db3
b0e4a6d7d
b0f5e6d46
b10766d10
b118a6cda
b129e6ca3
b13b66c6d
b14ca6c37
b15de6c01
b16f66bcb
b180a6b95
b19226b5f
b1a366b29
b1b4e6af4
b1c626abe
b1d7a6a88
b1e926a52
b1fa66a1d
b20be69e7
b21d669b2
b22ee697c
b24066947
b251e6911
b263268dc
b274a68a7
b28626871
b297e683c
b2a966807
b2bae67d2
b2cc6679d
b2dde6768
b2ef66733
b300e66fe
b312a66c9
b32426694
b335a665f
b3476662a
b358e65f6
b36aa65c1
b37c2658c
b38de6558
b39f66523
b3b1264ef
b3c2e64ba
b3d466486
b3e626452
b3f7e641e
b409a63e9
b41b263b5
b42ce6381
b43ea634d
b45066319
b462262e5
b473e62b1
b485a627d
b49766249
b4a926215
b4bae61e2
b4cca61ae
b4dea617a
b4f066147
b50226113
b513e60e0
b525e60ac
b537a6079
b549a6045
b55b66012
b56d25fdf
b57f25fac
b59125f78
b5a2e5f45
b5b4e5f12
b5c6a5edf
b5d8a5eac
b5eaa5e79
b5fca5e46
b60e65e13
b62065de1
b63265dae
b64465d7b
b65665d49
b66865d16
b67a65ce3
b68c65cb1
b69e65c7e
b6b065c4c
b6c265c1a
b6d465be7
b6e665bb5
b6f8a5b83
b70aa5b51
b71ca5b1f
b72ea5aed
b740e5abb
b752e5a89
b76525a57
b77725a25
b789659f3
b79b659c1
b7ada598f
b7bfa595e
b7d1e592c
b7e4258fb
b7f6258c9
b80865898
b81aa5866
b82ce5835
b83ee5803
b851257d2
b863657a1
b875a5770
b887e573f
b89a2570d
b8ac656dc
b8bea56ab
b8d0e567b
b8e32564a
b8f565619
b907e55e8
b91a255b7
b92c65587
b93ea5556
b95125525
b963654f5
b975a54c4
b98825494
b99a65463
b9ace5433
b9bf25403
b9d1a53d2
b9e3e53a2
b9f665372
ba08e5342
ba1b25312
ba2da52e2
ba40252b2
ba52a5282
ba64e5252
ba7765222
ba89e51f3
ba9c651c3
baaee5193
bac165164
bad3e5134
bae665105
baf8e50d5
bb0b650a6
bb1de5076
bb3065047
bb4325018
bb55a4fe9
bb6824fb9
bb7aa4f8a
bb8d64f5b
bb9fe4f2c
bbb264efd
bbc524ece
bbd7a4e9f
bbea64e71
bbfce4e42
bc0fa4e13
bc2224de4
bc34e4db6
bc47a4d87
bc5a24d59
bc6ce4d2a
bc7fa4cfc
bc9224cce
bca4e4c9f
bcb7a4c71
bcca64c43
bcdd24c15
bcefe4be6
bd02a4bb8
bd1524b8a
bd2824b5c
bd3ae4b2f
bd4da4b01
bd6064ad3
bd7324aa5
bd85e4a77
bd98a4a4a
bdab64a1c
bdbe649ef
bdd1249c1
bde3e4994
bdf6e4966
be09a4939
be1c6490c
be2f648de
be42248b1
be5524884
be67e4857
be7ae482a
be8da47fd
bea0a47d0
beb3a47a3
bec664776
bed964749
beec6471c
beff246f0
bf12246c3
bf2524697
bf382466a
bf4b2463e
bf5e24611
bf71245e5
bf84245b8
bf972458c
bfaa24560
bfbd24534
bfd024507
bfe3244db
bff6244af
c00924483
c01c24457
c02f6442c
c04264400
c055643d4
c068a43a8
c07ba437d
c08ea4351
c0a1e4325
c0b4e42fa
c0c8242ce
c0db242a3
c0ee64278
c1016424c
c114a4221
c127a41f6
c13ae41cb
c14e241a0
c16164174
c17464149
c187a411e
c19ae40f4
c1ae240c9
c1c12409e
c1d464073
c1e7a4048
c1fae401e
c20e23ff3
c22163fc9
c234a3f9e
c247e3f74
c25b23f49
c26e63f1f
c281e3ef5
c29523eca
c2a863ea0
c2bba3e76
c2cee3e4c
c2e263e22
c2f5a3df8
c308e3dce
c31c63da4
c32fa3d7a
c342e3d51
c35663d27
c369a3cfd
c37d23cd4
c39063caa
c3a3e3c81
c3b763c57
c3caa3c2e
c3de23c04
c3f163bdb
c404e3bb2
c41863b89
c42be3b60
c43f23b36
c452a3b0d
c46623ae4
c479a3abc
c48d23a93
c4a0a3a6a
c4b423a41
c4c7a3a18
c4db239f0
c4eea39c7
c5022399e
c515a3976
c5292394d
c53ca3925
c550238fd
c563a38d4
c577638ac
c58ae3884
c59e6385c
c5b1e3834
c5c5a380c
c5d9237e4
c5eca37bc
c60063794
c613e376c
c627a3744
c63b2371d
c64ee36f5
c662636cd
c676236a6
c689a367e
c69d63657
c6b12362f
c6c4a3608
c6d8635e1
c6ec235b9
c6ffa3592
c7136356b
c72723544
c73ae351d
c74ea34f6
c762634cf
c775e34a8
c789a3481
c79d6345a
c7b123434
c7c4e340d
c7d8a33e6
c7ec633c0
c80063399
c81423373
c827e334d
c83ba3326
c84f63300
c863232da
c877232b3
c88ae328d
c89ea3267
c8b263241
c8c66321b
c8da231f5
c8ee231cf
c901e31aa
c915a3184
c929a315e
c93d63138
c95163113
c965230ed
c979230c8
c98d230a2
c9a0e307d
c9b4e3058
c9c8e3032
c9dca300d
c9f0a2fe8
ca04a2fc3
ca18a2f9e
ca2c62f79
ca4062f54
ca5462f2f
ca6862f0a
ca7c62ee5
ca9062ec0
caa462e9c
cab862e77
cacc62e52
cae062e2e
caf462e09
cb0862de5
cb1c62dc1
cb3062d9c
cb4462d78
cb5862d54
cb6c62d30
cb80a2d0c
cb94a2ce8
cba8a2cc4
cbbca2ca0
cbd0e2c7c
cbe4e2c58
cbf8e2c34
cc0d22c10
cc2122bed
cc3562bc9
cc4962ba6
cc5da2b82
cc71a2b5f
cc85e2b3b
cc99e2b18
ccae22af4
ccc222ad1
ccd662aae
cceaa2a8b
ccfea2a68
cd12e2a45
cd2722a22
cd3b229ff
cd4f629dc
cd63a29b9
cd77e2997
cd8c22974
cda022951
cdb46292f
cdc8a290c
cddce28ea
cdf1228c7
ce05628a5
ce19a2882
ce2de2860
ce422283e
ce566281c
ce6aa27fa
ce7ee27d8
ce93227b6
cea7a2794
cebbe2772
ced022750
cee46272e
cef8a270d
cf0d226eb
cf21626c9
cf35a26a8
cf4a22686
cf5e62665
cf72a2643
cf8722622
cf9b62601
cfafe25df
cfc4225be
cfd8a259d
cfece257c
d0016255b
d015a253a
d02a22519
d03e624f8
d052e24d8
d067624b7
d07ba2496
d09022476
d0a4a2455
d0b922434
d0cd62414
d0e1e23f4
d0f6623d3
d10ae23b3
d11f62393
d133a2373
d14822352
d15ca2332
d17122312
d185a22f2
d19a222d2
d1aea22b3
d1c322293
d1d7a2273
d1ec22253
d200a2234
d21522214
d229a21f5
d23e621d5
d252e21b6
d26762196
d27be2177
d29062158
d2a522139
d2b9a2119
d2ce220fa
d2e2a20db
d2f7620bc
d30be209d
d3206207f
d33522060
d349a2041
d35e62022
d372e2004
d387a1fe5
d39c21fc6
d3b0e1fa8
d3c561f8a
d3da21f6b
d3eea1f4d
d40361f2f
d41821f10
d42ca1ef2
d44161ed4
d45621eb6
d46aa1e98
d47f61e7a
d49421e5c
d4a8a1e3f
d4bd61e21
d4d221e03
d4e6e1de5
d4fba1dc8
d51061daa
d524e1d8d
d539a1d6f
d54e61d52
d56321d35
d577e1d18
d58ca1cfa
d5a161cdd
d5b621cc0
d5cae1ca3
d5dfa1c86
d5f461c69
d60921c4c
d61de1c2f
d632e1c13
d647a1bf6
d65c61bd9
d67121bbd
d685e1ba0
d69ae1b84
d6afa1b67
d6c461b4b
d6d921b2f
d6ee21b12
d702e1af6
d717a1ada
d72ca1abe
d74161aa2
d75621a86
d76b21a6a
d77fe1a4e
d794e1a32
d7a9a1a17
d7bea19fb
d7d3619df
d7e8619c4
d7fd219a8
d8122198d
d826e1971
d83be1956
d850e193b
d865a191f
d87aa1904
d88fa18e9
d8a4618ce
d8b9618b3
d8ce61898
d8e36187d
d8f821862
d90d21848
d9222182d
d93721812
d94c217f7
d960e17dd
d975e17c2
d98ae17a8
d99fe178e
d9b4e1773
d9c9e1759
d9dee173f
d9f3e1724
da08e170a
da1de16f0
da32e16d6
da47e16bc
da5ce16a2
da71e1689
da86e166f
da9be1655
dab12163b
dac621622
dadb21608
daf0215ef
db05215d5
db1a215bc
db2f615a3
db4461589
db5961570
db6ea1557
db83a153e
db98a1525
dbada150c
dbc2e14f3
dbd7e14da
dbed214c1
dc02214a8
dc1721490
dc2c61477
dc416145e
dc56a1446
dc6ba142d
dc80e1415
dc95e13fd
dcab213e4
dcc0213cc
dcd5613b4
dceaa139c
dcffa1384
dd14e136c
dd29e1354
dd3f2133c
dd5461324
dd696130c
dd7ea12f4
dd93e12dd
dda9212c5
ddbe212ae
ddd361296
dde8a127f
ddfde1267
de12e1250
de2821239
de3d61221
de52a120a
de67e11f3
de7d211dc
de92611c5
dea7a11ae
debce1197
ded1e1180
dee72116a
defc61153
df11a113c
df26e1126
df3c2110f
df51610f8
df66e10e2
df7c210cc
df91610b5
dfa6a109f
dfbbe1089
dfd121073
dfe66105d
dffba1047
e01121031
e0266101b
e03ba1005
e050e0fef
e06620fd9
e07ba0fc4
e090e0fae
e0a620f98
e0bb60f83
e0d0e0f6d
e0e620f58
e0fb60f43
e110e0f2d
e12620f18
e13ba0f03
e150e0eee
e16620ed9
e17ba0ec4
e190e0eaf
e1a660e9a
e1bba0e85
e1d120e70
e1e660e5c
e1fbe0e47
e21120e32
e226a0e1e
e23be0e09
e25160df5
e266a0de1
e27c20dcc
e29160db8
e2a6e0da4
e2bc60d90
e2d1a0d7c
e2e720d68
e2fca0d54
e311e0d40
e32760d2c
e33ce0d18
e35260d04
e367a0cf1
e37d20cdd
e392a0cc9
e3a820cb6
e3bd60ca3
e3d2e0c8f
e3e860c7c
e3fde0c69
e41360c55
e428a0c42
e43e20c2f
e453a0c1c
e46920c09
e47ea0bf6
e49420be3
e4a9a0bd0
e4bf20bbe
e4d4a0bab
e4ea20b98
e4ffa0b86
e51520b73
e52aa0b61
e54020b4e
e555a0b3c
e56b20b2a
e580a0b17
e59620b05
e5aba0af3
e5c120ae1
e5d6a0acf
e5ec20abd
e601a0aab
e61760a99
e62ce0a88
e64260a76
e657e0a64
e66d60a53
e682e0a41
e698a0a30
e6ae20a1e
e6c3a0a0d
e6d9209fb
e6eee09ea
e704609d9
e719e09c8
e72f609b7
e745209a6
e75aa0995
e77020984
e785e0973
e79b60962
e7b0e0951
e7c6a0941
e7dc20930
e7f1a0920
e8076090f
e81ce08ff
e832a08ee
e848208de
e85de08ce
e873608bd
e889208ad
e89ea089d
e8b46088d
e8c9e087d
e8dfa086d
e8f52085d
e90ae084e
e9206083e
e9362082e
e94ba081f
e9616080f
e976e07ff
e98ca07f0
e9a2607e1
e9b7e07d1
e9cda07c2
e9e3207b3
e9f8e07a4
ea0ea0794
ea2420785
ea39e0776
ea4fa0767
ea6560759
ea7ae074a
ea90a073b
eaa66072c
eabbe071e
ead1a070f
eae760701
eafd206f2
eb12a06e4
eb28606d5
eb3e206c7
eb53e06b9
eb69a06ab
eb7f2069c
eb94e068e
ebaaa0680
ebc060672
ebd620665
ebebe0657
ec01a0649
ec172063b
ec2ce062e
ec42a0620
ec5860613
ec6e20605
ec83e05f8
ec99a05ea
ecaf605dd
ecc5205d0
ecdae05c3
ecf0a05b5
ed06605a8
ed1c2059b
ed31e058e
ed47a0581
ed5d60575
ed7320568
ed88e055b
ed9ea054e
edb460542
edca20535
eddfe0529
edf5a051c
ee0b60510
ee2160504
ee37204f7
ee4ce04eb
ee62a04df
ee78604d3
ee8e204c7
eea3e04bb
eeb9a04af
eecfa04a3
eee560498
eefb2048c
ef10e0480
ef26a0475
ef3ca0469
ef526045e
ef6820452
ef7de0447
ef93a043b
efa9a0430
efbf60425
efd52041a
efeae040f
f000e0404
f016a03f9
f02c603ee
f042603e3
f058203d8
f06de03cd
f083a03c3
f099a03b8
f0af603ae
f0c5203a3
f0db20399
f0f0e038e
f106e0384
f11ca037a
f13260370
f14860365
f15e2035b
f173e0351
f189e0347
f19fa033d
f1b5a0334
f1cb6032a
f1e120320
f1f720316
f20ce030d
f222e0303
f238a02fa
f24ea02f0
f264602e7
f27a602de
f290202d4
f2a6202cb
f2bbe02c2
f2d1e02b9
f2e7a02b0
f2fda02a7
f3136029e
f32960295
f33f2028c
f35520284
f36ae027b
f380e0272
f396a026a
f3aca0261
f3c260259
f3d860250
f3ee60248
f40420240
f41a20238
f42fe022f
f445e0227
f45ba021f
f471a0217
f487a020f
f49d60208
f4b360200
f4c9601f8
f4df201f0
f4f5201e9
f50ae01e1
f520e01da
f536e01d2
f54ca01cb
f562a01c4
f578a01bc
f58e601b5
f5a4601ae
f5ba601a7
f5d0201a0
f5e620199
f5fc20192
f611e018b
f627e0184
f63de017e
f653e0177
f669a0170
f67fa016a
f695a0163
f6ab6015d
f6c160156
f6d760150
f6ed6014a
f70320144
f7192013d
f72f20137
f74520131
f75ae012b
f770e0125
f786e0120
f79ce011a
f7b2e0114
f7c8a010e
f7dea0109
f7f4a0103
f80aa00fe
f820600f8
f836600f3
f84c600ee
f862600e8
f878600e3
f88e600de
f8a4200d9
f8ba200d4
f8d0200cf
f8e6200ca
f8fc200c5
f911e00c0
f927e00bc
f93de00b7
f953e00b2
f969e00ae
f97fe00a9
f995e00a5
f9aba00a0
f9c1a009c
f9d7a0098
f9eda0094
fa03a008f
fa19a008b
fa2fa0087
fa4560083
fa5b6007f
fa716007c
fa8760078
fa9d60074
fab360070
fac96006d
fadf60069
faf560066
fb0b20062
fb212005f
fb372005c
fb4d20058
fb6320055
fb7920052
fb8f2004f
fba52004c
fbbb20049
fbd120046
fbe720043
fbfce0040
fc12e003e
fc28e003b
fc3ee0038
fc54e0036
fc6ae0033
fc80e0031
fc96e002f
fcace002c
fcc2e002a
fcd8e0028
fceee0026
fd04e0024
fd1ae0022
fd30e0020
fd46a001e
fd5ca001c
fd72a001a
fd88a0018
fd9ea0017
fdb4a0015
fdcaa0014
fde0a0012
fdf6a0011
fe0ca000f
fe22a000e
fe38a000d
fe4ea000b
fe64a000a
fe7aa0009
fe90a0008
fea6a0007
febca0006
fed2a0006
fee8a0005
fefea0004
ff14a0003
ff2a60003
ff4060002
ff5660002
ff6c60001
ff8260001
ff9860001
ffae60001
ffc460001
ffda60001
fff060001
660001
1c60001
3260001
4860001
5e60001
7460001
8a60001
a060002
b660002
cc60003
e260003
f860004
10e60004
12460005
13a60006
15060007
16660008
17c20009
1922000a
1a82000b
1be2000c
1d42000d
1ea2000f
20020010
21620011
22c20013
24220014
25820016
26e20018
28420019
29a2001b
2b02001d
2c62001f
2dc20021
2f220023
30820025
31e20027
333e0029
349e002b
35fe002e
375e0030
38be0032
3a1e0035
3b7e0037
3cde003a
3e3e003d
3f9e003f
40fe0042
425e0045
43be0048
451e004b
467a004e
47da0051
493a0054
4a9a0057
4bfa005a
4d5a005e
4eba0061
501a0064
517a0068
52da006b
5436006f
55960072
56f60076
5856007a
59b6007e
5b160082
5c760086
5dd6008a
5f32008e
60920092
61f20096
6352009a
64b2009e
661200a3
677200a7
68d200ac
6a2e00b0
6b8e00b5
6cee00ba
6e4e00be
6fae00c3
710e00c8
726a00cd
73ca00d2
752a00d7
768a00dc
77ea00e1
794600e6
7aa600eb
7c0600f1
7d6600f6
7ec600fb
80220101
81820106
82e2010c
84420112
85a20117
86fe011d
885e0123
89be0129
8b1e012f
8c7a0135
8dda013b
8f3a0141
909a0147
91f6014d
93560154
94b6015a
96160160
97720167
98d2016d
9a320174
9b92017b
9cee0181
9e4e0188
9fae018f
a10a0196
a26a019d
a3ca01a4
a52601ab
a68601b2
a7e601b9
a94201c0
aaa201c8
ac0201cf
ad5e01d6
aebe01de
b01e01e5
b17a01ed
b2da01f5
b43a01fc
b5960204
b6f6020c
b8520214
b9b2021c
bb120224
bc6e022c
bdce0234
bf2a023c
c08a0244
c1ea024d
c3460255
c4a6025e
c6020266
c762026f
c8be0277
ca1e0280
cb7a0289
ccda0291
ce36029a
cf9602a3
d0f202ac
d25202b5
d3ae02be
d50e02c7
d66a02d0
d7ca02da
d92602e3
da8602ec
dbe202f6
dd4202ff
de9e0309
dffe0312
e15a031c
e2b60326
e416032f
e5720339
e6d20343
e82e034d
e98e0357
eaea0361
ec46036b
eda60375
ef020380
f05e038a
f1be0394
f31a039f
f47603a9
f5d603b4
f73203be
f88e03c9
f9ee03d4
fb4a03de
fca603e9
fe0603f4
ff6203ff
100be040a
1021a0415
1037a0420
104d6042b
106320437
1078e0442
108ee044d
10a4a0459
10ba60464
10d020470
10e5e047b
10fbe0487
1111a0493
11276049e
113d204aa
1152e04b6
1168e04c2
117ea04ce
1194604da
11aa204e6
11bfe04f2
11d5a04fe
11eb6050b
120120517
1216e0523
122ce0530
1242a053c
125860549
126e20556
1283e0562
1299a056f
12af6057c
12c520589
12dae0596
12f0a05a3
1306605b0
131c205bd
1331e05ca
1347a05d7
135d605e5
1373205f2
1388e05ff
139ea060d
13b42061a
13c9e0628
13dfa0635
13f560643
140b20651
1420e065f
1436a066d
144c6067a
1461e0688
1477a0696
148d606a5
14a3206b3
14b8e06c1
14cea06cf
14e4206de
14f9e06ec
150fa06fa
152560709
153ae0717
1550a0726
156660735
157c20743
1591a0752
15a760761
15bd20770
15d2a077f
15e86078e
15fe2079d
1613a07ac
1629607bb
163f207cb
1654a07da
166a607e9
167fe07f9
1695a0808
16ab60818
16c0e0827
16d6a0837
16ec20847
1701e0857
171760866
172d20876
1742a0886
175860896
176de08a6
1783a08b7
1799208c7
17aee08d7
17c4608e7
17da208f8
17efa0908
180520919
181ae0929
18306093a
18462094a
185ba095b
18712096c
1886e097d
189c6098d
18b1e099e
18c7a09af
18dd209c0
18f2a09d2
1908609e3
191de09f4
193360a05
1948e0a17
195e60a28
197420a3a
1989a0a4b
199f20a5d
19b4a0a6e
19ca20a80
19dfe0a92
19f560aa4
1a0ae0ab5
1a2060ac7
1a35e0ad9
1a4b60aeb
1a60e0afd
1a7660b10
1a8be0b22
1aa160b34
1ab6e0b46
1acc60b59
1ae1e0b6b
1af760b7e
1b0ce0b90
1b2260ba3
1b37e0bb6
1b4d60bc8
1b62e0bdb
1b7860bee
1b8de0c01
1ba360c14
1bb8e0c27
1bce60c3a
1be3e0c4d
1bf920c60
1c0ea0c74
1c2420c87
1c39a0c9a
1c4f20cae
1c6460cc1
1c79e0cd5
1c8f60ce8
1ca4e0cfc
1cba20d10
1ccfa0d23
1ce520d37
1cfaa0d4b
1d0fe0d5f
1d2560d73
1d3ae0d87
1d5020d9b
1d65a0daf
1d7ae0dc4
1d9060dd8
1da5e0dec
1dbb20e01
1dd0a0e15
1de5e0e2a
1dfb60e3e
1e10a0e53
1e2620e68
1e3b60e7c
1e50e0e91
1e6620ea6
1e7ba0ebb
1e90e0ed0
1ea620ee5
1ebba0efa
1ed0e0f0f
1ee660f24
1efba0f3a
1f10e0f4f
1f2660f64
1f3ba0f7a
1f50e0f8f
1f6660fa5
1f7ba0fba
1f90e0fd0
1fa620fe6
1fbba0ffc
1fd0e1011
1fe621027
1ffb6103d
2010a1053
2025e1069
203b6107f
2050a1096
2065e10ac
207b210c2
2090610d8
20a5a10ef
20bae1105
20d02111c
20e561132
20faa1149
210fe1160
212521177
213a6118d
214fa11a4
2164e11bb
217a211d2
218f611e9
21a4a1200
21b9a1217
21cee122f
21e421246
21f96125d
220ea1275
2223e128c
2238e12a3
224e212bb
2263612d3
2278a12ea
228da1302
22a2e131a
22b821332
22cd21349
22e261361
22f7a1379
230ca1391
2321e13aa
2336e13c2
234c213da
2361213f2
23766140b
238b61423
23a0a143b
23b5a1454
23cae146d
23dfe1485
23f52149e
240a214b7
241f614cf
2434614e8
244961501
245ea151a
2473a1533
2488a154c
249de1565
24b2e157f
24c7e1598
24dce15b1
24f2215ca
2507215e4
251c215fd
253121617
254621630
255b6164a
257061664
25856167e
259a61697
25af616b1
25c4616cb
25d9616e5
25ee616ff
260361719
261861733
262d6174e
264261768
265761782
266c6179d
2681617b7
2696617d2
26ab617ec
26c021807
26d521821
26ea2183c
26ff21857
271421872
2728e188d
273de18a7
2752e18c2
2767a18de
277ca18f9
2791a1914
27a66192f
27bb6194a
27d061966
27e521981
27fa2199c
280ee19b8
2823e19d4
2838a19ef
284da1a0b
286261a27
287761a42
288c21a5e
28a121a7a
28b5e1a96
28cae1ab2
28dfa1ace
28f461aea
290961b06
291e21b23
2932e1b3f
2947e1b5b
295ca1b78
297161b94
298621bb1
299ae1bcd
29afe1bea
29c4a1c06
29d961c23
29ee21c40
2a02e1c5d
2a17a1c7a
2a2c61c97
2a4121cb4
2a55e1cd1
2a6aa1cee
2a7f61d0b
2a9421d28
2aa8e1d46
2abda1d63
2ad261d80
2ae721d9e
2afbe1dbb
2b10a1dd9
2b2521df6
2b39e1e14
2b4ea1e32
2b6361e50
2b7821e6d
2b8ca1e8b
2ba161ea9
2bb621ec7
2bcaa1ee5
2bdf61f04
2bf421f22
2c08a1f40
2c1d61f5e
2c31e1f7d
2c46a1f9b
2c5b21fb9
2c6fe1fd8
2c8461ff6
2c9922015
2cada2034
2cc262053
2cd6e2071
2ceba2090
2d00220af
2d14a20ce
2d29620ed
2d3de210c
2d526212b
2d66e214a
2d7ba216a
2d9022189
2da4a21a8
2db9221c8
2dcda21e7
2de262207
2df6e2226
2e0b62246
2e1fe2265
2e3462285
2e48e22a5
2e5d622c5
2e71e22e5
2e8662305
2e9ae2325
2eaf62345
2ec3e2365
2ed822385
2eeca23a5
2f01223c5
2f15a23e6
2f2a22406
2f3e62427
2f52e2447
2f6762468
2f7be2488
2f90224a9
2fa4a24ca
2fb9224ea
2fcd6250b
2fe1e252c
2ff62254d
300aa256e
301ee258f
3033625b0
3047a25d1
305c225f2
307062614
3084e2635
309922656
30ad62678
30c1e2699
30d6226bb
30ea626dc
30fee26fe
311322720
312762742
313ba2763
315022785
3164627a7
3178a27c9
318ce27eb
31a12280d
31b56282f
31c9a2851
31dde2874
31f222896
3206628b8
321aa28db
322ee28fd
324322920
325762942
326ba2965
327fe2988
3293e29aa
32a8229cd
32bc629f0
32d0a2a13
32e4a2a36
32f8e2a59
330d22a7c
332162a9f
333562ac2
3349a2ae5
335da2b09
3371e2b2c
3385e2b4f
339a22b73
33ae22b96
33c262bba
33d662bdd
33eaa2c01
33fea2c25
3412a2c49
3426e2c6c
343ae2c90
344ee2cb4
346322cd8
347722cfc
348b22d20
349f22d44
34b362d69
34c762d8d
34db62db1
34ef62dd5
350362dfa
351762e1e
352b62e43
353f62e67
355362e8c
356762eb1
357b62ed5
358f62efa
35a362f1f
35b762f44
35cb22f69
35df22f8e
35f322fb3
360722fd8
361b22ffd
362ee3022
3642e3048
3656e306d
366aa3092
367ea30b8
3692630dd
36a663103
36ba63128
36ce2314e
36e1e3174
36f5e3199
3709a31bf
371da31e5
37316320b
374563231
375923257
376ce327d
3780a32a3
3794a32c9
37a8632ef
37bc23316
37cfe333c
37e3a3362
37f7a3389
380b633af
381f233d6
3832e33fd
3846a3423
385a6344a
386e23471
3881e3497
3895a34be
38a9234e5
38bce350c
38d0a3533
38e46355a
38f823581
390be35a9
391f635d0
3933235f7
3946e361e
395a63646
396e2366d
3981e3695
3995636bc
39a9236e4
39bca370c
39d063733
39e3e375b
39f7a3783
3a0b237ab
3a1ea37d3
3a32637fb
3a45e3823
3a596384b
3a6d23873
3a80a389b
3a94238c3
3aa7a38eb
3abb63914
3acee393c
3ae263965
3af5e398d
3b09639b6
3b1ce39de
3b3063a07
3b43e3a30
3b5763a58
3b6ae3a81
3b7e63aaa
3b91e3ad3
3ba523afc
3bb8a3b25
3bcc23b4e
3bdfa3b77
3bf323ba0
3c0663bc9
3c19e3bf3
3c2d63c1c
3c40a3c45
3c5423c6f
3c6763c98
3c7ae3cc2
3c8e23cec
3ca1a3d15
3cb4e3d3f
3cc863d69
3cdba3d92
3cef23dbc
3d0263de6
3d15a3e10
3d2923e3a
3d3c63e64
3d4fa3e8e
3d62e3eb8
3d7623ee3
3d89a3f0d
3d9ce3f37
3db023f62
3dc363f8c
3dd6a3fb6
3de9e3fe1
3dfd2400c
3e1064036
3e23a4061
3e36e408c
3e49e40b6
3e5d240e1
3e706410c
3e83a4137
3e96e4162
3ea9e418d
3ebd241b8
3ed0641e3
3ee36420e
3ef6a423a
3f09a4265
3f1ce4290
3f30242bc
3f43242e7
3f5624313
3f696433e
3f7c6436a
3f8fa4396
3fa2a43c1
3fb5a43ed
3fc8e4419
3fdbe4445
3feee4471
4001e449d
4014e44c9
4028244f5
403b24521
404e2454d
406124579
4074245a5
4087245d2
409a245fe
40ad2462a
40c024657
40d2e4683
40e5e46b0
40f8e46dd
410be4709
411ee4736
4131a4763
4144a4790
4157a47bd
416a647e9
417d64816
419024843
41a324871
41b5e489e
41c8e48cb
41dba48f8
41eea4925
420164953
421464980
4227249ae
4239e49db
424ca4a09
425fa4a36
427264a64
428524a91
4297e4abf
42aaa4aed
42bd64b1b
42d024b49
42e2e4b77
42f5a4ba5
430864bd3
431b24c01
432de4c2f
4340a4c5d
435364c8b
436624cba
4378a4ce8
438b64d16
439e24d45
43b0a4d73
43c364da2
43d624dd0
43e8a4dff
43fb64e2e
440de4e5d
4420a4e8b
443324eba
4445e4ee9
445864f18
446ae4f47
447da4f76
449024fa5
44a2a4fd4
44b565004
44c7e5033
44da65062
44ece5091
44ff650c1
4511e50f0
452465120
4536e514f
45496517f
455be51ae
456e651de
4580e520e
45936523e
45a5e526e
45b86529d
45caa52cd
45dd252fd
45efa532d
4601e535d
46146538e
4626e53be
4639253ee
464ba541e
465de544f
46706547f
4682a54af
4694e54e0
46a765510
46b9a5541
46cbe5572
46de655a2
46f0a55d3
4702e5604
471525635
472765666
4739e5696
474c256c7
475e656f8
4770a572a
4782e575b
47952578c
47a7657bd
47b9657ee
47cba5820
47dde5851
47f025882
4802658b4
4814658e5
4826a5917
4838e5949
484ae597a
485d259ac
486f259de
488165a0f
489365a41
48a5a5a73
48b7a5aa5
48c9e5ad7
48dbe5b09
48ede5b3b
48ffe5b6d
491225ba0
492425bd2
493625c04
494825c36
495a25c69
496c25c9b
497e25cce
499025d00
49a225d33
49b425d66
49c625d98
49d825dcb
49ea25dfe
49fc25e31
4a0de5e63
4a1fe5e96
4a31e5ec9
4a43e5efc
4a55a5f2f
4a67a5f62
4a7965f96
4a8b65fc9
4a9d25ffc
4aaf2602f
4ac0e6063
4ad2e6096
4ae4a60ca
4af6660fd
4b0866131
4b1a26164
4b2be6198
4b3da61cb
4b4f661ff
4b6166233
4b7326267
4b84e629b
4b96a62cf
4ba866303
4bba26337
4bcba636b
4bdd6639f
4bef263d3
4c00e6407
4c12a643b
4c2426470
4c35e64a4
4c47a64d8
4c592650d
4c6ae6541
4c7ca6576
4c8e265ab
4c9fe65df
4cb166614
4cc2e6649
4cd4a667d
4ce6266b2
4cf7a66e7
4d096671c
4d1ae6751
4d2c66786
4d3de67bb
4d4f667f0
4d60e6825
4d72a685a
4d8426890
4d95a68c5
4da6e68fa
4db866930
4dc9e6965
4ddb6699b
4dece69d0
4dfe66a06
4e0fa6a3b
4e2126a71
4e32a6aa7
4e43e6adc
4e5566b12
4e66e6b48
4e7826b7e
4e89a6bb4
4e9ae6bea
4eac26c20
4ebda6c56
4ecee6c8c
4ee026cc2
4ef1a6cf9
4f02e6d2f
4f1426d65
4f2566d9c
4f36a6dd2
4f47e6e09
4f5926e3f
4f6a66e76
4f7ba6eac
4f8ce6ee3
4f9e26f1a
4faf66f50
4fc0a6f87
4fd1e6fbe
4fe2e6ff5
4ff42702c
500567063
50166709a
5027a70d1
5038e7108
5049e713f
505b27176
506c271ad
507d671e5
508e6721c
509f67253
50b0a728b
50c1a72c2
50d2a72fa
50e3a7331
50f4a7369
5105a73a1
5116e73d8
5127e7410
5138e7448
5149e7480
515ae74b8
516ba74f0
517ca7528
518da7560
519ea7598
51afa75d0
51c067608
51d167640
51e267678
51f3276b1
5204276e9
5214e7721
5225e775a
5236a7792
5247a77cb
525867803
52692783c
527a27875
528ae78ad
529ba78e6
52ac6791f
52bd27958
52cde7991
52dee79ca
52efa7a03
530067a3c
5310e7a75
5321a7aae
533267ae7
534327b20
5353e7b59
5364a7b93
537527bcc
5385e7c05
5396a7c3f
53a727c78
53b7e7cb2
53c867ceb
53d927d25
53e9a7d5e
53fa67d98
540ae7dd2
541b67e0c
542c27e46
543ca7e7f
544d27eb9
545da7ef3
546e27f2d
547ee7f67
548f67fa1
549fe7fdc
54b068016
54c0a8050
54d12808a
54e1a80c4
54f2280ff
5502a8139
551328174
5523681ae
5533e81e9
554468223
5554a825e
556528299
5575682d3
5585e830e
559628349
55a6a8384
55b6e83bf
55c7283f9
55d768434
55e7e846f
55f8284aa
5608684e6
5618a8521
5628e855c
563928597
5649685d2
5659a860e
5669e8649
567a28685
568a686c0
569aa86fb
56aaa8737
56bae8773
56cb287ae
56db287ea
56eb68826
56fba8861
570ba889d
571be88d9
572be8915
573be8951
574c2898d
575c289c9
576c28a05
577c68a41
578c68a7d
579c68ab9
57ac68af5
57bc68b32
57cc68b6e
57dc68baa
57ec68be7
57fc68c23
580c68c60
581c68c9c
582c28cd9
583c28d15
584c28d52
585c28d8f
586be8dcc
587be8e08
588ba8e45
589ba8e82
58ab68ebf
58bb68efc
58cb28f39
58dae8f76
58eae8fb3
58faa8ff0
590a6902d
591a2906b
5929e90a8
5939e90e5
5949a9122
595969160
59692919d
5978a91db
598869218
599829256
59a7e9293
59b7a92d1
59c72930f
59d6e934c
59e6a938a
59f6293c8
5a05e9406
5a1569444
5a2529482
5a34a94c0
5a44694fe
5a53e953c
5a636957a
5a73295b8
0
